
g 
v 24.0024 24.7383 -3.2642
v 24.1569 24.7383 -3.7431
v 24.0081 25.1793 -3.7431
v 24.0024 25.1793 -3.2736
v 25.0112 23.0305 15.4948
v 22.4636 23.0305 15.5838
v 22.5007 23.0305 15.0521
v 22.6476 23.0305 14.5398
v 22.8978 23.0305 14.0693
v 23.2404 23.0305 13.661
v 23.6603 23.0305 13.3329
v 24.1393 23.0305 13.0993
v 24.6564 23.0305 12.9704
v 25.1891 23.0305 12.9518
v 25.7139 23.0305 13.0443
v 26.208 23.0305 13.2439
v 26.6498 23.0305 13.542
v 27.0201 23.0305 13.9253
v 27.3025 23.0305 14.3773
v 27.4847 23.0305 14.8781
v 27.5589 23.0305 15.4058
v 27.5217 23.0305 15.9375
v 27.3748 23.0305 16.4498
v 27.1246 23.0305 16.9203
v 26.7821 23.0305 17.3286
v 26.3621 23.0305 17.6567
v 25.8831 23.0305 17.8903
v 25.366 23.0305 18.0192
v 24.8334 23.0305 18.0378
v 24.3086 23.0305 17.9453
v 23.8144 23.0305 17.7456
v 23.3726 23.0305 17.4476
v 23.0024 23.0305 17.0643
v 22.72 23.0305 16.6123
v 22.5377 23.0305 16.1115
v 22.4636 24.0284 15.5838
v 22.5007 24.0284 15.0521
v 22.6476 24.0284 14.5398
v 22.8978 24.0284 14.0693
v 23.2404 24.0284 13.661
v 23.6603 24.0284 13.3329
v 24.1393 24.0284 13.0993
v 24.6564 24.0284 12.9704
v 25.1891 24.0284 12.9518
v 25.7139 24.0284 13.0443
v 26.208 24.0284 13.2439
v 26.6498 24.0284 13.542
v 27.0201 24.0284 13.9253
v 27.3025 24.0284 14.3773
v 27.4847 24.0284 14.8781
v 27.5589 24.0284 15.4058
v 27.5217 24.0284 15.9375
v 27.3748 24.0284 16.4498
v 27.1246 24.0284 16.9203
v 26.7821 24.0284 17.3286
v 26.3621 24.0284 17.6567
v 25.8831 24.0284 17.8903
v 25.366 24.0284 18.0192
v 24.8334 24.0284 18.0378
v 24.3086 24.0284 17.9453
v 23.8144 24.0284 17.7456
v 23.3726 24.0284 17.4476
v 23.0024 24.0284 17.0643
v 22.72 24.0284 16.6123
v 22.5377 24.0284 16.1115
v 25.0112 24.0284 15.4948
v 24.5025 24.3312 -15.5237
v 25.4148 24.3312 -15.5555
v 25.3883 24.3312 -15.7445
v 25.3231 24.3313 -15.9238
v 25.2219 24.3312 -16.0857
v 25.0894 24.3312 -16.2231
v 24.9311 24.3313 -16.3297
v 24.7542 24.3312 -16.4013
v 24.5662 24.3312 -16.4343
v 24.3755 24.3313 -16.4277
v 24.1903 24.3313 -16.3816
v 24.0187 24.3313 -16.2978
v 23.8683 24.3312 -16.1804
v 23.7457 24.3313 -16.0342
v 23.6561 24.3313 -15.8656
v 23.6036 24.3313 -15.6822
v 23.5902 24.3313 -15.4918
v 23.6168 24.3313 -15.3028
v 23.682 24.3313 -15.1236
v 23.7831 24.3313 -14.9616
v 23.9157 24.3312 -14.8243
v 24.0739 24.3313 -14.7176
v 24.2509 24.3313 -14.6461
v 24.4389 24.3313 -14.613
v 24.6296 24.3312 -14.6196
v 24.8148 24.3312 -14.6658
v 24.9862 24.3313 -14.7495
v 25.1367 24.3312 -14.867
v 25.2593 24.3312 -15.0132
v 25.349 24.3313 -15.1818
v 25.4015 24.3312 -15.3651
v 25.4148 23.4851 -15.5555
v 25.3883 23.4851 -15.7445
v 25.3231 23.4851 -15.9238
v 25.2219 23.4851 -16.0857
v 25.0894 23.4851 -16.2231
v 24.9311 23.4851 -16.3297
v 24.7541 23.4851 -16.4013
v 24.5661 23.4851 -16.4343
v 24.3755 23.4851 -16.4277
v 24.1903 23.4851 -16.3816
v 24.0188 23.4851 -16.2978
v 23.8683 23.4851 -16.1804
v 23.7457 23.4851 -16.0342
v 23.6561 23.4851 -15.8656
v 23.6036 23.4851 -15.6822
v 23.5902 23.4851 -15.4918
v 23.6168 23.4851 -15.3028
v 23.682 23.4851 -15.1236
v 23.7831 23.4851 -14.9616
v 23.9157 23.4851 -14.8243
v 24.074 23.4851 -14.7176
v 24.2509 23.4851 -14.6461
v 24.4389 23.4851 -14.613
v 24.6295 23.4851 -14.6196
v 24.8147 23.4851 -14.6658
v 24.9862 23.4851 -14.7495
v 25.1367 23.4851 -14.867
v 25.2593 23.4851 -15.0132
v 25.349 23.4851 -15.1818
v 25.4015 23.4851 -15.3651
v 24.5025 23.4851 -15.5237
v 24.5025 25.8585 -15.5237
v 24.681 25.8586 -15.5299
v 24.6757 25.8586 -15.5668
v 24.663 25.8585 -15.602
v 24.6432 25.8585 -15.6336
v 24.6172 25.8586 -15.6604
v 24.5864 25.8585 -15.6814
v 24.5517 25.8585 -15.6954
v 24.5149 25.8586 -15.7018
v 24.4776 25.8586 -15.7005
v 24.4414 25.8586 -15.6915
v 24.4078 25.8585 -15.6751
v 24.3785 25.8586 -15.6521
v 24.3545 25.8586 -15.6235
v 24.3369 25.8585 -15.5906
v 24.3266 25.8585 -15.5546
v 24.324 25.8586 -15.5174
v 24.3292 25.8585 -15.4805
v 24.342 25.8585 -15.4453
v 24.3618 25.8586 -15.4137
v 24.3877 25.8586 -15.3869
v 24.4186 25.8585 -15.366
v 24.4533 25.8586 -15.352
v 24.49 25.8586 -15.3456
v 24.5273 25.8586 -15.3469
v 24.5635 25.8585 -15.3559
v 24.5972 25.8585 -15.3723
v 24.6265 25.8586 -15.3952
v 24.6505 25.8585 -15.4238
v 24.6681 25.8585 -15.4567
v 24.6783 25.8586 -15.4927
v 24.6809 23.0217 -15.5299
v 24.6758 23.0217 -15.5668
v 24.663 23.0217 -15.602
v 24.6432 23.0217 -15.6336
v 24.6172 23.0217 -15.6604
v 24.5864 23.0217 -15.6814
v 24.5518 23.0217 -15.6954
v 24.5149 23.0217 -15.7018
v 24.4776 23.0217 -15.7005
v 24.4414 23.0217 -15.6915
v 24.4078 23.0217 -15.6751
v 24.3785 23.0217 -15.6521
v 24.3545 23.0217 -15.6235
v 24.3369 23.0217 -15.5906
v 24.3266 23.0217 -15.5546
v 24.3239 23.0217 -15.5174
v 24.3292 23.0217 -15.4805
v 24.342 23.0217 -15.4453
v 24.3618 23.0217 -15.4137
v 24.3877 23.0217 -15.3869
v 24.4186 23.0217 -15.366
v 24.4533 23.0217 -15.352
v 24.49 23.0217 -15.3456
v 24.5273 23.0217 -15.3469
v 24.5636 23.0217 -15.3559
v 24.5972 23.0217 -15.3723
v 24.6265 23.0217 -15.3952
v 24.6505 23.0217 -15.4238
v 24.6681 23.0217 -15.4567
v 24.6784 23.0217 -15.4927
v 24.5025 23.0217 -15.5237
v 24.5025 23.0305 -15.5236
v 21.9548 23.0305 -15.4347
v 22.029 23.0305 -14.9069
v 22.2113 23.0305 -14.4061
v 22.4937 23.0305 -13.9542
v 22.8639 23.0305 -13.5708
v 23.3057 23.0305 -13.2728
v 23.7998 23.0305 -13.0732
v 24.3247 23.0305 -12.9806
v 24.8573 23.0305 -12.9992
v 25.3744 23.0305 -13.1281
v 25.8534 23.0305 -13.3618
v 26.2733 23.0305 -13.6899
v 26.6159 23.0305 -14.0981
v 26.8661 23.0305 -14.5687
v 27.013 23.0305 -15.081
v 27.0502 23.0305 -15.6126
v 26.976 23.0305 -16.1404
v 26.7937 23.0305 -16.6412
v 26.5113 23.0305 -17.0931
v 26.1411 23.0305 -17.4765
v 25.6993 23.0305 -17.7745
v 25.2052 23.0305 -17.9741
v 24.6803 23.0305 -18.0667
v 24.1477 23.0305 -18.0481
v 23.6306 23.0305 -17.9191
v 23.1516 23.0305 -17.6855
v 22.7316 23.0305 -17.3574
v 22.3891 23.0305 -16.9492
v 22.1389 23.0305 -16.4786
v 21.992 23.0305 -15.9663
v 21.9548 24.0284 -15.4347
v 22.029 24.0284 -14.9069
v 22.2113 24.0284 -14.4061
v 22.4937 24.0284 -13.9542
v 22.8639 24.0284 -13.5708
v 23.3057 24.0284 -13.2728
v 23.7998 24.0284 -13.0732
v 24.3247 24.0284 -12.9806
v 24.8573 24.0284 -12.9992
v 25.3744 24.0284 -13.1281
v 25.8534 24.0284 -13.3618
v 26.2733 24.0284 -13.6899
v 26.6159 24.0284 -14.0981
v 26.8661 24.0284 -14.5687
v 27.013 24.0284 -15.081
v 27.0502 24.0284 -15.6126
v 26.976 24.0284 -16.1404
v 26.7937 24.0284 -16.6412
v 26.5113 24.0284 -17.0931
v 26.1411 24.0284 -17.4765
v 25.6993 24.0284 -17.7745
v 25.2052 24.0284 -17.9741
v 24.6803 24.0284 -18.0667
v 24.1477 24.0284 -18.0481
v 23.6306 24.0284 -17.9191
v 23.1516 24.0284 -17.6855
v 22.7316 24.0284 -17.3574
v 22.3891 24.0284 -16.9492
v 22.1389 24.0284 -16.4786
v 21.992 24.0284 -15.9663
v 24.5025 24.0284 -15.5236
v 11.899 25.5079 -3.5286
v 11.899 25.5079 -3.8882
v 12.6172 25.5079 -3.8882
v 12.6172 25.5079 -3.5286
v 0.7377 26.763 -3.8308
v 0.7377 27.2424 -3.8308
v 12.6172 27.2115 -3.8882
v 11.899 26.7645 -3.8882
v 0.7155 27.2415 -3.3091
v 12.6172 27.2115 -3.3091
v 11.899 26.7645 -3.3091
v 0.7155 26.7642 -3.3091
v -10.9558 23.6918 -3.7582
v -10.9604 23.6918 -3.2283
v -11.3285 23.7135 -3.2283
v -11.3285 23.7135 -3.7582
v -11.3285 27.1639 -3.2283
v -10.9047 26.7464 -3.2283
v -11.3285 27.1639 -3.7945
v 24.0024 24.7383 -3.2642
v 24.1569 24.7383 -3.7431
v 24.0081 25.1793 -3.7431
v 24.0024 25.1793 -3.2736
v -11.2684 26.76 -3.7945
v -10.4085 26.7597 -3.7945
v -10.3134 26.7619 4.656
v -11.3067 26.7868 4.656
v -10.234 27.1853 4.656
v -11.2924 27.1853 4.656
v -11.2684 26.7661 -3.23
v -10.3268 26.7661 -3.23
v -10.4014 27.1853 -3.7945
v -10.3879 26.7639 -3.3091
v -10.3828 27.1853 -3.2696
v -10.9333 27.1853 -3.7945
v -10.9397 26.7562 -3.7945
v 15.0233 22.0463 -3.3245
v 15.5739 22.0463 -3.333
v 15.5739 22.0463 4.124
v 15.1534 22.0463 4.1325
v 15.5739 22.3498 -3.333
v 15.5739 22.3498 4.124
v 15.0233 22.3498 -3.3245
v 15.1534 22.3498 4.1325
v 24.0024 24.7383 -3.2642
v 24.1569 24.7383 -3.7431
v 24.0081 25.1793 -3.7431
v 24.0024 25.1793 -3.2736
v 24.693 22.0603 3.2802
v 23.7659 22.0478 3.2861
v 23.65 22.0478 -3.3516
v 24.693 22.0603 -3.3576
v 23.7659 22.3506 3.2861
v 23.65 22.3506 -3.3516
v 24.693 22.3624 3.2802
v 24.693 22.3624 -3.3576
v 24.0024 24.7383 -3.2642
v 24.1569 24.7383 -3.7431
v 24.0081 25.1793 -3.7431
v 24.0024 25.1793 -3.2736
v 12.0175 22.0463 4.3875
v 12.0114 22.0463 3.6946
v 12.0114 22.4088 3.6946
v 12.0175 22.4088 4.3875
v 0.0344 22.0463 4.5966
v 0.0192 22.0463 4.1134
v 0.0192 22.4088 4.1134
v 0.0344 22.4088 4.5966
v 24.0024 24.7383 -3.2642
v 24.1569 24.7383 -3.7431
v 24.0081 25.1793 -3.7431
v 24.0024 25.1793 -3.2736
v 20.831 22.0463 -3.6598
v 21.2106 22.0463 -3.6664
v 21.3407 22.0463 3.7905
v 20.9611 22.0463 3.7971
v 21.2106 22.2784 -3.6664
v 21.3407 22.2784 3.7905
v 20.831 22.2784 -3.6598
v 20.9611 22.2784 3.7971
v 24.0024 24.7383 -3.2642
v 24.1569 24.7383 -3.7431
v 24.0081 25.1793 -3.7431
v 24.0024 25.1793 -3.2736
v 12.6534 22.0463 -3.8208
v 12.568 22.0463 -3.8293
v 12.7107 22.0463 4.3484
v 12.6534 22.0463 4.3569
v 12.568 22.3498 -3.8293
v 12.7107 22.3498 4.3484
v 12.6534 22.3498 -3.8208
v 12.6534 22.3498 4.3569
v 24.0024 24.7383 -3.2642
v 24.1569 24.7383 -3.7431
v 24.0081 25.1793 -3.7431
v 24.0024 25.1793 -3.2736
v 12.6172 25.0483 -3.5286
v 12.6172 25.0483 -3.8882
v 11.899 25.0483 -3.8882
v 11.899 25.0483 -3.5286
v 23.8634 22.4164 -3.7499
v 23.8634 21.9871 -3.7499
v 11.899 21.9871 -3.8882
v 12.6172 22.4164 -3.8882
v 23.8554 21.9871 -3.4865
v 11.899 21.9871 -3.4865
v 12.6172 22.4164 -3.4865
v 23.8554 22.4164 -3.4865
v 24.0024 24.7383 -3.2642
v 24.1569 24.7383 -3.7431
v 24.0081 25.1793 -3.7431
v 24.0024 25.1793 -3.2736
v 12.4927 25.7548 4.3247
v 12.4718 25.754 3.7772
v 12.1042 25.7549 3.7772
v 12.1042 25.7548 4.3247
v 23.9681 22.4164 3.2622
v 23.9681 22.0463 3.2622
v 12.1042 22.0539 3.7772
v 12.4718 22.4229 3.7772
v 23.9904 22.0463 3.5984
v 12.1042 22.0463 4.3247
v 12.4927 22.4164 4.3247
v 23.9904 22.4164 3.5984
v 24.0024 24.7383 -3.2642
v 24.1569 24.7383 -3.7431
v 24.0081 25.1793 -3.7431
v 24.0024 25.1793 -3.2736
v 2.9967 22.1468 -3.6622
v 3.4823 22.1468 -3.6707
v 3.6251 22.1468 4.507
v 3.1395 22.1468 4.5155
v 3.4823 22.422 -3.6707
v 3.6251 22.422 4.507
v 2.9967 22.422 -3.6622
v 3.1395 22.422 4.5155
v 24.0024 24.7383 -3.2642
v 24.1569 24.7383 -3.7431
v 24.0081 25.1793 -3.7431
v 24.0024 25.1793 -3.2736
v 0.2883 22.1005 -3.6149
v 0.8452 22.1005 -3.6234
v 0.8452 22.1005 4.5543
v 0.431 22.1005 4.5628
v 0.8452 22.3757 -3.6234
v 0.8452 22.3757 4.5543
v 0.2883 22.3757 -3.6149
v 0.431 22.3757 4.5628
v 24.0024 24.7383 -3.2642
v 24.1569 24.7383 -3.7431
v 24.0081 25.1793 -3.7431
v 24.0024 25.1793 -3.2736
v 11.8861 21.9871 -3.4865
v 11.8776 21.9871 -3.8889
v 11.8777 22.3785 -3.8889
v 11.8862 22.3785 -3.4865
v -0.1115 21.9871 -3.4865
v -0.1199 21.9871 -3.8889
v -0.1199 22.3785 -3.8889
v -0.1115 22.3785 -3.4865
v 24.0024 24.7383 -3.2642
v 24.1569 24.7383 -3.7431
v 24.0081 25.1793 -3.7431
v 24.0024 25.1793 -3.2736
v 24.0024 24.7383 -3.2642
v 24.1569 24.7383 -3.7431
v 24.0081 25.1793 -3.7431
v 24.0024 25.1793 -3.2736
v -0.1477 22.4014 -3.4679
v -0.1477 21.9279 -3.4679
v -11.2396 23.5986 -3.2236
v -10.6685 23.5882 -3.2236
v -0.1477 21.9279 -3.8942
v -11.2396 23.5986 -3.7493
v -10.6799 23.596 -3.758
v -0.1477 22.373 -3.8942
v -8.7147 22.2521 -3.8668
v -8.7467 22.274 -3.2236
v -8.8025 21.9279 -3.2236
v -8.803 21.9279 -3.8668
v 23.5293 22.0487 -3.7318
v 23.5246 22.0487 -3.236
v 24.693 22.0195 -3.236
v 24.693 22.0195 -3.7318
v 12.633 26.754 -3.6071
v 12.633 27.2272 -3.4432
v 24.693 25.6742 -3.236
v 24.0346 25.3564 -3.236
v 12.6363 27.2144 -3.8884
v 24.693 25.6851 -3.8353
v 24.0399 25.3564 -3.8353
v 12.6363 26.7517 -3.8884
v 24.0024 24.7383 -3.2642
v 24.1569 24.7383 -3.7431
v 24.0081 25.1793 -3.7431
v 24.0024 25.1793 -3.2736
v 11.579 26.749 -3.8882
v 12.7833 26.749 4.249
v 11.7227 26.749 4.2675
v 12.7833 27.2115 4.249
v 11.579 27.2115 -3.8882
v 11.7227 27.2115 4.2675
v 24.0699 25.3399 -3.8392
v 24.0699 25.3401 -3.2633
v 24.0699 25.6978 -3.2513
v 24.0699 25.7078 -3.8392
v -5.6056 26.7813 -3.3023
v -5.6056 26.7813 -3.8308
v -6.0429 26.7813 -3.8308
v -6.0429 26.7813 -3.3036
v 3.1355 22.3943 -3.8311
v 4.8596 22.0467 -3.8311
v -6.0429 22.0467 -3.8308
v -5.6056 22.4028 -3.8309
v 3.0601 21.9632 -3.4273
v -6.0429 21.9632 -3.4273
v -5.6056 22.4211 -3.4273
v 3.0608 22.4211 -3.4273
v 24.0024 24.7383 -3.2642
v 24.1569 24.7383 -3.7431
v 24.0081 25.1793 -3.7431
v 24.0024 25.1793 -3.2736
v -5.7174 27.3552 4.4126
v -5.7298 27.3473 4.076
v -6.1205 27.3476 4.0885
v -6.1081 27.3555 4.425
v 5.7772 22.4088 4.0063
v 5.7772 22.0463 4.0313
v -6.1205 22.0463 4.1843
v -5.7298 22.4088 4.1594
v 5.791 22.0463 4.2513
v -6.1081 22.0463 4.7049
v -5.7174 22.4088 4.6675
v 5.791 22.4088 4.2264
v 24.0024 24.7383 -3.2642
v 24.1569 24.7383 -3.7431
v 24.0081 25.1793 -3.7431
v 24.0024 25.1793 -3.2736
v 24.0024 24.7383 -3.2642
v 24.1569 24.7383 -3.7431
v 24.0081 25.1793 -3.7431
v 24.0024 25.1793 -3.2736
v 24.0024 24.7383 -3.2642
v 24.1569 24.7383 -3.7431
v 24.0081 25.1793 -3.7431
v 24.0024 25.1793 -3.2736
v -11.3094 25.0747 -3.2097
v -11.3178 25.0747 -3.7669
v -11.3178 25.411 -3.7669
v -11.3094 25.411 -3.2097
v 11.8829 25.0747 -3.5759
v 11.8734 25.0747 -3.8308
v 11.8734 25.411 -3.8308
v 11.8829 25.411 -3.5759
v 12.5904 25.1793 -3.7431
v 12.5904 24.7383 -3.7431
v 12.5904 25.1793 -3.5781
v 12.5904 24.7383 -3.5777
v 24.0024 24.7383 -3.2642
v 24.1569 24.7383 -3.7431
v 24.0081 25.1793 -3.7431
v 24.0024 25.1793 -3.2736
v 12.8998 26.5752 3.8442
v 12.5217 26.544 3.8508
v 12.3929 26.544 -3.5235
v 12.7711 26.5752 -3.5301
v 12.4608 26.8778 3.852
v 12.3321 26.8778 -3.5224
v 12.839 26.9091 3.8453
v 12.7103 26.9091 -3.529
v 24.0024 24.7383 -3.2642
v 24.1569 24.7383 -3.7431
v 24.0081 25.1793 -3.7431
v 24.0024 25.1793 -3.2736
v 3.3179 25.4174 4.1125
v 3.3181 25.0904 4.121
v -11.1533 26.7652 4.1211
v -10.5678 27.0951 4.3114
v 3.3266 25.0961 4.6064
v -11.0437 26.7738 4.656
v -10.5461 27.1008 4.656
v 3.3264 25.4231 4.598
v -8.9153 25.412 4.656
v -8.9356 25.4063 4.3267
v -9.366 25.0793 4.3427
v -9.3444 25.085 4.656
v -10.7315 26.4523 4.656
v -10.8469 26.7652 4.2579
v -9.8068 26.9301 4.3145
v -10.2504 26.7794 4.656
v -10.8469 26.7652 -3.2667
v -11.1533 26.7652 -3.1355
v -10.7017 27.0049 -3.3603
v -9.8068 26.9301 -3.3571
v 24.0024 24.7383 -3.2642
v 24.1569 24.7383 -3.7431
v 24.0081 25.1793 -3.7431
v 24.0024 25.1793 -3.2736
v -2.2725 22.1722 -3.5663
v -2.0089 22.1468 -3.5748
v -1.8662 22.1468 4.6028
v -2.2725 22.1572 4.6113
v -2.0089 22.422 -3.5748
v -1.8662 22.422 4.6028
v -2.2725 22.4458 -3.5663
v -2.2725 22.4309 4.6113
v 24.0024 24.7383 -3.2642
v 24.1569 24.7383 -3.7431
v 24.0081 25.1793 -3.7431
v 24.0024 25.1793 -3.2736
v -5.203 22.1005 -3.5191
v -4.7174 22.1005 -3.5275
v -4.5747 22.1005 4.6502
v -5.0603 22.1005 4.6586
v -4.7174 22.3757 -3.5275
v -4.5747 22.3757 4.6502
v -5.203 22.3757 -3.5191
v -5.0603 22.3757 4.6586
v 24.0024 24.7383 -3.2642
v 24.1569 24.7383 -3.7431
v 24.0081 25.1793 -3.7431
v 24.0024 25.1793 -3.2736
v -7.3379 22.1468 -3.4818
v -6.8523 22.1468 -3.4903
v -6.7096 22.1468 4.6874
v -7.1951 22.1468 4.6959
v -6.8523 22.422 -3.4903
v -6.7096 22.422 4.6874
v -7.3379 22.422 -3.4818
v -7.1951 22.422 4.6959
v 24.0024 24.7383 -3.2642
v 24.1569 24.7383 -3.7431
v 24.0081 25.1793 -3.7431
v 24.0024 25.1793 -3.2736
v -11.3004 23.6751 -3.7834
v -10.8253 23.6751 -3.7834
v -10.6857 23.6751 4.6464
v -11.1607 23.6751 4.6548
v -10.8216 23.9503 -3.7834
v -10.6789 23.9503 4.7346
v -11.3072 23.9503 -3.7834
v -11.1644 23.9503 4.7432
v 24.0024 24.7383 -3.2642
v 24.1569 24.7383 -3.7431
v 24.0081 25.1793 -3.7431
v 24.0024 25.1793 -3.2736
v 23.645 22.0487 3.569
v 23.6253 22.0487 2.8853
v 24.693 22.0195 2.8634
v 24.693 22.0195 3.5645
v 12.8032 26.7192 3.8234
v 12.8143 27.1894 3.8196
v 24.693 25.7678 3.2
v 24.1052 25.3315 3.2269
v 12.8352 27.1894 4.3462
v 24.693 25.7678 3.6813
v 24.1272 25.3288 3.6819
v 12.8252 26.7165 4.3462
v 24.0024 24.7383 -3.2642
v 24.1569 24.7383 -3.7431
v 24.0081 25.1793 -3.7431
v 24.0024 25.1793 -3.2736
v 3.1167 27.0026 -3.8882
v 4.1694 27.0026 -3.8882
v 4.3177 27.0026 4.5066
v 3.265 27.0026 4.5141
v 4.1932 27.2757 -3.8882
v 4.3415 27.2757 4.5069
v 3.1405 27.2757 -3.8882
v 3.2889 27.2757 4.5145
v 3.1135 26.7777 -3.8882
v 4.1662 26.7777 -3.8882
v 4.3209 26.7777 4.4947
v 3.2682 26.7777 4.5022
v 24.0024 24.7383 -3.2642
v 24.1569 24.7383 -3.7431
v 24.0081 25.1793 -3.7431
v 24.0024 25.1793 -3.2736
v 12.1042 23.3603 4.3247
v 12.1042 23.3624 3.7772
v 12.435 23.3476 3.7772
v 12.4341 23.3455 4.3247
v 0.6399 26.7517 3.952
v 0.6399 27.2115 3.952
v 12.4977 27.2128 3.9519
v 12.1042 26.7533 3.9519
v 0.6399 27.2115 4.5057
v 12.4967 27.2115 4.3247
v 12.1042 26.7517 4.3247
v 0.6399 26.7517 4.5057
v 24.0024 24.7383 -3.2642
v 24.1569 24.7383 -3.7431
v 24.0081 25.1793 -3.7431
v 24.0024 25.1793 -3.2736
v -11.7408 22.4264 14.3668
v -9.7066 22.4264 15.9561
v -9.7066 22.9211 15.9561
v -11.7408 22.9211 14.3668
v -2.2725 22.4038 4.2539
v 0.7968 22.4264 4.2539
v 0.7968 22.9211 4.2539
v -2.2725 22.8958 4.2539
v -2.2725 22.4194 0.3876
v -2.2725 22.9113 0.3876
v 0.7968 22.9211 0.3876
v 0.7968 22.4264 0.3876
v 24.0024 24.7383 -3.2642
v 24.1569 24.7383 -3.7431
v 24.0081 25.1793 -3.7431
v 24.0024 25.1793 -3.2736
v -11.3607 22.3361 15.9768
v -12.9631 22.3361 18.0278
v -13.3546 22.3361 17.6499
v -13.6588 22.3361 17.1987
v -13.8627 22.3361 16.6942
v -13.9572 22.3361 16.1583
v -13.9382 22.3361 15.6145
v -13.8066 22.3361 15.0866
v -13.568 22.3361 14.5975
v -13.233 22.3361 14.1687
v -12.8162 22.3361 13.819
v -12.3358 22.3361 13.5635
v -11.8127 22.3361 13.4136
v -11.2699 22.3361 13.3756
v -10.7311 22.3361 13.4513
v -10.2198 22.3361 13.6375
v -9.7583 22.3361 13.9258
v -9.3669 22.3361 14.3037
v -9.0626 22.3361 14.7549
v -8.8588 22.3361 15.2594
v -8.7643 22.3361 15.7952
v -8.7833 22.3361 16.3391
v -8.9149 22.3361 16.867
v -9.1534 22.3361 17.3561
v -9.4884 22.3361 17.7849
v -9.9053 22.3361 18.1346
v -10.3857 22.3361 18.39
v -10.9087 22.3361 18.54
v -11.4515 22.3361 18.578
v -11.9904 22.3361 18.5023
v -12.5017 22.3361 18.3162
v -12.9631 23.0114 18.0278
v -13.3546 23.0114 17.6499
v -13.6588 23.0114 17.1987
v -13.8627 23.0114 16.6942
v -13.9572 23.0114 16.1583
v -13.9382 23.0114 15.6145
v -13.8066 23.0114 15.0866
v -13.568 23.0114 14.5975
v -13.233 23.0114 14.1687
v -12.8162 23.0114 13.819
v -12.3358 23.0114 13.5635
v -11.8127 23.0114 13.4136
v -11.2699 23.0114 13.3756
v -10.7311 23.0114 13.4513
v -10.2198 23.0114 13.6375
v -9.7583 23.0114 13.9258
v -9.3669 23.0114 14.3037
v -9.0626 23.0114 14.7549
v -8.8588 23.0114 15.2594
v -8.7643 23.0114 15.7952
v -8.7833 23.0114 16.3391
v -8.9149 23.0114 16.867
v -9.1534 23.0114 17.3561
v -9.4884 23.0114 17.7849
v -9.9053 23.0114 18.1346
v -10.3857 23.0114 18.39
v -10.9087 23.0114 18.54
v -11.4515 23.0114 18.578
v -11.9904 23.0114 18.5023
v -12.5017 23.0114 18.3162
v -11.3607 23.0114 15.9768
v 24.0024 24.7383 -3.2642
v 24.1569 24.7383 -3.7431
v 24.0081 25.1793 -3.7431
v 24.0024 25.1793 -3.2736
v -12.2248 22.4264 -13.361
v -10.2473 22.4264 -15.0203
v -10.2473 22.9211 -15.0203
v -12.2248 22.9211 -13.361
v -2.2725 22.4124 -3.4788
v 0.7968 22.4264 -3.4787
v 0.7968 22.9211 -3.4787
v -2.2725 22.9044 -3.4788
v 0.7968 22.4264 0.3876
v 0.7968 22.9211 0.3876
v -2.2725 22.9044 0.3876
v -2.2725 22.4124 0.3876
v 24.0024 24.7383 -3.2642
v 24.1569 24.7383 -3.7431
v 24.0081 25.1793 -3.7431
v 24.0024 25.1793 -3.2736
v -11.9011 22.3361 -14.9832
v -13.5742 22.3361 -16.977
v -13.9521 22.3361 -16.5856
v -14.2405 22.3361 -16.1242
v -14.4266 22.3361 -15.6129
v -14.5023 22.3361 -15.0741
v -14.4644 22.3361 -14.5312
v -14.3144 22.3361 -14.0082
v -14.059 22.3361 -13.5278
v -13.7092 22.3361 -13.1109
v -13.2804 22.3361 -12.7759
v -12.7914 22.3361 -12.5374
v -12.2634 22.3361 -12.4058
v -11.7196 22.3361 -12.3868
v -11.1838 22.3361 -12.4813
v -10.6792 22.3361 -12.6851
v -10.2281 22.3361 -12.9894
v -9.8501 22.3361 -13.3808
v -9.5618 22.3361 -13.8423
v -9.3757 22.3361 -14.3536
v -9.3 22.3361 -14.8924
v -9.3379 22.3361 -15.4352
v -9.4879 22.3361 -15.9583
v -9.7433 22.3361 -16.4387
v -10.0931 22.3361 -16.8555
v -10.5219 22.3361 -17.1905
v -11.0109 22.3361 -17.4291
v -11.5389 22.3361 -17.5607
v -12.0827 22.3361 -17.5796
v -12.6186 22.3361 -17.4852
v -13.123 22.3361 -17.2813
v -13.5742 23.0114 -16.977
v -13.9521 23.0114 -16.5856
v -14.2405 23.0114 -16.1242
v -14.4266 23.0114 -15.6129
v -14.5023 23.0114 -15.0741
v -14.4644 23.0114 -14.5312
v -14.3144 23.0114 -14.0082
v -14.059 23.0114 -13.5278
v -13.7092 23.0114 -13.1109
v -13.2804 23.0114 -12.7759
v -12.7914 23.0114 -12.5374
v -12.2634 23.0114 -12.4058
v -11.7196 23.0114 -12.3868
v -11.1838 23.0114 -12.4813
v -10.6792 23.0114 -12.6851
v -10.2281 23.0114 -12.9894
v -9.8501 23.0114 -13.3808
v -9.5618 23.0114 -13.8423
v -9.3757 23.0114 -14.3536
v -9.3 23.0114 -14.8924
v -9.3379 23.0114 -15.4352
v -9.4879 23.0114 -15.9583
v -9.7433 23.0114 -16.4387
v -10.0931 23.0114 -16.8555
v -10.5219 23.0114 -17.1905
v -11.0109 23.0114 -17.4291
v -11.5389 23.0114 -17.5607
v -12.0827 23.0114 -17.5796
v -12.6186 23.0114 -17.4852
v -13.123 23.0114 -17.2813
v -11.9011 23.0114 -14.9832
v 24.0024 24.7383 -3.2642
v 24.1569 24.7383 -3.7431
v 24.0081 25.1793 -3.7431
v 24.0024 25.1793 -3.2736
v -4.6466 28.1575 -2.9449
v -4.147 28.1575 -2.9525
v -4.0174 28.1575 3.6916
v -4.6466 28.1575 3.6991
v -4.147 28.2581 -2.9525
v -4.0174 28.2581 3.6916
v -4.6326 28.2581 -2.9449
v -4.503 28.2581 3.6991
v -4.6466 28.1575 -2.4364
v -4.1371 28.1575 -2.444
v -4.1371 28.2581 -2.444
v -4.6466 28.2581 -2.4364
v -4.6466 28.2581 3.1504
v -4.0281 28.2581 3.1428
v -4.6466 28.1575 3.1504
v -4.0281 28.1575 3.1428
v -4.6466 27.3206 -2.7666
v -4.6466 27.3206 -3.3348
v -3.6299 27.3206 -3.3433
v -3.62 27.3206 -2.7751
v -3.511 27.3206 3.4683
v -3.5003 27.3206 4.0815
v -4.6466 27.3206 4.0899
v -4.6466 27.3206 3.4768
v 24.0024 24.7383 -3.2642
v 24.1569 24.7383 -3.7431
v 24.0081 25.1793 -3.7431
v 24.0024 25.1793 -3.2736
v -10.8596 23.722 4.0132
v -10.8122 23.7368 4.656
v -11.3137 23.7593 4.656
v -11.3285 23.7433 4.0132
v 0.6226 26.7381 4.656
v 0.6226 27.2048 4.656
v -11.3137 27.1831 4.656
v -10.8122 26.7074 4.656
v 0.6399 27.2048 3.952
v -11.3285 27.1831 4.0132
v -10.7878 26.7402 4.0132
v 0.6399 26.7402 3.952
v 24.0024 24.7383 -3.2642
v 24.1569 24.7383 -3.7431
v 24.0081 25.1793 -3.7431
v 24.0024 25.1793 -3.2736
v 24.8927 22.4264 -13.9346
v 22.8586 22.4264 -15.5239
v 22.8586 22.9211 -15.5239
v 24.8927 22.9211 -13.9345
v 15.5739 22.4264 -3.4711
v 12.6534 22.4264 -3.4711
v 12.6534 22.9211 -3.4711
v 15.5739 22.9211 -3.4711
v 24.0024 24.7383 -3.2642
v 24.1569 24.7383 -3.7431
v 24.0081 25.1793 -3.7431
v 24.0024 25.1793 -3.2736
v 24.5127 22.3361 -15.5445
v 26.1151 22.3361 -17.5955
v 26.5065 22.3361 -17.2175
v 26.8108 22.3361 -16.7664
v 27.0146 22.3361 -16.2619
v 27.1091 22.3361 -15.7261
v 27.0901 22.3361 -15.1823
v 26.9585 22.3361 -14.6543
v 26.72 22.3361 -14.1653
v 26.385 22.3361 -13.7364
v 25.9681 22.3361 -13.3867
v 25.4877 22.3361 -13.1313
v 24.9646 22.3361 -12.9813
v 24.4219 22.3361 -12.9433
v 23.8831 22.3361 -13.0191
v 23.3717 22.3361 -13.2052
v 22.9103 22.3361 -13.4935
v 22.5188 22.3361 -13.8716
v 22.2146 22.3361 -14.3226
v 22.0107 22.3361 -14.8271
v 21.9162 22.3361 -15.363
v 21.9352 22.3361 -15.9068
v 22.0669 22.3361 -16.4347
v 22.3054 22.3361 -16.9238
v 22.6404 22.3361 -17.3526
v 23.0572 22.3361 -17.7023
v 23.5377 22.3361 -17.9578
v 24.0607 22.3361 -18.1077
v 24.6035 22.3361 -18.1457
v 25.1423 22.3361 -18.07
v 25.6536 22.3361 -17.8839
v 26.1151 23.0114 -17.5955
v 26.5065 23.0114 -17.2175
v 26.8108 23.0114 -16.7664
v 27.0146 23.0114 -16.2619
v 27.1091 23.0114 -15.7261
v 27.0901 23.0114 -15.1823
v 26.9585 23.0114 -14.6543
v 26.72 23.0114 -14.1653
v 26.385 23.0114 -13.7364
v 25.9681 23.0114 -13.3867
v 25.4877 23.0114 -13.1313
v 24.9646 23.0114 -12.9813
v 24.4219 23.0114 -12.9433
v 23.8831 23.0114 -13.0191
v 23.3717 23.0114 -13.2052
v 22.9103 23.0114 -13.4935
v 22.5188 23.0114 -13.8716
v 22.2146 23.0114 -14.3226
v 22.0107 23.0114 -14.8271
v 21.9162 23.0114 -15.363
v 21.9352 23.0114 -15.9068
v 22.0669 23.0114 -16.4347
v 22.3054 23.0114 -16.9238
v 22.6404 23.0114 -17.3526
v 23.0572 23.0114 -17.7023
v 23.5377 23.0114 -17.9578
v 24.0607 23.0114 -18.1077
v 24.6035 23.0114 -18.1457
v 25.1423 23.0114 -18.07
v 25.6536 23.0114 -17.8839
v 24.5126 23.0114 -15.5445
v 24.0024 24.7383 -3.2642
v 24.1569 24.7383 -3.7431
v 24.0081 25.1793 -3.7431
v 24.0024 25.1793 -3.2736
v 25.3767 22.4264 13.7933
v 23.3992 22.4264 15.4526
v 23.3992 22.9211 15.4525
v 25.3767 22.9211 13.7933
v 15.5739 22.4281 3.6376
v 12.6534 22.4281 3.6376
v 12.6534 22.9194 3.6376
v 15.5739 22.9194 3.6376
v 24.0024 24.7383 -3.2642
v 24.1569 24.7383 -3.7431
v 24.0081 25.1793 -3.7431
v 24.0024 25.1793 -3.2736
v 25.0531 22.3361 15.4155
v 26.7261 22.3361 17.4093
v 27.1041 22.3361 17.0179
v 27.3924 22.3361 16.5565
v 27.5786 22.3361 16.0451
v 27.6543 22.3361 15.5063
v 27.6163 22.3361 14.9635
v 27.4663 22.3361 14.4405
v 27.2109 22.3361 13.96
v 26.8612 22.3361 13.5432
v 26.4324 22.3361 13.2082
v 25.9433 22.3361 12.9697
v 25.4153 22.3361 12.838
v 24.8716 22.3361 12.8191
v 24.3357 22.3361 12.9136
v 23.8312 22.3361 13.1174
v 23.3801 22.3361 13.4216
v 23.0021 22.3361 13.8131
v 22.7137 22.3361 14.2746
v 22.5276 22.3361 14.7858
v 22.4519 22.3361 15.3247
v 22.4898 22.3361 15.8675
v 22.6398 22.3361 16.3905
v 22.8953 22.3361 16.871
v 23.245 22.3361 17.2878
v 23.6738 22.3361 17.6228
v 24.1629 22.3361 17.8613
v 24.6908 22.3361 17.993
v 25.2346 22.3361 18.0119
v 25.7705 22.3361 17.9174
v 26.275 22.3361 17.7136
v 26.7261 23.0114 17.4093
v 27.1041 23.0114 17.0179
v 27.3924 23.0114 16.5565
v 27.5786 23.0114 16.0451
v 27.6543 23.0114 15.5063
v 27.6163 23.0114 14.9635
v 27.4663 23.0114 14.4405
v 27.2109 23.0114 13.96
v 26.8612 23.0114 13.5432
v 26.4324 23.0114 13.2082
v 25.9433 23.0114 12.9697
v 25.4153 23.0114 12.838
v 24.8716 23.0114 12.8191
v 24.3357 23.0114 12.9136
v 23.8312 23.0114 13.1174
v 23.3801 23.0114 13.4216
v 23.0021 23.0114 13.8131
v 22.7137 23.0114 14.2746
v 22.5276 23.0114 14.7858
v 22.4519 23.0114 15.3247
v 22.4898 23.0114 15.8675
v 22.6398 23.0114 16.3905
v 22.8953 23.0114 16.871
v 23.245 23.0114 17.2878
v 23.6738 23.0114 17.6228
v 24.1629 23.0114 17.8613
v 24.6908 23.0114 17.993
v 25.2346 23.0114 18.0119
v 25.7705 23.0114 17.9174
v 26.275 23.0114 17.7136
v 25.0531 23.0114 15.4155
v 24.0024 24.7383 -3.2642
v 24.1569 24.7383 -3.7431
v 24.0081 25.1793 -3.7431
v 24.0024 25.1793 -3.2736
v 24.693 25.292 3.6405
v 24.3197 25.6677 3.7611
v 24.0633 25.2989 -3.7272
v 24.4083 25.2989 -3.7339
v 24.3197 25.675 3.6472
v 24.0633 25.6352 -3.7272
v 24.693 25.6379 3.6405
v 24.4083 25.6352 -3.7339
v 24.693 25.6227 -3.2083
v 24.3197 25.675 -3.2016
v 24.3197 25.6677 -3.3156
v 24.693 25.2843 -3.2083
v 24.0024 24.7383 -3.2642
v 24.1569 24.7383 -3.7431
v 24.0081 25.1793 -3.7431
v 24.0024 25.1793 -3.2736
v -11.8299 24.3312 -15.0562
v -12.7427 24.3312 -15.0562
v -12.7228 24.3312 -15.246
v -12.6639 24.3313 -15.4275
v -12.5684 24.3312 -15.5928
v -12.4408 24.3312 -15.7347
v -12.2863 24.3313 -15.8468
v -12.112 24.3312 -15.9245
v -11.9253 24.3312 -15.9641
v -11.7345 24.3313 -15.9641
v -11.5478 24.3313 -15.9245
v -11.3734 24.3313 -15.8468
v -11.219 24.3312 -15.7347
v -11.0913 24.3313 -15.5928
v -10.9959 24.3313 -15.4275
v -10.937 24.3313 -15.246
v -10.917 24.3313 -15.0562
v -10.937 24.3313 -14.8664
v -10.9959 24.3313 -14.685
v -11.0913 24.3313 -14.5196
v -11.219 24.3312 -14.3778
v -11.3734 24.3313 -14.2656
v -11.5478 24.3313 -14.188
v -11.7345 24.3313 -14.1483
v -11.9253 24.3312 -14.1483
v -12.112 24.3312 -14.188
v -12.2863 24.3313 -14.2656
v -12.4408 24.3312 -14.3778
v -12.5684 24.3312 -14.5196
v -12.6639 24.3313 -14.685
v -12.7228 24.3312 -14.8664
v -12.7427 23.4851 -15.0562
v -12.7228 23.4851 -15.246
v -12.6639 23.4851 -15.4275
v -12.5684 23.4851 -15.5928
v -12.4408 23.4851 -15.7347
v -12.2863 23.4851 -15.8468
v -12.1119 23.4851 -15.9245
v -11.9252 23.4851 -15.9641
v -11.7345 23.4851 -15.9641
v -11.5478 23.4851 -15.9245
v -11.3735 23.4851 -15.8468
v -11.219 23.4851 -15.7347
v -11.0913 23.4851 -15.5928
v -10.9959 23.4851 -15.4275
v -10.937 23.4851 -15.246
v -10.917 23.4851 -15.0562
v -10.937 23.4851 -14.8664
v -10.9959 23.4851 -14.685
v -11.0913 23.4851 -14.5196
v -11.219 23.4851 -14.3778
v -11.3735 23.4851 -14.2656
v -11.5478 23.4851 -14.188
v -11.7345 23.4851 -14.1483
v -11.9252 23.4851 -14.1483
v -12.1119 23.4851 -14.188
v -12.2863 23.4851 -14.2656
v -12.4408 23.4851 -14.3778
v -12.5684 23.4851 -14.5196
v -12.6639 23.4851 -14.685
v -12.7228 23.4851 -14.8664
v -11.8299 23.4851 -15.0562
v 24.0024 24.7383 -3.2642
v 24.1569 24.7383 -3.7431
v 24.0081 25.1793 -3.7431
v 24.0024 25.1793 -3.2736
v -11.8299 25.8585 -15.0562
v -12.0085 25.8586 -15.0562
v -12.0045 25.8586 -15.0933
v -11.993 25.8585 -15.1289
v -11.9743 25.8585 -15.1612
v -11.9493 25.8586 -15.1889
v -11.9192 25.8585 -15.2109
v -11.885 25.8585 -15.2261
v -11.8485 25.8586 -15.2338
v -11.8112 25.8586 -15.2338
v -11.7747 25.8586 -15.2261
v -11.7405 25.8585 -15.2109
v -11.7104 25.8586 -15.1889
v -11.6854 25.8586 -15.1612
v -11.6667 25.8585 -15.1289
v -11.6552 25.8585 -15.0933
v -11.6513 25.8586 -15.0562
v -11.6552 25.8585 -15.0191
v -11.6667 25.8585 -14.9835
v -11.6854 25.8586 -14.9512
v -11.7104 25.8586 -14.9235
v -11.7405 25.8585 -14.9016
v -11.7747 25.8586 -14.8864
v -11.8112 25.8586 -14.8787
v -11.8485 25.8586 -14.8787
v -11.885 25.8585 -14.8864
v -11.9192 25.8585 -14.9016
v -11.9493 25.8586 -14.9235
v -11.9743 25.8585 -14.9512
v -11.993 25.8585 -14.9835
v -12.0045 25.8586 -15.0191
v -12.0084 23.0217 -15.0562
v -12.0046 23.0217 -15.0933
v -11.993 23.0217 -15.1289
v -11.9743 23.0217 -15.1612
v -11.9493 23.0217 -15.1889
v -11.9192 23.0217 -15.2109
v -11.8851 23.0217 -15.2261
v -11.8485 23.0217 -15.2338
v -11.8112 23.0217 -15.2338
v -11.7747 23.0217 -15.2261
v -11.7405 23.0217 -15.2109
v -11.7104 23.0217 -15.1889
v -11.6854 23.0217 -15.1612
v -11.6667 23.0217 -15.1289
v -11.6552 23.0217 -15.0933
v -11.6512 23.0217 -15.0562
v -11.6552 23.0217 -15.0191
v -11.6667 23.0217 -14.9835
v -11.6854 23.0217 -14.9512
v -11.7104 23.0217 -14.9235
v -11.7405 23.0217 -14.9016
v -11.7747 23.0217 -14.8864
v -11.8112 23.0217 -14.8787
v -11.8485 23.0217 -14.8787
v -11.8851 23.0217 -14.8864
v -11.9192 23.0217 -14.9016
v -11.9493 23.0217 -14.9235
v -11.9743 23.0217 -14.9512
v -11.993 23.0217 -14.9835
v -12.0046 23.0217 -15.0191
v -11.8299 23.0217 -15.0562
v 24.0024 24.7383 -3.2642
v 24.1569 24.7383 -3.7431
v 24.0081 25.1793 -3.7431
v 24.0024 25.1793 -3.2736
v -11.8299 23.0305 -15.0562
v -9.2806 23.0305 -15.0562
v -9.3364 23.0305 -14.5262
v -9.501 23.0305 -14.0193
v -9.7675 23.0305 -13.5578
v -10.1241 23.0305 -13.1617
v -10.5552 23.0305 -12.8485
v -11.0421 23.0305 -12.6317
v -11.5634 23.0305 -12.5209
v -12.0963 23.0305 -12.5209
v -12.6176 23.0305 -12.6317
v -13.1045 23.0305 -12.8485
v -13.5356 23.0305 -13.1617
v -13.8922 23.0305 -13.5578
v -14.1587 23.0305 -14.0193
v -14.3234 23.0305 -14.5262
v -14.3791 23.0305 -15.0562
v -14.3234 23.0305 -15.5862
v -14.1587 23.0305 -16.0931
v -13.8922 23.0305 -16.5546
v -13.5356 23.0305 -16.9506
v -13.1045 23.0305 -17.2639
v -12.6176 23.0305 -17.4806
v -12.0963 23.0305 -17.5915
v -11.5634 23.0305 -17.5915
v -11.0421 23.0305 -17.4806
v -10.5552 23.0305 -17.2639
v -10.1241 23.0305 -16.9506
v -9.7675 23.0305 -16.5546
v -9.501 23.0305 -16.0931
v -9.3364 23.0305 -15.5862
v -9.2806 24.0284 -15.0562
v -9.3364 24.0284 -14.5262
v -9.501 24.0284 -14.0193
v -9.7675 24.0284 -13.5578
v -10.1241 24.0284 -13.1617
v -10.5552 24.0284 -12.8485
v -11.0421 24.0284 -12.6317
v -11.5634 24.0284 -12.5209
v -12.0963 24.0284 -12.5209
v -12.6176 24.0284 -12.6317
v -13.1045 24.0284 -12.8485
v -13.5356 24.0284 -13.1617
v -13.8922 24.0284 -13.5578
v -14.1587 24.0284 -14.0193
v -14.3234 24.0284 -14.5262
v -14.3791 24.0284 -15.0562
v -14.3234 24.0284 -15.5862
v -14.1587 24.0284 -16.0931
v -13.8922 24.0284 -16.5546
v -13.5356 24.0284 -16.9506
v -13.1045 24.0284 -17.2639
v -12.6176 24.0284 -17.4806
v -12.0963 24.0284 -17.5915
v -11.5634 24.0284 -17.5915
v -11.0421 24.0284 -17.4806
v -10.5552 24.0284 -17.2639
v -10.1241 24.0284 -16.9506
v -9.7675 24.0284 -16.5546
v -9.501 24.0284 -16.0931
v -9.3364 24.0284 -15.5862
v -11.8299 24.0284 -15.0562
v 24.0024 24.7383 -3.2642
v 24.1569 24.7383 -3.7431
v 24.0081 25.1793 -3.7431
v 24.0024 25.1793 -3.2736
v -11.2558 24.3312 15.9611
v -12.1686 24.3312 15.9611
v -12.1487 24.3312 16.1509
v -12.0898 24.3313 16.3324
v -11.9943 24.3312 16.4977
v -11.8667 24.3312 16.6396
v -11.7122 24.3313 16.7517
v -11.5379 24.3312 16.8294
v -11.3512 24.3312 16.869
v -11.1604 24.3313 16.869
v -10.9737 24.3313 16.8294
v -10.7993 24.3313 16.7517
v -10.6449 24.3312 16.6396
v -10.5172 24.3313 16.4977
v -10.4218 24.3313 16.3324
v -10.3629 24.3313 16.1509
v -10.3429 24.3313 15.9611
v -10.3629 24.3313 15.7713
v -10.4218 24.3313 15.5899
v -10.5172 24.3313 15.4245
v -10.6449 24.3312 15.2827
v -10.7993 24.3313 15.1705
v -10.9737 24.3313 15.0929
v -11.1604 24.3313 15.0532
v -11.3512 24.3312 15.0532
v -11.5379 24.3312 15.0929
v -11.7122 24.3313 15.1705
v -11.8667 24.3312 15.2827
v -11.9943 24.3312 15.4245
v -12.0898 24.3313 15.5899
v -12.1487 24.3312 15.7713
v -12.1686 23.4851 15.9611
v -12.1487 23.4851 16.1509
v -12.0898 23.4851 16.3324
v -11.9943 23.4851 16.4977
v -11.8667 23.4851 16.6396
v -11.7122 23.4851 16.7517
v -11.5378 23.4851 16.8294
v -11.3511 23.4851 16.869
v -11.1604 23.4851 16.869
v -10.9737 23.4851 16.8294
v -10.7994 23.4851 16.7517
v -10.6449 23.4851 16.6396
v -10.5172 23.4851 16.4977
v -10.4218 23.4851 16.3324
v -10.3629 23.4851 16.1509
v -10.3429 23.4851 15.9611
v -10.3629 23.4851 15.7713
v -10.4218 23.4851 15.5899
v -10.5172 23.4851 15.4245
v -10.6449 23.4851 15.2827
v -10.7994 23.4851 15.1705
v -10.9737 23.4851 15.0929
v -11.1604 23.4851 15.0532
v -11.3511 23.4851 15.0532
v -11.5378 23.4851 15.0929
v -11.7122 23.4851 15.1705
v -11.8667 23.4851 15.2827
v -11.9943 23.4851 15.4245
v -12.0898 23.4851 15.5899
v -12.1487 23.4851 15.7713
v -11.2558 23.4851 15.9611
v 24.0024 24.7383 -3.2642
v 24.1569 24.7383 -3.7431
v 24.0081 25.1793 -3.7431
v 24.0024 25.1793 -3.2736
v -11.2558 25.8585 15.9611
v -11.4344 25.8586 15.9611
v -11.4304 25.8586 15.9982
v -11.4189 25.8585 16.0338
v -11.4002 25.8585 16.0661
v -11.3752 25.8586 16.0938
v -11.3451 25.8585 16.1158
v -11.3109 25.8585 16.131
v -11.2744 25.8586 16.1387
v -11.2371 25.8586 16.1387
v -11.2006 25.8586 16.131
v -11.1664 25.8585 16.1158
v -11.1363 25.8586 16.0938
v -11.1113 25.8586 16.0661
v -11.0926 25.8585 16.0338
v -11.0811 25.8585 15.9982
v -11.0772 25.8586 15.9611
v -11.0811 25.8585 15.924
v -11.0926 25.8585 15.8884
v -11.1113 25.8586 15.8561
v -11.1363 25.8586 15.8284
v -11.1664 25.8585 15.8065
v -11.2006 25.8586 15.7913
v -11.2371 25.8586 15.7836
v -11.2744 25.8586 15.7836
v -11.3109 25.8585 15.7913
v -11.3451 25.8585 15.8065
v -11.3752 25.8586 15.8284
v -11.4002 25.8585 15.8561
v -11.4189 25.8585 15.8884
v -11.4304 25.8586 15.924
v -11.4343 23.0217 15.9611
v -11.4305 23.0217 15.9982
v -11.4189 23.0217 16.0338
v -11.4002 23.0217 16.0661
v -11.3752 23.0217 16.0938
v -11.3451 23.0217 16.1158
v -11.311 23.0217 16.131
v -11.2744 23.0217 16.1387
v -11.2371 23.0217 16.1387
v -11.2006 23.0217 16.131
v -11.1664 23.0217 16.1158
v -11.1363 23.0217 16.0938
v -11.1113 23.0217 16.0661
v -11.0926 23.0217 16.0338
v -11.0811 23.0217 15.9982
v -11.0771 23.0217 15.9611
v -11.0811 23.0217 15.924
v -11.0926 23.0217 15.8884
v -11.1113 23.0217 15.8561
v -11.1363 23.0217 15.8284
v -11.1664 23.0217 15.8065
v -11.2006 23.0217 15.7913
v -11.2371 23.0217 15.7836
v -11.2744 23.0217 15.7836
v -11.311 23.0217 15.7913
v -11.3451 23.0217 15.8065
v -11.3752 23.0217 15.8284
v -11.4002 23.0217 15.8561
v -11.4189 23.0217 15.8884
v -11.4305 23.0217 15.924
v -11.2558 23.0217 15.9611
v 24.0024 24.7383 -3.2642
v 24.1569 24.7383 -3.7431
v 24.0081 25.1793 -3.7431
v 24.0024 25.1793 -3.2736
v -11.2558 23.0305 15.9611
v -8.7065 23.0305 15.9611
v -8.7622 23.0305 15.4311
v -8.9269 23.0305 14.9242
v -9.1934 23.0305 14.4627
v -9.55 23.0305 14.0666
v -9.9811 23.0305 13.7534
v -10.468 23.0305 13.5366
v -10.9893 23.0305 13.4258
v -11.5222 23.0305 13.4258
v -12.0435 23.0305 13.5366
v -12.5304 23.0305 13.7534
v -12.9615 23.0305 14.0666
v -13.3181 23.0305 14.4627
v -13.5846 23.0305 14.9242
v -13.7493 23.0305 15.4311
v -13.805 23.0305 15.9611
v -13.7493 23.0305 16.4911
v -13.5846 23.0305 16.998
v -13.3181 23.0305 17.4595
v -12.9615 23.0305 17.8556
v -12.5304 23.0305 18.1688
v -12.0435 23.0305 18.3855
v -11.5222 23.0305 18.4964
v -10.9893 23.0305 18.4964
v -10.468 23.0305 18.3855
v -9.9811 23.0305 18.1688
v -9.55 23.0305 17.8556
v -9.1934 23.0305 17.4595
v -8.9269 23.0305 16.998
v -8.7622 23.0305 16.4911
v -8.7065 24.0284 15.9611
v -8.7623 24.0284 15.4311
v -8.9269 24.0284 14.9242
v -9.1934 24.0284 14.4627
v -9.55 24.0284 14.0666
v -9.9811 24.0284 13.7534
v -10.468 24.0284 13.5366
v -10.9893 24.0284 13.4258
v -11.5222 24.0284 13.4258
v -12.0435 24.0284 13.5366
v -12.5304 24.0284 13.7534
v -12.9615 24.0284 14.0666
v -13.3181 24.0284 14.4627
v -13.5846 24.0284 14.9242
v -13.7493 24.0284 15.4311
v -13.805 24.0284 15.9611
v -13.7493 24.0284 16.4911
v -13.5846 24.0284 16.998
v -13.3181 24.0284 17.4595
v -12.9615 24.0284 17.8556
v -12.5304 24.0284 18.1688
v -12.0435 24.0284 18.3855
v -11.5222 24.0284 18.4964
v -10.9893 24.0284 18.4964
v -10.468 24.0284 18.3855
v -9.9811 24.0284 18.1688
v -9.55 24.0284 17.8556
v -9.1934 24.0284 17.4595
v -8.9269 24.0284 16.998
v -8.7623 24.0284 16.4911
v -11.2558 24.0284 15.9611
v 24.0024 24.7383 -3.2642
v 24.1569 24.7383 -3.7431
v 24.0081 25.1793 -3.7431
v 24.0024 25.1793 -3.2736
v 25.0113 24.3312 15.4948
v 25.9235 24.3312 15.4629
v 25.9102 24.3312 15.6533
v 25.8577 24.3313 15.8368
v 25.768 24.3312 16.0053
v 25.6455 24.3312 16.1516
v 25.495 24.3313 16.269
v 25.3235 24.3312 16.3527
v 25.1383 24.3312 16.3988
v 24.9476 24.3313 16.4055
v 24.7596 24.3313 16.3724
v 24.5826 24.3313 16.3008
v 24.4244 24.3312 16.1942
v 24.2918 24.3313 16.0568
v 24.1907 24.3313 15.895
v 24.1255 24.3313 15.7156
v 24.0989 24.3313 15.5267
v 24.1123 24.3313 15.3363
v 24.1648 24.3313 15.1529
v 24.2544 24.3313 14.9843
v 24.3771 24.3312 14.8381
v 24.5275 24.3313 14.7206
v 24.699 24.3313 14.637
v 24.8842 24.3313 14.5908
v 25.0749 24.3312 14.5841
v 25.2629 24.3312 14.6173
v 25.4398 24.3313 14.6887
v 25.5981 24.3312 14.7955
v 25.7306 24.3312 14.9327
v 25.8318 24.3313 15.0947
v 25.897 24.3312 15.2739
v 25.9235 23.4851 15.4629
v 25.9102 23.4851 15.6533
v 25.8577 23.4851 15.8368
v 25.768 23.4851 16.0053
v 25.6455 23.4851 16.1516
v 25.495 23.4851 16.269
v 25.3234 23.4851 16.3527
v 25.1382 23.4851 16.3988
v 24.9476 23.4851 16.4055
v 24.7596 23.4851 16.3724
v 24.5827 23.4851 16.3008
v 24.4244 23.4851 16.1942
v 24.2918 23.4851 16.0568
v 24.1907 23.4851 15.895
v 24.1255 23.4851 15.7156
v 24.0989 23.4851 15.5267
v 24.1123 23.4851 15.3363
v 24.1648 23.4851 15.1529
v 24.2544 23.4851 14.9843
v 24.3771 23.4851 14.8381
v 24.5276 23.4851 14.7206
v 24.699 23.4851 14.637
v 24.8842 23.4851 14.5908
v 25.0748 23.4851 14.5841
v 25.2628 23.4851 14.6173
v 25.4398 23.4851 14.6887
v 25.5981 23.4851 14.7955
v 25.7306 23.4851 14.9327
v 25.8318 23.4851 15.0947
v 25.897 23.4851 15.2739
v 25.0113 23.4851 15.4948
v 24.0024 24.7383 -3.2642
v 24.1569 24.7383 -3.7431
v 24.0081 25.1793 -3.7431
v 24.0024 25.1793 -3.2736
v 25.0113 25.8585 15.4948
v 25.1898 25.8586 15.4886
v 25.1871 25.8586 15.5258
v 25.1768 25.8585 15.5618
v 25.1592 25.8585 15.5947
v 25.1352 25.8586 15.6232
v 25.1059 25.8585 15.6463
v 25.0723 25.8585 15.6627
v 25.0361 25.8586 15.6716
v 24.9988 25.8586 15.6729
v 24.962 25.8586 15.6665
v 24.9273 25.8585 15.6525
v 24.8965 25.8586 15.6316
v 24.8705 25.8586 15.6048
v 24.8507 25.8585 15.5731
v 24.838 25.8585 15.538
v 24.8328 25.8586 15.501
v 24.8354 25.8585 15.4638
v 24.8456 25.8585 15.4278
v 24.8632 25.8586 15.3949
v 24.8872 25.8586 15.3663
v 24.9165 25.8585 15.3434
v 24.9502 25.8586 15.327
v 24.9864 25.8586 15.318
v 25.0237 25.8586 15.3167
v 25.0604 25.8585 15.3232
v 25.0951 25.8585 15.3372
v 25.126 25.8586 15.358
v 25.1519 25.8585 15.3848
v 25.1717 25.8585 15.4164
v 25.1845 25.8586 15.4516
v 25.1897 23.0217 15.4886
v 25.1872 23.0217 15.5258
v 25.1768 23.0217 15.5618
v 25.1592 23.0217 15.5947
v 25.1352 23.0217 15.6232
v 25.1059 23.0217 15.6463
v 25.0724 23.0217 15.6627
v 25.0361 23.0217 15.6716
v 24.9988 23.0217 15.6729
v 24.962 23.0217 15.6665
v 24.9273 23.0217 15.6525
v 24.8965 23.0217 15.6316
v 24.8705 23.0217 15.6048
v 24.8507 23.0217 15.5731
v 24.838 23.0217 15.538
v 24.8327 23.0217 15.501
v 24.8354 23.0217 15.4638
v 24.8456 23.0217 15.4278
v 24.8632 23.0217 15.3949
v 24.8872 23.0217 15.3663
v 24.9165 23.0217 15.3434
v 24.9502 23.0217 15.327
v 24.9864 23.0217 15.318
v 25.0237 23.0217 15.3167
v 25.0605 23.0217 15.3232
v 25.0951 23.0217 15.3372
v 25.126 23.0217 15.358
v 25.1519 23.0217 15.3848
v 25.1717 23.0217 15.4164
v 25.1846 23.0217 15.4516
v 25.0113 23.0217 15.4948
v 24.0015 24.757 4.1044
v 24.156 24.7235 4.5821
v 24.0071 25.1634 4.6129
v 24.0015 25.1962 4.1445
v -0.1487 22.4103 4.162
v -0.1487 21.9379 4.129
v -11.3284 23.7152 4.2033
v -10.7182 23.6955 4.202
v -0.1487 21.9104 4.5232
v -11.3394 23.6983 4.6152
v -10.7327 23.6921 4.6316
v -0.1487 22.3544 4.5543
v -8.7157 22.2338 4.5458
v -8.7676 22.2933 4.1084
v -8.8226 21.9531 4.0846
v -8.8039 21.9104 4.5232
v 24.0015 24.757 4.1044
v 24.156 24.7235 4.5821
v 24.0071 25.1634 4.6129
v 24.0015 25.1962 4.1445
v 12.6534 22.4281 0.0833
v 12.6534 22.9194 0.0833
v 15.5739 22.9194 0.0833
v 15.5739 22.4281 0.0833
v 15.5739 22.4264 0.0833
v 15.5739 22.9211 0.0833
v 12.6534 22.9211 0.0833
v 12.6534 22.4264 0.0833
v 24.4353 24.7325 3.2
v 24.6094 24.7325 3.6815
v 24.4581 25.1811 3.6867
v 24.4357 25.1811 3.2095
v 24.4353 24.7325 3.2
v 24.6094 24.7325 3.6815
v 24.4581 25.1811 3.6867
v 24.4357 25.1811 3.2095
v -11.473 25.0747 4.3056
v -11.4666 25.0747 4.6309
v -11.4666 25.4169 4.6309
v -11.473 25.4169 4.3056
v 12.1228 25.0747 3.9473
v 12.127 25.0747 4.377
v 12.127 25.4169 4.377
v 12.1228 25.4169 3.9473
v 12.8481 25.1811 4.0922
v 12.8481 24.7325 4.0922
v 12.8422 25.1811 3.9244
v 12.8422 24.7325 3.924
v 24.4353 24.7325 3.2
v 24.6094 24.7325 3.6815
v 24.4581 25.1811 3.6867
v 24.4357 25.1811 3.2095

g name0 
f 6 7 5
f 36 37 7 6
f 66 37 36
f 7 8 5
f 37 38 8 7
f 66 38 37
f 8 9 5
f 38 39 9 8
f 66 39 38
f 9 10 5
f 39 40 10 9
f 66 40 39
f 10 11 5
f 40 41 11 10
f 66 41 40
f 11 12 5
f 41 42 12 11
f 66 42 41
f 12 13 5
f 42 43 13 12
f 66 43 42
f 13 14 5
f 43 44 14 13
f 66 44 43
f 14 15 5
f 44 45 15 14
f 66 45 44
f 15 16 5
f 45 46 16 15
f 66 46 45
f 16 17 5
f 46 47 17 16
f 66 47 46
f 17 18 5
f 47 48 18 17
f 66 48 47
f 18 19 5
f 48 49 19 18
f 66 49 48
f 19 20 5
f 49 50 20 19
f 66 50 49
f 20 21 5
f 50 51 21 20
f 66 51 50
f 21 22 5
f 51 52 22 21
f 66 52 51
f 22 23 5
f 52 53 23 22
f 66 53 52
f 23 24 5
f 53 54 24 23
f 66 54 53
f 24 25 5
f 54 55 25 24
f 66 55 54
f 25 26 5
f 55 56 26 25
f 66 56 55
f 26 27 5
f 56 57 27 26
f 66 57 56
f 27 28 5
f 57 58 28 27
f 66 58 57
f 28 29 5
f 58 59 29 28
f 66 59 58
f 29 30 5
f 59 60 30 29
f 66 60 59
f 30 31 5
f 60 61 31 30
f 66 61 60
f 31 32 5
f 61 62 32 31
f 66 62 61
f 32 33 5
f 62 63 33 32
f 66 63 62
f 33 34 5
f 63 64 34 33
f 66 64 63
f 34 35 5
f 64 65 35 34
f 66 65 64
f 35 6 5
f 65 36 6 35
f 66 36 65
f 68 69 67
f 98 99 69 68
f 128 99 98
f 69 70 67
f 99 100 70 69
f 128 100 99
f 70 71 67
f 100 101 71 70
f 128 101 100
f 71 72 67
f 101 102 72 71
f 128 102 101
f 72 73 67
f 102 103 73 72
f 128 103 102
f 73 74 67
f 103 104 74 73
f 128 104 103
f 74 75 67
f 104 105 75 74
f 128 105 104
f 75 76 67
f 105 106 76 75
f 128 106 105
f 76 77 67
f 106 107 77 76
f 128 107 106
f 77 78 67
f 107 108 78 77
f 128 108 107
f 78 79 67
f 108 109 79 78
f 128 109 108
f 79 80 67
f 109 110 80 79
f 128 110 109
f 80 81 67
f 110 111 81 80
f 128 111 110
f 81 82 67
f 111 112 82 81
f 128 112 111
f 82 83 67
f 112 113 83 82
f 128 113 112
f 83 84 67
f 113 114 84 83
f 128 114 113
f 84 85 67
f 114 115 85 84
f 128 115 114
f 85 86 67
f 115 116 86 85
f 128 116 115
f 86 87 67
f 116 117 87 86
f 128 117 116
f 87 88 67
f 117 118 88 87
f 128 118 117
f 88 89 67
f 118 119 89 88
f 128 119 118
f 89 90 67
f 119 120 90 89
f 128 120 119
f 90 91 67
f 120 121 91 90
f 128 121 120
f 91 92 67
f 121 122 92 91
f 128 122 121
f 92 93 67
f 122 123 93 92
f 128 123 122
f 93 94 67
f 123 124 94 93
f 128 124 123
f 94 95 67
f 124 125 95 94
f 128 125 124
f 95 96 67
f 125 126 96 95
f 128 126 125
f 96 97 67
f 126 127 97 96
f 128 127 126
f 97 68 67
f 127 98 68 97
f 128 98 127
f 130 131 129
f 160 161 131 130
f 190 161 160
f 131 132 129
f 161 162 132 131
f 190 162 161
f 132 133 129
f 162 163 133 132
f 190 163 162
f 133 134 129
f 163 164 134 133
f 190 164 163
f 134 135 129
f 164 165 135 134
f 190 165 164
f 135 136 129
f 165 166 136 135
f 190 166 165
f 136 137 129
f 166 167 137 136
f 190 167 166
f 137 138 129
f 167 168 138 137
f 190 168 167
f 138 139 129
f 168 169 139 138
f 190 169 168
f 139 140 129
f 169 170 140 139
f 190 170 169
f 140 141 129
f 170 171 141 140
f 190 171 170
f 141 142 129
f 171 172 142 141
f 190 172 171
f 142 143 129
f 172 173 143 142
f 190 173 172
f 143 144 129
f 173 174 144 143
f 190 174 173
f 144 145 129
f 174 175 145 144
f 190 175 174
f 145 146 129
f 175 176 146 145
f 190 176 175
f 146 147 129
f 176 177 147 146
f 190 177 176
f 147 148 129
f 177 178 148 147
f 190 178 177
f 148 149 129
f 178 179 149 148
f 190 179 178
f 149 150 129
f 179 180 150 149
f 190 180 179
f 150 151 129
f 180 181 151 150
f 190 181 180
f 151 152 129
f 181 182 152 151
f 190 182 181
f 152 153 129
f 182 183 153 152
f 190 183 182
f 153 154 129
f 183 184 154 153
f 190 184 183
f 154 155 129
f 184 185 155 154
f 190 185 184
f 155 156 129
f 185 186 156 155
f 190 186 185
f 156 157 129
f 186 187 157 156
f 190 187 186
f 157 158 129
f 187 188 158 157
f 190 188 187
f 158 159 129
f 188 189 159 158
f 190 189 188
f 159 130 129
f 189 160 130 159
f 190 160 189
f 191 193 192
f 192 193 223 222
f 222 223 252
f 191 194 193
f 193 194 224 223
f 223 224 252
f 191 195 194
f 194 195 225 224
f 224 225 252
f 191 196 195
f 195 196 226 225
f 225 226 252
f 191 197 196
f 196 197 227 226
f 226 227 252
f 191 198 197
f 197 198 228 227
f 227 228 252
f 191 199 198
f 198 199 229 228
f 228 229 252
f 191 200 199
f 199 200 230 229
f 229 230 252
f 191 201 200
f 200 201 231 230
f 230 231 252
f 191 202 201
f 201 202 232 231
f 231 232 252
f 191 203 202
f 202 203 233 232
f 232 233 252
f 191 204 203
f 203 204 234 233
f 233 234 252
f 191 205 204
f 204 205 235 234
f 234 235 252
f 191 206 205
f 205 206 236 235
f 235 236 252
f 191 207 206
f 206 207 237 236
f 236 237 252
f 191 208 207
f 207 208 238 237
f 237 238 252
f 191 209 208
f 208 209 239 238
f 238 239 252
f 191 210 209
f 209 210 240 239
f 239 240 252
f 191 211 210
f 210 211 241 240
f 240 241 252
f 191 212 211
f 211 212 242 241
f 241 242 252
f 191 213 212
f 212 213 243 242
f 242 243 252
f 191 214 213
f 213 214 244 243
f 243 244 252
f 191 215 214
f 214 215 245 244
f 244 245 252
f 191 216 215
f 215 216 246 245
f 245 246 252
f 191 217 216
f 216 217 247 246
f 246 247 252
f 191 218 217
f 217 218 248 247
f 247 248 252
f 191 219 218
f 218 219 249 248
f 248 249 252
f 191 220 219
f 219 220 250 249
f 249 250 252
f 191 221 220
f 220 221 251 250
f 250 251 252
f 191 192 221
f 221 192 222 251
f 251 222 252
f 253 254 255 256
f 257 258 259 260
f 258 261 262 259
f 263 262 261 264
f 264 257 260 263
f 263 260 254 253
f 260 259 255 254
f 259 262 256 255
f 262 263 253 256
f 265 266 267 268
f 288 270 266 265
f 270 269 267 266
f 269 271 268 267
f 271 288 265 268
f 281 279 278 280
f 283 278 279 282
f 283 277 284 286
f 286 280 278 283
f 269 281 280 286
f 282 279 281 269
f 269 271 276 282
f 284 258 257 277
f 277 257 264 285
f 285 270 288 277
f 285 264 261 286
f 286 269 270 285
f 286 261 258 284
f 286 284 287 271 269
f 284 287 271 269 286
f 282 276 288 277 283
f 287 284 277 288
f 288 276 271 287
f 289 290 291 292
f 290 293 294 291
f 293 295 296 294
f 295 289 292 296
f 296 292 291 294
f 289 295 293 290
f 301 302 303 304
f 302 305 306 303
f 305 307 308 306
f 307 301 304 308
f 313 314 315 316
f 317 318 314 313
f 318 319 315 314
f 319 320 316 315
f 320 317 313 316
f 317 320 319 318
f 325 326 327 328
f 326 329 330 327
f 329 331 332 330
f 331 325 328 332
f 332 328 327 330
f 325 331 329 326
f 337 338 339 340
f 338 341 342 339
f 341 343 344 342
f 343 337 340 344
f 344 340 339 342
f 337 343 341 338
f 349 350 351 352
f 353 354 355 356
f 354 357 358 355
f 359 358 357 360
f 360 353 356 359
f 359 356 350 349
f 356 355 351 350
f 355 358 352 351
f 358 359 349 352
f 365 366 367 368
f 369 370 371 372
f 370 373 374 371
f 375 374 373 376
f 376 369 372 375
f 375 372 366 365
f 372 371 367 366
f 371 374 368 367
f 374 375 365 368
f 381 382 383 384
f 382 385 386 383
f 385 387 388 386
f 387 381 384 388
f 388 384 383 386
f 381 387 385 382
f 393 394 395 396
f 394 397 398 395
f 397 399 400 398
f 399 393 396 400
f 400 396 395 398
f 393 399 397 394
f 405 406 407 408
f 409 410 406 405
f 410 411 407 406
f 411 412 408 407
f 412 409 405 408
f 409 412 411 410
f 430 421 428 429
f 429 427 424 430
f 431 422 421 430
f 430 424 423 431
f 432 425 422 431
f 431 423 426 432
f 432 426 427 429
f 429 428 425 432
f 427 426 423 424
f 436 435 434 433
f 433 434 440 443
f 434 435 439 440
f 435 436 442 439
f 436 433 443 442
f 449 444 450 451
f 444 441 452 450
f 441 453 454 452
f 453 449 451 454
f 454 451 450 452
f 449 453 441 444
f 438 441 444 437
f 455 443 440 456
f 456 437 444 455
f 456 440 439 457
f 457 438 437 456
f 457 439 442 458
f 458 441 438 457
f 455 444 441 458
f 458 442 443 455
f 459 460 461 462
f 463 464 465 466
f 464 467 468 465
f 469 468 467 470
f 470 463 466 469
f 469 466 460 459
f 466 465 461 460
f 465 468 462 461
f 468 469 459 462
f 475 476 477 478
f 479 480 481 482
f 480 483 484 481
f 485 484 483 486
f 486 479 482 485
f 485 482 476 475
f 482 481 477 476
f 481 484 478 477
f 484 485 475 478
f 495 496 497 498
f 499 502 501 500
f 503 499 500 504
f 508 496 495 510
f 504 500 501 505
f 507 497 496 508
f 505 501 502 506
f 509 498 497 507
f 510 495 498 509
f 506 502 499 503
f 504 505 507 508
f 505 506 509 507
f 510 509 506 503
f 503 504 508 510
f 515 516 517 518
f 516 519 520 517
f 519 521 522 520
f 521 515 518 522
f 535 534 527 536
f 536 527 528 537
f 537 528 531 538
f 538 531 534 535
f 530 529 532 533
f 539 532 529 540
f 540 537 538 539
f 543 544 545 546
f 541 536 537 540
f 541 530 533 542
f 542 535 536 541
f 539 538 535 542
f 542 533 532 539
f 544 543 540 529
f 545 544 529 530
f 546 545 530 541
f 543 546 541 540
f 551 552 553 554
f 552 555 556 553
f 555 557 558 556
f 557 551 554 558
f 558 554 553 556
f 551 557 555 552
f 563 564 565 566
f 564 567 568 565
f 567 569 570 568
f 569 563 566 570
f 570 566 565 568
f 563 569 567 564
f 575 576 577 578
f 576 579 580 577
f 579 581 582 580
f 581 575 578 582
f 582 578 577 580
f 575 581 579 576
f 587 588 589 590
f 588 591 592 589
f 591 593 594 592
f 593 587 590 594
f 594 590 589 592
f 587 593 591 588
f 599 600 601 602
f 603 604 605 606
f 604 607 608 605
f 609 608 607 610
f 610 603 606 609
f 609 606 600 599
f 606 605 601 600
f 605 608 602 601
f 608 609 599 602
f 623 624 625 626
f 616 619 620 617
f 619 621 622 620
f 621 615 618 622
f 622 618 617 620
f 615 621 619 616
f 624 623 615 616
f 625 624 616 617
f 626 625 617 618
f 623 626 618 615
f 631 632 633 634
f 635 636 637 638
f 636 639 640 637
f 641 640 639 642
f 642 635 638 641
f 641 638 632 631
f 638 637 633 632
f 637 640 634 633
f 640 641 631 634
f 647 648 649 650
f 651 652 648 647
f 652 653 649 648
f 653 654 650 649
f 654 651 647 650
f 655 656 657 658
f 656 655 651 654
f 657 656 654 653
f 658 657 653 652
f 655 658 652 651
f 664 665 663
f 694 695 665 664
f 724 695 694
f 665 666 663
f 695 696 666 665
f 724 696 695
f 666 667 663
f 696 697 667 666
f 724 697 696
f 667 668 663
f 697 698 668 667
f 724 698 697
f 668 669 663
f 698 699 669 668
f 724 699 698
f 669 670 663
f 699 700 670 669
f 724 700 699
f 670 671 663
f 700 701 671 670
f 724 701 700
f 671 672 663
f 701 702 672 671
f 724 702 701
f 672 673 663
f 702 703 673 672
f 724 703 702
f 673 674 663
f 703 704 674 673
f 724 704 703
f 674 675 663
f 704 705 675 674
f 724 705 704
f 675 676 663
f 705 706 676 675
f 724 706 705
f 676 677 663
f 706 707 677 676
f 724 707 706
f 677 678 663
f 707 708 678 677
f 724 708 707
f 678 679 663
f 708 709 679 678
f 724 709 708
f 679 680 663
f 709 710 680 679
f 724 710 709
f 680 681 663
f 710 711 681 680
f 724 711 710
f 681 682 663
f 711 712 682 681
f 724 712 711
f 682 683 663
f 712 713 683 682
f 724 713 712
f 683 684 663
f 713 714 684 683
f 724 714 713
f 684 685 663
f 714 715 685 684
f 724 715 714
f 685 686 663
f 715 716 686 685
f 724 716 715
f 686 687 663
f 716 717 687 686
f 724 717 716
f 687 688 663
f 717 718 688 687
f 724 718 717
f 688 689 663
f 718 719 689 688
f 724 719 718
f 689 690 663
f 719 720 690 689
f 724 720 719
f 690 691 663
f 720 721 691 690
f 724 721 720
f 691 692 663
f 721 722 692 691
f 724 722 721
f 692 693 663
f 722 723 693 692
f 724 723 722
f 693 664 663
f 723 694 664 693
f 724 694 723
f 732 731 730 729
f 729 730 734 733
f 730 731 735 734
f 731 732 736 735
f 732 729 733 736
f 737 738 739 740
f 738 737 734 735
f 739 738 735 736
f 740 739 736 733
f 737 740 733 734
f 745 747 746
f 746 747 777 776
f 776 777 806
f 745 748 747
f 747 748 778 777
f 777 778 806
f 745 749 748
f 748 749 779 778
f 778 779 806
f 745 750 749
f 749 750 780 779
f 779 780 806
f 745 751 750
f 750 751 781 780
f 780 781 806
f 745 752 751
f 751 752 782 781
f 781 782 806
f 745 753 752
f 752 753 783 782
f 782 783 806
f 745 754 753
f 753 754 784 783
f 783 784 806
f 745 755 754
f 754 755 785 784
f 784 785 806
f 745 756 755
f 755 756 786 785
f 785 786 806
f 745 757 756
f 756 757 787 786
f 786 787 806
f 745 758 757
f 757 758 788 787
f 787 788 806
f 745 759 758
f 758 759 789 788
f 788 789 806
f 745 760 759
f 759 760 790 789
f 789 790 806
f 745 761 760
f 760 761 791 790
f 790 791 806
f 745 762 761
f 761 762 792 791
f 791 792 806
f 745 763 762
f 762 763 793 792
f 792 793 806
f 745 764 763
f 763 764 794 793
f 793 794 806
f 745 765 764
f 764 765 795 794
f 794 795 806
f 745 766 765
f 765 766 796 795
f 795 796 806
f 745 767 766
f 766 767 797 796
f 796 797 806
f 745 768 767
f 767 768 798 797
f 797 798 806
f 745 769 768
f 768 769 799 798
f 798 799 806
f 745 770 769
f 769 770 800 799
f 799 800 806
f 745 771 770
f 770 771 801 800
f 800 801 806
f 745 772 771
f 771 772 802 801
f 801 802 806
f 745 773 772
f 772 773 803 802
f 802 803 806
f 745 774 773
f 773 774 804 803
f 803 804 806
f 745 775 774
f 774 775 805 804
f 804 805 806
f 745 746 775
f 775 746 776 805
f 805 776 806
f 818 814 813 816
f 811 817 815 812
f 827 828 829 830
f 831 832 833 834
f 820 812 815 821
f 824 816 813 826
f 821 815 817 822
f 823 818 816 824
f 825 814 818 823
f 822 817 811 819
f 821 822 823 824
f 825 823 822 819
f 819 820 826 825
f 820 821 824 826
f 828 827 819 811
f 829 828 811 812
f 830 829 812 820
f 827 830 820 819
f 832 831 826 813
f 833 832 813 814
f 834 833 814 825
f 831 834 825 826
f 839 840 841 842
f 843 844 845 846
f 844 847 848 845
f 849 848 847 850
f 850 843 846 849
f 849 846 840 839
f 846 845 841 840
f 845 848 842 841
f 848 849 839 842
f 855 856 857 858
f 859 860 856 855
f 860 861 857 856
f 861 862 858 857
f 862 859 855 858
f 1575 1576 1577 1578
f 868 869 867
f 898 899 869 868
f 928 899 898
f 869 870 867
f 899 900 870 869
f 928 900 899
f 870 871 867
f 900 901 871 870
f 928 901 900
f 871 872 867
f 901 902 872 871
f 928 902 901
f 872 873 867
f 902 903 873 872
f 928 903 902
f 873 874 867
f 903 904 874 873
f 928 904 903
f 874 875 867
f 904 905 875 874
f 928 905 904
f 875 876 867
f 905 906 876 875
f 928 906 905
f 876 877 867
f 906 907 877 876
f 928 907 906
f 877 878 867
f 907 908 878 877
f 928 908 907
f 878 879 867
f 908 909 879 878
f 928 909 908
f 879 880 867
f 909 910 880 879
f 928 910 909
f 880 881 867
f 910 911 881 880
f 928 911 910
f 881 882 867
f 911 912 882 881
f 928 912 911
f 882 883 867
f 912 913 883 882
f 928 913 912
f 883 884 867
f 913 914 884 883
f 928 914 913
f 884 885 867
f 914 915 885 884
f 928 915 914
f 885 886 867
f 915 916 886 885
f 928 916 915
f 886 887 867
f 916 917 887 886
f 928 917 916
f 887 888 867
f 917 918 888 887
f 928 918 917
f 888 889 867
f 918 919 889 888
f 928 919 918
f 889 890 867
f 919 920 890 889
f 928 920 919
f 890 891 867
f 920 921 891 890
f 928 921 920
f 891 892 867
f 921 922 892 891
f 928 922 921
f 892 893 867
f 922 923 893 892
f 928 923 922
f 893 894 867
f 923 924 894 893
f 928 924 923
f 894 895 867
f 924 925 895 894
f 928 925 924
f 895 896 867
f 925 926 896 895
f 928 926 925
f 896 897 867
f 926 927 897 896
f 928 927 926
f 897 868 867
f 927 898 868 897
f 928 898 927
f 936 935 934 933
f 933 934 938 937
f 934 935 939 938
f 935 936 940 939
f 936 933 937 940
f 1571 1572 1573 1574
f 945 947 946
f 946 947 977 976
f 976 977 1006
f 945 948 947
f 947 948 978 977
f 977 978 1006
f 945 949 948
f 948 949 979 978
f 978 979 1006
f 945 950 949
f 949 950 980 979
f 979 980 1006
f 945 951 950
f 950 951 981 980
f 980 981 1006
f 945 952 951
f 951 952 982 981
f 981 982 1006
f 945 953 952
f 952 953 983 982
f 982 983 1006
f 945 954 953
f 953 954 984 983
f 983 984 1006
f 945 955 954
f 954 955 985 984
f 984 985 1006
f 945 956 955
f 955 956 986 985
f 985 986 1006
f 945 957 956
f 956 957 987 986
f 986 987 1006
f 945 958 957
f 957 958 988 987
f 987 988 1006
f 945 959 958
f 958 959 989 988
f 988 989 1006
f 945 960 959
f 959 960 990 989
f 989 990 1006
f 945 961 960
f 960 961 991 990
f 990 991 1006
f 945 962 961
f 961 962 992 991
f 991 992 1006
f 945 963 962
f 962 963 993 992
f 992 993 1006
f 945 964 963
f 963 964 994 993
f 993 994 1006
f 945 965 964
f 964 965 995 994
f 994 995 1006
f 945 966 965
f 965 966 996 995
f 995 996 1006
f 945 967 966
f 966 967 997 996
f 996 997 1006
f 945 968 967
f 967 968 998 997
f 997 998 1006
f 945 969 968
f 968 969 999 998
f 998 999 1006
f 945 970 969
f 969 970 1000 999
f 999 1000 1006
f 945 971 970
f 970 971 1001 1000
f 1000 1001 1006
f 945 972 971
f 971 972 1002 1001
f 1001 1002 1006
f 945 973 972
f 972 973 1003 1002
f 1002 1003 1006
f 945 974 973
f 973 974 1004 1003
f 1003 1004 1006
f 945 975 974
f 974 975 1005 1004
f 1004 1005 1006
f 945 946 975
f 975 946 976 1005
f 1005 976 1006
f 1019 1018 1016 1020
f 1020 1015 1017 1019
f 1020 1016 1013 1021
f 1021 1012 1015 1020
f 1021 1013 1014 1022
f 1022 1011 1012 1021
f 1019 1017 1011 1022
f 1022 1014 1018 1019
f 1027 1029 1028
f 1028 1029 1059 1058
f 1058 1059 1088
f 1027 1030 1029
f 1029 1030 1060 1059
f 1059 1060 1088
f 1027 1031 1030
f 1030 1031 1061 1060
f 1060 1061 1088
f 1027 1032 1031
f 1031 1032 1062 1061
f 1061 1062 1088
f 1027 1033 1032
f 1032 1033 1063 1062
f 1062 1063 1088
f 1027 1034 1033
f 1033 1034 1064 1063
f 1063 1064 1088
f 1027 1035 1034
f 1034 1035 1065 1064
f 1064 1065 1088
f 1027 1036 1035
f 1035 1036 1066 1065
f 1065 1066 1088
f 1027 1037 1036
f 1036 1037 1067 1066
f 1066 1067 1088
f 1027 1038 1037
f 1037 1038 1068 1067
f 1067 1068 1088
f 1027 1039 1038
f 1038 1039 1069 1068
f 1068 1069 1088
f 1027 1040 1039
f 1039 1040 1070 1069
f 1069 1070 1088
f 1027 1041 1040
f 1040 1041 1071 1070
f 1070 1071 1088
f 1027 1042 1041
f 1041 1042 1072 1071
f 1071 1072 1088
f 1027 1043 1042
f 1042 1043 1073 1072
f 1072 1073 1088
f 1027 1044 1043
f 1043 1044 1074 1073
f 1073 1074 1088
f 1027 1045 1044
f 1044 1045 1075 1074
f 1074 1075 1088
f 1027 1046 1045
f 1045 1046 1076 1075
f 1075 1076 1088
f 1027 1047 1046
f 1046 1047 1077 1076
f 1076 1077 1088
f 1027 1048 1047
f 1047 1048 1078 1077
f 1077 1078 1088
f 1027 1049 1048
f 1048 1049 1079 1078
f 1078 1079 1088
f 1027 1050 1049
f 1049 1050 1080 1079
f 1079 1080 1088
f 1027 1051 1050
f 1050 1051 1081 1080
f 1080 1081 1088
f 1027 1052 1051
f 1051 1052 1082 1081
f 1081 1082 1088
f 1027 1053 1052
f 1052 1053 1083 1082
f 1082 1083 1088
f 1027 1054 1053
f 1053 1054 1084 1083
f 1083 1084 1088
f 1027 1055 1054
f 1054 1055 1085 1084
f 1084 1085 1088
f 1027 1056 1055
f 1055 1056 1086 1085
f 1085 1086 1088
f 1027 1057 1056
f 1056 1057 1087 1086
f 1086 1087 1088
f 1027 1028 1057
f 1057 1028 1058 1087
f 1087 1058 1088
f 1093 1095 1094
f 1094 1095 1125 1124
f 1124 1125 1154
f 1093 1096 1095
f 1095 1096 1126 1125
f 1125 1126 1154
f 1093 1097 1096
f 1096 1097 1127 1126
f 1126 1127 1154
f 1093 1098 1097
f 1097 1098 1128 1127
f 1127 1128 1154
f 1093 1099 1098
f 1098 1099 1129 1128
f 1128 1129 1154
f 1093 1100 1099
f 1099 1100 1130 1129
f 1129 1130 1154
f 1093 1101 1100
f 1100 1101 1131 1130
f 1130 1131 1154
f 1093 1102 1101
f 1101 1102 1132 1131
f 1131 1132 1154
f 1093 1103 1102
f 1102 1103 1133 1132
f 1132 1133 1154
f 1093 1104 1103
f 1103 1104 1134 1133
f 1133 1134 1154
f 1093 1105 1104
f 1104 1105 1135 1134
f 1134 1135 1154
f 1093 1106 1105
f 1105 1106 1136 1135
f 1135 1136 1154
f 1093 1107 1106
f 1106 1107 1137 1136
f 1136 1137 1154
f 1093 1108 1107
f 1107 1108 1138 1137
f 1137 1138 1154
f 1093 1109 1108
f 1108 1109 1139 1138
f 1138 1139 1154
f 1093 1110 1109
f 1109 1110 1140 1139
f 1139 1140 1154
f 1093 1111 1110
f 1110 1111 1141 1140
f 1140 1141 1154
f 1093 1112 1111
f 1111 1112 1142 1141
f 1141 1142 1154
f 1093 1113 1112
f 1112 1113 1143 1142
f 1142 1143 1154
f 1093 1114 1113
f 1113 1114 1144 1143
f 1143 1144 1154
f 1093 1115 1114
f 1114 1115 1145 1144
f 1144 1145 1154
f 1093 1116 1115
f 1115 1116 1146 1145
f 1145 1146 1154
f 1093 1117 1116
f 1116 1117 1147 1146
f 1146 1147 1154
f 1093 1118 1117
f 1117 1118 1148 1147
f 1147 1148 1154
f 1093 1119 1118
f 1118 1119 1149 1148
f 1148 1149 1154
f 1093 1120 1119
f 1119 1120 1150 1149
f 1149 1150 1154
f 1093 1121 1120
f 1120 1121 1151 1150
f 1150 1151 1154
f 1093 1122 1121
f 1121 1122 1152 1151
f 1151 1152 1154
f 1093 1123 1122
f 1122 1123 1153 1152
f 1152 1153 1154
f 1093 1094 1123
f 1123 1094 1124 1153
f 1153 1124 1154
f 1160 1161 1159
f 1190 1191 1161 1160
f 1220 1191 1190
f 1161 1162 1159
f 1191 1192 1162 1161
f 1220 1192 1191
f 1162 1163 1159
f 1192 1193 1163 1162
f 1220 1193 1192
f 1163 1164 1159
f 1193 1194 1164 1163
f 1220 1194 1193
f 1164 1165 1159
f 1194 1195 1165 1164
f 1220 1195 1194
f 1165 1166 1159
f 1195 1196 1166 1165
f 1220 1196 1195
f 1166 1167 1159
f 1196 1197 1167 1166
f 1220 1197 1196
f 1167 1168 1159
f 1197 1198 1168 1167
f 1220 1198 1197
f 1168 1169 1159
f 1198 1199 1169 1168
f 1220 1199 1198
f 1169 1170 1159
f 1199 1200 1170 1169
f 1220 1200 1199
f 1170 1171 1159
f 1200 1201 1171 1170
f 1220 1201 1200
f 1171 1172 1159
f 1201 1202 1172 1171
f 1220 1202 1201
f 1172 1173 1159
f 1202 1203 1173 1172
f 1220 1203 1202
f 1173 1174 1159
f 1203 1204 1174 1173
f 1220 1204 1203
f 1174 1175 1159
f 1204 1205 1175 1174
f 1220 1205 1204
f 1175 1176 1159
f 1205 1206 1176 1175
f 1220 1206 1205
f 1176 1177 1159
f 1206 1207 1177 1176
f 1220 1207 1206
f 1177 1178 1159
f 1207 1208 1178 1177
f 1220 1208 1207
f 1178 1179 1159
f 1208 1209 1179 1178
f 1220 1209 1208
f 1179 1180 1159
f 1209 1210 1180 1179
f 1220 1210 1209
f 1180 1181 1159
f 1210 1211 1181 1180
f 1220 1211 1210
f 1181 1182 1159
f 1211 1212 1182 1181
f 1220 1212 1211
f 1182 1183 1159
f 1212 1213 1183 1182
f 1220 1213 1212
f 1183 1184 1159
f 1213 1214 1184 1183
f 1220 1214 1213
f 1184 1185 1159
f 1214 1215 1185 1184
f 1220 1215 1214
f 1185 1186 1159
f 1215 1216 1186 1185
f 1220 1216 1215
f 1186 1187 1159
f 1216 1217 1187 1186
f 1220 1217 1216
f 1187 1188 1159
f 1217 1218 1188 1187
f 1220 1218 1217
f 1188 1189 1159
f 1218 1219 1189 1188
f 1220 1219 1218
f 1189 1160 1159
f 1219 1190 1160 1189
f 1220 1190 1219
f 1226 1227 1225
f 1256 1257 1227 1226
f 1286 1257 1256
f 1227 1228 1225
f 1257 1258 1228 1227
f 1286 1258 1257
f 1228 1229 1225
f 1258 1259 1229 1228
f 1286 1259 1258
f 1229 1230 1225
f 1259 1260 1230 1229
f 1286 1260 1259
f 1230 1231 1225
f 1260 1261 1231 1230
f 1286 1261 1260
f 1231 1232 1225
f 1261 1262 1232 1231
f 1286 1262 1261
f 1232 1233 1225
f 1262 1263 1233 1232
f 1286 1263 1262
f 1233 1234 1225
f 1263 1264 1234 1233
f 1286 1264 1263
f 1234 1235 1225
f 1264 1265 1235 1234
f 1286 1265 1264
f 1235 1236 1225
f 1265 1266 1236 1235
f 1286 1266 1265
f 1236 1237 1225
f 1266 1267 1237 1236
f 1286 1267 1266
f 1237 1238 1225
f 1267 1268 1238 1237
f 1286 1268 1267
f 1238 1239 1225
f 1268 1269 1239 1238
f 1286 1269 1268
f 1239 1240 1225
f 1269 1270 1240 1239
f 1286 1270 1269
f 1240 1241 1225
f 1270 1271 1241 1240
f 1286 1271 1270
f 1241 1242 1225
f 1271 1272 1242 1241
f 1286 1272 1271
f 1242 1243 1225
f 1272 1273 1243 1242
f 1286 1273 1272
f 1243 1244 1225
f 1273 1274 1244 1243
f 1286 1274 1273
f 1244 1245 1225
f 1274 1275 1245 1244
f 1286 1275 1274
f 1245 1246 1225
f 1275 1276 1246 1245
f 1286 1276 1275
f 1246 1247 1225
f 1276 1277 1247 1246
f 1286 1277 1276
f 1247 1248 1225
f 1277 1278 1248 1247
f 1286 1278 1277
f 1248 1249 1225
f 1278 1279 1249 1248
f 1286 1279 1278
f 1249 1250 1225
f 1279 1280 1250 1249
f 1286 1280 1279
f 1250 1251 1225
f 1280 1281 1251 1250
f 1286 1281 1280
f 1251 1252 1225
f 1281 1282 1252 1251
f 1286 1282 1281
f 1252 1253 1225
f 1282 1283 1253 1252
f 1286 1283 1282
f 1253 1254 1225
f 1283 1284 1254 1253
f 1286 1284 1283
f 1254 1255 1225
f 1284 1285 1255 1254
f 1286 1285 1284
f 1255 1226 1225
f 1285 1256 1226 1255
f 1286 1256 1285
f 1292 1293 1291
f 1322 1323 1293 1292
f 1352 1323 1322
f 1293 1294 1291
f 1323 1324 1294 1293
f 1352 1324 1323
f 1294 1295 1291
f 1324 1325 1295 1294
f 1352 1325 1324
f 1295 1296 1291
f 1325 1326 1296 1295
f 1352 1326 1325
f 1296 1297 1291
f 1326 1327 1297 1296
f 1352 1327 1326
f 1297 1298 1291
f 1327 1328 1298 1297
f 1352 1328 1327
f 1298 1299 1291
f 1328 1329 1299 1298
f 1352 1329 1328
f 1299 1300 1291
f 1329 1330 1300 1299
f 1352 1330 1329
f 1300 1301 1291
f 1330 1331 1301 1300
f 1352 1331 1330
f 1301 1302 1291
f 1331 1332 1302 1301
f 1352 1332 1331
f 1302 1303 1291
f 1332 1333 1303 1302
f 1352 1333 1332
f 1303 1304 1291
f 1333 1334 1304 1303
f 1352 1334 1333
f 1304 1305 1291
f 1334 1335 1305 1304
f 1352 1335 1334
f 1305 1306 1291
f 1335 1336 1306 1305
f 1352 1336 1335
f 1306 1307 1291
f 1336 1337 1307 1306
f 1352 1337 1336
f 1307 1308 1291
f 1337 1338 1308 1307
f 1352 1338 1337
f 1308 1309 1291
f 1338 1339 1309 1308
f 1352 1339 1338
f 1309 1310 1291
f 1339 1340 1310 1309
f 1352 1340 1339
f 1310 1311 1291
f 1340 1341 1311 1310
f 1352 1341 1340
f 1311 1312 1291
f 1341 1342 1312 1311
f 1352 1342 1341
f 1312 1313 1291
f 1342 1343 1313 1312
f 1352 1343 1342
f 1313 1314 1291
f 1343 1344 1314 1313
f 1352 1344 1343
f 1314 1315 1291
f 1344 1345 1315 1314
f 1352 1345 1344
f 1315 1316 1291
f 1345 1346 1316 1315
f 1352 1346 1345
f 1316 1317 1291
f 1346 1347 1317 1316
f 1352 1347 1346
f 1317 1318 1291
f 1347 1348 1318 1317
f 1352 1348 1347
f 1318 1319 1291
f 1348 1349 1319 1318
f 1352 1349 1348
f 1319 1320 1291
f 1349 1350 1320 1319
f 1352 1350 1349
f 1320 1321 1291
f 1350 1351 1321 1320
f 1352 1351 1350
f 1321 1292 1291
f 1351 1322 1292 1321
f 1352 1322 1351
f 1357 1359 1358
f 1358 1359 1389 1388
f 1388 1389 1418
f 1357 1360 1359
f 1359 1360 1390 1389
f 1389 1390 1418
f 1357 1361 1360
f 1360 1361 1391 1390
f 1390 1391 1418
f 1357 1362 1361
f 1361 1362 1392 1391
f 1391 1392 1418
f 1357 1363 1362
f 1362 1363 1393 1392
f 1392 1393 1418
f 1357 1364 1363
f 1363 1364 1394 1393
f 1393 1394 1418
f 1357 1365 1364
f 1364 1365 1395 1394
f 1394 1395 1418
f 1357 1366 1365
f 1365 1366 1396 1395
f 1395 1396 1418
f 1357 1367 1366
f 1366 1367 1397 1396
f 1396 1397 1418
f 1357 1368 1367
f 1367 1368 1398 1397
f 1397 1398 1418
f 1357 1369 1368
f 1368 1369 1399 1398
f 1398 1399 1418
f 1357 1370 1369
f 1369 1370 1400 1399
f 1399 1400 1418
f 1357 1371 1370
f 1370 1371 1401 1400
f 1400 1401 1418
f 1357 1372 1371
f 1371 1372 1402 1401
f 1401 1402 1418
f 1357 1373 1372
f 1372 1373 1403 1402
f 1402 1403 1418
f 1357 1374 1373
f 1373 1374 1404 1403
f 1403 1404 1418
f 1357 1375 1374
f 1374 1375 1405 1404
f 1404 1405 1418
f 1357 1376 1375
f 1375 1376 1406 1405
f 1405 1406 1418
f 1357 1377 1376
f 1376 1377 1407 1406
f 1406 1407 1418
f 1357 1378 1377
f 1377 1378 1408 1407
f 1407 1408 1418
f 1357 1379 1378
f 1378 1379 1409 1408
f 1408 1409 1418
f 1357 1380 1379
f 1379 1380 1410 1409
f 1409 1410 1418
f 1357 1381 1380
f 1380 1381 1411 1410
f 1410 1411 1418
f 1357 1382 1381
f 1381 1382 1412 1411
f 1411 1412 1418
f 1357 1383 1382
f 1382 1383 1413 1412
f 1412 1413 1418
f 1357 1384 1383
f 1383 1384 1414 1413
f 1413 1414 1418
f 1357 1385 1384
f 1384 1385 1415 1414
f 1414 1415 1418
f 1357 1386 1385
f 1385 1386 1416 1415
f 1415 1416 1418
f 1357 1387 1386
f 1386 1387 1417 1416
f 1416 1417 1418
f 1357 1358 1387
f 1387 1358 1388 1417
f 1417 1388 1418
f 1423 1425 1424
f 1424 1425 1455 1454
f 1454 1455 1484
f 1423 1426 1425
f 1425 1426 1456 1455
f 1455 1456 1484
f 1423 1427 1426
f 1426 1427 1457 1456
f 1456 1457 1484
f 1423 1428 1427
f 1427 1428 1458 1457
f 1457 1458 1484
f 1423 1429 1428
f 1428 1429 1459 1458
f 1458 1459 1484
f 1423 1430 1429
f 1429 1430 1460 1459
f 1459 1460 1484
f 1423 1431 1430
f 1430 1431 1461 1460
f 1460 1461 1484
f 1423 1432 1431
f 1431 1432 1462 1461
f 1461 1462 1484
f 1423 1433 1432
f 1432 1433 1463 1462
f 1462 1463 1484
f 1423 1434 1433
f 1433 1434 1464 1463
f 1463 1464 1484
f 1423 1435 1434
f 1434 1435 1465 1464
f 1464 1465 1484
f 1423 1436 1435
f 1435 1436 1466 1465
f 1465 1466 1484
f 1423 1437 1436
f 1436 1437 1467 1466
f 1466 1467 1484
f 1423 1438 1437
f 1437 1438 1468 1467
f 1467 1468 1484
f 1423 1439 1438
f 1438 1439 1469 1468
f 1468 1469 1484
f 1423 1440 1439
f 1439 1440 1470 1469
f 1469 1470 1484
f 1423 1441 1440
f 1440 1441 1471 1470
f 1470 1471 1484
f 1423 1442 1441
f 1441 1442 1472 1471
f 1471 1472 1484
f 1423 1443 1442
f 1442 1443 1473 1472
f 1472 1473 1484
f 1423 1444 1443
f 1443 1444 1474 1473
f 1473 1474 1484
f 1423 1445 1444
f 1444 1445 1475 1474
f 1474 1475 1484
f 1423 1446 1445
f 1445 1446 1476 1475
f 1475 1476 1484
f 1423 1447 1446
f 1446 1447 1477 1476
f 1476 1477 1484
f 1423 1448 1447
f 1447 1448 1478 1477
f 1477 1478 1484
f 1423 1449 1448
f 1448 1449 1479 1478
f 1478 1479 1484
f 1423 1450 1449
f 1449 1450 1480 1479
f 1479 1480 1484
f 1423 1451 1450
f 1450 1451 1481 1480
f 1480 1481 1484
f 1423 1452 1451
f 1451 1452 1482 1481
f 1481 1482 1484
f 1423 1453 1452
f 1452 1453 1483 1482
f 1482 1483 1484
f 1423 1424 1453
f 1453 1424 1454 1483
f 1483 1454 1484
f 1489 1491 1490
f 1490 1491 1521 1520
f 1520 1521 1550
f 1489 1492 1491
f 1491 1492 1522 1521
f 1521 1522 1550
f 1489 1493 1492
f 1492 1493 1523 1522
f 1522 1523 1550
f 1489 1494 1493
f 1493 1494 1524 1523
f 1523 1524 1550
f 1489 1495 1494
f 1494 1495 1525 1524
f 1524 1525 1550
f 1489 1496 1495
f 1495 1496 1526 1525
f 1525 1526 1550
f 1489 1497 1496
f 1496 1497 1527 1526
f 1526 1527 1550
f 1489 1498 1497
f 1497 1498 1528 1527
f 1527 1528 1550
f 1489 1499 1498
f 1498 1499 1529 1528
f 1528 1529 1550
f 1489 1500 1499
f 1499 1500 1530 1529
f 1529 1530 1550
f 1489 1501 1500
f 1500 1501 1531 1530
f 1530 1531 1550
f 1489 1502 1501
f 1501 1502 1532 1531
f 1531 1532 1550
f 1489 1503 1502
f 1502 1503 1533 1532
f 1532 1533 1550
f 1489 1504 1503
f 1503 1504 1534 1533
f 1533 1534 1550
f 1489 1505 1504
f 1504 1505 1535 1534
f 1534 1535 1550
f 1489 1506 1505
f 1505 1506 1536 1535
f 1535 1536 1550
f 1489 1507 1506
f 1506 1507 1537 1536
f 1536 1537 1550
f 1489 1508 1507
f 1507 1508 1538 1537
f 1537 1538 1550
f 1489 1509 1508
f 1508 1509 1539 1538
f 1538 1539 1550
f 1489 1510 1509
f 1509 1510 1540 1539
f 1539 1540 1550
f 1489 1511 1510
f 1510 1511 1541 1540
f 1540 1541 1550
f 1489 1512 1511
f 1511 1512 1542 1541
f 1541 1542 1550
f 1489 1513 1512
f 1512 1513 1543 1542
f 1542 1543 1550
f 1489 1514 1513
f 1513 1514 1544 1543
f 1543 1544 1550
f 1489 1515 1514
f 1514 1515 1545 1544
f 1544 1545 1550
f 1489 1516 1515
f 1515 1516 1546 1545
f 1545 1546 1550
f 1489 1517 1516
f 1516 1517 1547 1546
f 1546 1547 1550
f 1489 1518 1517
f 1517 1518 1548 1547
f 1547 1548 1550
f 1489 1519 1518
f 1518 1519 1549 1548
f 1548 1549 1550
f 1489 1490 1519
f 1519 1490 1520 1549
f 1549 1520 1550
f 1563 1562 1555 1564
f 1564 1558 1561 1563
f 1564 1555 1556 1565
f 1565 1557 1558 1564
f 1565 1556 1559 1566
f 1566 1560 1557 1565
f 1563 1561 1560 1566
f 1566 1559 1562 1563
f 1558 1557 1560 1561
f 1572 1571 938 939
f 1573 1572 939 940
f 1574 1573 940 937
f 1571 1574 937 938
f 1576 1575 859 862
f 1577 1576 862 861
f 1578 1577 861 860
f 1575 1578 860 859
f 1586 1585 1584 1583
f 1588 1589 1590 1587
f 1592 1588 1587 1591
f 1598 1583 1584 1596
f 1593 1589 1588 1592
f 1596 1584 1585 1595
f 1594 1590 1589 1593
f 1595 1585 1586 1597
f 1597 1586 1583 1598
f 1591 1587 1590 1594
f 1596 1595 1593 1592
f 1595 1597 1594 1593
f 1591 1594 1597 1598
f 1598 1596 1592 1591

g 
v -12.5894 25.1049 -6.9936
v -11.0317 25.1048 -8.8806
v -12.5894 24.9742 -6.9936
v -11.0317 24.9742 -8.8806
v -12.62 24.9742 -20.7446
v -11.0011 24.9742 -22.4808
v -12.62 25.1049 -20.7446
v -11.001 25.1048 -22.4808
v -11.5215 24.9742 -16.0395
v -12.0996 24.9742 -16.0395
v -12.0996 25.1049 -16.0395
v -11.5215 25.1049 -16.0395
v -11.5215 25.1049 -14.3394
v -11.5215 24.9742 -14.3394
v -12.0996 25.1049 -14.3394
v -12.0996 24.9742 -14.3394
v -11.2311 25.0119 -15.7456
v -11.2311 25.0119 -14.6334
v -12.39 25.0119 -15.7456
v -12.39 25.0119 -14.6334
v -12.39 24.9087 -15.7456
v -12.39 24.9087 -14.6334
v -11.2311 24.9087 -15.7456
v -11.2311 24.9087 -14.6334

g name1 
f 1605 1606 1604 1603
f 1609 1610 1608 1607
f 1612 1607 1608 1611
f 1616 1606 1605 1618
f 1613 1609 1607 1612
f 1618 1605 1603 1617
f 1614 1610 1609 1613
f 1617 1603 1604 1615
f 1615 1604 1606 1616
f 1611 1608 1610 1614
f 1626 1620 1615 1616
f 1625 1619 1620 1626
f 1611 1614 1619 1625
f 1621 1619 1614 1613
f 1622 1620 1619 1621
f 1617 1615 1620 1622
f 1623 1621 1613 1612
f 1624 1622 1621 1623
f 1618 1617 1622 1624
f 1625 1623 1612 1611
f 1626 1624 1623 1625
f 1616 1618 1624 1626

g 
v -12.0153 25.1049 7.8985
v -10.4576 25.1048 9.7855
v -12.0153 24.9742 7.8985
v -10.4576 24.9742 9.7855
v -12.0459 24.9742 21.6495
v -10.427 24.9742 23.3857
v -12.0459 25.1049 21.6495
v -10.4269 25.1048 23.3857
v -10.9474 24.9742 16.9444
v -11.5255 24.9742 16.9444
v -11.5255 25.1049 16.9444
v -10.9474 25.1049 16.9444
v -10.9474 25.1049 15.2443
v -10.9474 24.9742 15.2443
v -11.5255 25.1049 15.2443
v -11.5255 24.9742 15.2443
v -10.657 25.0119 16.6505
v -10.657 25.0119 15.5383
v -11.8159 25.0119 16.6505
v -11.8159 25.0119 15.5383
v -11.8159 24.9087 16.6505
v -11.8159 24.9087 15.5383
v -10.657 24.9087 16.6505
v -10.657 24.9087 15.5383

g name2 
f 1627 1628 1630 1629
f 1631 1632 1634 1633
f 1635 1632 1631 1636
f 1642 1629 1630 1640
f 1636 1631 1633 1637
f 1641 1627 1629 1642
f 1637 1633 1634 1638
f 1639 1628 1627 1641
f 1640 1630 1628 1639
f 1638 1634 1632 1635
f 1640 1639 1644 1650
f 1650 1644 1643 1649
f 1649 1643 1638 1635
f 1637 1638 1643 1645
f 1645 1643 1644 1646
f 1646 1644 1639 1641
f 1636 1637 1645 1647
f 1647 1645 1646 1648
f 1648 1646 1641 1642
f 1635 1636 1647 1649
f 1649 1647 1648 1650
f 1650 1648 1642 1640

g 
v 25.543 25.1049 -7.4925
v 23.9203 25.1048 -9.324
v 25.543 24.9742 -7.4925
v 23.9203 24.9742 -9.324
v 25.0936 24.9742 -21.2362
v 23.4151 24.9742 -22.9148
v 25.0936 25.1049 -21.2362
v 23.415 25.1048 -22.9148
v 24.16 24.9742 -16.4956
v 24.7378 24.9742 -16.5158
v 24.7378 25.1049 -16.5158
v 24.16 25.1049 -16.4956
v 24.2193 25.1049 -14.7965
v 24.2193 24.9742 -14.7965
v 24.7971 25.1049 -14.8167
v 24.7971 24.9742 -14.8167
v 23.88 25.0119 -16.1917
v 23.9188 25.0119 -15.0802
v 25.0382 25.0119 -16.2322
v 25.077 25.0119 -15.1207
v 25.0382 24.9087 -16.2322
v 25.077 24.9087 -15.1207
v 23.88 24.9087 -16.1917
v 23.9188 24.9087 -15.0802

g name3 
f 1651 1652 1654 1653
f 1655 1656 1658 1657
f 1659 1656 1655 1660
f 1666 1653 1654 1664
f 1660 1655 1657 1661
f 1665 1651 1653 1666
f 1661 1657 1658 1662
f 1663 1652 1651 1665
f 1664 1654 1652 1663
f 1662 1658 1656 1659
f 1664 1663 1668 1674
f 1674 1668 1667 1673
f 1673 1667 1662 1659
f 1661 1662 1667 1669
f 1669 1667 1668 1670
f 1670 1668 1663 1665
f 1660 1661 1669 1671
f 1671 1669 1670 1672
f 1672 1670 1665 1666
f 1659 1660 1671 1673
f 1673 1671 1672 1674
f 1674 1672 1666 1664

g 
v 25.4889 25.1049 7.4106
v 23.998 25.1048 9.3508
v 25.4889 24.9742 7.4106
v 23.998 24.9742 9.3508
v 25.9994 24.9742 21.1522
v 24.4421 24.9742 22.9438
v 25.9994 25.1049 21.1522
v 24.442 25.1048 22.9438
v 24.7374 24.9742 16.4883
v 25.3151 24.9742 16.4681
v 25.3151 25.1049 16.4681
v 24.7374 25.1049 16.4883
v 24.678 25.1049 14.7892
v 24.678 24.9742 14.7892
v 25.2558 25.1049 14.769
v 25.2558 24.9742 14.769
v 24.4369 25.0119 16.2047
v 24.3981 25.0119 15.0931
v 25.5951 25.0119 16.1642
v 25.5563 25.0119 15.0527
v 25.5951 24.9087 16.1642
v 25.5563 24.9087 15.0527
v 24.4369 24.9087 16.2047
v 24.3981 24.9087 15.0931

g name4 
f 1677 1678 1676 1675
f 1681 1682 1680 1679
f 1684 1679 1680 1683
f 1688 1678 1677 1690
f 1685 1681 1679 1684
f 1690 1677 1675 1689
f 1686 1682 1681 1685
f 1689 1675 1676 1687
f 1687 1676 1678 1688
f 1683 1680 1682 1686
f 1698 1692 1687 1688
f 1697 1691 1692 1698
f 1683 1686 1691 1697
f 1693 1691 1686 1685
f 1694 1692 1691 1693
f 1689 1687 1692 1694
f 1695 1693 1685 1684
f 1696 1694 1693 1695
f 1690 1689 1694 1696
f 1697 1695 1684 1683
f 1698 1696 1695 1697
f 1688 1690 1696 1698

g 
v 24.3862 11.8647 -3.2642
v 24.5406 11.8647 -3.7431
v 24.3918 12.3057 -3.7431
v 24.3862 12.3057 -3.2736
v -8.7761 22.3876 -3.5121
v 24.1004 25.4142 -3.3044
v 24.1004 25.4142 3.2615
v -8.7761 22.3876 3.9871
v 12.2722 27.2126 -3.6598
v 12.4047 27.2126 4.0873
v -8.7761 26.9223 -3.5121
v -8.7761 26.9223 3.9871
v 11.8686 26.9386 3.9871
v 11.867 26.9386 -3.6598
v 24.0004 22.5698 -3.3044
v 24.0004 22.5698 3.6318

g name5 
f 1704 1707 1708 1705
f 1709 1703 1706 1710
f 1711 1708 1707 1712
f 1712 1709 1710 1711
f 1712 1707 1704 1713
f 1713 1703 1709 1712
f 1713 1704 1705 1714
f 1714 1706 1703 1713
f 1711 1710 1706 1714
f 1714 1705 1708 1711

g 
v 24.0024 11.7843 -3.2642
v 24.1569 11.7843 -3.7431
v 24.0081 12.2252 -3.7431
v 24.0024 12.2252 -3.2736
v -9.6859 22.4189 4.313
v 24.1244 22.4189 3.5778
v -7.196 22.8635 3.0239
v 23.1141 22.8635 2.5494
v -7.3303 22.8635 -2.2762
v 23.1141 22.8635 -2.4794
v -9.8202 22.4189 -3.3807
v 24.1244 22.4189 -3.7221

g name6 
f 1719 1720 1722 1721
f 1721 1722 1724 1723
f 1723 1724 1726 1725
f 1725 1726 1720 1719
f 1725 1719 1721 1723
f 1720 1726 1724 1722

g 
v 3.7951 25.2811 4.2414
v 4.0119 25.2811 4.2414
v 4.0071 25.2811 4.2865
v 3.9931 25.2811 4.3296
v 3.9705 25.2811 4.3688
v 3.9402 25.2811 4.4025
v 3.9035 25.2811 4.4291
v 3.8621 25.2811 4.4476
v 3.8178 25.2811 4.457
v 3.7725 25.2811 4.457
v 3.7282 25.2811 4.4476
v 3.6868 25.2811 4.4291
v 3.6501 25.2811 4.4025
v 3.6198 25.2811 4.3688
v 3.5972 25.2811 4.3296
v 3.5832 25.2811 4.2865
v 3.5784 25.2811 4.2414
v 3.5832 25.2811 4.1964
v 3.5972 25.2811 4.1533
v 3.6198 25.2811 4.1141
v 3.6501 25.2811 4.0804
v 3.6868 25.2811 4.0538
v 3.7282 25.2811 4.0353
v 3.7725 25.2811 4.0259
v 3.8178 25.2811 4.0259
v 3.8621 25.2811 4.0353
v 3.9035 25.2811 4.0538
v 3.9402 25.2811 4.0804
v 3.9705 25.2811 4.1141
v 3.9931 25.2811 4.1533
v 4.0071 25.2811 4.1964
v 4.0119 33.4753 4.2414
v 4.0071 33.4753 4.2865
v 3.9931 33.4753 4.3296
v 3.9705 33.4753 4.3688
v 3.9402 33.4753 4.4025
v 3.9035 33.4753 4.4291
v 3.8621 33.4753 4.4476
v 3.8178 33.4753 4.457
v 3.7725 33.4753 4.457
v 3.7282 33.4753 4.4476
v 3.6868 33.4753 4.4291
v 3.6501 33.4753 4.4025
v 3.6198 33.4753 4.3688
v 3.5972 33.4753 4.3296
v 3.5832 33.4753 4.2865
v 3.5784 33.4753 4.2414
v 3.5832 33.4753 4.1964
v 3.5972 33.4753 4.1533
v 3.6198 33.4753 4.1141
v 3.6501 33.4753 4.0804
v 3.6868 33.4753 4.0538
v 3.7282 33.4753 4.0353
v 3.7725 33.4753 4.0259
v 3.8178 33.4753 4.0259
v 3.8621 33.4753 4.0353
v 3.9035 33.4753 4.0538
v 3.9402 33.4753 4.0804
v 3.9705 33.4753 4.1141
v 3.9931 33.4753 4.1533
v 4.0071 33.4753 4.1964
v 3.7951 33.4753 4.2414

g name7 
f 1728 1729 1727
f 1758 1759 1729 1728
f 1788 1759 1758
f 1729 1730 1727
f 1759 1760 1730 1729
f 1788 1760 1759
f 1730 1731 1727
f 1760 1761 1731 1730
f 1788 1761 1760
f 1731 1732 1727
f 1761 1762 1732 1731
f 1788 1762 1761
f 1732 1733 1727
f 1762 1763 1733 1732
f 1788 1763 1762
f 1733 1734 1727
f 1763 1764 1734 1733
f 1788 1764 1763
f 1734 1735 1727
f 1764 1765 1735 1734
f 1788 1765 1764
f 1735 1736 1727
f 1765 1766 1736 1735
f 1788 1766 1765
f 1736 1737 1727
f 1766 1767 1737 1736
f 1788 1767 1766
f 1737 1738 1727
f 1767 1768 1738 1737
f 1788 1768 1767
f 1738 1739 1727
f 1768 1769 1739 1738
f 1788 1769 1768
f 1739 1740 1727
f 1769 1770 1740 1739
f 1788 1770 1769
f 1740 1741 1727
f 1770 1771 1741 1740
f 1788 1771 1770
f 1741 1742 1727
f 1771 1772 1742 1741
f 1788 1772 1771
f 1742 1743 1727
f 1772 1773 1743 1742
f 1788 1773 1772
f 1743 1744 1727
f 1773 1774 1744 1743
f 1788 1774 1773
f 1744 1745 1727
f 1774 1775 1745 1744
f 1788 1775 1774
f 1745 1746 1727
f 1775 1776 1746 1745
f 1788 1776 1775
f 1746 1747 1727
f 1776 1777 1747 1746
f 1788 1777 1776
f 1747 1748 1727
f 1777 1778 1748 1747
f 1788 1778 1777
f 1748 1749 1727
f 1778 1779 1749 1748
f 1788 1779 1778
f 1749 1750 1727
f 1779 1780 1750 1749
f 1788 1780 1779
f 1750 1751 1727
f 1780 1781 1751 1750
f 1788 1781 1780
f 1751 1752 1727
f 1781 1782 1752 1751
f 1788 1782 1781
f 1752 1753 1727
f 1782 1783 1753 1752
f 1788 1783 1782
f 1753 1754 1727
f 1783 1784 1754 1753
f 1788 1784 1783
f 1754 1755 1727
f 1784 1785 1755 1754
f 1788 1785 1784
f 1755 1756 1727
f 1785 1786 1756 1755
f 1788 1786 1785
f 1756 1757 1727
f 1786 1787 1757 1756
f 1788 1787 1786
f 1757 1728 1727
f 1787 1758 1728 1757
f 1788 1758 1787

g 
v 3.7951 25.2811 -3.6088
v 4.0119 25.2811 -3.6088
v 4.0071 25.2811 -3.6539
v 3.9931 25.2811 -3.697
v 3.9705 25.2811 -3.7362
v 3.9402 25.2811 -3.7699
v 3.9035 25.2811 -3.7965
v 3.8621 25.2811 -3.815
v 3.8178 25.2811 -3.8244
v 3.7725 25.2811 -3.8244
v 3.7282 25.2811 -3.815
v 3.6868 25.2811 -3.7965
v 3.6501 25.2811 -3.7699
v 3.6198 25.2811 -3.7362
v 3.5972 25.2811 -3.697
v 3.5832 25.2811 -3.6539
v 3.5784 25.2811 -3.6088
v 3.5832 25.2811 -3.5638
v 3.5972 25.2811 -3.5207
v 3.6198 25.2811 -3.4815
v 3.6501 25.2811 -3.4478
v 3.6868 25.2811 -3.4212
v 3.7282 25.2811 -3.4027
v 3.7725 25.2811 -3.3933
v 3.8178 25.2811 -3.3933
v 3.8621 25.2811 -3.4027
v 3.9035 25.2811 -3.4212
v 3.9402 25.2811 -3.4478
v 3.9705 25.2811 -3.4815
v 3.9931 25.2811 -3.5207
v 4.0071 25.2811 -3.5638
v 4.0119 33.4753 -3.6088
v 4.0071 33.4753 -3.6539
v 3.9931 33.4753 -3.697
v 3.9705 33.4753 -3.7362
v 3.9402 33.4753 -3.7699
v 3.9035 33.4753 -3.7965
v 3.8621 33.4753 -3.815
v 3.8178 33.4753 -3.8244
v 3.7725 33.4753 -3.8244
v 3.7282 33.4753 -3.815
v 3.6868 33.4753 -3.7965
v 3.6501 33.4753 -3.7699
v 3.6198 33.4753 -3.7362
v 3.5972 33.4753 -3.697
v 3.5832 33.4753 -3.6539
v 3.5784 33.4753 -3.6088
v 3.5832 33.4753 -3.5638
v 3.5972 33.4753 -3.5207
v 3.6198 33.4753 -3.4815
v 3.6501 33.4753 -3.4478
v 3.6868 33.4753 -3.4212
v 3.7282 33.4753 -3.4027
v 3.7725 33.4753 -3.3933
v 3.8178 33.4753 -3.3933
v 3.8621 33.4753 -3.4027
v 3.9035 33.4753 -3.4212
v 3.9402 33.4753 -3.4478
v 3.9705 33.4753 -3.4815
v 3.9931 33.4753 -3.5207
v 4.0071 33.4753 -3.5638
v 3.7951 33.4753 -3.6088

g name8 
f 1789 1791 1790
f 1790 1791 1821 1820
f 1820 1821 1850
f 1789 1792 1791
f 1791 1792 1822 1821
f 1821 1822 1850
f 1789 1793 1792
f 1792 1793 1823 1822
f 1822 1823 1850
f 1789 1794 1793
f 1793 1794 1824 1823
f 1823 1824 1850
f 1789 1795 1794
f 1794 1795 1825 1824
f 1824 1825 1850
f 1789 1796 1795
f 1795 1796 1826 1825
f 1825 1826 1850
f 1789 1797 1796
f 1796 1797 1827 1826
f 1826 1827 1850
f 1789 1798 1797
f 1797 1798 1828 1827
f 1827 1828 1850
f 1789 1799 1798
f 1798 1799 1829 1828
f 1828 1829 1850
f 1789 1800 1799
f 1799 1800 1830 1829
f 1829 1830 1850
f 1789 1801 1800
f 1800 1801 1831 1830
f 1830 1831 1850
f 1789 1802 1801
f 1801 1802 1832 1831
f 1831 1832 1850
f 1789 1803 1802
f 1802 1803 1833 1832
f 1832 1833 1850
f 1789 1804 1803
f 1803 1804 1834 1833
f 1833 1834 1850
f 1789 1805 1804
f 1804 1805 1835 1834
f 1834 1835 1850
f 1789 1806 1805
f 1805 1806 1836 1835
f 1835 1836 1850
f 1789 1807 1806
f 1806 1807 1837 1836
f 1836 1837 1850
f 1789 1808 1807
f 1807 1808 1838 1837
f 1837 1838 1850
f 1789 1809 1808
f 1808 1809 1839 1838
f 1838 1839 1850
f 1789 1810 1809
f 1809 1810 1840 1839
f 1839 1840 1850
f 1789 1811 1810
f 1810 1811 1841 1840
f 1840 1841 1850
f 1789 1812 1811
f 1811 1812 1842 1841
f 1841 1842 1850
f 1789 1813 1812
f 1812 1813 1843 1842
f 1842 1843 1850
f 1789 1814 1813
f 1813 1814 1844 1843
f 1843 1844 1850
f 1789 1815 1814
f 1814 1815 1845 1844
f 1844 1845 1850
f 1789 1816 1815
f 1815 1816 1846 1845
f 1845 1846 1850
f 1789 1817 1816
f 1816 1817 1847 1846
f 1846 1847 1850
f 1789 1818 1817
f 1817 1818 1848 1847
f 1847 1848 1850
f 1789 1819 1818
f 1818 1819 1849 1848
f 1848 1849 1850
f 1789 1790 1819
f 1819 1790 1820 1849
f 1849 1820 1850

g 
v 3.7951 33.6155 -3.9916
v 4.0119 33.6155 -3.9916
v 4.0071 33.6605 -3.9916
v 3.9931 33.7036 -3.9916
v 3.9705 33.7429 -3.9916
v 3.9402 33.7765 -3.9916
v 3.9035 33.8032 -3.9916
v 3.8621 33.8216 -3.9916
v 3.8178 33.831 -3.9916
v 3.7725 33.831 -3.9916
v 3.7282 33.8216 -3.9916
v 3.6868 33.8032 -3.9916
v 3.6501 33.7765 -3.9916
v 3.6198 33.7429 -3.9916
v 3.5972 33.7036 -3.9916
v 3.5832 33.6605 -3.9916
v 3.5784 33.6155 -3.9916
v 3.5832 33.5704 -3.9916
v 3.5972 33.5273 -3.9916
v 3.6198 33.4881 -3.9916
v 3.6501 33.4544 -3.9916
v 3.6868 33.4278 -3.9916
v 3.7282 33.4094 -3.9916
v 3.7725 33.3999 -3.9916
v 3.8178 33.3999 -3.9916
v 3.8621 33.4094 -3.9916
v 3.9035 33.4278 -3.9916
v 3.9402 33.4544 -3.9916
v 3.9705 33.4881 -3.9916
v 3.9931 33.5273 -3.9916
v 4.0071 33.5704 -3.9916
v 4.0119 33.6155 4.6023
v 4.0071 33.6605 4.6023
v 3.9931 33.7036 4.6023
v 3.9705 33.7429 4.6023
v 3.9402 33.7765 4.6023
v 3.9035 33.8032 4.6023
v 3.8621 33.8216 4.6023
v 3.8178 33.831 4.6023
v 3.7725 33.831 4.6023
v 3.7282 33.8216 4.6023
v 3.6868 33.8032 4.6023
v 3.6501 33.7765 4.6023
v 3.6198 33.7429 4.6023
v 3.5972 33.7036 4.6023
v 3.5832 33.6605 4.6023
v 3.5784 33.6155 4.6023
v 3.5832 33.5704 4.6023
v 3.5972 33.5273 4.6023
v 3.6198 33.4881 4.6023
v 3.6501 33.4544 4.6023
v 3.6868 33.4278 4.6023
v 3.7282 33.4094 4.6023
v 3.7725 33.3999 4.6023
v 3.8178 33.3999 4.6023
v 3.8621 33.4094 4.6023
v 3.9035 33.4278 4.6023
v 3.9402 33.4544 4.6023
v 3.9705 33.4881 4.6023
v 3.9931 33.5273 4.6023
v 4.0071 33.5704 4.6023
v 3.7951 33.6155 4.6023

g name9 
f 1851 1853 1852
f 1852 1853 1883 1882
f 1882 1883 1912
f 1851 1854 1853
f 1853 1854 1884 1883
f 1883 1884 1912
f 1851 1855 1854
f 1854 1855 1885 1884
f 1884 1885 1912
f 1851 1856 1855
f 1855 1856 1886 1885
f 1885 1886 1912
f 1851 1857 1856
f 1856 1857 1887 1886
f 1886 1887 1912
f 1851 1858 1857
f 1857 1858 1888 1887
f 1887 1888 1912
f 1851 1859 1858
f 1858 1859 1889 1888
f 1888 1889 1912
f 1851 1860 1859
f 1859 1860 1890 1889
f 1889 1890 1912
f 1851 1861 1860
f 1860 1861 1891 1890
f 1890 1891 1912
f 1851 1862 1861
f 1861 1862 1892 1891
f 1891 1892 1912
f 1851 1863 1862
f 1862 1863 1893 1892
f 1892 1893 1912
f 1851 1864 1863
f 1863 1864 1894 1893
f 1893 1894 1912
f 1851 1865 1864
f 1864 1865 1895 1894
f 1894 1895 1912
f 1851 1866 1865
f 1865 1866 1896 1895
f 1895 1896 1912
f 1851 1867 1866
f 1866 1867 1897 1896
f 1896 1897 1912
f 1851 1868 1867
f 1867 1868 1898 1897
f 1897 1898 1912
f 1851 1869 1868
f 1868 1869 1899 1898
f 1898 1899 1912
f 1851 1870 1869
f 1869 1870 1900 1899
f 1899 1900 1912
f 1851 1871 1870
f 1870 1871 1901 1900
f 1900 1901 1912
f 1851 1872 1871
f 1871 1872 1902 1901
f 1901 1902 1912
f 1851 1873 1872
f 1872 1873 1903 1902
f 1902 1903 1912
f 1851 1874 1873
f 1873 1874 1904 1903
f 1903 1904 1912
f 1851 1875 1874
f 1874 1875 1905 1904
f 1904 1905 1912
f 1851 1876 1875
f 1875 1876 1906 1905
f 1905 1906 1912
f 1851 1877 1876
f 1876 1877 1907 1906
f 1906 1907 1912
f 1851 1878 1877
f 1877 1878 1908 1907
f 1907 1908 1912
f 1851 1879 1878
f 1878 1879 1909 1908
f 1908 1909 1912
f 1851 1880 1879
f 1879 1880 1910 1909
f 1909 1910 1912
f 1851 1881 1880
f 1880 1881 1911 1910
f 1910 1911 1912
f 1851 1852 1881
f 1881 1852 1882 1911
f 1911 1882 1912

g 
v 3.2931 36.7793 0.0308
v 3.3022 36.7799 0.6007
v 3.8089 37.0309 0.0217
v 3.8192 37.0321 0.5915
v 3.8029 36.3886 0.0222
v 3.9601 36.7431 0.5893
v 3.4335 36.4915 0.0286
v 3.8131 36.3884 0.592
v 3.3612 36.809 0.1007
v 3.3687 36.8092 0.5285
v 3.7531 36.9967 0.5216
v 3.7456 36.9965 0.0939
v 3.4531 36.7668 0.1623
v 3.4583 36.767 0.4638
v 3.7294 36.8992 0.459
v 3.7241 36.899 0.1574
v 3.5049 36.7916 0.2178
v 3.5081 36.7917 0.4064
v 3.6776 36.8744 0.4034
v 3.6744 36.8743 0.2148
v 2.3984 39.0605 0.2357
v 2.4017 39.0606 0.4244
v 2.5712 39.1433 0.4213
v 2.5679 39.1432 0.2327
v 2.402 39.1424 0.2741
v 2.4039 39.1425 0.3857
v 2.5042 39.1914 0.384
v 2.5022 39.1914 0.2724
v 3.6116 36.8015 0.5953
v 3.5348 36.5438 0.5968
v 3.7665 36.4839 0.5928
v 3.862 36.7034 0.591
v 3.7517 36.4937 0.0237
v 3.524 36.5726 0.0276
v 3.6023 36.8 0.0261
v 3.8296 36.7217 0.0222
v 3.8403 36.5524 0.5908
v 3.8663 36.6279 0.5903
v 3.8271 36.5512 0.0223
v 3.854 36.6293 0.0218
v 3.7818 36.801 0.5917
v 3.7066 36.8264 0.593
v 3.7713 36.7989 0.0231
v 3.6961 36.8243 0.0244
v 3.4991 36.6661 0.028
v 3.5253 36.741 0.0275
v 3.5072 36.6671 0.5965
v 3.5335 36.742 0.596
v 3.5917 36.4939 0.5952
v 3.6671 36.4679 0.5939
v 3.5809 36.4969 0.0266
v 3.6599 36.4696 0.0253
v 3.9493 36.7431 0.0194
v 3.4431 36.4909 0.5984
v 3.997 36.6037 0.588
v 3.9576 36.4906 0.5888
v 3.9862 36.6037 0.0188
v 3.9468 36.4906 0.0196
v 3.6436 36.3374 0.5944
v 3.5302 36.376 0.5963
v 3.634 36.338 0.0251
v 3.5205 36.3765 0.0271
v 3.9601 36.7431 0.5893
v 0.0 0.0 0.0
v 3.8131 36.3884 0.592
v 0.0 0.0 0.0
v 3.5348 36.5438 0.5968
v 0.0 0.0 0.0
v 3.7665 36.4839 0.5928
v 0.0 0.0 0.0
v 3.862 36.7034 0.591
v 0.0 0.0 0.0
v 3.8403 36.5524 0.5908
v 0.0 0.0 0.0
v 3.8663 36.6279 0.5903
v 0.0 0.0 0.0
v 3.5917 36.4939 0.5952
v 0.0 0.0 0.0
v 3.6671 36.4679 0.5939
v 0.0 0.0 0.0
v 3.4431 36.4909 0.5984
v 0.0 0.0 0.0
v 3.997 36.6037 0.588
v 0.0 0.0 0.0
v 3.9576 36.4906 0.5888
v 0.0 0.0 0.0
v 3.6436 36.3374 0.5944
v 0.0 0.0 0.0
v 3.5302 36.376 0.5963
v 0.0 0.0 0.0
v 3.718 36.6283 1.9569
v 3.8795 36.5881 1.9541
v 3.8847 36.6276 1.954
v 3.88 36.6674 1.9541
v 3.8655 36.7047 1.9543
v 3.8427 36.7379 1.9547
v 3.8133 36.7649 1.9552
v 3.7775 36.7837 1.9558
v 3.7387 36.7936 1.9564
v 3.6983 36.7931 1.9571
v 3.6593 36.7837 1.9578
v 3.6237 36.7656 1.9585
v 3.5938 36.7392 1.959
v 3.5709 36.7058 1.9594
v 3.5566 36.6685 1.9597
v 3.5517 36.6285 1.9598
v 3.5564 36.5887 1.9597
v 3.5702 36.5511 1.9595
v 3.5931 36.5178 1.9592
v 3.6231 36.4911 1.9586
v 3.6586 36.473 1.958
v 3.6974 36.463 1.9574
v 3.7375 36.4627 1.9567
v 3.7765 36.4721 1.956
v 3.8123 36.491 1.9553
v 3.8423 36.5175 1.9548
v 3.8655 36.5502 1.9544
v 3.8318 36.5864 -0.781
v 3.837 36.6259 -0.7812
v 3.8323 36.6658 -0.7811
v 3.8178 36.703 -0.7809
v 3.795 36.7362 -0.7805
v 3.7656 36.7633 -0.78
v 3.7298 36.7821 -0.7794
v 3.691 36.7919 -0.7787
v 3.6506 36.7915 -0.778
v 3.6116 36.782 -0.7773
v 3.576 36.764 -0.7767
v 3.5461 36.7375 -0.7762
v 3.5232 36.7042 -0.7757
v 3.5088 36.6669 -0.7755
v 3.504 36.6268 -0.7754
v 3.5087 36.587 -0.7754
v 3.5225 36.5494 -0.7756
v 3.5454 36.5162 -0.776
v 3.5754 36.4894 -0.7765
v 3.6109 36.4713 -0.7771
v 3.6497 36.4614 -0.7778
v 3.6898 36.461 -0.7785
v 3.7288 36.4704 -0.7792
v 3.7646 36.4894 -0.7798
v 3.7946 36.5158 -0.7804
v 3.8178 36.5486 -0.7808
v 3.6703 36.6266 -0.7783
v 3.8514 36.8479 -0.1152
v 3.8604 36.8485 0.3697
v 3.5779 36.4868 0.3748
v 3.5559 36.7547 0.3751
v 3.7955 36.7651 0.3709
v 3.8428 36.5302 0.3702
v 3.7795 36.7559 -0.1138
v 3.541 36.7268 -0.1097
v 3.5704 36.4876 -0.11
v 3.8089 36.5168 -0.1142
v 3.6222 36.7914 0.3739
v 3.3072 36.5732 1.9076
v 3.2978 36.5732 1.4221
v 3.7597 36.2197 1.9
v 3.7509 36.2185 1.4144
v 3.8865 36.8492 1.8974
v 3.9489 36.4717 1.4108
v 3.5039 36.8259 1.904
v 3.8786 36.8491 1.4118
v 3.3654 36.5304 1.8462
v 3.3591 36.5302 1.4815
v 3.696 36.2666 1.4758
v 3.7023 36.2668 1.8405
v 3.4621 36.5529 1.7907
v 3.4576 36.5527 1.5336
v 3.6952 36.3671 1.5296
v 3.6997 36.3672 1.7866
v 3.5058 36.5177 1.7414
v 3.503 36.5176 1.5814
v 3.6513 36.4014 1.5788
v 3.6541 36.4015 1.7389
v 3.0769 36.1288 1.7491
v 3.0741 36.1287 1.5891
v 3.223 36.0129 1.5865
v 3.2258 36.013 1.7466
v 2.3473 34.9749 1.7307
v 2.3456 34.9749 1.635
v 2.4341 34.9057 1.6335
v 2.4358 34.9058 1.7292
v 3.5961 36.4874 1.417
v 3.5741 36.7553 1.4172
v 3.8136 36.7657 1.413
v 3.8609 36.5308 1.4123
v 3.8146 36.7572 1.898
v 3.5761 36.728 1.9022
v 3.6055 36.4889 1.9018
v 3.844 36.518 1.8976
v 3.8714 36.6837 1.4127
v 3.8813 36.6043 1.4126
v 3.8765 36.6847 1.897
v 3.8867 36.6032 1.8968
v 3.7624 36.4525 1.4148
v 3.6836 36.4429 1.4161
v 3.7706 36.4549 1.899
v 3.6918 36.4452 1.9003
v 3.5321 36.6408 1.903
v 3.5418 36.562 1.9029
v 3.5222 36.6405 1.4188
v 3.5318 36.5617 1.4187
v 3.6404 36.7921 1.4167
v 3.7198 36.802 1.4153
v 3.6473 36.7894 1.9009
v 3.7303 36.7996 1.8994
v 3.9565 36.4723 1.8964
v 3.4958 36.8265 1.4185
v 4.0137 36.6009 1.4096
v 3.9988 36.7193 1.4098
v 4.021 36.6006 1.8952
v 4.0067 36.7193 1.8953
v 3.7238 36.9347 1.4145
v 3.6046 36.9202 1.4166
v 3.732 36.9342 1.9
v 3.6133 36.9199 1.9021
v 3.9489 36.4717 1.4108
v 3.8786 36.8491 1.4118
v 3.5741 36.7553 1.4172
v 3.8136 36.7657 1.413
v 3.8609 36.5308 1.4123
v 3.8714 36.6837 1.4127
v 3.8813 36.6043 1.4126
v 3.6404 36.7921 1.4167
v 3.7198 36.802 1.4153
v 3.4958 36.8265 1.4185
v 4.0137 36.6009 1.4096
v 3.9988 36.7193 1.4098
v 3.7238 36.9347 1.4145
v 3.6046 36.9202 1.4166
v 2.6446 35.5757 1.757
v 2.6418 35.5756 1.5969
v 2.7901 35.4595 1.5944
v 2.7929 35.4596 1.7545
v 2.362 35.055 1.7623
v 2.3592 35.0549 1.6022
v 2.5081 34.9391 1.5997
v 2.5109 34.9392 1.7597
v 3.8485 36.8478 -0.2832
v 3.8575 36.8484 0.2017
v 3.575 36.4866 0.2068
v 3.553 36.7546 0.207
v 3.7925 36.765 0.2028
v 3.8398 36.5301 0.2022
v 3.7766 36.7558 -0.2819
v 3.5381 36.7267 -0.2777
v 3.5674 36.4875 -0.2781
v 3.806 36.5167 -0.2823
v 3.6193 36.7913 0.2058
v 3.2867 36.5725 0.734
v 3.2943 36.5731 1.2189
v 3.7392 36.2189 0.7263
v 3.7473 36.2183 1.2112
v 3.866 36.8484 0.7237
v 3.9453 36.4716 1.2076
v 3.4835 36.8252 0.7304
v 3.875 36.849 1.2086
v 3.3471 36.5298 0.7934
v 3.3534 36.53 1.1574
v 3.6903 36.2664 1.1517
v 3.684 36.2662 0.7877
v 3.4456 36.5523 0.8455
v 3.4501 36.5524 1.1026
v 3.6877 36.3668 1.0985
v 3.6832 36.3666 0.8415
v 3.491 36.5171 0.8926
v 3.4938 36.5172 1.0533
v 3.6421 36.4011 1.0508
v 3.6392 36.401 0.8901
v 3.0621 36.1283 0.9003
v 3.0649 36.1284 1.061
v 3.2138 36.0126 1.0585
v 3.211 36.0125 0.8978
v 2.3336 34.9745 0.9463
v 2.3352 34.9745 1.0419
v 2.4237 34.9053 1.0404
v 2.4221 34.9053 0.9448
v 3.5926 36.4873 1.2137
v 3.5706 36.7552 1.2139
v 3.8101 36.7656 1.2098
v 3.8574 36.5307 1.2091
v 3.7941 36.7564 0.725
v 3.5556 36.7273 0.7292
v 3.585 36.4882 0.7288
v 3.8235 36.5173 0.7247
v 3.8678 36.6836 1.2088
v 3.8777 36.6042 1.2087
v 3.8561 36.6839 0.724
v 3.8663 36.6024 0.7239
v 3.7589 36.4524 1.2108
v 3.6801 36.4427 1.2122
v 3.7501 36.4541 0.726
v 3.6713 36.4445 0.7274
v 3.5116 36.6401 0.73
v 3.5213 36.5613 0.7299
v 3.5186 36.6404 1.2149
v 3.5282 36.5616 1.2148
v 3.6369 36.792 1.2128
v 3.7162 36.8018 1.2114
v 3.6269 36.7887 0.7279
v 3.7099 36.7989 0.7265
v 3.936 36.4716 0.7227
v 3.4923 36.8263 1.2153
v 4.0102 36.6008 1.2064
v 3.9953 36.7192 1.2066
v 4.0005 36.5999 0.7215
v 3.9862 36.7186 0.7217
v 3.7202 36.9346 1.2112
v 3.601 36.9201 1.2133
v 3.7115 36.9334 0.7264
v 3.5929 36.9192 0.7284
v 3.9453 36.4716 1.2076
v 3.875 36.849 1.2086
v 3.5706 36.7552 1.2139
v 3.8101 36.7656 1.2098
v 3.8574 36.5307 1.2091
v 3.8678 36.6836 1.2088
v 3.8777 36.6042 1.2087
v 3.6369 36.792 1.2128
v 3.7162 36.8018 1.2114
v 3.4923 36.8263 1.2153
v 4.0102 36.6008 1.2064
v 3.9953 36.7192 1.2066
v 3.7202 36.9346 1.2112
v 3.601 36.9201 1.2133
v 3.8836 36.849 1.7293
v 3.8757 36.849 1.2438
v 3.5932 36.4873 1.2489
v 3.5712 36.7552 1.2491
v 3.8107 36.7656 1.245
v 3.858 36.5307 1.2443
v 3.8116 36.7571 1.73
v 3.5732 36.7279 1.7341
v 3.6025 36.4888 1.7338
v 3.8411 36.5179 1.7296
v 3.6375 36.792 1.248
v 2.6326 35.5753 1.0689
v 2.6298 35.5752 0.9082
v 2.7809 35.4592 1.0664
v 2.7781 35.4591 0.9057
v 2.35 35.0546 1.0742
v 2.3472 35.0545 0.9134
v 2.4989 34.9388 1.0716
v 2.4961 34.9387 0.9109
v 3.2638 36.5717 -0.5791
v 3.2714 36.5723 -0.0936
v 3.7163 36.2181 -0.5868
v 3.7245 36.2175 -0.1013
v 3.8431 36.8476 -0.5894
v 3.9224 36.4708 -0.1049
v 3.4606 36.8244 -0.5827
v 3.8522 36.8482 -0.1039
v 3.3242 36.529 -0.5197
v 3.3305 36.5292 -0.155
v 3.6674 36.2656 -0.1608
v 3.6611 36.2654 -0.5254
v 3.4227 36.5515 -0.4676
v 3.4272 36.5516 -0.2106
v 3.6648 36.366 -0.2146
v 3.6603 36.3658 -0.4716
v 3.4681 36.5163 -0.4199
v 3.4709 36.5164 -0.2598
v 3.6191 36.4003 -0.2623
v 3.6164 36.4002 -0.4224
v 3.0392 36.1275 -0.4122
v 3.042 36.1276 -0.2521
v 3.1909 36.0118 -0.2546
v 3.1881 36.0117 -0.4147
v 2.3107 34.9737 -0.3662
v 2.3124 34.9737 -0.2705
v 2.4008 34.9045 -0.272
v 2.3992 34.9045 -0.3677
v 3.5697 36.4865 -0.0987
v 3.5477 36.7544 -0.0985
v 3.7872 36.7648 -0.1027
v 3.8345 36.5299 -0.1034
v 3.7712 36.7556 -0.5874
v 3.5327 36.7265 -0.5832
v 3.5621 36.4874 -0.5836
v 3.8006 36.5165 -0.5878
v 3.8449 36.6828 -0.1036
v 3.8548 36.6034 -0.1038
v 3.8332 36.6831 -0.5885
v 3.8434 36.6016 -0.5886
v 3.736 36.4516 -0.1016
v 3.6572 36.4419 -0.1002
v 3.7272 36.4533 -0.5865
v 3.6484 36.4437 -0.5851
v 3.4887 36.6393 -0.5824
v 3.4984 36.5605 -0.5825
v 3.4957 36.6396 -0.0975
v 3.5053 36.5608 -0.0977
v 3.614 36.7912 -0.0997
v 3.6933 36.801 -0.1011
v 3.604 36.7879 -0.5845
v 3.687 36.7981 -0.586
v 3.9131 36.4708 -0.5904
v 3.4694 36.8255 -0.0972
v 3.9873 36.6 -0.1061
v 3.9724 36.7184 -0.1059
v 3.9776 36.5991 -0.5916
v 3.9633 36.7178 -0.5914
v 3.6974 36.9338 -0.1012
v 3.5781 36.9193 -0.0991
v 3.6886 36.9326 -0.5867
v 3.57 36.9184 -0.5847
v 3.9224 36.4708 -0.1049
v 3.8522 36.8482 -0.1039
v 3.5477 36.7544 -0.0985
v 3.7872 36.7648 -0.1027
v 3.8345 36.5299 -0.1034
v 3.8449 36.6828 -0.1036
v 3.8548 36.6034 -0.1038
v 3.614 36.7912 -0.0997
v 3.6933 36.801 -0.1011
v 3.4694 36.8255 -0.0972
v 3.9873 36.6 -0.1061
v 3.9724 36.7184 -0.1059
v 3.6974 36.9338 -0.1012
v 3.5781 36.9193 -0.0991
v 3.8607 36.8482 0.4182
v 3.8697 36.8488 0.903
v 3.5873 36.4871 0.9082
v 3.5652 36.755 0.9084
v 3.8048 36.7654 0.9042
v 3.8521 36.5305 0.9035
v 3.7888 36.7563 0.4195
v 3.5503 36.7271 0.4237
v 3.5797 36.488 0.4233
v 3.8182 36.5171 0.4191
v 3.6315 36.7918 0.9072
v 2.6097 35.5745 -0.2442
v 2.6069 35.5744 -0.4043
v 2.758 35.4584 -0.2467
v 2.7552 35.4583 -0.4068
v 2.3271 35.0538 -0.239
v 2.3243 35.0537 -0.399
v 2.476 34.938 -0.2415
v 2.4732 34.9379 -0.4016
v 3.9749 35.1232 1.3866
v 4.1248 35.1963 1.3839
v 4.1031 35.2301 1.3843
v 4.0737 35.2571 1.3848
v 4.0388 35.2771 1.3854
v 4.0004 35.2879 1.3861
v 3.96 35.2888 1.3868
v 3.9204 35.2806 1.3875
v 3.8846 35.2632 1.3881
v 3.8537 35.237 1.3887
v 3.8302 35.2049 1.3891
v 3.815 35.1679 1.3894
v 3.8086 35.1278 1.3895
v 3.8124 35.0883 1.3895
v 3.8257 35.0504 1.3893
v 3.8473 35.0166 1.3889
v 3.8762 34.9893 1.3884
v 3.9117 34.9697 1.3878
v 3.9502 34.9589 1.3871
v 3.99 34.9576 1.3864
v 4.0296 34.9658 1.3858
v 4.0653 34.9833 1.3851
v 4.0962 35.0094 1.3846
v 4.1203 35.0419 1.3841
v 4.1355 35.0788 1.3838
v 4.1412 35.1186 1.3837
v 4.1381 35.1584 1.3837
v 4.0774 35.1947 -1.3346
v 4.0557 35.2284 -1.3342
v 4.0263 35.2555 -1.3338
v 3.9914 35.2754 -1.3332
v 3.9529 35.2862 -1.3325
v 3.9125 35.2872 -1.3318
v 3.8729 35.279 -1.3311
v 3.8371 35.2615 -1.3305
v 3.8063 35.2354 -1.3299
v 3.7828 35.2032 -1.3295
v 3.7676 35.1662 -1.3292
v 3.7612 35.1262 -1.329
v 3.765 35.0866 -1.3291
v 3.7783 35.0488 -1.3293
v 3.7999 35.015 -1.3297
v 3.8288 34.9877 -1.3301
v 3.8642 34.968 -1.3307
v 3.9028 34.9572 -1.3314
v 3.9425 34.956 -1.3321
v 3.9821 34.9642 -1.3328
v 4.0179 34.9816 -1.3334
v 4.0488 35.0078 -1.334
v 4.0729 35.0402 -1.3344
v 4.0881 35.0772 -1.3347
v 4.0938 35.117 -1.3348
v 4.0906 35.1568 -1.3348
v 3.9275 35.1216 -1.3319
v 3.4509 36.3003 -0.7045
v 4.0126 36.4198 -0.7143
v 3.6118 36.922 -0.7077
v 3.3839 36.6135 -0.7035
v 3.6222 36.9226 -0.1464
v 3.717 36.4737 -0.1478
v 3.4978 36.6292 -0.1441
v 3.6437 36.8193 -0.1467
v 3.8541 36.7047 -0.1503
v 3.6365 36.8077 -0.7074
v 3.5053 36.6055 -0.7049
v 3.7072 36.4748 -0.7084
v 3.8381 36.6762 -0.7108
v 3.7313 36.8088 -0.709
v 3.8006 36.7636 -0.7102
v 3.8396 36.5793 -0.7108
v 3.7967 36.5126 -0.71
v 3.5437 36.5163 -0.7056
v 3.6103 36.4734 -0.7067
v 3.5125 36.7036 -0.1444
v 3.5036 36.7 -0.705
v 3.5497 36.7705 -0.7058
v 3.9456 36.733 -0.7134
v 3.8886 36.8649 -0.7124
v 3.7886 36.9306 -0.7107
v 3.4478 36.8583 -0.7048
v 3.3823 36.7576 -0.7035
v 3.6165 35.356 -0.7068
v 4.1822 35.4552 -0.7167
v 3.9992 34.8397 -0.7131
v 3.6723 35.0402 -0.7076
v 4.009 34.8401 -0.1519
v 3.929 35.2918 -0.1508
v 3.7842 35.066 -0.1481
v 3.9906 34.9442 -0.1516
v 4.1427 35.1293 -0.1544
v 3.9783 34.9552 -0.7122
v 3.7815 35.0935 -0.7088
v 3.9198 35.2903 -0.7114
v 4.1166 35.152 -0.7147
v 4.0671 34.9896 -0.7138
v 4.1148 35.0572 -0.7146
v 4.0819 35.243 -0.7142
v 4.0161 35.2885 -0.713
v 3.7833 35.1897 -0.7089
v 3.8288 35.2555 -0.7098
v 3.8251 35.0017 -0.1488
v 3.8157 35.0052 -0.7094
v 3.8844 34.9567 -0.7105
v 4.2376 35.1401 -0.7175
v 4.2342 34.9957 -0.7173
v 4.1657 34.8981 -0.7161
v 3.8227 34.8379 -0.7101
v 3.7244 34.906 -0.7084
v 3.4522 36.3003 -0.6287
v 4.0139 36.4199 -0.6386
v 3.6131 36.922 -0.6319
v 3.3852 36.6136 -0.6278
v 3.6222 36.9226 -0.1464
v 3.717 36.4737 -0.1478
v 3.4978 36.6292 -0.1441
v 3.6437 36.8193 -0.1467
v 3.8541 36.7047 -0.1503
v 3.6379 36.8078 -0.6316
v 3.5066 36.6055 -0.6292
v 3.7085 36.4749 -0.6327
v 3.8394 36.6762 -0.6351
v 3.7326 36.8089 -0.6333
v 3.8019 36.7636 -0.6345
v 3.8409 36.5793 -0.635
v 3.798 36.5126 -0.6342
v 3.545 36.5163 -0.6298
v 3.6117 36.4734 -0.631
v 3.5125 36.7036 -0.1444
v 3.5049 36.7 -0.6292
v 3.551 36.7705 -0.6301
v 3.9469 36.7331 -0.6376
v 3.89 36.8649 -0.6367
v 3.7899 36.9307 -0.635
v 3.4491 36.8583 -0.629
v 3.3836 36.7577 -0.6278
v 3.6179 35.356 -0.6311
v 4.1835 35.4553 -0.641
v 4.0005 34.8398 -0.6374
v 3.6736 35.0403 -0.6318
v 4.009 34.8401 -0.1519
v 3.929 35.2918 -0.1508
v 3.7842 35.066 -0.1481
v 3.9906 34.9442 -0.1516
v 4.1427 35.1293 -0.1544
v 3.9796 34.9552 -0.6365
v 3.7828 35.0935 -0.6331
v 3.9211 35.2903 -0.6356
v 4.1179 35.152 -0.639
v 4.0685 34.9897 -0.638
v 4.1161 35.0573 -0.6389
v 4.0832 35.243 -0.6384
v 4.0174 35.2885 -0.6373
v 3.7847 35.1898 -0.6332
v 3.8302 35.2556 -0.634
v 3.8251 35.0017 -0.1488
v 3.817 35.0053 -0.6337
v 3.8858 34.9567 -0.6348
v 4.239 35.1401 -0.6418
v 4.2355 34.9958 -0.6416
v 4.1671 34.8981 -0.6404
v 3.824 34.8379 -0.6343
v 3.7257 34.906 -0.6327
v 3.4623 36.3007 -0.0516
v 4.024 36.4202 -0.0614
v 3.6232 36.9224 -0.0547
v 3.3953 36.6139 -0.0506
v 3.6335 36.923 0.5065
v 3.7283 36.4741 0.5051
v 3.5092 36.6296 0.5088
v 3.6551 36.8197 0.5062
v 3.8655 36.7051 0.5026
v 3.6479 36.8081 -0.0551
v 3.5167 36.6059 -0.0527
v 3.7186 36.4752 -0.0561
v 3.8495 36.6766 -0.0585
v 3.7426 36.8092 -0.0568
v 3.812 36.764 -0.0579
v 3.8509 36.5797 -0.0585
v 3.8081 36.513 -0.0577
v 3.555 36.5167 -0.0533
v 3.6217 36.4738 -0.0544
v 3.5239 36.704 0.5079
v 3.5149 36.7004 -0.0527
v 3.5611 36.7709 -0.0536
v 3.957 36.7334 -0.0605
v 3.9 36.8653 -0.0595
v 3.8 36.931 -0.0578
v 3.4592 36.8587 -0.0518
v 3.3937 36.758 -0.0506
v 3.6279 35.3564 -0.0539
v 4.1936 35.4556 -0.0638
v 4.0106 34.8401 -0.0602
v 3.6837 35.0406 -0.0547
v 4.0203 34.8405 0.501
v 3.9403 35.2922 0.5021
v 3.7956 35.0664 0.5048
v 4.002 34.9446 0.5013
v 4.1541 35.1297 0.4985
v 3.9897 34.9556 -0.0599
v 3.7929 35.0939 -0.0566
v 3.9311 35.2907 -0.0591
v 4.128 35.1524 -0.0625
v 4.0785 34.99 -0.0615
v 4.1261 35.0576 -0.0624
v 4.0932 35.2434 -0.0619
v 4.0274 35.2889 -0.0608
v 3.7947 35.1901 -0.0567
v 3.8402 35.2559 -0.0575
v 3.8365 35.0021 0.5035
v 3.8271 35.0056 -0.0571
v 3.8958 34.9571 -0.0583
v 4.249 35.1405 -0.0646
v 4.2456 34.9961 -0.0644
v 4.1771 34.8985 -0.0632
v 3.834 34.8383 -0.0572
v 3.7358 34.9064 -0.0555
v 3.4636 36.3007 0.0242
v 4.0253 36.4203 0.0143
v 3.6245 36.9224 0.021
v 3.3966 36.614 0.0251
v 3.6335 36.923 0.5065
v 3.7283 36.4741 0.5051
v 3.5092 36.6296 0.5088
v 3.6551 36.8197 0.5062
v 3.8655 36.7051 0.5026
v 3.6493 36.8081 0.0213
v 3.518 36.6059 0.0237
v 3.7199 36.4753 0.0202
v 3.8508 36.6766 0.0178
v 3.744 36.8093 0.0196
v 3.8133 36.764 0.0184
v 3.8523 36.5797 0.0179
v 3.8094 36.513 0.0187
v 3.5564 36.5167 0.0231
v 3.6231 36.4738 0.0219
v 3.5239 36.704 0.5079
v 3.5163 36.7004 0.0237
v 3.5624 36.7709 0.0228
v 3.9583 36.7335 0.0153
v 3.9014 36.8653 0.0162
v 3.8013 36.9311 0.0179
v 3.4605 36.8587 0.0239
v 3.395 36.7581 0.0251
v 3.6292 35.3564 0.0218
v 4.1949 35.4557 0.0119
v 4.0119 34.8402 0.0155
v 3.685 35.0407 0.0211
v 4.0203 34.8405 0.501
v 3.9403 35.2922 0.5021
v 3.7956 35.0664 0.5048
v 4.002 34.9446 0.5013
v 4.1541 35.1297 0.4985
v 3.991 34.9556 0.0164
v 3.7942 35.0939 0.0198
v 3.9325 35.2907 0.0173
v 4.1293 35.1524 0.0139
v 4.0798 34.9901 0.0149
v 4.1275 35.0577 0.014
v 4.0946 35.2434 0.0145
v 4.0288 35.2889 0.0156
v 3.796 35.1902 0.0197
v 3.8415 35.256 0.0189
v 3.8365 35.0021 0.5035
v 3.8284 35.0057 0.0192
v 3.8972 34.9571 0.0181
v 4.2504 35.1405 0.0111
v 4.2469 34.9962 0.0113
v 4.1785 34.8985 0.0125
v 3.8354 34.8383 0.0186
v 3.7371 34.9064 0.0202
v 3.4738 36.3011 0.608
v 4.0355 36.4206 0.5981
v 3.6347 36.9228 0.6048
v 3.4068 36.6143 0.609
v 3.6451 36.9234 1.166
v 3.7398 36.4745 1.1647
v 3.5207 36.63 1.1684
v 3.6666 36.8201 1.1657
v 3.877 36.7055 1.1621
v 3.6594 36.8085 0.6044
v 3.5282 36.6063 0.6069
v 3.7301 36.4756 0.6034
v 3.861 36.677 0.601
v 3.7541 36.8096 0.6028
v 3.8235 36.7644 0.6016
v 3.8624 36.5801 0.601
v 3.8196 36.5134 0.6018
v 3.5665 36.5171 0.6062
v 3.6332 36.4742 0.6051
v 3.5354 36.7044 1.1674
v 3.5264 36.7008 0.6068
v 3.5726 36.7713 0.606
v 3.9685 36.7338 0.5991
v 3.9115 36.8657 0.6
v 3.8115 36.9314 0.6017
v 3.4707 36.8591 0.6077
v 3.4052 36.7584 0.6089
v 3.6394 35.3568 0.6057
v 4.2051 35.456 0.5957
v 4.0221 34.8405 0.5993
v 3.6952 35.041 0.6049
v 4.0319 34.8409 1.1606
v 3.9519 35.2926 1.1617
v 3.8071 35.0668 1.1643
v 4.0135 34.945 1.1608
v 4.1656 35.1301 1.158
v 4.0012 34.956 0.5996
v 3.8044 35.0943 0.603
v 3.9426 35.2911 0.6004
v 4.1395 35.1528 0.5971
v 4.09 34.9904 0.598
v 4.1376 35.058 0.5972
v 4.1047 35.2438 0.5976
v 4.0389 35.2893 0.5987
v 3.8062 35.1905 0.6029
v 3.8517 35.2563 0.602
v 3.848 35.0025 1.163
v 3.8386 35.006 0.6024
v 3.9073 34.9575 0.6012
v 4.2605 35.1409 0.595
v 4.2571 34.9965 0.5951
v 4.1886 34.8989 0.5964
v 3.8456 34.8387 0.6024
v 3.7473 34.9068 0.6041
v 3.4751 36.3011 0.6837
v 4.0368 36.4207 0.6738
v 3.636 36.9228 0.6805
v 3.4081 36.6144 0.6847
v 3.6451 36.9234 1.166
v 3.7398 36.4745 1.1647
v 3.5207 36.63 1.1684
v 3.6666 36.8201 1.1657
v 3.877 36.7055 1.1621
v 3.6608 36.8085 0.6808
v 3.5295 36.6063 0.6832
v 3.7314 36.4757 0.6798
v 3.8623 36.677 0.6774
v 3.7555 36.8097 0.6785
v 3.8248 36.7644 0.6773
v 3.8638 36.5801 0.6774
v 3.8209 36.5134 0.6782
v 3.5679 36.5171 0.6826
v 3.6346 36.4742 0.6815
v 3.5354 36.7044 1.1674
v 3.5278 36.7008 0.6825
v 3.5739 36.7713 0.6817
v 3.9698 36.7339 0.6748
v 3.9129 36.8657 0.6757
v 3.8128 36.9315 0.6774
v 3.472 36.8591 0.6834
v 3.4065 36.7584 0.6846
v 3.6408 35.3568 0.6814
v 4.2064 35.4561 0.6715
v 4.0234 34.8406 0.675
v 3.6965 35.0411 0.6806
v 4.0319 34.8409 1.1606
v 3.9519 35.2926 1.1617
v 3.8071 35.0668 1.1643
v 4.0135 34.945 1.1608
v 4.1656 35.1301 1.158
v 4.0025 34.956 0.676
v 3.8057 35.0943 0.6793
v 3.944 35.2911 0.6768
v 4.1408 35.1528 0.6735
v 4.0913 34.9905 0.6738
v 4.139 35.0581 0.6729
v 4.1061 35.2438 0.674
v 4.0403 35.2893 0.6751
v 3.8076 35.1906 0.6792
v 3.8531 35.2564 0.6784
v 3.848 35.0025 1.163
v 3.8399 35.0061 0.6781
v 3.9086 34.9575 0.677
v 4.2619 35.1409 0.6707
v 4.2584 34.9966 0.6708
v 4.19 34.8989 0.6721
v 3.8469 34.8387 0.6781
v 3.7486 34.9068 0.6798
v 3.4853 36.3015 1.2669
v 4.047 36.421 1.257
v 3.6462 36.9232 1.2637
v 3.4183 36.6147 1.2678
v 3.6565 36.9238 1.8249
v 3.7513 36.4749 1.8235
v 3.5322 36.6304 1.8273
v 3.6781 36.8205 1.8246
v 3.8885 36.7059 1.821
v 3.6709 36.8089 1.2633
v 3.5397 36.6067 1.2657
v 3.7416 36.476 1.2623
v 3.8725 36.6774 1.2599
v 3.7656 36.81 1.2617
v 3.835 36.7648 1.2605
v 3.8739 36.5805 1.2599
v 3.8311 36.5138 1.2607
v 3.578 36.5175 1.2651
v 3.6447 36.4746 1.264
v 3.5469 36.7048 1.827
v 3.5379 36.7012 1.2657
v 3.5841 36.7717 1.2649
v 3.98 36.7342 1.258
v 3.923 36.8661 1.2589
v 3.823 36.9319 1.2606
v 3.4822 36.8595 1.2666
v 3.4167 36.7588 1.2678
v 3.6509 35.3572 1.2646
v 4.2166 35.4564 1.2546
v 4.0336 34.8409 1.2582
v 3.7067 35.0414 1.2638
v 4.0433 34.8413 1.8194
v 3.9633 35.293 1.8206
v 3.8186 35.0672 1.8232
v 4.025 34.9454 1.8197
v 4.1771 35.1305 1.8169
v 4.0127 34.9564 1.2585
v 3.8159 35.0947 1.2618
v 3.9541 35.2915 1.2593
v 4.151 35.1532 1.256
v 4.1015 34.9908 1.2569
v 4.1491 35.0584 1.256
v 4.1162 35.2442 1.2565
v 4.0504 35.2897 1.2576
v 3.8177 35.1909 1.2617
v 3.8632 35.2567 1.2609
v 3.8595 35.0029 1.8225
v 3.8501 35.0064 1.2613
v 3.9188 34.9579 1.2601
v 4.272 35.1413 1.2538
v 4.2686 34.9969 1.254
v 4.2001 34.8993 1.2553
v 3.857 34.8391 1.2613
v 3.7588 34.9072 1.2629
v 3.4866 36.3015 1.3426
v 4.0483 36.4211 1.3327
v 3.6475 36.9232 1.3394
v 3.4196 36.6148 1.3436
v 3.6565 36.9238 1.8249
v 3.7513 36.4749 1.8235
v 3.5322 36.6304 1.8273
v 3.6781 36.8205 1.8246
v 3.8885 36.7059 1.821
v 3.6723 36.809 1.3397
v 3.541 36.6067 1.3421
v 3.7429 36.4761 1.3387
v 3.8738 36.6774 1.3363
v 3.767 36.8101 1.338
v 3.8363 36.7648 1.3369
v 3.8753 36.5806 1.3363
v 3.8324 36.5138 1.3371
v 3.5794 36.5175 1.3415
v 3.6461 36.4746 1.3404
v 3.5469 36.7048 1.827
v 3.5393 36.7012 1.3421
v 3.5854 36.7717 1.3412
v 3.9813 36.7343 1.3337
v 3.9244 36.8661 1.3346
v 3.8243 36.9319 1.3363
v 3.4835 36.8595 1.3423
v 3.418 36.7588 1.3435
v 3.6522 35.3572 1.3403
v 4.2179 35.4565 1.3303
v 4.0349 34.841 1.3339
v 3.708 35.0415 1.3395
v 4.0433 34.8413 1.8194
v 3.9633 35.293 1.8206
v 3.8186 35.0672 1.8232
v 4.025 34.9454 1.8197
v 4.1771 35.1305 1.8169
v 4.014 34.9564 1.3349
v 3.8172 35.0947 1.3382
v 3.9555 35.2915 1.3357
v 4.1523 35.1532 1.3323
v 4.1028 34.9909 1.3333
v 4.1505 35.0585 1.3324
v 4.1176 35.2442 1.3329
v 4.0518 35.2897 1.334
v 3.819 35.191 1.3381
v 3.8645 35.2568 1.3373
v 3.8595 35.0029 1.8225
v 3.8514 35.0065 1.3377
v 3.9202 34.9579 1.3365
v 4.2734 35.1413 1.3296
v 4.2699 34.997 1.3297
v 4.2014 34.8993 1.331
v 3.8584 34.8391 1.337
v 3.7601 34.9072 1.3387
v 3.562 35.2539 -1.2539
v 3.5696 35.2545 -0.7684
v 4.0778 35.5055 -1.263
v 4.0866 35.5067 -0.7775
v 4.0718 34.8632 -1.2626
v 4.2275 35.2177 -0.7798
v 3.7024 34.9661 -1.2562
v 4.0806 34.8629 -0.777
v 3.6299 35.2835 -1.1946
v 3.6363 35.2838 -0.83
v 4.0207 35.4713 -0.8368
v 4.0144 35.4711 -1.2015
v 3.7216 35.2414 -1.1424
v 3.7261 35.2416 -0.8854
v 3.9971 35.3738 -0.8902
v 3.9927 35.3736 -1.1472
v 3.7732 35.2662 -1.0948
v 3.776 35.2663 -0.9347
v 3.9455 35.349 -0.9377
v 3.9427 35.3489 -1.0978
v 2.6668 37.535 -1.0769
v 2.6696 37.5351 -0.9168
v 2.8391 37.6178 -0.9198
v 2.8363 37.6177 -1.0799
v 2.6703 37.617 -1.0451
v 2.6719 37.6171 -0.9495
v 2.7722 37.666 -0.9512
v 2.7705 37.6659 -1.0469
v 3.8791 35.2761 -0.7738
v 3.8023 35.0184 -0.7723
v 4.034 34.9585 -0.7763
v 4.1294 35.1779 -0.7781
v 4.0206 34.9683 -1.2611
v 3.7929 35.0472 -1.2571
v 3.8712 35.2746 -1.2586
v 4.0986 35.1963 -1.2626
v 4.1077 35.0269 -0.7783
v 4.1337 35.1024 -0.7788
v 4.096 35.0258 -1.2624
v 4.1229 35.104 -1.2629
v 4.0492 35.2756 -0.7774
v 3.9741 35.301 -0.7761
v 4.0402 35.2735 -1.2616
v 3.965 35.2989 -1.2603
v 3.768 35.1407 -1.2568
v 3.7943 35.2156 -1.2573
v 3.7746 35.1416 -0.7725
v 3.8009 35.2165 -0.773
v 3.859 34.9685 -0.7739
v 3.9346 34.9425 -0.7752
v 3.8498 34.9715 -1.2581
v 3.9288 34.9443 -1.2594
v 4.2181 35.2177 -1.2653
v 3.7106 34.9655 -0.7706
v 4.2645 35.0783 -0.7804
v 4.225 34.9652 -0.7796
v 4.2551 35.0783 -1.2659
v 4.2157 34.9652 -1.2651
v 3.911 34.812 -0.774
v 3.7976 34.8506 -0.7721
v 3.9028 34.8126 -1.2596
v 3.7895 34.8512 -1.2576
v 4.2275 35.2177 -0.7798
v 0.0 0.0 0.0
v 4.0806 34.8629 -0.777
v 0.0 0.0 0.0
v 3.8023 35.0184 -0.7723
v 0.0 0.0 0.0
v 4.034 34.9585 -0.7763
v 0.0 0.0 0.0
v 4.1294 35.1779 -0.7781
v 0.0 0.0 0.0
v 4.1077 35.0269 -0.7783
v 0.0 0.0 0.0
v 4.1337 35.1024 -0.7788
v 0.0 0.0 0.0
v 3.859 34.9685 -0.7739
v 0.0 0.0 0.0
v 3.9346 34.9425 -0.7752
v 0.0 0.0 0.0
v 3.7106 34.9655 -0.7706
v 0.0 0.0 0.0
v 4.2645 35.0783 -0.7804
v 0.0 0.0 0.0
v 4.225 34.9652 -0.7796
v 0.0 0.0 0.0
v 3.911 34.812 -0.774
v 0.0 0.0 0.0
v 3.7976 34.8506 -0.7721
v 0.0 0.0 0.0
v 4.1188 35.1961 1.0412
v 4.0971 35.2299 1.0416
v 4.0677 35.2569 1.0421
v 4.0328 35.2769 1.0427
v 3.9944 35.2877 1.0433
v 3.954 35.2886 1.044
v 3.9144 35.2804 1.0447
v 3.8786 35.263 1.0454
v 3.8477 35.2368 1.0459
v 3.8242 35.2047 1.0464
v 3.809 35.1677 1.0466
v 3.8027 35.1276 1.0468
v 3.8064 35.0881 1.0467
v 3.8197 35.0502 1.0465
v 3.8414 35.0164 1.0462
v 3.8705 34.9885 1.0457
v 3.9057 34.9695 1.0451
v 3.9442 34.9587 1.0444
v 3.9843 34.9568 1.0437
v 4.0236 34.9656 1.043
v 4.0594 34.9831 1.0424
v 4.0905 35.0086 1.0418
v 4.1143 35.0417 1.0414
v 4.1295 35.0786 1.0411
v 4.1356 35.1178 1.041
v 4.1321 35.1582 1.041
v 4.1462 34.9567 1.0409
v 4.1808 35.0039 1.0403
v 4.2033 35.0577 1.0398
v 4.2119 35.1159 1.0396
v 4.2065 35.1738 1.0397
v 4.1875 35.2296 1.04
v 4.1555 35.2783 1.0405
v 4.1129 35.3189 1.0413
v 4.0621 35.3473 1.0421
v 4.0055 35.3633 1.0431
v 3.947 35.3651 1.0441
v 3.8895 35.3526 1.0451
v 3.837 35.327 1.0461
v 3.7924 35.2896 1.0469
v 3.7572 35.2422 1.0475
v 3.7349 35.1877 1.0479
v 3.726 35.1302 1.0481
v 3.7317 35.0716 1.0481
v 3.7505 35.0164 1.0478
v 3.7827 34.9671 1.0472
v 3.825 34.9272 1.0465
v 3.8762 34.8981 1.0456
v 3.9324 34.8827 1.0447
v 3.9915 34.8812 1.0436
v 4.0484 34.8935 1.0426
v 4.1009 34.9191 1.0417
v 4.1226 35.1963 1.2564
v 4.1009 35.23 1.2568
v 4.0715 35.257 1.2573
v 4.0366 35.277 1.2579
v 3.9981 35.2878 1.2585
v 3.9577 35.2888 1.2592
v 3.9181 35.2806 1.2599
v 3.8823 35.2631 1.2606
v 3.8515 35.237 1.2611
v 3.828 35.2048 1.2616
v 3.8128 35.1678 1.2618
v 3.8064 35.1278 1.262
v 3.8102 35.0882 1.2619
v 3.8235 35.0503 1.2617
v 3.8451 35.0166 1.2614
v 3.8743 34.9886 1.2609
v 3.9094 34.9696 1.2603
v 3.948 34.9588 1.2596
v 3.988 34.9569 1.2589
v 4.0273 34.9657 1.2582
v 4.0631 34.9832 1.2576
v 4.0943 35.0088 1.257
v 4.1181 35.0418 1.2566
v 4.1333 35.0788 1.2563
v 4.1393 35.1179 1.2562
v 4.1358 35.1584 1.2562
v 4.1499 34.9568 1.2561
v 4.1845 35.004 1.2555
v 4.2071 35.0579 1.255
v 4.2156 35.116 1.2548
v 4.2103 35.174 1.2549
v 4.1912 35.2297 1.2552
v 4.1593 35.2785 1.2557
v 4.1166 35.319 1.2565
v 4.0659 35.3474 1.2573
v 4.0093 35.3634 1.2583
v 3.9508 35.3652 1.2593
v 3.8933 35.3527 1.2603
v 3.8408 35.3271 1.2613
v 3.7961 35.2898 1.2621
v 3.7609 35.2423 1.2627
v 3.7387 35.1879 1.2631
v 3.7298 35.1303 1.2633
v 3.7355 35.0717 1.2633
v 3.7542 35.0166 1.263
v 3.7864 34.9672 1.2624
v 3.8288 34.9273 1.2617
v 3.8799 34.8983 1.2608
v 3.9362 34.8829 1.2599
v 3.9953 34.8814 1.2588
v 4.0522 34.8936 1.2578
v 4.1047 34.9192 1.2569
v 4.1122 35.1959 0.6593
v 4.0905 35.2296 0.6597
v 4.061 35.2567 0.6602
v 4.0262 35.2766 0.6608
v 3.9877 35.2874 0.6614
v 3.9473 35.2884 0.6621
v 3.9077 35.2802 0.6628
v 3.8719 35.2627 0.6635
v 3.8411 35.2366 0.664
v 3.8176 35.2045 0.6644
v 3.8023 35.1675 0.6647
v 3.796 35.1274 0.6649
v 3.7998 35.0878 0.6648
v 3.813 35.05 0.6646
v 3.8347 35.0162 0.6643
v 3.8639 34.9883 0.6638
v 3.899 34.9692 0.6632
v 3.9375 34.9585 0.6625
v 3.9776 34.9566 0.6618
v 4.0169 34.9654 0.6611
v 4.0527 34.9828 0.6605
v 4.0839 35.0084 0.6599
v 4.1077 35.0414 0.6595
v 4.1228 35.0784 0.6592
v 4.1289 35.1176 0.6591
v 4.1254 35.158 0.6591
v 4.1395 34.9564 0.659
v 4.1741 35.0036 0.6583
v 4.1967 35.0575 0.6579
v 4.2052 35.1156 0.6577
v 4.1998 35.1736 0.6578
v 4.1808 35.2294 0.6581
v 4.1489 35.2781 0.6586
v 4.1062 35.3186 0.6593
v 4.0555 35.3471 0.6602
v 3.9988 35.3631 0.6612
v 3.9403 35.3648 0.6622
v 3.8829 35.3523 0.6632
v 3.8304 35.3267 0.6641
v 3.7857 35.2894 0.6649
v 3.7505 35.2419 0.6656
v 3.7283 35.1875 0.666
v 3.7194 35.1299 0.6662
v 3.725 35.0714 0.6661
v 3.7438 35.0162 0.6658
v 3.776 34.9669 0.6653
v 3.8184 34.9269 0.6646
v 3.8695 34.8979 0.6637
v 3.9258 34.8825 0.6628
v 3.9848 34.881 0.6617
v 4.0417 34.8932 0.6607
v 4.0943 34.9189 0.6598
v 4.116 35.196 0.8798
v 4.0943 35.2298 0.8802
v 4.0649 35.2568 0.8807
v 4.03 35.2768 0.8813
v 3.9916 35.2876 0.8819
v 3.9512 35.2885 0.8826
v 3.9116 35.2803 0.8833
v 3.8758 35.2629 0.884
v 3.8449 35.2367 0.8845
v 3.8214 35.2046 0.885
v 3.8062 35.1676 0.8852
v 3.7999 35.1275 0.8854
v 3.8036 35.088 0.8853
v 3.8169 35.0501 0.8851
v 3.8386 35.0163 0.8848
v 3.8677 34.9884 0.8843
v 3.9029 34.9694 0.8837
v 3.9414 34.9586 0.883
v 3.9815 34.9567 0.8823
v 4.0208 34.9655 0.8816
v 4.0566 34.983 0.881
v 4.0877 35.0085 0.8804
v 4.1115 35.0416 0.88
v 4.1267 35.0785 0.8797
v 4.1327 35.1177 0.8796
v 4.1293 35.1581 0.8796
v 4.1433 34.9566 0.8795
v 4.178 35.0038 0.8789
v 4.2005 35.0576 0.8784
v 4.2091 35.1158 0.8782
v 4.2037 35.1737 0.8783
v 4.1846 35.2295 0.8786
v 4.1527 35.2782 0.8791
v 4.1101 35.3188 0.8799
v 4.0593 35.3472 0.8807
v 4.0027 35.3632 0.8817
v 3.9442 35.365 0.8827
v 3.8867 35.3525 0.8837
v 3.8342 35.3268 0.8847
v 3.7895 35.2895 0.8855
v 3.7543 35.2421 0.8861
v 3.7321 35.1876 0.8865
v 3.7232 35.1301 0.8867
v 3.7289 35.0715 0.8867
v 3.7477 35.0163 0.8864
v 3.7798 34.967 0.8858
v 3.8222 34.9271 0.8851
v 3.8733 34.898 0.8842
v 3.9296 34.8826 0.8833
v 3.9887 34.8811 0.8822
v 4.0456 34.8934 0.8812
v 4.0981 34.919 0.8803
v 3.6943 34.9138 0.9359
v 4.2576 34.8043 0.9261
v 4.0858 35.4233 0.9287
v 3.7553 35.2281 0.9346
v 4.0956 35.4237 1.49
v 4.008 34.9729 1.4918
v 3.8667 35.2019 1.4941
v 4.0753 35.3199 1.4904
v 4.2243 35.1324 1.4879
v 4.0636 35.3083 0.9292
v 3.8641 35.1733 0.9327
v 3.9982 34.9741 0.9305
v 4.198 35.1085 0.9269
v 4.1514 35.272 0.9277
v 4.1974 35.2036 0.9269
v 4.1611 35.0188 0.9276
v 4.0956 34.9743 0.9288
v 3.864 35.0764 0.9328
v 3.9089 35.0103 0.9321
v 3.9093 35.2648 1.4933
v 3.8994 35.2615 0.9321
v 3.9691 35.308 0.9308
v 4.3192 35.1189 0.9248
v 4.318 35.2624 0.9248
v 4.2509 35.362 0.9259
v 3.9091 35.428 0.9318
v 3.8101 35.3613 0.9336
v 3.4775 33.9795 0.9402
v 4.037 33.8504 0.9305
v 3.6281 33.3553 0.938
v 3.4058 33.6674 0.9416
v 3.6382 33.355 1.4992
v 3.7416 33.8024 1.4971
v 3.5197 33.6512 1.5011
v 3.6618 33.4582 1.4987
v 3.8744 33.5693 1.4949
v 3.6545 33.4694 0.9374
v 3.5271 33.6733 0.9395
v 3.7315 33.8011 0.9359
v 3.8584 33.5969 0.9338
v 3.7499 33.4664 0.9358
v 3.8195 33.51 0.9345
v 3.8621 33.6941 0.9337
v 3.8196 33.7613 0.9344
v 3.5665 33.762 0.9388
v 3.6347 33.8041 0.9376
v 3.5326 33.5762 1.5009
v 3.5243 33.5788 0.9396
v 3.5685 33.508 0.9389
v 3.9653 33.5382 0.932
v 3.9058 33.4072 0.9331
v 3.8045 33.3437 0.9349
v 3.4649 33.422 0.9408
v 3.4014 33.5233 0.9418
v 3.6956 34.9138 1.0116
v 4.259 34.8043 1.0018
v 4.0871 35.4234 1.0044
v 3.7566 35.2282 1.0103
v 4.0956 35.4237 1.49
v 4.008 34.9729 1.4918
v 3.8667 35.2019 1.4941
v 4.0753 35.3199 1.4904
v 4.2243 35.1324 1.4879
v 4.0649 35.3083 1.0056
v 3.8654 35.1733 1.0091
v 3.9995 34.9741 1.0069
v 4.1993 35.1085 1.0033
v 4.1528 35.2721 1.004
v 4.1987 35.2036 1.0033
v 4.1625 35.0189 1.004
v 4.0969 34.9744 1.0052
v 3.8654 35.0765 1.0092
v 3.9102 35.0104 1.0084
v 3.9093 35.2648 1.4933
v 3.9008 35.2615 1.0084
v 3.9705 35.3081 1.0072
v 4.3206 35.1189 1.0005
v 4.3193 35.2624 1.0005
v 4.2523 35.362 1.0016
v 3.9104 35.4281 1.0075
v 3.8114 35.3613 1.0093
v 3.4788 33.9796 1.0159
v 4.0383 33.8504 1.0062
v 3.6295 33.3553 1.0137
v 3.4071 33.6674 1.0174
v 3.6382 33.355 1.4992
v 3.7416 33.8024 1.4971
v 3.5197 33.6512 1.5011
v 3.6618 33.4582 1.4987
v 3.8744 33.5693 1.4949
v 3.6559 33.4695 1.0138
v 3.5284 33.6734 1.0159
v 3.7328 33.8012 1.0123
v 3.8597 33.597 1.0102
v 3.7512 33.4665 1.0121
v 3.8208 33.51 1.0109
v 3.8634 33.6941 1.0101
v 3.8209 33.7614 1.0108
v 3.5679 33.7621 1.0152
v 3.636 33.8042 1.014
v 3.5326 33.5762 1.5009
v 3.5256 33.5789 1.016
v 3.5698 33.508 1.0153
v 3.9667 33.5383 1.0077
v 3.9071 33.4073 1.0088
v 3.8058 33.3438 1.0106
v 3.4662 33.422 1.0165
v 3.4027 33.5233 1.0175
v 3.6729 34.913 -0.2909
v 4.2362 34.8035 -0.3007
v 4.0644 35.4226 -0.2981
v 3.7339 35.2274 -0.2922
v 4.0546 35.4222 -0.8593
v 3.967 34.9715 -0.8575
v 3.8258 35.2005 -0.8552
v 4.0343 35.3185 -0.8589
v 4.1833 35.131 -0.8614
v 4.0422 35.3075 -0.2976
v 3.8427 35.1725 -0.294
v 3.9768 34.9733 -0.2963
v 4.1766 35.1077 -0.2998
v 4.13 35.2713 -0.2991
v 4.176 35.2028 -0.2999
v 4.1397 35.0181 -0.2991
v 4.0742 34.9736 -0.298
v 3.8426 35.0757 -0.294
v 3.8875 35.0096 -0.2947
v 3.8683 35.2634 -0.856
v 3.878 35.2607 -0.2947
v 3.9477 35.3073 -0.296
v 4.2978 35.1181 -0.3019
v 4.2966 35.2616 -0.302
v 4.2295 35.3612 -0.3009
v 3.8877 35.4273 -0.295
v 3.7887 35.3605 -0.2932
v 3.4561 33.9788 -0.2866
v 4.0156 33.8496 -0.2962
v 3.6067 33.3545 -0.2888
v 3.3844 33.6666 -0.2851
v 3.5972 33.3536 -0.8501
v 3.7006 33.8009 -0.8521
v 3.4787 33.6498 -0.8482
v 3.6208 33.4568 -0.8505
v 3.8335 33.5679 -0.8543
v 3.6331 33.4687 -0.2893
v 3.5057 33.6726 -0.2872
v 3.7101 33.8004 -0.2909
v 3.837 33.5962 -0.293
v 3.7285 33.4657 -0.291
v 3.7981 33.5092 -0.2922
v 3.8407 33.6933 -0.2931
v 3.7982 33.7606 -0.2924
v 3.5451 33.7613 -0.288
v 3.6133 33.8034 -0.2892
v 3.4916 33.5748 -0.8484
v 3.5029 33.5781 -0.2871
v 3.5471 33.5072 -0.2879
v 3.9439 33.5375 -0.2948
v 3.8844 33.4065 -0.2937
v 3.7831 33.343 -0.2919
v 3.4435 33.4212 -0.286
v 3.38 33.5226 -0.285
v 3.6716 34.913 -0.3666
v 4.2349 34.8035 -0.3764
v 4.0631 35.4225 -0.3738
v 3.7326 35.2273 -0.3679
v 4.0546 35.4222 -0.8593
v 3.967 34.9715 -0.8575
v 3.8258 35.2005 -0.8552
v 4.0343 35.3185 -0.8589
v 4.1833 35.131 -0.8614
v 4.0408 35.3075 -0.374
v 3.8414 35.1725 -0.3704
v 3.9755 34.9733 -0.3726
v 4.1752 35.1077 -0.3762
v 4.1287 35.2713 -0.3755
v 4.1747 35.2028 -0.3763
v 4.1384 35.018 -0.3755
v 4.0729 34.9735 -0.3743
v 3.8413 35.0756 -0.3704
v 3.8861 35.0096 -0.3711
v 3.8683 35.2634 -0.856
v 3.8767 35.2607 -0.3711
v 3.9464 35.3072 -0.3723
v 4.2965 35.1181 -0.3777
v 4.2953 35.2616 -0.3777
v 4.2282 35.3612 -0.3766
v 3.8864 35.4272 -0.3707
v 3.7874 35.3605 -0.3689
v 3.4548 33.9787 -0.3623
v 4.0143 33.8496 -0.372
v 3.6054 33.3545 -0.3645
v 3.3831 33.6666 -0.3608
v 3.5972 33.3536 -0.8501
v 3.7006 33.8009 -0.8521
v 3.4787 33.6498 -0.8482
v 3.6208 33.4568 -0.8505
v 3.8335 33.5679 -0.8543
v 3.6318 33.4686 -0.3657
v 3.5043 33.6725 -0.3636
v 3.7088 33.8003 -0.3673
v 3.8356 33.5961 -0.3694
v 3.7271 33.4656 -0.3674
v 3.7968 33.5092 -0.3686
v 3.8393 33.6933 -0.3695
v 3.7969 33.7605 -0.3688
v 3.5438 33.7612 -0.3644
v 3.6119 33.8034 -0.3656
v 3.4916 33.5748 -0.8484
v 3.5016 33.578 -0.3635
v 3.5457 33.5072 -0.3642
v 3.9426 33.5375 -0.3705
v 3.8831 33.4064 -0.3694
v 3.7818 33.343 -0.3676
v 3.4421 33.4212 -0.3617
v 3.3786 33.5225 -0.3607
v 4.1008 35.1955 0.0064
v 4.0791 35.2293 0.0068
v 4.0497 35.2563 0.0073
v 4.0148 35.2762 0.0079
v 3.9763 35.287 0.0085
v 3.9359 35.288 0.0092
v 3.8963 35.2798 0.0099
v 3.8605 35.2623 0.0106
v 3.8297 35.2362 0.0111
v 3.8062 35.2041 0.0115
v 3.791 35.1671 0.0118
v 3.7846 35.127 0.012
v 3.7884 35.0874 0.0119
v 3.8016 35.0496 0.0117
v 3.8233 35.0158 0.0114
v 3.8525 34.9879 0.0109
v 3.8876 34.9688 0.0103
v 3.9262 34.9581 0.0096
v 3.9662 34.9562 0.0089
v 4.0055 34.965 0.0082
v 4.0413 34.9824 0.0076
v 4.0725 35.008 0.007
v 4.0963 35.041 0.0066
v 4.1114 35.078 0.0063
v 4.1175 35.1172 0.0062
v 4.114 35.1576 0.0062
v 4.1281 34.956 0.0061
v 4.1627 35.0033 0.0054
v 4.1853 35.0571 0.005
v 4.1938 35.1152 0.0048
v 4.1884 35.1732 0.0049
v 4.1694 35.229 0.0052
v 4.1375 35.2777 0.0057
v 4.0948 35.3182 0.0064
v 4.0441 35.3467 0.0073
v 3.9875 35.3627 0.0083
v 3.9289 35.3644 0.0093
v 3.8715 35.3519 0.0103
v 3.819 35.3263 0.0112
v 3.7743 35.289 0.012
v 3.7391 35.2415 0.0127
v 3.7169 35.1871 0.0131
v 3.708 35.1295 0.0133
v 3.7137 35.071 0.0132
v 3.7324 35.0158 0.0129
v 3.7646 34.9665 0.0124
v 3.807 34.9265 0.0117
v 3.8581 34.8975 0.0108
v 3.9144 34.8821 0.0098
v 3.9735 34.8806 0.0088
v 4.0303 34.8928 0.0078
v 4.0829 34.9185 0.0069
v 4.1046 35.1956 0.2269
v 4.0829 35.2294 0.2273
v 4.0535 35.2564 0.2278
v 4.0186 35.2764 0.2284
v 3.9802 35.2872 0.229
v 3.9398 35.2882 0.2297
v 3.9002 35.2799 0.2304
v 3.8644 35.2625 0.2311
v 3.8335 35.2363 0.2316
v 3.81 35.2042 0.2321
v 3.7948 35.1672 0.2323
v 3.7885 35.1271 0.2325
v 3.7922 35.0876 0.2324
v 3.8055 35.0497 0.2322
v 3.8272 35.0159 0.2319
v 3.8563 34.988 0.2314
v 3.8915 34.969 0.2308
v 3.93 34.9582 0.2301
v 3.9701 34.9563 0.2294
v 4.0094 34.9651 0.2287
v 4.0452 34.9826 0.2281
v 4.0763 35.0081 0.2275
v 4.1001 35.0412 0.2271
v 4.1153 35.0781 0.2268
v 4.1214 35.1173 0.2267
v 4.1179 35.1577 0.2267
v 4.132 34.9562 0.2266
v 4.1666 35.0034 0.226
v 4.1891 35.0572 0.2255
v 4.1977 35.1154 0.2253
v 4.1923 35.1733 0.2254
v 4.1733 35.2291 0.2257
v 4.1413 35.2778 0.2262
v 4.0987 35.3184 0.2269
v 4.0479 35.3468 0.2278
v 3.9913 35.3628 0.2288
v 3.9328 35.3646 0.2298
v 3.8753 35.3521 0.2308
v 3.8228 35.3265 0.2318
v 3.7781 35.2891 0.2326
v 3.743 35.2417 0.2332
v 3.7207 35.1872 0.2336
v 3.7118 35.1297 0.2338
v 3.7175 35.0711 0.2337
v 3.7363 35.0159 0.2335
v 3.7685 34.9666 0.2329
v 3.8108 34.9267 0.2322
v 3.8619 34.8976 0.2313
v 3.9182 34.8822 0.2304
v 3.9773 34.8808 0.2293
v 4.0342 34.893 0.2283
v 4.0867 34.9186 0.2274
v 4.1074 35.1957 0.3883
v 4.0858 35.2295 0.3887
v 4.0563 35.2565 0.3892
v 4.0214 35.2765 0.3898
v 3.983 35.2873 0.3904
v 3.9426 35.2882 0.3911
v 3.903 35.28 0.3918
v 3.8672 35.2626 0.3925
v 3.8363 35.2364 0.393
v 3.8129 35.2043 0.3935
v 3.7976 35.1673 0.3937
v 3.7913 35.1272 0.3939
v 3.795 35.0877 0.3938
v 3.8083 35.0498 0.3936
v 3.83 35.016 0.3933
v 3.8591 34.9881 0.3928
v 3.8943 34.9691 0.3922
v 3.9328 34.9583 0.3915
v 3.9729 34.9564 0.3908
v 4.0122 34.9652 0.3901
v 4.048 34.9827 0.3895
v 4.0791 35.0082 0.3889
v 4.1029 35.0413 0.3885
v 4.1181 35.0782 0.3882
v 4.1242 35.1174 0.3881
v 4.1207 35.1578 0.3881
v 4.1348 34.9563 0.388
v 4.1694 35.0035 0.3874
v 4.1919 35.0573 0.3869
v 4.2005 35.1155 0.3867
v 4.1951 35.1734 0.3868
v 4.1761 35.2292 0.3871
v 4.1442 35.2779 0.3876
v 4.1015 35.3185 0.3883
v 4.0507 35.3469 0.3892
v 3.9941 35.3629 0.3902
v 3.9356 35.3647 0.3912
v 3.8781 35.3522 0.3922
v 3.8256 35.3266 0.3932
v 3.781 35.2892 0.394
v 3.7458 35.2418 0.3946
v 3.7235 35.1873 0.395
v 3.7146 35.1298 0.3952
v 3.7203 35.0712 0.3951
v 3.7391 35.016 0.3949
v 3.7713 34.9667 0.3943
v 3.8136 34.9268 0.3936
v 3.8648 34.8977 0.3927
v 3.9211 34.8823 0.3918
v 3.9801 34.8808 0.3907
v 4.037 34.8931 0.3897
v 4.0895 34.9187 0.3888
v 4.1112 35.1959 0.6035
v 4.0895 35.2296 0.6039
v 4.0601 35.2566 0.6044
v 4.0252 35.2766 0.605
v 3.9867 35.2874 0.6056
v 3.9463 35.2884 0.6063
v 3.9067 35.2802 0.607
v 3.8709 35.2627 0.6077
v 3.8401 35.2366 0.6082
v 3.8166 35.2044 0.6087
v 3.8014 35.1674 0.6089
v 3.795 35.1274 0.6091
v 3.7988 35.0878 0.609
v 3.8121 35.0499 0.6088
v 3.8337 35.0162 0.6085
v 3.8629 34.9882 0.608
v 3.898 34.9692 0.6074
v 3.9366 34.9584 0.6067
v 3.9766 34.9565 0.606
v 4.0159 34.9654 0.6053
v 4.0517 34.9828 0.6047
v 4.0829 35.0084 0.6041
v 4.1067 35.0414 0.6037
v 4.1219 35.0784 0.6034
v 4.1279 35.1175 0.6033
v 4.1245 35.158 0.6033
v 4.1385 34.9564 0.6032
v 4.1732 35.0036 0.6026
v 4.1957 35.0575 0.6021
v 4.2042 35.1156 0.6019
v 4.1989 35.1736 0.602
v 4.1798 35.2293 0.6023
v 4.1479 35.2781 0.6028
v 4.1052 35.3186 0.6035
v 4.0545 35.347 0.6044
v 3.9979 35.363 0.6054
v 3.9394 35.3648 0.6064
v 3.8819 35.3523 0.6074
v 3.8294 35.3267 0.6084
v 3.7847 35.2894 0.6092
v 3.7495 35.2419 0.6098
v 3.7273 35.1875 0.6102
v 3.7184 35.1299 0.6104
v 3.7241 35.0713 0.6103
v 3.7428 35.0162 0.6101
v 3.775 34.9668 0.6095
v 3.8174 34.9269 0.6088
v 3.8685 34.8979 0.6079
v 3.9248 34.8825 0.607
v 3.9839 34.881 0.6059
v 4.0408 34.8932 0.6049
v 4.0933 34.9188 0.604
v 3.6841 34.9134 0.3534
v 4.2475 34.8039 0.3436
v 4.0756 35.423 0.3462
v 3.7452 35.2278 0.3521
v 4.0659 35.4226 -0.215
v 3.9782 34.9719 -0.2132
v 3.837 35.2009 -0.2109
v 4.0455 35.3189 -0.2146
v 4.1946 35.1314 -0.2171
v 4.0534 35.3079 0.3467
v 3.8539 35.1729 0.3502
v 3.988 34.9737 0.348
v 4.1878 35.1081 0.3444
v 4.1413 35.2717 0.3452
v 4.1872 35.2032 0.3444
v 4.151 35.0185 0.3451
v 4.0854 34.974 0.3463
v 3.8539 35.0761 0.3503
v 3.8987 35.01 0.3496
v 3.8795 35.2638 -0.2117
v 3.8893 35.2611 0.3496
v 3.959 35.3077 0.3483
v 4.3091 35.1185 0.3423
v 4.3078 35.262 0.3423
v 4.2408 35.3616 0.3434
v 3.8989 35.4277 0.3493
v 3.7999 35.3609 0.3511
v 3.4673 33.9792 0.3577
v 4.0269 33.85 0.348
v 3.618 33.3549 0.3555
v 3.3956 33.667 0.3591
v 3.6085 33.354 -0.2058
v 3.7119 33.8013 -0.2079
v 3.49 33.6502 -0.2039
v 3.6321 33.4572 -0.2063
v 3.8447 33.5683 -0.21
v 3.6444 33.4691 0.3549
v 3.5169 33.673 0.357
v 3.7213 33.8008 0.3534
v 3.8482 33.5966 0.3513
v 3.7397 33.4661 0.3533
v 3.8094 33.5096 0.352
v 3.8519 33.6937 0.3512
v 3.8094 33.761 0.3519
v 3.5564 33.7617 0.3563
v 3.6245 33.8038 0.3551
v 3.5029 33.5752 -0.2041
v 3.5141 33.5785 0.3571
v 3.5583 33.5076 0.3564
v 3.9552 33.5379 0.3495
v 3.8956 33.4069 0.3506
v 3.7943 33.3434 0.3524
v 3.4547 33.4216 0.3583
v 3.3912 33.5229 0.3593
v 3.6828 34.9134 0.2776
v 4.2462 34.8039 0.2679
v 4.0743 35.4229 0.2705
v 3.7438 35.2277 0.2764
v 4.0659 35.4226 -0.215
v 3.9782 34.9719 -0.2132
v 3.837 35.2009 -0.2109
v 4.0455 35.3189 -0.2146
v 4.1946 35.1314 -0.2171
v 4.0521 35.3079 0.2703
v 3.8526 35.1729 0.2739
v 3.9867 34.9737 0.2716
v 4.1865 35.1081 0.2681
v 4.1399 35.2716 0.2688
v 4.1859 35.2031 0.268
v 4.1496 35.0184 0.2688
v 4.0841 34.9739 0.2699
v 3.8525 35.076 0.2739
v 3.8974 35.01 0.2732
v 3.8795 35.2638 -0.2117
v 3.888 35.2611 0.2732
v 3.9576 35.3076 0.2719
v 4.3078 35.1185 0.2666
v 4.3065 35.262 0.2665
v 4.2395 35.3616 0.2677
v 3.8976 35.4276 0.2736
v 3.7986 35.3609 0.2753
v 3.466 33.9791 0.282
v 4.0255 33.85 0.2723
v 3.6167 33.3549 0.2797
v 3.3943 33.667 0.2834
v 3.6085 33.354 -0.2058
v 3.7119 33.8013 -0.2079
v 3.49 33.6502 -0.2039
v 3.6321 33.4572 -0.2063
v 3.8447 33.5683 -0.21
v 3.6431 33.469 0.2785
v 3.5156 33.6729 0.2806
v 3.72 33.8007 0.277
v 3.8469 33.5965 0.2749
v 3.7384 33.466 0.2769
v 3.808 33.5096 0.2756
v 3.8506 33.6937 0.2748
v 3.8081 33.7609 0.2755
v 3.555 33.7616 0.2799
v 3.6232 33.8037 0.2787
v 3.5029 33.5752 -0.2041
v 3.5128 33.5784 0.2807
v 3.557 33.5076 0.28
v 3.9539 33.5378 0.2737
v 3.8943 33.4068 0.2749
v 3.793 33.3434 0.2767
v 3.4534 33.4216 0.2825
v 3.3899 33.5229 0.2836
v 4.0895 35.1951 -0.6418
v 4.0678 35.2289 -0.6415
v 4.0384 35.2559 -0.641
v 4.0035 35.2758 -0.6404
v 3.965 35.2866 -0.6397
v 3.9246 35.2876 -0.639
v 3.885 35.2794 -0.6383
v 3.8492 35.2619 -0.6377
v 3.8184 35.2358 -0.6371
v 3.7949 35.2037 -0.6367
v 3.7797 35.1667 -0.6364
v 3.7733 35.1266 -0.6363
v 3.7771 35.087 -0.6363
v 3.7903 35.0492 -0.6365
v 3.812 35.0154 -0.6369
v 3.8412 34.9875 -0.6374
v 3.8763 34.9684 -0.638
v 3.9148 34.9577 -0.6387
v 3.9549 34.9558 -0.6394
v 3.9942 34.9646 -0.64
v 4.03 34.9821 -0.6407
v 4.0612 35.0076 -0.6412
v 4.085 35.0406 -0.6417
v 4.1001 35.0776 -0.642
v 4.1062 35.1168 -0.6421
v 4.1027 35.1572 -0.6421
v 4.1168 34.9557 -0.6422
v 4.1514 35.0029 -0.6428
v 4.174 35.0567 -0.6432
v 4.1825 35.1148 -0.6434
v 4.1771 35.1728 -0.6434
v 4.1581 35.2286 -0.6431
v 4.1262 35.2773 -0.6425
v 4.0835 35.3178 -0.6418
v 4.0328 35.3463 -0.641
v 3.9761 35.3623 -0.64
v 3.9176 35.364 -0.639
v 3.8602 35.3515 -0.6379
v 3.8077 35.3259 -0.637
v 3.763 35.2886 -0.6362
v 3.7278 35.2411 -0.6356
v 3.7056 35.1867 -0.6351
v 3.6967 35.1291 -0.635
v 3.7024 35.0706 -0.635
v 3.7211 35.0154 -0.6353
v 3.7533 34.9661 -0.6358
v 3.7957 34.9261 -0.6366
v 3.8468 34.8971 -0.6374
v 3.9031 34.8817 -0.6384
v 3.9622 34.8802 -0.6394
v 4.019 34.8924 -0.6404
v 4.0716 34.9181 -0.6414
v 4.0933 35.1952 -0.4213
v 4.0716 35.229 -0.421
v 4.0422 35.256 -0.4205
v 4.0073 35.276 -0.4199
v 3.9689 35.2868 -0.4192
v 3.9285 35.2878 -0.4185
v 3.8889 35.2795 -0.4178
v 3.8531 35.2621 -0.4172
v 3.8222 35.2359 -0.4166
v 3.7987 35.2038 -0.4162
v 3.7835 35.1668 -0.4159
v 3.7772 35.1267 -0.4158
v 3.7809 35.0872 -0.4158
v 3.7942 35.0493 -0.416
v 3.8159 35.0155 -0.4164
v 3.845 34.9876 -0.4169
v 3.8802 34.9686 -0.4175
v 3.9187 34.9578 -0.4181
v 3.9588 34.9559 -0.4188
v 3.9981 34.9647 -0.4195
v 4.0339 34.9822 -0.4202
v 4.065 35.0077 -0.4207
v 4.0888 35.0408 -0.4212
v 4.104 35.0777 -0.4215
v 4.11 35.1169 -0.4216
v 4.1066 35.1573 -0.4215
v 4.1206 34.9558 -0.4217
v 4.1553 35.003 -0.4223
v 4.1778 35.0568 -0.4227
v 4.1864 35.115 -0.4229
v 4.181 35.173 -0.4229
v 4.1619 35.2287 -0.4226
v 4.13 35.2774 -0.422
v 4.0874 35.318 -0.4213
v 4.0366 35.3464 -0.4204
v 3.98 35.3624 -0.4195
v 3.9215 35.3642 -0.4184
v 3.864 35.3517 -0.4174
v 3.8115 35.3261 -0.4165
v 3.7668 35.2887 -0.4157
v 3.7316 35.2413 -0.4151
v 3.7094 35.1868 -0.4146
v 3.7005 35.1293 -0.4144
v 3.7062 35.0707 -0.4145
v 3.725 35.0155 -0.4148
v 3.7571 34.9662 -0.4153
v 3.7995 34.9263 -0.416
v 3.8506 34.8972 -0.4169
v 3.9069 34.8818 -0.4179
v 3.966 34.8804 -0.4189
v 4.0229 34.8926 -0.4199
v 4.0754 34.9182 -0.4209
v 4.0961 35.1953 -0.2599
v 4.0745 35.2291 -0.2596
v 4.045 35.2561 -0.2591
v 4.0101 35.2761 -0.2585
v 3.9717 35.2869 -0.2578
v 3.9313 35.2879 -0.2571
v 3.8917 35.2796 -0.2564
v 3.8559 35.2622 -0.2558
v 3.825 35.236 -0.2552
v 3.8015 35.2039 -0.2548
v 3.7863 35.1669 -0.2545
v 3.78 35.1268 -0.2544
v 3.7837 35.0873 -0.2544
v 3.797 35.0494 -0.2546
v 3.8187 35.0156 -0.255
v 3.8478 34.9877 -0.2555
v 3.883 34.9687 -0.2561
v 3.9215 34.9579 -0.2567
v 3.9616 34.956 -0.2574
v 4.0009 34.9648 -0.2581
v 4.0367 34.9823 -0.2588
v 4.0678 35.0078 -0.2593
v 4.0916 35.0409 -0.2598
v 4.1068 35.0778 -0.2601
v 4.1129 35.117 -0.2602
v 4.1094 35.1574 -0.2601
v 4.1235 34.9559 -0.2603
v 4.1581 35.0031 -0.2609
v 4.1806 35.057 -0.2613
v 4.1892 35.1151 -0.2615
v 4.1838 35.173 -0.2615
v 4.1648 35.2288 -0.2612
v 4.1328 35.2775 -0.2606
v 4.0902 35.3181 -0.2599
v 4.0394 35.3465 -0.259
v 3.9828 35.3625 -0.2581
v 3.9243 35.3643 -0.257
v 3.8668 35.3518 -0.256
v 3.8143 35.3262 -0.2551
v 3.7697 35.2888 -0.2543
v 3.7345 35.2414 -0.2537
v 3.7122 35.1869 -0.2532
v 3.7033 35.1294 -0.253
v 3.709 35.0708 -0.2531
v 3.7278 35.0156 -0.2534
v 3.76 34.9663 -0.2539
v 3.8023 34.9264 -0.2546
v 3.8535 34.8973 -0.2555
v 3.9097 34.8819 -0.2565
v 3.9688 34.8804 -0.2575
v 4.0257 34.8927 -0.2585
v 4.0782 34.9183 -0.2595
v 4.0999 35.1955 -0.0447
v 4.0782 35.2292 -0.0444
v 4.0488 35.2563 -0.0439
v 4.0139 35.2762 -0.0433
v 3.9754 35.287 -0.0426
v 3.935 35.288 -0.0419
v 3.8954 35.2798 -0.0412
v 3.8596 35.2623 -0.0406
v 3.8288 35.2362 -0.04
v 3.8053 35.204 -0.0396
v 3.7901 35.167 -0.0393
v 3.7837 35.127 -0.0392
v 3.7875 35.0874 -0.0392
v 3.8008 35.0495 -0.0394
v 3.8224 35.0158 -0.0398
v 3.8516 34.9879 -0.0403
v 3.8867 34.9688 -0.0409
v 3.9253 34.958 -0.0415
v 3.9653 34.9561 -0.0422
v 4.0046 34.965 -0.0429
v 4.0404 34.9824 -0.0436
v 4.0716 35.008 -0.0441
v 4.0954 35.041 -0.0446
v 4.1106 35.078 -0.0449
v 4.1166 35.1171 -0.045
v 4.1131 35.1576 -0.0449
v 4.1272 34.956 -0.0451
v 4.1618 35.0032 -0.0457
v 4.1844 35.0571 -0.0461
v 4.1929 35.1152 -0.0463
v 4.1876 35.1732 -0.0463
v 4.1685 35.2289 -0.046
v 4.1366 35.2777 -0.0454
v 4.0939 35.3182 -0.0447
v 4.0432 35.3467 -0.0438
v 3.9866 35.3626 -0.0429
v 3.9281 35.3644 -0.0418
v 3.8706 35.3519 -0.0408
v 3.8181 35.3263 -0.0399
v 3.7734 35.289 -0.0391
v 3.7382 35.2415 -0.0385
v 3.716 35.1871 -0.038
v 3.7071 35.1295 -0.0378
v 3.7128 35.0709 -0.0379
v 3.7315 35.0158 -0.0382
v 3.7637 34.9664 -0.0387
v 3.8061 34.9265 -0.0394
v 3.8572 34.8975 -0.0403
v 3.9135 34.8821 -0.0413
v 3.9726 34.8806 -0.0423
v 4.0295 34.8928 -0.0433
v 4.082 34.9184 -0.0443
v 3.8709 33.7372 0.7827
v 3.8492 33.771 0.783
v 3.8197 33.7981 0.7835
v 3.7848 33.818 0.7841
v 3.7464 33.8288 0.7848
v 3.706 33.8298 0.7855
v 3.6664 33.8215 0.7862
v 3.6306 33.8041 0.7868
v 3.5997 33.7779 0.7874
v 3.5762 33.7458 0.7878
v 3.561 33.7088 0.7881
v 3.5547 33.6688 0.7882
v 3.5584 33.6292 0.7882
v 3.5717 33.5914 0.788
v 3.5933 33.5575 0.7876
v 3.6225 33.5296 0.7871
v 3.6577 33.5106 0.7865
v 3.6962 33.4998 0.7859
v 3.7363 33.4979 0.7852
v 3.7756 33.5068 0.7845
v 3.8114 33.5242 0.7838
v 3.8425 33.5497 0.7833
v 3.8663 33.5828 0.7828
v 3.8815 33.6198 0.7826
v 3.8876 33.6589 0.7824
v 3.8841 33.6994 0.7825
v 3.8981 33.4978 0.7823
v 3.9328 33.545 0.7817
v 3.9553 33.5988 0.7813
v 3.9639 33.657 0.7811
v 3.9585 33.715 0.7812
v 3.9395 33.7707 0.7815
v 3.9075 33.8194 0.782
v 3.8649 33.86 0.7827
v 3.8141 33.8884 0.7836
v 3.7575 33.9044 0.7845
v 3.699 33.9062 0.7856
v 3.6415 33.8937 0.7866
v 3.589 33.8681 0.7875
v 3.5444 33.8308 0.7883
v 3.5092 33.7833 0.789
v 3.4869 33.7288 0.7894
v 3.478 33.6713 0.7896
v 3.4837 33.6127 0.7895
v 3.5025 33.5575 0.7892
v 3.5347 33.5082 0.7887
v 3.577 33.4683 0.788
v 3.6281 33.4393 0.7871
v 3.6844 33.4239 0.7861
v 3.7435 33.4224 0.7851
v 3.8004 33.4346 0.7841
v 3.8529 33.4602 0.7832
v 3.8727 33.7373 0.8903
v 3.851 33.7711 0.8906
v 3.8216 33.7981 0.8911
v 3.7867 33.818 0.8917
v 3.7483 33.8289 0.8924
v 3.7078 33.8298 0.8931
v 3.6682 33.8216 0.8938
v 3.6325 33.8042 0.8944
v 3.6016 33.778 0.895
v 3.5781 33.7458 0.8954
v 3.5629 33.7089 0.8957
v 3.5565 33.6688 0.8958
v 3.5603 33.6293 0.8958
v 3.5736 33.5914 0.8956
v 3.5952 33.5576 0.8952
v 3.6244 33.5297 0.8947
v 3.6595 33.5106 0.8941
v 3.698 33.4998 0.8935
v 3.7381 33.498 0.8928
v 3.7775 33.5068 0.8921
v 3.8133 33.5243 0.8914
v 3.8444 33.5498 0.8909
v 3.8682 33.5829 0.8904
v 3.8834 33.6198 0.8902
v 3.8895 33.659 0.89
v 3.886 33.6994 0.8901
v 3.9 33.4979 0.8899
v 3.9347 33.545 0.8893
v 3.9572 33.5989 0.8889
v 3.9658 33.657 0.8887
v 3.9604 33.715 0.8888
v 3.9414 33.7708 0.8891
v 3.9094 33.8195 0.8896
v 3.8668 33.86 0.8903
v 3.816 33.8885 0.8912
v 3.7594 33.9045 0.8921
v 3.7008 33.9063 0.8932
v 3.6434 33.8937 0.8942
v 3.5909 33.8681 0.8951
v 3.5463 33.8308 0.8959
v 3.511 33.7834 0.8966
v 3.4888 33.7289 0.897
v 3.4799 33.6713 0.8972
v 3.4856 33.6128 0.8971
v 3.5043 33.5576 0.8968
v 3.5366 33.5083 0.8963
v 3.5789 33.4683 0.8956
v 3.63 33.4393 0.8947
v 3.6863 33.4239 0.8937
v 3.7454 33.4224 0.8927
v 3.8023 33.4346 0.8917
v 3.8548 33.4603 0.8908
v 3.8545 33.7367 -0.1532
v 3.8328 33.7704 -0.1528
v 3.8034 33.7975 -0.1523
v 3.7685 33.8174 -0.1517
v 3.7301 33.8282 -0.1511
v 3.6896 33.8292 -0.1504
v 3.65 33.821 -0.1497
v 3.6143 33.8035 -0.149
v 3.5834 33.7774 -0.1485
v 3.5599 33.7452 -0.148
v 3.5447 33.7082 -0.1478
v 3.5383 33.6682 -0.1476
v 3.5421 33.6286 -0.1477
v 3.5554 33.5908 -0.1479
v 3.577 33.557 -0.1482
v 3.6062 33.5291 -0.1487
v 3.6413 33.51 -0.1493
v 3.6798 33.4992 -0.15
v 3.7199 33.4973 -0.1507
v 3.7593 33.5062 -0.1514
v 3.7951 33.5236 -0.152
v 3.8262 33.5492 -0.1526
v 3.85 33.5822 -0.153
v 3.8652 33.6192 -0.1533
v 3.8713 33.6584 -0.1534
v 3.8678 33.6988 -0.1534
v 3.8818 33.4972 -0.1535
v 3.9164 33.5444 -0.1541
v 3.939 33.5983 -0.1546
v 3.9476 33.6564 -0.1548
v 3.9422 33.7144 -0.1547
v 3.9231 33.7702 -0.1544
v 3.8912 33.8189 -0.1539
v 3.8486 33.8594 -0.1532
v 3.7978 33.8879 -0.1523
v 3.7412 33.9038 -0.1513
v 3.6826 33.9056 -0.1503
v 3.6252 33.8931 -0.1493
v 3.5727 33.8675 -0.1483
v 3.5281 33.8302 -0.1475
v 3.4928 33.7827 -0.1469
v 3.4706 33.7283 -0.1465
v 3.4617 33.6707 -0.1463
v 3.4674 33.6121 -0.1464
v 3.4861 33.557 -0.1466
v 3.5184 33.5077 -0.1472
v 3.5607 33.4677 -0.1479
v 3.6118 33.4387 -0.1488
v 3.6681 33.4233 -0.1497
v 3.7272 33.4218 -0.1508
v 3.7841 33.434 -0.1518
v 3.8366 33.4596 -0.1527
v 3.8527 33.7366 -0.2608
v 3.831 33.7704 -0.2604
v 3.8015 33.7974 -0.2599
v 3.7666 33.8173 -0.2593
v 3.7282 33.8282 -0.2587
v 3.6878 33.8291 -0.258
v 3.6482 33.8209 -0.2573
v 3.6124 33.8035 -0.2566
v 3.5815 33.7773 -0.2561
v 3.558 33.7451 -0.2556
v 3.5428 33.7082 -0.2554
v 3.5365 33.6681 -0.2552
v 3.5402 33.6286 -0.2553
v 3.5535 33.5907 -0.2555
v 3.5751 33.5569 -0.2558
v 3.6043 33.529 -0.2563
v 3.6395 33.5099 -0.2569
v 3.678 33.4991 -0.2576
v 3.7181 33.4973 -0.2583
v 3.7574 33.5061 -0.259
v 3.7932 33.5236 -0.2596
v 3.8243 33.5491 -0.2602
v 3.8481 33.5822 -0.2606
v 3.8633 33.6191 -0.2609
v 3.8694 33.6583 -0.261
v 3.8659 33.6987 -0.261
v 3.8799 33.4972 -0.2611
v 3.9146 33.5443 -0.2617
v 3.9371 33.5982 -0.2622
v 3.9457 33.6564 -0.2624
v 3.9403 33.7143 -0.2623
v 3.9213 33.7701 -0.262
v 3.8893 33.8188 -0.2615
v 3.8467 33.8593 -0.2607
v 3.7959 33.8878 -0.2599
v 3.7393 33.9038 -0.2589
v 3.6808 33.9056 -0.2579
v 3.6233 33.893 -0.2569
v 3.5708 33.8674 -0.2559
v 3.5262 33.8301 -0.2551
v 3.491 33.7827 -0.2545
v 3.4687 33.7282 -0.2541
v 3.4598 33.6706 -0.2539
v 3.4655 33.6121 -0.254
v 3.4843 33.5569 -0.2542
v 3.5165 33.5076 -0.2548
v 3.5588 33.4676 -0.2555
v 3.6099 33.4386 -0.2564
v 3.6662 33.4232 -0.2573
v 3.7253 33.4217 -0.2584
v 3.7822 33.434 -0.2594
v 3.8347 33.4596 -0.2603
v 3.8655 33.7371 0.4738
v 3.8438 33.7708 0.4742
v 3.8144 33.7979 0.4747
v 3.7794 33.8178 0.4753
v 3.741 33.8286 0.4759
v 3.7006 33.8296 0.4766
v 3.661 33.8214 0.4773
v 3.6252 33.8039 0.478
v 3.5943 33.7777 0.4785
v 3.5708 33.7456 0.479
v 3.5556 33.7086 0.4792
v 3.5493 33.6686 0.4794
v 3.553 33.629 0.4793
v 3.5664 33.5912 0.4791
v 3.588 33.5574 0.4788
v 3.6171 33.5294 0.4783
v 3.6523 33.5104 0.4777
v 3.6908 33.4996 0.477
v 3.7309 33.4977 0.4763
v 3.7702 33.5066 0.4756
v 3.806 33.524 0.475
v 3.8371 33.5496 0.4744
v 3.861 33.5826 0.474
v 3.8761 33.6196 0.4737
v 3.8822 33.6587 0.4736
v 3.8787 33.6992 0.4736
v 3.8927 33.4976 0.4735
v 3.9274 33.5448 0.4729
v 3.9499 33.5987 0.4724
v 3.9585 33.6568 0.4722
v 3.9531 33.7148 0.4723
v 3.9341 33.7705 0.4726
v 3.9022 33.8192 0.4731
v 3.8595 33.8598 0.4739
v 3.8087 33.8882 0.4747
v 3.7521 33.9042 0.4757
v 3.6936 33.906 0.4767
v 3.6362 33.8935 0.4777
v 3.5836 33.8679 0.4787
v 3.539 33.8306 0.4795
v 3.5038 33.7831 0.4801
v 3.4815 33.7286 0.4805
v 3.4727 33.6711 0.4807
v 3.4783 33.6125 0.4806
v 3.4971 33.5574 0.4804
v 3.5293 33.508 0.4798
v 3.5716 33.4681 0.4791
v 3.6228 33.4391 0.4782
v 3.6791 33.4237 0.4773
v 3.7382 33.4222 0.4762
v 3.795 33.4344 0.4752
v 3.8475 33.46 0.4743
v 3.8636 33.737 0.3662
v 3.8419 33.7708 0.3666
v 3.8125 33.7978 0.3671
v 3.7776 33.8177 0.3677
v 3.7391 33.8285 0.3683
v 3.6987 33.8295 0.369
v 3.6591 33.8213 0.3697
v 3.6233 33.8038 0.3704
v 3.5924 33.7777 0.3709
v 3.5689 33.7455 0.3714
v 3.5537 33.7085 0.3716
v 3.5474 33.6685 0.3718
v 3.5511 33.6289 0.3717
v 3.5645 33.5911 0.3715
v 3.5861 33.5573 0.3712
v 3.6152 33.5294 0.3707
v 3.6504 33.5103 0.3701
v 3.6889 33.4995 0.3694
v 3.729 33.4977 0.3687
v 3.7683 33.5065 0.368
v 3.8041 33.5239 0.3674
v 3.8353 33.5495 0.3668
v 3.8591 33.5825 0.3664
v 3.8742 33.6195 0.3661
v 3.8803 33.6587 0.366
v 3.8768 33.6991 0.366
v 3.8909 33.4975 0.3659
v 3.9255 33.5447 0.3653
v 3.948 33.5986 0.3648
v 3.9566 33.6567 0.3646
v 3.9512 33.7147 0.3647
v 3.9322 33.7705 0.365
v 3.9003 33.8192 0.3655
v 3.8576 33.8597 0.3663
v 3.8068 33.8882 0.3671
v 3.7502 33.9042 0.3681
v 3.6917 33.9059 0.3691
v 3.6343 33.8934 0.3701
v 3.5817 33.8678 0.3711
v 3.5371 33.8305 0.3719
v 3.5019 33.783 0.3725
v 3.4797 33.7286 0.3729
v 3.4708 33.671 0.3731
v 3.4765 33.6125 0.373
v 3.4952 33.5573 0.3728
v 3.5274 33.508 0.3722
v 3.5698 33.468 0.3715
v 3.6209 33.439 0.3706
v 3.6772 33.4236 0.3697
v 3.7363 33.4221 0.3686
v 3.7931 33.4343 0.3676
v 3.8457 33.46 0.3667
v 3.8595 33.7369 0.1318
v 3.8378 33.7706 0.1321
v 3.8084 33.7977 0.1326
v 3.7735 33.8176 0.1332
v 3.735 33.8284 0.1339
v 3.6946 33.8294 0.1346
v 3.655 33.8211 0.1353
v 3.6192 33.8037 0.1359
v 3.5884 33.7775 0.1365
v 3.5649 33.7454 0.1369
v 3.5497 33.7084 0.1372
v 3.5433 33.6684 0.1373
v 3.5471 33.6288 0.1373
v 3.5604 33.591 0.1371
v 3.582 33.5571 0.1367
v 3.6111 33.5292 0.1362
v 3.6463 33.5102 0.1356
v 3.6848 33.4994 0.135
v 3.7249 33.4975 0.1343
v 3.7642 33.5064 0.1336
v 3.8 33.5238 0.1329
v 3.8312 33.5493 0.1324
v 3.855 33.5824 0.1319
v 3.8701 33.6194 0.1316
v 3.8762 33.6585 0.1315
v 3.8727 33.699 0.1316
v 3.8868 33.4974 0.1314
v 3.9214 33.5446 0.1308
v 3.944 33.5984 0.1304
v 3.9525 33.6566 0.1302
v 3.9471 33.7146 0.1302
v 3.9281 33.7703 0.1305
v 3.8962 33.819 0.1311
v 3.8535 33.8596 0.1318
v 3.8027 33.888 0.1327
v 3.7461 33.904 0.1336
v 3.6876 33.9058 0.1347
v 3.6302 33.8933 0.1357
v 3.5777 33.8677 0.1366
v 3.533 33.8304 0.1374
v 3.4978 33.7829 0.138
v 3.4756 33.7284 0.1385
v 3.4667 33.6709 0.1387
v 3.4724 33.6123 0.1386
v 3.4911 33.5571 0.1383
v 3.5233 33.5078 0.1378
v 3.5657 33.4679 0.137
v 3.6168 33.4389 0.1362
v 3.6731 33.4235 0.1352
v 3.7322 33.422 0.1342
v 3.789 33.4342 0.1332
v 3.8416 33.4598 0.1322
v 3.8614 33.7369 0.2394
v 3.8397 33.7707 0.2397
v 3.8103 33.7977 0.2402
v 3.7754 33.8176 0.2408
v 3.7369 33.8285 0.2415
v 3.6965 33.8294 0.2422
v 3.6569 33.8212 0.2429
v 3.6211 33.8038 0.2435
v 3.5902 33.7776 0.2441
v 3.5667 33.7454 0.2445
v 3.5515 33.7085 0.2448
v 3.5452 33.6684 0.2449
v 3.5489 33.6289 0.2449
v 3.5623 33.591 0.2447
v 3.5839 33.5572 0.2443
v 3.613 33.5293 0.2438
v 3.6482 33.5102 0.2432
v 3.6867 33.4994 0.2426
v 3.7268 33.4976 0.2419
v 3.7661 33.5064 0.2412
v 3.8019 33.5239 0.2405
v 3.833 33.5494 0.24
v 3.8569 33.5825 0.2395
v 3.872 33.6194 0.2392
v 3.8781 33.6586 0.2391
v 3.8746 33.699 0.2392
v 3.8887 33.4975 0.239
v 3.9233 33.5446 0.2384
v 3.9458 33.5985 0.238
v 3.9544 33.6567 0.2378
v 3.949 33.7146 0.2378
v 3.93 33.7704 0.2381
v 3.8981 33.8191 0.2387
v 3.8554 33.8597 0.2394
v 3.8046 33.8881 0.2403
v 3.748 33.9041 0.2412
v 3.6895 33.9059 0.2423
v 3.6321 33.8934 0.2433
v 3.5795 33.8677 0.2442
v 3.5349 33.8305 0.245
v 3.4997 33.783 0.2456
v 3.4775 33.7285 0.2461
v 3.4686 33.6709 0.2463
v 3.4743 33.6124 0.2462
v 3.493 33.5572 0.2459
v 3.5252 33.5079 0.2454
v 3.5675 33.4679 0.2446
v 3.6187 33.4389 0.2438
v 3.675 33.4235 0.2428
v 3.7341 33.422 0.2418
v 3.7909 33.4343 0.2408
v 3.8434 33.4599 0.2398

g name10 
f 1937 1938 1939 1940
f 1922 1921 1913 1914
f 1923 1922 1914 1916
f 1924 1923 1916 1915
f 1921 1924 1915 1913
f 1926 1925 1921 1922
f 1927 1926 1922 1923
f 1928 1927 1923 1924
f 1925 1928 1924 1921
f 1930 1929 1925 1926
f 1931 1930 1926 1927
f 1932 1931 1927 1928
f 1929 1932 1928 1925
f 1934 1933 1929 1930
f 1935 1934 1930 1931
f 1936 1935 1931 1932
f 1933 1936 1932 1929
f 1938 1937 1933 1934
f 1939 1938 1934 1935
f 1940 1939 1935 1936
f 1937 1940 1936 1933
f 1945 1943 1949 1951
f 1951 1949 1950 1952
f 1952 1950 1944 1948
f 1948 1944 1953 1955
f 1955 1953 1954 1956
f 1956 1954 1941 1947
f 1942 1946 1957 1959
f 1959 1957 1958 1960
f 1960 1958 1947 1941
f 1964 1962 1943 1945
f 1916 1941 1954 1953 1944
f 1915 1948 1955 1956 1947
f 1914 1942 1959 1960 1941
f 1913 1947 1958 1957 1946
f 1941 1916 1914
f 1947 1913 1915
f 1965 1918 1967 1969
f 1969 1967 1968 1970
f 1970 1968 1920 1917
f 1917 1920 1971 1973
f 1973 1971 1972 1974
f 1974 1972 1966 1919
f 1951 1952 1965 1969 1970 1917
f 1963 1964 1917 1973 1974 1919
f 1944 1918 1916
f 1915 1916 1918 1965
f 1948 1915 1965 1952
f 1945 1951 1917 1964
f 1919 1966 1914 1913
f 1942 1914 1966
f 1946 1963 1919 1913
f 1961 1963 1946 1942
f 1962 1964 1963 1961
f 1962 1961
f 1961 1962
f 1942 1966 1993 1979
f 1966 1972 2001 1993
f 1972 1971 1999 2001
f 1971 1920 1977 1999
f 1920 1968 1997 1977
f 1968 1967 1995 1997
f 1967 1918 1975 1995
f 1918 1944 1983 1975
f 1944 1950 1987 1983
f 1950 1949 1985 1987
f 1949 1943 1981 1985
f 1943 1962 1991 1981
f 1942 1961 1989 1979
f 1962 1961 1989 1991
f 1979 1993 2001 1999 1977 1997 1995 1975 1983 1987 1985 1981 1991 1989
f 2004 2005 2003
f 2030 2031 2005 2004
f 2056 2031 2030
f 2005 2006 2003
f 2031 2032 2006 2005
f 2056 2032 2031
f 2006 2007 2003
f 2032 2033 2007 2006
f 2056 2033 2032
f 2007 2008 2003
f 2033 2034 2008 2007
f 2056 2034 2033
f 2008 2009 2003
f 2034 2035 2009 2008
f 2056 2035 2034
f 2009 2010 2003
f 2035 2036 2010 2009
f 2056 2036 2035
f 2010 2011 2003
f 2036 2037 2011 2010
f 2056 2037 2036
f 2011 2012 2003
f 2037 2038 2012 2011
f 2056 2038 2037
f 2012 2013 2003
f 2038 2039 2013 2012
f 2056 2039 2038
f 2013 2014 2003
f 2039 2040 2014 2013
f 2056 2040 2039
f 2014 2015 2003
f 2040 2041 2015 2014
f 2056 2041 2040
f 2015 2016 2003
f 2041 2042 2016 2015
f 2056 2042 2041
f 2016 2017 2003
f 2042 2043 2017 2016
f 2056 2043 2042
f 2017 2018 2003
f 2043 2044 2018 2017
f 2056 2044 2043
f 2018 2019 2003
f 2044 2045 2019 2018
f 2056 2045 2044
f 2019 2020 2003
f 2045 2046 2020 2019
f 2056 2046 2045
f 2020 2021 2003
f 2046 2047 2021 2020
f 2056 2047 2046
f 2021 2022 2003
f 2047 2048 2022 2021
f 2056 2048 2047
f 2022 2023 2003
f 2048 2049 2023 2022
f 2056 2049 2048
f 2023 2024 2003
f 2049 2050 2024 2023
f 2056 2050 2049
f 2024 2025 2003
f 2050 2051 2025 2024
f 2056 2051 2050
f 2025 2026 2003
f 2051 2052 2026 2025
f 2056 2052 2051
f 2026 2027 2003
f 2052 2053 2027 2026
f 2056 2053 2052
f 2027 2028 2003
f 2053 2054 2028 2027
f 2056 2054 2053
f 2028 2029 2003
f 2054 2055 2029 2028
f 2056 2055 2054
f 2029 2004 2003
f 2055 2030 2004 2029
f 2056 2030 2055
f 2092 2093 2094 2095
f 2077 2076 2068 2069
f 2078 2077 2069 2071
f 2079 2078 2071 2070
f 2076 2079 2070 2068
f 2081 2080 2076 2077
f 2082 2081 2077 2078
f 2083 2082 2078 2079
f 2080 2083 2079 2076
f 2085 2084 2080 2081
f 2086 2085 2081 2082
f 2087 2086 2082 2083
f 2084 2087 2083 2080
f 2089 2088 2084 2085
f 2090 2089 2085 2086
f 2091 2090 2086 2087
f 2088 2091 2087 2084
f 2093 2092 2148 2149
f 2094 2093 2149 2150
f 2095 2094 2150 2151
f 2092 2095 2151 2148
f 2100 2098 2104 2106
f 2106 2104 2105 2107
f 2107 2105 2099 2103
f 2103 2099 2108 2110
f 2110 2108 2109 2111
f 2111 2109 2096 2102
f 2097 2101 2112 2114
f 2114 2112 2113 2115
f 2115 2113 2102 2096
f 2119 2117 2098 2100
f 2071 2096 2109 2108 2099
f 2070 2103 2110 2111 2102
f 2069 2097 2114 2115 2096
f 2068 2102 2113 2112 2101
f 2096 2071 2069
f 2102 2068 2070
f 2120 2073 2122 2124
f 2124 2122 2123 2125
f 2125 2123 2075 2072
f 2072 2075 2126 2128
f 2128 2126 2127 2129
f 2129 2127 2121 2074
f 2106 2107 2120 2124 2125 2072
f 2118 2119 2072 2128 2129 2074
f 2099 2073 2071
f 2070 2071 2073 2120
f 2103 2070 2120 2107
f 2100 2106 2072 2119
f 2074 2121 2069 2068
f 2097 2069 2121
f 2101 2118 2074 2068
f 2116 2118 2101 2097
f 2117 2119 2118 2116
f 2117 2116
f 2116 2117
f 2097 2121 2139 2132
f 2121 2127 2143 2139
f 2127 2126 2142 2143
f 2126 2075 2131 2142
f 2075 2123 2141 2131
f 2123 2122 2140 2141
f 2122 2073 2130 2140
f 2073 2099 2134 2130
f 2099 2105 2136 2134
f 2105 2104 2135 2136
f 2104 2098 2133 2135
f 2098 2117 2138 2133
f 2097 2116 2137 2132
f 2117 2116 2137 2138
f 2132 2139 2143 2142 2131 2141 2140 2130 2134 2136 2135 2133 2138 2137
f 2145 2144 2088 2089
f 2146 2145 2089 2090
f 2147 2146 2090 2091
f 2144 2147 2091 2088
f 2149 2148 2144 2145
f 2150 2149 2145 2146
f 2151 2150 2146 2147
f 2148 2151 2147 2144
f 2190 2189 2188 2187
f 2164 2163 2171 2172
f 2166 2164 2172 2173
f 2165 2166 2173 2174
f 2163 2165 2174 2171
f 2172 2171 2175 2176
f 2173 2172 2176 2177
f 2174 2173 2177 2178
f 2171 2174 2178 2175
f 2176 2175 2179 2180
f 2177 2176 2180 2181
f 2178 2177 2181 2182
f 2175 2178 2182 2179
f 2180 2179 2183 2184
f 2181 2180 2184 2185
f 2182 2181 2185 2186
f 2179 2182 2186 2183
f 2254 2255 2187 2188
f 2256 2254 2188 2189
f 2257 2256 2189 2190
f 2255 2257 2190 2187
f 2201 2199 2193 2195
f 2202 2200 2199 2201
f 2198 2194 2200 2202
f 2205 2203 2194 2198
f 2206 2204 2203 2205
f 2197 2191 2204 2206
f 2209 2207 2196 2192
f 2210 2208 2207 2209
f 2191 2197 2208 2210
f 2195 2193 2212 2214
f 2194 2203 2204 2191 2166
f 2197 2206 2205 2198 2165
f 2191 2210 2209 2192 2164
f 2196 2207 2208 2197 2163
f 2164 2166 2191
f 2165 2163 2197
f 2219 2217 2168 2215
f 2220 2218 2217 2219
f 2167 2170 2218 2220
f 2223 2221 2170 2167
f 2224 2222 2221 2223
f 2169 2216 2222 2224
f 2167 2220 2219 2215 2202 2201
f 2169 2224 2223 2167 2214 2213
f 2166 2168 2194
f 2215 2168 2166 2165
f 2202 2215 2165 2198
f 2214 2167 2201 2195
f 2163 2164 2216 2169
f 2216 2164 2192
f 2163 2169 2213 2196
f 2192 2196 2213 2211
f 2211 2213 2214 2212
f 2211 2212
f 2212 2211
f 2227 2234 2216 2192
f 2234 2238 2222 2216
f 2238 2237 2221 2222
f 2237 2226 2170 2221
f 2226 2236 2218 2170
f 2236 2235 2217 2218
f 2235 2225 2168 2217
f 2225 2229 2194 2168
f 2229 2231 2200 2194
f 2231 2230 2199 2200
f 2230 2228 2193 2199
f 2228 2233 2212 2193
f 2227 2232 2211 2192
f 2233 2232 2211 2212
f 2232 2233 2228 2230 2231 2229 2225 2235 2236 2226 2237 2238 2234 2227
f 2251 2250 2184 2183
f 2250 2252 2185 2184
f 2252 2253 2186 2185
f 2253 2251 2183 2186
f 2255 2254 2250 2251
f 2254 2256 2252 2250
f 2256 2257 2253 2252
f 2257 2255 2251 2253
f 2285 2284 2283 2282
f 2259 2258 2266 2267
f 2261 2259 2267 2268
f 2260 2261 2268 2269
f 2258 2260 2269 2266
f 2267 2266 2270 2271
f 2268 2267 2271 2272
f 2269 2268 2272 2273
f 2266 2269 2273 2270
f 2271 2270 2274 2275
f 2272 2271 2275 2276
f 2273 2272 2276 2277
f 2270 2273 2277 2274
f 2275 2274 2278 2279
f 2276 2275 2279 2280
f 2277 2276 2280 2281
f 2274 2277 2281 2278
f 2349 2350 2282 2283
f 2351 2349 2283 2284
f 2352 2351 2284 2285
f 2350 2352 2285 2282
f 2296 2294 2288 2290
f 2297 2295 2294 2296
f 2293 2289 2295 2297
f 2300 2298 2289 2293
f 2301 2299 2298 2300
f 2292 2286 2299 2301
f 2304 2302 2291 2287
f 2305 2303 2302 2304
f 2286 2292 2303 2305
f 2290 2288 2307 2309
f 2289 2298 2299 2286 2261
f 2292 2301 2300 2293 2260
f 2286 2305 2304 2287 2259
f 2291 2302 2303 2292 2258
f 2259 2261 2286
f 2260 2258 2292
f 2314 2312 2263 2310
f 2315 2313 2312 2314
f 2262 2265 2313 2315
f 2318 2316 2265 2262
f 2319 2317 2316 2318
f 2264 2311 2317 2319
f 2262 2315 2314 2310 2297 2296
f 2264 2319 2318 2262 2309 2308
f 2261 2263 2289
f 2310 2263 2261 2260
f 2297 2310 2260 2293
f 2309 2262 2296 2290
f 2258 2259 2311 2264
f 2311 2259 2287
f 2258 2264 2308 2291
f 2287 2291 2308 2306
f 2306 2308 2309 2307
f 2306 2307
f 2307 2306
f 2322 2329 2311 2287
f 2329 2333 2317 2311
f 2333 2332 2316 2317
f 2332 2321 2265 2316
f 2321 2331 2313 2265
f 2331 2330 2312 2313
f 2330 2320 2263 2312
f 2320 2324 2289 2263
f 2324 2326 2295 2289
f 2326 2325 2294 2295
f 2325 2323 2288 2294
f 2323 2328 2307 2288
f 2322 2327 2306 2287
f 2328 2327 2306 2307
f 2327 2328 2323 2325 2326 2324 2320 2330 2331 2321 2332 2333 2329 2322
f 2346 2345 2279 2278
f 2345 2347 2280 2279
f 2347 2348 2281 2280
f 2348 2346 2278 2281
f 2350 2349 2345 2346
f 2349 2351 2347 2345
f 2351 2352 2348 2347
f 2352 2350 2346 2348
f 2354 2355 2353
f 2380 2381 2355 2354
f 2406 2381 2380
f 2355 2356 2353
f 2381 2382 2356 2355
f 2406 2382 2381
f 2356 2357 2353
f 2382 2383 2357 2356
f 2406 2383 2382
f 2357 2358 2353
f 2383 2384 2358 2357
f 2406 2384 2383
f 2358 2359 2353
f 2384 2385 2359 2358
f 2406 2385 2384
f 2359 2360 2353
f 2385 2386 2360 2359
f 2406 2386 2385
f 2360 2361 2353
f 2386 2387 2361 2360
f 2406 2387 2386
f 2361 2362 2353
f 2387 2388 2362 2361
f 2406 2388 2387
f 2362 2363 2353
f 2388 2389 2363 2362
f 2406 2389 2388
f 2363 2364 2353
f 2389 2390 2364 2363
f 2406 2390 2389
f 2364 2365 2353
f 2390 2391 2365 2364
f 2406 2391 2390
f 2365 2366 2353
f 2391 2392 2366 2365
f 2406 2392 2391
f 2366 2367 2353
f 2392 2393 2367 2366
f 2406 2393 2392
f 2367 2368 2353
f 2393 2394 2368 2367
f 2406 2394 2393
f 2368 2369 2353
f 2394 2395 2369 2368
f 2406 2395 2394
f 2369 2370 2353
f 2395 2396 2370 2369
f 2406 2396 2395
f 2370 2371 2353
f 2396 2397 2371 2370
f 2406 2397 2396
f 2371 2372 2353
f 2397 2398 2372 2371
f 2406 2398 2397
f 2372 2373 2353
f 2398 2399 2373 2372
f 2406 2399 2398
f 2373 2374 2353
f 2399 2400 2374 2373
f 2406 2400 2399
f 2374 2375 2353
f 2400 2401 2375 2374
f 2406 2401 2400
f 2375 2376 2353
f 2401 2402 2376 2375
f 2406 2402 2401
f 2376 2377 2353
f 2402 2403 2377 2376
f 2406 2403 2402
f 2377 2378 2353
f 2403 2404 2378 2377
f 2406 2404 2403
f 2378 2379 2353
f 2404 2405 2379 2378
f 2406 2405 2404
f 2379 2354 2353
f 2405 2380 2354 2379
f 2406 2380 2405
f 2418 2423 2422 2419 2408
f 2417 2424 2425 2418 2407
f 2408 2407 2418
f 2409 2431 2430 2429 2421 2420
f 2410 2433 2432 2409 2428 2427
f 2421 2429 2408 2419
f 2428 2409 2420 2416
f 2407 2410 2427 2417
f 2435 2446 2449 2450 2445
f 2434 2445 2452 2451 2444
f 2445 2434 2435
f 2447 2448 2456 2457 2458 2436
f 2454 2455 2436 2459 2460 2437
f 2446 2435 2456 2448
f 2443 2447 2436 2455
f 2444 2454 2437 2434
f 2407 2408 2435 2434
f 2462 2473 2476 2477 2472
f 2461 2472 2479 2478 2471
f 2472 2461 2462
f 2474 2475 2483 2484 2485 2463
f 2481 2482 2463 2486 2487 2464
f 2473 2462 2483 2475
f 2470 2474 2463 2482
f 2471 2481 2464 2461
f 2499 2504 2503 2500 2489
f 2498 2505 2506 2499 2488
f 2489 2488 2499
f 2490 2512 2511 2510 2502 2501
f 2491 2514 2513 2490 2509 2508
f 2502 2510 2489 2500
f 2509 2490 2501 2497
f 2488 2491 2508 2498
f 2488 2489 2462 2461
f 2472 2477 2423 2418
f 2477 2476 2422 2423
f 2476 2473 2419 2422
f 2471 2478 2424 2417
f 2478 2479 2425 2424
f 2479 2472 2418 2425
f 2463 2485 2431 2409
f 2485 2484 2430 2431
f 2484 2483 2429 2430
f 2475 2474 2420 2421
f 2464 2487 2433 2410
f 2487 2486 2432 2433
f 2486 2463 2409 2432
f 2482 2481 2427 2428
f 2483 2462 2408 2429
f 2473 2475 2421 2419
f 2474 2470 2416 2420
f 2470 2482 2428 2416
f 2461 2464 2410 2407
f 2481 2471 2417 2427
f 2500 2503 2449 2446
f 2503 2504 2450 2449
f 2504 2499 2445 2450
f 2499 2506 2452 2445
f 2506 2505 2451 2452
f 2505 2498 2444 2451
f 2501 2502 2448 2447
f 2510 2511 2457 2456
f 2511 2512 2458 2457
f 2512 2490 2436 2458
f 2508 2509 2455 2454
f 2490 2513 2459 2436
f 2513 2514 2460 2459
f 2514 2491 2437 2460
f 2489 2510 2456 2435
f 2502 2500 2446 2448
f 2497 2501 2447 2443
f 2509 2497 2443 2455
f 2498 2508 2454 2444
f 2491 2488 2434 2437
f 2462 2489 2435 2408
f 2488 2461 2407 2434
f 2526 2531 2530 2527 2516
f 2525 2532 2533 2526 2515
f 2516 2515 2526
f 2517 2539 2538 2537 2529 2528
f 2518 2541 2540 2517 2536 2535
f 2529 2537 2516 2527
f 2536 2517 2528 2524
f 2515 2518 2535 2525
f 2543 2554 2557 2558 2553
f 2542 2553 2560 2559 2552
f 2553 2542 2543
f 2555 2556 2564 2565 2566 2544
f 2562 2563 2544 2567 2568 2545
f 2554 2543 2564 2556
f 2551 2555 2544 2563
f 2552 2562 2545 2542
f 2515 2516 2543 2542
f 2570 2581 2584 2585 2580
f 2569 2580 2587 2586 2579
f 2580 2569 2570
f 2582 2583 2591 2592 2593 2571
f 2589 2590 2571 2594 2595 2572
f 2581 2570 2591 2583
f 2578 2582 2571 2590
f 2579 2589 2572 2569
f 2607 2612 2611 2608 2597
f 2606 2613 2614 2607 2596
f 2597 2596 2607
f 2598 2620 2619 2618 2610 2609
f 2599 2622 2621 2598 2617 2616
f 2610 2618 2597 2608
f 2617 2598 2609 2605
f 2596 2599 2616 2606
f 2596 2597 2570 2569
f 2580 2585 2531 2526
f 2585 2584 2530 2531
f 2584 2581 2527 2530
f 2579 2586 2532 2525
f 2586 2587 2533 2532
f 2587 2580 2526 2533
f 2571 2593 2539 2517
f 2593 2592 2538 2539
f 2592 2591 2537 2538
f 2583 2582 2528 2529
f 2572 2595 2541 2518
f 2595 2594 2540 2541
f 2594 2571 2517 2540
f 2590 2589 2535 2536
f 2591 2570 2516 2537
f 2581 2583 2529 2527
f 2582 2578 2524 2528
f 2578 2590 2536 2524
f 2569 2572 2518 2515
f 2589 2579 2525 2535
f 2608 2611 2557 2554
f 2611 2612 2558 2557
f 2612 2607 2553 2558
f 2607 2614 2560 2553
f 2614 2613 2559 2560
f 2613 2606 2552 2559
f 2609 2610 2556 2555
f 2618 2619 2565 2564
f 2619 2620 2566 2565
f 2620 2598 2544 2566
f 2616 2617 2563 2562
f 2598 2621 2567 2544
f 2621 2622 2568 2567
f 2622 2599 2545 2568
f 2597 2618 2564 2543
f 2610 2608 2554 2556
f 2605 2609 2555 2551
f 2617 2605 2551 2563
f 2606 2616 2562 2552
f 2599 2596 2542 2545
f 2570 2597 2543 2516
f 2596 2569 2515 2542
f 2634 2639 2638 2635 2624
f 2633 2640 2641 2634 2623
f 2624 2623 2634
f 2625 2647 2646 2645 2637 2636
f 2626 2649 2648 2625 2644 2643
f 2637 2645 2624 2635
f 2644 2625 2636 2632
f 2623 2626 2643 2633
f 2651 2662 2665 2666 2661
f 2650 2661 2668 2667 2660
f 2661 2650 2651
f 2663 2664 2672 2673 2674 2652
f 2670 2671 2652 2675 2676 2653
f 2662 2651 2672 2664
f 2659 2663 2652 2671
f 2660 2670 2653 2650
f 2623 2624 2651 2650
f 2678 2689 2692 2693 2688
f 2677 2688 2695 2694 2687
f 2688 2677 2678
f 2690 2691 2699 2700 2701 2679
f 2697 2698 2679 2702 2703 2680
f 2689 2678 2699 2691
f 2686 2690 2679 2698
f 2687 2697 2680 2677
f 2715 2720 2719 2716 2705
f 2714 2721 2722 2715 2704
f 2705 2704 2715
f 2706 2728 2727 2726 2718 2717
f 2707 2730 2729 2706 2725 2724
f 2718 2726 2705 2716
f 2725 2706 2717 2713
f 2704 2707 2724 2714
f 2704 2705 2678 2677
f 2688 2693 2639 2634
f 2693 2692 2638 2639
f 2692 2689 2635 2638
f 2687 2694 2640 2633
f 2694 2695 2641 2640
f 2695 2688 2634 2641
f 2679 2701 2647 2625
f 2701 2700 2646 2647
f 2700 2699 2645 2646
f 2691 2690 2636 2637
f 2680 2703 2649 2626
f 2703 2702 2648 2649
f 2702 2679 2625 2648
f 2698 2697 2643 2644
f 2699 2678 2624 2645
f 2689 2691 2637 2635
f 2690 2686 2632 2636
f 2686 2698 2644 2632
f 2677 2680 2626 2623
f 2697 2687 2633 2643
f 2716 2719 2665 2662
f 2719 2720 2666 2665
f 2720 2715 2661 2666
f 2715 2722 2668 2661
f 2722 2721 2667 2668
f 2721 2714 2660 2667
f 2717 2718 2664 2663
f 2726 2727 2673 2672
f 2727 2728 2674 2673
f 2728 2706 2652 2674
f 2724 2725 2671 2670
f 2706 2729 2675 2652
f 2729 2730 2676 2675
f 2730 2707 2653 2676
f 2705 2726 2672 2651
f 2718 2716 2662 2664
f 2713 2717 2663 2659
f 2725 2713 2659 2671
f 2714 2724 2670 2660
f 2707 2704 2650 2653
f 2678 2705 2651 2624
f 2704 2677 2623 2650
f 2742 2747 2746 2743 2732
f 2741 2748 2749 2742 2731
f 2732 2731 2742
f 2733 2755 2754 2753 2745 2744
f 2734 2757 2756 2733 2752 2751
f 2745 2753 2732 2743
f 2752 2733 2744 2740
f 2731 2734 2751 2741
f 2759 2770 2773 2774 2769
f 2758 2769 2776 2775 2768
f 2769 2758 2759
f 2771 2772 2780 2781 2782 2760
f 2778 2779 2760 2783 2784 2761
f 2770 2759 2780 2772
f 2767 2771 2760 2779
f 2768 2778 2761 2758
f 2731 2732 2759 2758
f 2786 2797 2800 2801 2796
f 2785 2796 2803 2802 2795
f 2796 2785 2786
f 2798 2799 2807 2808 2809 2787
f 2805 2806 2787 2810 2811 2788
f 2797 2786 2807 2799
f 2794 2798 2787 2806
f 2795 2805 2788 2785
f 2823 2828 2827 2824 2813
f 2822 2829 2830 2823 2812
f 2813 2812 2823
f 2814 2836 2835 2834 2826 2825
f 2815 2838 2837 2814 2833 2832
f 2826 2834 2813 2824
f 2833 2814 2825 2821
f 2812 2815 2832 2822
f 2812 2813 2786 2785
f 2796 2801 2747 2742
f 2801 2800 2746 2747
f 2800 2797 2743 2746
f 2795 2802 2748 2741
f 2802 2803 2749 2748
f 2803 2796 2742 2749
f 2787 2809 2755 2733
f 2809 2808 2754 2755
f 2808 2807 2753 2754
f 2799 2798 2744 2745
f 2788 2811 2757 2734
f 2811 2810 2756 2757
f 2810 2787 2733 2756
f 2806 2805 2751 2752
f 2807 2786 2732 2753
f 2797 2799 2745 2743
f 2798 2794 2740 2744
f 2794 2806 2752 2740
f 2785 2788 2734 2731
f 2805 2795 2741 2751
f 2824 2827 2773 2770
f 2827 2828 2774 2773
f 2828 2823 2769 2774
f 2823 2830 2776 2769
f 2830 2829 2775 2776
f 2829 2822 2768 2775
f 2825 2826 2772 2771
f 2834 2835 2781 2780
f 2835 2836 2782 2781
f 2836 2814 2760 2782
f 2832 2833 2779 2778
f 2814 2837 2783 2760
f 2837 2838 2784 2783
f 2838 2815 2761 2784
f 2813 2834 2780 2759
f 2826 2824 2770 2772
f 2821 2825 2771 2767
f 2833 2821 2767 2779
f 2822 2832 2778 2768
f 2815 2812 2758 2761
f 2786 2813 2759 2732
f 2812 2785 2731 2758
f 2863 2864 2865 2866
f 2848 2847 2839 2840
f 2849 2848 2840 2842
f 2850 2849 2842 2841
f 2847 2850 2841 2839
f 2852 2851 2847 2848
f 2853 2852 2848 2849
f 2854 2853 2849 2850
f 2851 2854 2850 2847
f 2856 2855 2851 2852
f 2857 2856 2852 2853
f 2858 2857 2853 2854
f 2855 2858 2854 2851
f 2860 2859 2855 2856
f 2861 2860 2856 2857
f 2862 2861 2857 2858
f 2859 2862 2858 2855
f 2864 2863 2859 2860
f 2865 2864 2860 2861
f 2866 2865 2861 2862
f 2863 2866 2862 2859
f 2871 2869 2875 2877
f 2877 2875 2876 2878
f 2878 2876 2870 2874
f 2874 2870 2879 2881
f 2881 2879 2880 2882
f 2882 2880 2867 2873
f 2868 2872 2883 2885
f 2885 2883 2884 2886
f 2886 2884 2873 2867
f 2890 2888 2869 2871
f 2842 2867 2880 2879 2870
f 2841 2874 2881 2882 2873
f 2840 2868 2885 2886 2867
f 2839 2873 2884 2883 2872
f 2867 2842 2840
f 2873 2839 2841
f 2891 2844 2893 2895
f 2895 2893 2894 2896
f 2896 2894 2846 2843
f 2843 2846 2897 2899
f 2899 2897 2898 2900
f 2900 2898 2892 2845
f 2877 2878 2891 2895 2896 2843
f 2889 2890 2843 2899 2900 2845
f 2870 2844 2842
f 2841 2842 2844 2891
f 2874 2841 2891 2878
f 2871 2877 2843 2890
f 2845 2892 2840 2839
f 2868 2840 2892
f 2872 2889 2845 2839
f 2887 2889 2872 2868
f 2888 2890 2889 2887
f 2888 2887
f 2887 2888
f 2868 2892 2919 2905
f 2892 2898 2927 2919
f 2898 2897 2925 2927
f 2897 2846 2903 2925
f 2846 2894 2923 2903
f 2894 2893 2921 2923
f 2893 2844 2901 2921
f 2844 2870 2909 2901
f 2870 2876 2913 2909
f 2876 2875 2911 2913
f 2875 2869 2907 2911
f 2869 2888 2917 2907
f 2868 2887 2915 2905
f 2888 2887 2915 2917
f 2905 2919 2927 2925 2903 2923 2921 2901 2909 2913 2911 2907 2917 2915
f 2956 2955 2950 2951
f 2957 2956 2951 2952
f 2958 2957 2952 2953
f 2959 2958 2953 2954
f 2960 2959 2954 2929
f 2961 2960 2929 2930
f 2962 2961 2930 2931
f 2963 2962 2931 2932
f 2964 2963 2932 2933
f 2965 2964 2933 2934
f 2966 2965 2934 2935
f 2967 2966 2935 2936
f 2968 2967 2936 2937
f 2969 2968 2937 2938
f 2970 2969 2938 2939
f 2971 2970 2939 2940
f 2972 2971 2940 2941
f 2973 2972 2941 2942
f 2974 2973 2942 2943
f 2975 2974 2943 2944
f 2976 2975 2944 2945
f 2977 2976 2945 2946
f 2978 2977 2946 2947
f 2979 2978 2947 2948
f 2980 2979 2948 2949
f 2955 2980 2949 2950
f 3003 3002 3007 3008
f 3004 3003 3008 3009
f 3005 3004 3009 3010
f 3006 3005 3010 3011
f 2981 3006 3011 3012
f 2982 2981 3012 3013
f 2983 2982 3013 3014
f 2984 2983 3014 3015
f 2985 2984 3015 3016
f 2986 2985 3016 3017
f 2987 2986 3017 3018
f 2988 2987 3018 3019
f 2989 2988 3019 3020
f 2990 2989 3020 3021
f 2991 2990 3021 3022
f 2992 2991 3022 3023
f 2993 2992 3023 3024
f 2994 2993 3024 3025
f 2995 2994 3025 3026
f 2996 2995 3026 3027
f 2997 2996 3027 3028
f 2998 2997 3028 3029
f 2999 2998 3029 3030
f 3000 2999 3030 3031
f 3001 3000 3031 3032
f 3002 3001 3032 3007
f 3008 3007 2955 2956
f 3002 3003 2951 2950
f 3009 3008 2956 2957
f 3003 3004 2952 2951
f 3010 3009 2957 2958
f 3004 3005 2953 2952
f 3011 3010 2958 2959
f 3005 3006 2954 2953
f 3012 3011 2959 2960
f 3006 2981 2929 2954
f 3013 3012 2960 2961
f 2981 2982 2930 2929
f 3014 3013 2961 2962
f 2982 2983 2931 2930
f 3015 3014 2962 2963
f 2983 2984 2932 2931
f 3016 3015 2963 2964
f 2984 2985 2933 2932
f 3017 3016 2964 2965
f 2985 2986 2934 2933
f 3018 3017 2965 2966
f 2986 2987 2935 2934
f 3019 3018 2966 2967
f 2987 2988 2936 2935
f 3020 3019 2967 2968
f 2988 2989 2937 2936
f 3021 3020 2968 2969
f 2989 2990 2938 2937
f 3022 3021 2969 2970
f 2990 2991 2939 2938
f 3023 3022 2970 2971
f 2991 2992 2940 2939
f 3024 3023 2971 2972
f 2992 2993 2941 2940
f 3025 3024 2972 2973
f 2993 2994 2942 2941
f 3026 3025 2973 2974
f 2994 2995 2943 2942
f 3027 3026 2974 2975
f 2995 2996 2944 2943
f 3028 3027 2975 2976
f 2996 2997 2945 2944
f 3029 3028 2976 2977
f 2997 2998 2946 2945
f 3030 3029 2977 2978
f 2998 2999 2947 2946
f 3031 3030 2978 2979
f 2999 3000 2948 2947
f 3032 3031 2979 2980
f 3000 3001 2949 2948
f 3007 3032 2980 2955
f 3001 3002 2950 2949
f 3060 3059 3054 3055
f 3061 3060 3055 3056
f 3062 3061 3056 3057
f 3063 3062 3057 3058
f 3064 3063 3058 3033
f 3065 3064 3033 3034
f 3066 3065 3034 3035
f 3067 3066 3035 3036
f 3068 3067 3036 3037
f 3069 3068 3037 3038
f 3070 3069 3038 3039
f 3071 3070 3039 3040
f 3072 3071 3040 3041
f 3073 3072 3041 3042
f 3074 3073 3042 3043
f 3075 3074 3043 3044
f 3076 3075 3044 3045
f 3077 3076 3045 3046
f 3078 3077 3046 3047
f 3079 3078 3047 3048
f 3080 3079 3048 3049
f 3081 3080 3049 3050
f 3082 3081 3050 3051
f 3083 3082 3051 3052
f 3084 3083 3052 3053
f 3059 3084 3053 3054
f 3107 3106 3111 3112
f 3108 3107 3112 3113
f 3109 3108 3113 3114
f 3110 3109 3114 3115
f 3085 3110 3115 3116
f 3086 3085 3116 3117
f 3087 3086 3117 3118
f 3088 3087 3118 3119
f 3089 3088 3119 3120
f 3090 3089 3120 3121
f 3091 3090 3121 3122
f 3092 3091 3122 3123
f 3093 3092 3123 3124
f 3094 3093 3124 3125
f 3095 3094 3125 3126
f 3096 3095 3126 3127
f 3097 3096 3127 3128
f 3098 3097 3128 3129
f 3099 3098 3129 3130
f 3100 3099 3130 3131
f 3101 3100 3131 3132
f 3102 3101 3132 3133
f 3103 3102 3133 3134
f 3104 3103 3134 3135
f 3105 3104 3135 3136
f 3106 3105 3136 3111
f 3112 3111 3059 3060
f 3106 3107 3055 3054
f 3113 3112 3060 3061
f 3107 3108 3056 3055
f 3114 3113 3061 3062
f 3108 3109 3057 3056
f 3115 3114 3062 3063
f 3109 3110 3058 3057
f 3116 3115 3063 3064
f 3110 3085 3033 3058
f 3117 3116 3064 3065
f 3085 3086 3034 3033
f 3118 3117 3065 3066
f 3086 3087 3035 3034
f 3119 3118 3066 3067
f 3087 3088 3036 3035
f 3120 3119 3067 3068
f 3088 3089 3037 3036
f 3121 3120 3068 3069
f 3089 3090 3038 3037
f 3122 3121 3069 3070
f 3090 3091 3039 3038
f 3123 3122 3070 3071
f 3091 3092 3040 3039
f 3124 3123 3071 3072
f 3092 3093 3041 3040
f 3125 3124 3072 3073
f 3093 3094 3042 3041
f 3126 3125 3073 3074
f 3094 3095 3043 3042
f 3127 3126 3074 3075
f 3095 3096 3044 3043
f 3128 3127 3075 3076
f 3096 3097 3045 3044
f 3129 3128 3076 3077
f 3097 3098 3046 3045
f 3130 3129 3077 3078
f 3098 3099 3047 3046
f 3131 3130 3078 3079
f 3099 3100 3048 3047
f 3132 3131 3079 3080
f 3100 3101 3049 3048
f 3133 3132 3080 3081
f 3101 3102 3050 3049
f 3134 3133 3081 3082
f 3102 3103 3051 3050
f 3135 3134 3082 3083
f 3103 3104 3052 3051
f 3136 3135 3083 3084
f 3104 3105 3053 3052
f 3111 3136 3084 3059
f 3105 3106 3054 3053
f 3148 3153 3152 3149 3138
f 3147 3154 3155 3148 3137
f 3138 3137 3148
f 3139 3161 3160 3159 3151 3150
f 3140 3163 3162 3139 3158 3157
f 3151 3159 3138 3149
f 3158 3139 3150 3146
f 3137 3140 3157 3147
f 3165 3176 3179 3180 3175
f 3164 3175 3182 3181 3174
f 3175 3164 3165
f 3177 3178 3186 3187 3188 3166
f 3184 3185 3166 3189 3190 3167
f 3176 3165 3186 3178
f 3173 3177 3166 3185
f 3174 3184 3167 3164
f 3137 3138 3165 3164
f 3192 3203 3206 3207 3202
f 3191 3202 3209 3208 3201
f 3202 3191 3192
f 3204 3205 3213 3214 3215 3193
f 3211 3212 3193 3216 3217 3194
f 3203 3192 3213 3205
f 3200 3204 3193 3212
f 3201 3211 3194 3191
f 3229 3234 3233 3230 3219
f 3228 3235 3236 3229 3218
f 3219 3218 3229
f 3220 3242 3241 3240 3232 3231
f 3221 3244 3243 3220 3239 3238
f 3232 3240 3219 3230
f 3239 3220 3231 3227
f 3218 3221 3238 3228
f 3218 3219 3192 3191
f 3202 3207 3153 3148
f 3207 3206 3152 3153
f 3206 3203 3149 3152
f 3201 3208 3154 3147
f 3208 3209 3155 3154
f 3209 3202 3148 3155
f 3193 3215 3161 3139
f 3215 3214 3160 3161
f 3214 3213 3159 3160
f 3205 3204 3150 3151
f 3194 3217 3163 3140
f 3217 3216 3162 3163
f 3216 3193 3139 3162
f 3212 3211 3157 3158
f 3213 3192 3138 3159
f 3203 3205 3151 3149
f 3204 3200 3146 3150
f 3200 3212 3158 3146
f 3191 3194 3140 3137
f 3211 3201 3147 3157
f 3230 3233 3179 3176
f 3233 3234 3180 3179
f 3234 3229 3175 3180
f 3229 3236 3182 3175
f 3236 3235 3181 3182
f 3235 3228 3174 3181
f 3231 3232 3178 3177
f 3240 3241 3187 3186
f 3241 3242 3188 3187
f 3242 3220 3166 3188
f 3238 3239 3185 3184
f 3220 3243 3189 3166
f 3243 3244 3190 3189
f 3244 3221 3167 3190
f 3219 3240 3186 3165
f 3232 3230 3176 3178
f 3227 3231 3177 3173
f 3239 3227 3173 3185
f 3228 3238 3184 3174
f 3221 3218 3164 3167
f 3192 3219 3165 3138
f 3218 3191 3137 3164
f 3246 3257 3260 3261 3256
f 3245 3256 3263 3262 3255
f 3256 3245 3246
f 3258 3259 3267 3268 3269 3247
f 3265 3266 3247 3270 3271 3248
f 3257 3246 3267 3259
f 3254 3258 3247 3266
f 3255 3265 3248 3245
f 3283 3288 3287 3284 3273
f 3282 3289 3290 3283 3272
f 3273 3272 3283
f 3274 3296 3295 3294 3286 3285
f 3275 3298 3297 3274 3293 3292
f 3286 3294 3273 3284
f 3293 3274 3285 3281
f 3272 3275 3292 3282
f 3272 3273 3246 3245
f 3310 3315 3314 3311 3300
f 3309 3316 3317 3310 3299
f 3300 3299 3310
f 3301 3323 3322 3321 3313 3312
f 3302 3325 3324 3301 3320 3319
f 3313 3321 3300 3311
f 3320 3301 3312 3308
f 3299 3302 3319 3309
f 3327 3338 3341 3342 3337
f 3326 3337 3344 3343 3336
f 3337 3326 3327
f 3339 3340 3348 3349 3350 3328
f 3346 3347 3328 3351 3352 3329
f 3338 3327 3348 3340
f 3335 3339 3328 3347
f 3336 3346 3329 3326
f 3299 3300 3327 3326
f 3256 3261 3315 3310
f 3261 3260 3314 3315
f 3260 3257 3311 3314
f 3255 3262 3316 3309
f 3262 3263 3317 3316
f 3263 3256 3310 3317
f 3247 3269 3323 3301
f 3269 3268 3322 3323
f 3268 3267 3321 3322
f 3259 3258 3312 3313
f 3248 3271 3325 3302
f 3271 3270 3324 3325
f 3270 3247 3301 3324
f 3266 3265 3319 3320
f 3267 3246 3300 3321
f 3257 3259 3313 3311
f 3258 3254 3308 3312
f 3254 3266 3320 3308
f 3245 3248 3302 3299
f 3265 3255 3309 3319
f 3284 3287 3341 3338
f 3287 3288 3342 3341
f 3288 3283 3337 3342
f 3283 3290 3344 3337
f 3290 3289 3343 3344
f 3289 3282 3336 3343
f 3285 3286 3340 3339
f 3294 3295 3349 3348
f 3295 3296 3350 3349
f 3296 3274 3328 3350
f 3292 3293 3347 3346
f 3274 3297 3351 3328
f 3297 3298 3352 3351
f 3298 3275 3329 3352
f 3273 3294 3348 3327
f 3286 3284 3338 3340
f 3281 3285 3339 3335
f 3293 3281 3335 3347
f 3282 3292 3346 3336
f 3275 3272 3326 3329
f 3246 3273 3327 3300
f 3272 3245 3299 3326
f 3380 3379 3374 3375
f 3381 3380 3375 3376
f 3382 3381 3376 3377
f 3383 3382 3377 3378
f 3384 3383 3378 3353
f 3385 3384 3353 3354
f 3386 3385 3354 3355
f 3387 3386 3355 3356
f 3388 3387 3356 3357
f 3389 3388 3357 3358
f 3390 3389 3358 3359
f 3391 3390 3359 3360
f 3392 3391 3360 3361
f 3393 3392 3361 3362
f 3394 3393 3362 3363
f 3395 3394 3363 3364
f 3396 3395 3364 3365
f 3397 3396 3365 3366
f 3398 3397 3366 3367
f 3399 3398 3367 3368
f 3400 3399 3368 3369
f 3401 3400 3369 3370
f 3402 3401 3370 3371
f 3403 3402 3371 3372
f 3404 3403 3372 3373
f 3379 3404 3373 3374
f 3427 3426 3431 3432
f 3428 3427 3432 3433
f 3429 3428 3433 3434
f 3430 3429 3434 3435
f 3405 3430 3435 3436
f 3406 3405 3436 3437
f 3407 3406 3437 3438
f 3408 3407 3438 3439
f 3409 3408 3439 3440
f 3410 3409 3440 3441
f 3411 3410 3441 3442
f 3412 3411 3442 3443
f 3413 3412 3443 3444
f 3414 3413 3444 3445
f 3415 3414 3445 3446
f 3416 3415 3446 3447
f 3417 3416 3447 3448
f 3418 3417 3448 3449
f 3419 3418 3449 3450
f 3420 3419 3450 3451
f 3421 3420 3451 3452
f 3422 3421 3452 3453
f 3423 3422 3453 3454
f 3424 3423 3454 3455
f 3425 3424 3455 3456
f 3426 3425 3456 3431
f 3432 3431 3379 3380
f 3426 3427 3375 3374
f 3433 3432 3380 3381
f 3427 3428 3376 3375
f 3434 3433 3381 3382
f 3428 3429 3377 3376
f 3435 3434 3382 3383
f 3429 3430 3378 3377
f 3436 3435 3383 3384
f 3430 3405 3353 3378
f 3437 3436 3384 3385
f 3405 3406 3354 3353
f 3438 3437 3385 3386
f 3406 3407 3355 3354
f 3439 3438 3386 3387
f 3407 3408 3356 3355
f 3440 3439 3387 3388
f 3408 3409 3357 3356
f 3441 3440 3388 3389
f 3409 3410 3358 3357
f 3442 3441 3389 3390
f 3410 3411 3359 3358
f 3443 3442 3390 3391
f 3411 3412 3360 3359
f 3444 3443 3391 3392
f 3412 3413 3361 3360
f 3445 3444 3392 3393
f 3413 3414 3362 3361
f 3446 3445 3393 3394
f 3414 3415 3363 3362
f 3447 3446 3394 3395
f 3415 3416 3364 3363
f 3448 3447 3395 3396
f 3416 3417 3365 3364
f 3449 3448 3396 3397
f 3417 3418 3366 3365
f 3450 3449 3397 3398
f 3418 3419 3367 3366
f 3451 3450 3398 3399
f 3419 3420 3368 3367
f 3452 3451 3399 3400
f 3420 3421 3369 3368
f 3453 3452 3400 3401
f 3421 3422 3370 3369
f 3454 3453 3401 3402
f 3422 3423 3371 3370
f 3455 3454 3402 3403
f 3423 3424 3372 3371
f 3456 3455 3403 3404
f 3424 3425 3373 3372
f 3431 3456 3404 3379
f 3425 3426 3374 3373
f 3484 3483 3478 3479
f 3485 3484 3479 3480
f 3486 3485 3480 3481
f 3487 3486 3481 3482
f 3488 3487 3482 3457
f 3489 3488 3457 3458
f 3490 3489 3458 3459
f 3491 3490 3459 3460
f 3492 3491 3460 3461
f 3493 3492 3461 3462
f 3494 3493 3462 3463
f 3495 3494 3463 3464
f 3496 3495 3464 3465
f 3497 3496 3465 3466
f 3498 3497 3466 3467
f 3499 3498 3467 3468
f 3500 3499 3468 3469
f 3501 3500 3469 3470
f 3502 3501 3470 3471
f 3503 3502 3471 3472
f 3504 3503 3472 3473
f 3505 3504 3473 3474
f 3506 3505 3474 3475
f 3507 3506 3475 3476
f 3508 3507 3476 3477
f 3483 3508 3477 3478
f 3531 3530 3535 3536
f 3532 3531 3536 3537
f 3533 3532 3537 3538
f 3534 3533 3538 3539
f 3509 3534 3539 3540
f 3510 3509 3540 3541
f 3511 3510 3541 3542
f 3512 3511 3542 3543
f 3513 3512 3543 3544
f 3514 3513 3544 3545
f 3515 3514 3545 3546
f 3516 3515 3546 3547
f 3517 3516 3547 3548
f 3518 3517 3548 3549
f 3519 3518 3549 3550
f 3520 3519 3550 3551
f 3521 3520 3551 3552
f 3522 3521 3552 3553
f 3523 3522 3553 3554
f 3524 3523 3554 3555
f 3525 3524 3555 3556
f 3526 3525 3556 3557
f 3527 3526 3557 3558
f 3528 3527 3558 3559
f 3529 3528 3559 3560
f 3530 3529 3560 3535
f 3536 3535 3483 3484
f 3530 3531 3479 3478
f 3537 3536 3484 3485
f 3531 3532 3480 3479
f 3538 3537 3485 3486
f 3532 3533 3481 3480
f 3539 3538 3486 3487
f 3533 3534 3482 3481
f 3540 3539 3487 3488
f 3534 3509 3457 3482
f 3541 3540 3488 3489
f 3509 3510 3458 3457
f 3542 3541 3489 3490
f 3510 3511 3459 3458
f 3543 3542 3490 3491
f 3511 3512 3460 3459
f 3544 3543 3491 3492
f 3512 3513 3461 3460
f 3545 3544 3492 3493
f 3513 3514 3462 3461
f 3546 3545 3493 3494
f 3514 3515 3463 3462
f 3547 3546 3494 3495
f 3515 3516 3464 3463
f 3548 3547 3495 3496
f 3516 3517 3465 3464
f 3549 3548 3496 3497
f 3517 3518 3466 3465
f 3550 3549 3497 3498
f 3518 3519 3467 3466
f 3551 3550 3498 3499
f 3519 3520 3468 3467
f 3552 3551 3499 3500
f 3520 3521 3469 3468
f 3553 3552 3500 3501
f 3521 3522 3470 3469
f 3554 3553 3501 3502
f 3522 3523 3471 3470
f 3555 3554 3502 3503
f 3523 3524 3472 3471
f 3556 3555 3503 3504
f 3524 3525 3473 3472
f 3557 3556 3504 3505
f 3525 3526 3474 3473
f 3558 3557 3505 3506
f 3526 3527 3475 3474
f 3559 3558 3506 3507
f 3527 3528 3476 3475
f 3560 3559 3507 3508
f 3528 3529 3477 3476
f 3535 3560 3508 3483
f 3529 3530 3478 3477
f 3562 3573 3576 3577 3572
f 3561 3572 3579 3578 3571
f 3572 3561 3562
f 3574 3575 3583 3584 3585 3563
f 3581 3582 3563 3586 3587 3564
f 3573 3562 3583 3575
f 3570 3574 3563 3582
f 3571 3581 3564 3561
f 3599 3604 3603 3600 3589
f 3598 3605 3606 3599 3588
f 3589 3588 3599
f 3590 3612 3611 3610 3602 3601
f 3591 3614 3613 3590 3609 3608
f 3602 3610 3589 3600
f 3609 3590 3601 3597
f 3588 3591 3608 3598
f 3588 3589 3562 3561
f 3626 3631 3630 3627 3616
f 3625 3632 3633 3626 3615
f 3616 3615 3626
f 3617 3639 3638 3637 3629 3628
f 3618 3641 3640 3617 3636 3635
f 3629 3637 3616 3627
f 3636 3617 3628 3624
f 3615 3618 3635 3625
f 3643 3654 3657 3658 3653
f 3642 3653 3660 3659 3652
f 3653 3642 3643
f 3655 3656 3664 3665 3666 3644
f 3662 3663 3644 3667 3668 3645
f 3654 3643 3664 3656
f 3651 3655 3644 3663
f 3652 3662 3645 3642
f 3615 3616 3643 3642
f 3572 3577 3631 3626
f 3577 3576 3630 3631
f 3576 3573 3627 3630
f 3571 3578 3632 3625
f 3578 3579 3633 3632
f 3579 3572 3626 3633
f 3563 3585 3639 3617
f 3585 3584 3638 3639
f 3584 3583 3637 3638
f 3575 3574 3628 3629
f 3564 3587 3641 3618
f 3587 3586 3640 3641
f 3586 3563 3617 3640
f 3582 3581 3635 3636
f 3583 3562 3616 3637
f 3573 3575 3629 3627
f 3574 3570 3624 3628
f 3570 3582 3636 3624
f 3561 3564 3618 3615
f 3581 3571 3625 3635
f 3600 3603 3657 3654
f 3603 3604 3658 3657
f 3604 3599 3653 3658
f 3599 3606 3660 3653
f 3606 3605 3659 3660
f 3605 3598 3652 3659
f 3601 3602 3656 3655
f 3610 3611 3665 3664
f 3611 3612 3666 3665
f 3612 3590 3644 3666
f 3608 3609 3663 3662
f 3590 3613 3667 3644
f 3613 3614 3668 3667
f 3614 3591 3645 3668
f 3589 3610 3664 3643
f 3602 3600 3654 3656
f 3597 3601 3655 3651
f 3609 3597 3651 3663
f 3598 3608 3662 3652
f 3591 3588 3642 3645
f 3562 3589 3643 3616
f 3588 3561 3615 3642
f 3696 3695 3690 3691
f 3697 3696 3691 3692
f 3698 3697 3692 3693
f 3699 3698 3693 3694
f 3700 3699 3694 3669
f 3701 3700 3669 3670
f 3702 3701 3670 3671
f 3703 3702 3671 3672
f 3704 3703 3672 3673
f 3705 3704 3673 3674
f 3706 3705 3674 3675
f 3707 3706 3675 3676
f 3708 3707 3676 3677
f 3709 3708 3677 3678
f 3710 3709 3678 3679
f 3711 3710 3679 3680
f 3712 3711 3680 3681
f 3713 3712 3681 3682
f 3714 3713 3682 3683
f 3715 3714 3683 3684
f 3716 3715 3684 3685
f 3717 3716 3685 3686
f 3718 3717 3686 3687
f 3719 3718 3687 3688
f 3720 3719 3688 3689
f 3695 3720 3689 3690
f 3743 3742 3747 3748
f 3744 3743 3748 3749
f 3745 3744 3749 3750
f 3746 3745 3750 3751
f 3721 3746 3751 3752
f 3722 3721 3752 3753
f 3723 3722 3753 3754
f 3724 3723 3754 3755
f 3725 3724 3755 3756
f 3726 3725 3756 3757
f 3727 3726 3757 3758
f 3728 3727 3758 3759
f 3729 3728 3759 3760
f 3730 3729 3760 3761
f 3731 3730 3761 3762
f 3732 3731 3762 3763
f 3733 3732 3763 3764
f 3734 3733 3764 3765
f 3735 3734 3765 3766
f 3736 3735 3766 3767
f 3737 3736 3767 3768
f 3738 3737 3768 3769
f 3739 3738 3769 3770
f 3740 3739 3770 3771
f 3741 3740 3771 3772
f 3742 3741 3772 3747
f 3748 3747 3695 3696
f 3742 3743 3691 3690
f 3749 3748 3696 3697
f 3743 3744 3692 3691
f 3750 3749 3697 3698
f 3744 3745 3693 3692
f 3751 3750 3698 3699
f 3745 3746 3694 3693
f 3752 3751 3699 3700
f 3746 3721 3669 3694
f 3753 3752 3700 3701
f 3721 3722 3670 3669
f 3754 3753 3701 3702
f 3722 3723 3671 3670
f 3755 3754 3702 3703
f 3723 3724 3672 3671
f 3756 3755 3703 3704
f 3724 3725 3673 3672
f 3757 3756 3704 3705
f 3725 3726 3674 3673
f 3758 3757 3705 3706
f 3726 3727 3675 3674
f 3759 3758 3706 3707
f 3727 3728 3676 3675
f 3760 3759 3707 3708
f 3728 3729 3677 3676
f 3761 3760 3708 3709
f 3729 3730 3678 3677
f 3762 3761 3709 3710
f 3730 3731 3679 3678
f 3763 3762 3710 3711
f 3731 3732 3680 3679
f 3764 3763 3711 3712
f 3732 3733 3681 3680
f 3765 3764 3712 3713
f 3733 3734 3682 3681
f 3766 3765 3713 3714
f 3734 3735 3683 3682
f 3767 3766 3714 3715
f 3735 3736 3684 3683
f 3768 3767 3715 3716
f 3736 3737 3685 3684
f 3769 3768 3716 3717
f 3737 3738 3686 3685
f 3770 3769 3717 3718
f 3738 3739 3687 3686
f 3771 3770 3718 3719
f 3739 3740 3688 3687
f 3772 3771 3719 3720
f 3740 3741 3689 3688
f 3747 3772 3720 3695
f 3741 3742 3690 3689
f 3800 3799 3794 3795
f 3801 3800 3795 3796
f 3802 3801 3796 3797
f 3803 3802 3797 3798
f 3804 3803 3798 3773
f 3805 3804 3773 3774
f 3806 3805 3774 3775
f 3807 3806 3775 3776
f 3808 3807 3776 3777
f 3809 3808 3777 3778
f 3810 3809 3778 3779
f 3811 3810 3779 3780
f 3812 3811 3780 3781
f 3813 3812 3781 3782
f 3814 3813 3782 3783
f 3815 3814 3783 3784
f 3816 3815 3784 3785
f 3817 3816 3785 3786
f 3818 3817 3786 3787
f 3819 3818 3787 3788
f 3820 3819 3788 3789
f 3821 3820 3789 3790
f 3822 3821 3790 3791
f 3823 3822 3791 3792
f 3824 3823 3792 3793
f 3799 3824 3793 3794
f 3847 3846 3851 3852
f 3848 3847 3852 3853
f 3849 3848 3853 3854
f 3850 3849 3854 3855
f 3825 3850 3855 3856
f 3826 3825 3856 3857
f 3827 3826 3857 3858
f 3828 3827 3858 3859
f 3829 3828 3859 3860
f 3830 3829 3860 3861
f 3831 3830 3861 3862
f 3832 3831 3862 3863
f 3833 3832 3863 3864
f 3834 3833 3864 3865
f 3835 3834 3865 3866
f 3836 3835 3866 3867
f 3837 3836 3867 3868
f 3838 3837 3868 3869
f 3839 3838 3869 3870
f 3840 3839 3870 3871
f 3841 3840 3871 3872
f 3842 3841 3872 3873
f 3843 3842 3873 3874
f 3844 3843 3874 3875
f 3845 3844 3875 3876
f 3846 3845 3876 3851
f 3852 3851 3799 3800
f 3846 3847 3795 3794
f 3853 3852 3800 3801
f 3847 3848 3796 3795
f 3854 3853 3801 3802
f 3848 3849 3797 3796
f 3855 3854 3802 3803
f 3849 3850 3798 3797
f 3856 3855 3803 3804
f 3850 3825 3773 3798
f 3857 3856 3804 3805
f 3825 3826 3774 3773
f 3858 3857 3805 3806
f 3826 3827 3775 3774
f 3859 3858 3806 3807
f 3827 3828 3776 3775
f 3860 3859 3807 3808
f 3828 3829 3777 3776
f 3861 3860 3808 3809
f 3829 3830 3778 3777
f 3862 3861 3809 3810
f 3830 3831 3779 3778
f 3863 3862 3810 3811
f 3831 3832 3780 3779
f 3864 3863 3811 3812
f 3832 3833 3781 3780
f 3865 3864 3812 3813
f 3833 3834 3782 3781
f 3866 3865 3813 3814
f 3834 3835 3783 3782
f 3867 3866 3814 3815
f 3835 3836 3784 3783
f 3868 3867 3815 3816
f 3836 3837 3785 3784
f 3869 3868 3816 3817
f 3837 3838 3786 3785
f 3870 3869 3817 3818
f 3838 3839 3787 3786
f 3871 3870 3818 3819
f 3839 3840 3788 3787
f 3872 3871 3819 3820
f 3840 3841 3789 3788
f 3873 3872 3820 3821
f 3841 3842 3790 3789
f 3874 3873 3821 3822
f 3842 3843 3791 3790
f 3875 3874 3822 3823
f 3843 3844 3792 3791
f 3876 3875 3823 3824
f 3844 3845 3793 3792
f 3851 3876 3824 3799
f 3845 3846 3794 3793
f 3904 3903 3898 3899
f 3905 3904 3899 3900
f 3906 3905 3900 3901
f 3907 3906 3901 3902
f 3908 3907 3902 3877
f 3909 3908 3877 3878
f 3910 3909 3878 3879
f 3911 3910 3879 3880
f 3912 3911 3880 3881
f 3913 3912 3881 3882
f 3914 3913 3882 3883
f 3915 3914 3883 3884
f 3916 3915 3884 3885
f 3917 3916 3885 3886
f 3918 3917 3886 3887
f 3919 3918 3887 3888
f 3920 3919 3888 3889
f 3921 3920 3889 3890
f 3922 3921 3890 3891
f 3923 3922 3891 3892
f 3924 3923 3892 3893
f 3925 3924 3893 3894
f 3926 3925 3894 3895
f 3927 3926 3895 3896
f 3928 3927 3896 3897
f 3903 3928 3897 3898
f 3951 3950 3955 3956
f 3952 3951 3956 3957
f 3953 3952 3957 3958
f 3954 3953 3958 3959
f 3929 3954 3959 3960
f 3930 3929 3960 3961
f 3931 3930 3961 3962
f 3932 3931 3962 3963
f 3933 3932 3963 3964
f 3934 3933 3964 3965
f 3935 3934 3965 3966
f 3936 3935 3966 3967
f 3937 3936 3967 3968
f 3938 3937 3968 3969
f 3939 3938 3969 3970
f 3940 3939 3970 3971
f 3941 3940 3971 3972
f 3942 3941 3972 3973
f 3943 3942 3973 3974
f 3944 3943 3974 3975
f 3945 3944 3975 3976
f 3946 3945 3976 3977
f 3947 3946 3977 3978
f 3948 3947 3978 3979
f 3949 3948 3979 3980
f 3950 3949 3980 3955
f 3956 3955 3903 3904
f 3950 3951 3899 3898
f 3957 3956 3904 3905
f 3951 3952 3900 3899
f 3958 3957 3905 3906
f 3952 3953 3901 3900
f 3959 3958 3906 3907
f 3953 3954 3902 3901
f 3960 3959 3907 3908
f 3954 3929 3877 3902
f 3961 3960 3908 3909
f 3929 3930 3878 3877
f 3962 3961 3909 3910
f 3930 3931 3879 3878
f 3963 3962 3910 3911
f 3931 3932 3880 3879
f 3964 3963 3911 3912
f 3932 3933 3881 3880
f 3965 3964 3912 3913
f 3933 3934 3882 3881
f 3966 3965 3913 3914
f 3934 3935 3883 3882
f 3967 3966 3914 3915
f 3935 3936 3884 3883
f 3968 3967 3915 3916
f 3936 3937 3885 3884
f 3969 3968 3916 3917
f 3937 3938 3886 3885
f 3970 3969 3917 3918
f 3938 3939 3887 3886
f 3971 3970 3918 3919
f 3939 3940 3888 3887
f 3972 3971 3919 3920
f 3940 3941 3889 3888
f 3973 3972 3920 3921
f 3941 3942 3890 3889
f 3974 3973 3921 3922
f 3942 3943 3891 3890
f 3975 3974 3922 3923
f 3943 3944 3892 3891
f 3976 3975 3923 3924
f 3944 3945 3893 3892
f 3977 3976 3924 3925
f 3945 3946 3894 3893
f 3978 3977 3925 3926
f 3946 3947 3895 3894
f 3979 3978 3926 3927
f 3947 3948 3896 3895
f 3980 3979 3927 3928
f 3948 3949 3897 3896
f 3955 3980 3928 3903
f 3949 3950 3898 3897
f 4003 4002 4007 4008
f 4004 4003 4008 4009
f 4005 4004 4009 4010
f 4006 4005 4010 4011
f 3981 4006 4011 4012
f 3982 3981 4012 4013
f 3983 3982 4013 4014
f 3984 3983 4014 4015
f 3985 3984 4015 4016
f 3986 3985 4016 4017
f 3987 3986 4017 4018
f 3988 3987 4018 4019
f 3989 3988 4019 4020
f 3990 3989 4020 4021
f 3991 3990 4021 4022
f 3992 3991 4022 4023
f 3993 3992 4023 4024
f 3994 3993 4024 4025
f 3995 3994 4025 4026
f 3996 3995 4026 4027
f 3997 3996 4027 4028
f 3998 3997 4028 4029
f 3999 3998 4029 4030
f 4000 3999 4030 4031
f 4001 4000 4031 4032
f 4002 4001 4032 4007
f 4060 4059 4054 4055
f 4061 4060 4055 4056
f 4062 4061 4056 4057
f 4063 4062 4057 4058
f 4064 4063 4058 4033
f 4065 4064 4033 4034
f 4066 4065 4034 4035
f 4067 4066 4035 4036
f 4068 4067 4036 4037
f 4069 4068 4037 4038
f 4070 4069 4038 4039
f 4071 4070 4039 4040
f 4072 4071 4040 4041
f 4073 4072 4041 4042
f 4074 4073 4042 4043
f 4075 4074 4043 4044
f 4076 4075 4044 4045
f 4077 4076 4045 4046
f 4078 4077 4046 4047
f 4079 4078 4047 4048
f 4080 4079 4048 4049
f 4081 4080 4049 4050
f 4082 4081 4050 4051
f 4083 4082 4051 4052
f 4084 4083 4052 4053
f 4059 4084 4053 4054
f 4008 4007 4059 4060
f 4002 4003 4055 4054
f 4009 4008 4060 4061
f 4003 4004 4056 4055
f 4010 4009 4061 4062
f 4004 4005 4057 4056
f 4011 4010 4062 4063
f 4005 4006 4058 4057
f 4012 4011 4063 4064
f 4006 3981 4033 4058
f 4013 4012 4064 4065
f 3981 3982 4034 4033
f 4014 4013 4065 4066
f 3982 3983 4035 4034
f 4015 4014 4066 4067
f 3983 3984 4036 4035
f 4016 4015 4067 4068
f 3984 3985 4037 4036
f 4017 4016 4068 4069
f 3985 3986 4038 4037
f 4018 4017 4069 4070
f 3986 3987 4039 4038
f 4019 4018 4070 4071
f 3987 3988 4040 4039
f 4020 4019 4071 4072
f 3988 3989 4041 4040
f 4021 4020 4072 4073
f 3989 3990 4042 4041
f 4022 4021 4073 4074
f 3990 3991 4043 4042
f 4023 4022 4074 4075
f 3991 3992 4044 4043
f 4024 4023 4075 4076
f 3992 3993 4045 4044
f 4025 4024 4076 4077
f 3993 3994 4046 4045
f 4026 4025 4077 4078
f 3994 3995 4047 4046
f 4027 4026 4078 4079
f 3995 3996 4048 4047
f 4028 4027 4079 4080
f 3996 3997 4049 4048
f 4029 4028 4080 4081
f 3997 3998 4050 4049
f 4030 4029 4081 4082
f 3998 3999 4051 4050
f 4031 4030 4082 4083
f 3999 4000 4052 4051
f 4032 4031 4083 4084
f 4000 4001 4053 4052
f 4007 4032 4084 4059
f 4001 4002 4054 4053
f 4107 4106 4111 4112
f 4108 4107 4112 4113
f 4109 4108 4113 4114
f 4110 4109 4114 4115
f 4085 4110 4115 4116
f 4086 4085 4116 4117
f 4087 4086 4117 4118
f 4088 4087 4118 4119
f 4089 4088 4119 4120
f 4090 4089 4120 4121
f 4091 4090 4121 4122
f 4092 4091 4122 4123
f 4093 4092 4123 4124
f 4094 4093 4124 4125
f 4095 4094 4125 4126
f 4096 4095 4126 4127
f 4097 4096 4127 4128
f 4098 4097 4128 4129
f 4099 4098 4129 4130
f 4100 4099 4130 4131
f 4101 4100 4131 4132
f 4102 4101 4132 4133
f 4103 4102 4133 4134
f 4104 4103 4134 4135
f 4105 4104 4135 4136
f 4106 4105 4136 4111
f 4164 4163 4158 4159
f 4165 4164 4159 4160
f 4166 4165 4160 4161
f 4167 4166 4161 4162
f 4168 4167 4162 4137
f 4169 4168 4137 4138
f 4170 4169 4138 4139
f 4171 4170 4139 4140
f 4172 4171 4140 4141
f 4173 4172 4141 4142
f 4174 4173 4142 4143
f 4175 4174 4143 4144
f 4176 4175 4144 4145
f 4177 4176 4145 4146
f 4178 4177 4146 4147
f 4179 4178 4147 4148
f 4180 4179 4148 4149
f 4181 4180 4149 4150
f 4182 4181 4150 4151
f 4183 4182 4151 4152
f 4184 4183 4152 4153
f 4185 4184 4153 4154
f 4186 4185 4154 4155
f 4187 4186 4155 4156
f 4188 4187 4156 4157
f 4163 4188 4157 4158
f 4112 4111 4163 4164
f 4106 4107 4159 4158
f 4113 4112 4164 4165
f 4107 4108 4160 4159
f 4114 4113 4165 4166
f 4108 4109 4161 4160
f 4115 4114 4166 4167
f 4109 4110 4162 4161
f 4116 4115 4167 4168
f 4110 4085 4137 4162
f 4117 4116 4168 4169
f 4085 4086 4138 4137
f 4118 4117 4169 4170
f 4086 4087 4139 4138
f 4119 4118 4170 4171
f 4087 4088 4140 4139
f 4120 4119 4171 4172
f 4088 4089 4141 4140
f 4121 4120 4172 4173
f 4089 4090 4142 4141
f 4122 4121 4173 4174
f 4090 4091 4143 4142
f 4123 4122 4174 4175
f 4091 4092 4144 4143
f 4124 4123 4175 4176
f 4092 4093 4145 4144
f 4125 4124 4176 4177
f 4093 4094 4146 4145
f 4126 4125 4177 4178
f 4094 4095 4147 4146
f 4127 4126 4178 4179
f 4095 4096 4148 4147
f 4128 4127 4179 4180
f 4096 4097 4149 4148
f 4129 4128 4180 4181
f 4097 4098 4150 4149
f 4130 4129 4181 4182
f 4098 4099 4151 4150
f 4131 4130 4182 4183
f 4099 4100 4152 4151
f 4132 4131 4183 4184
f 4100 4101 4153 4152
f 4133 4132 4184 4185
f 4101 4102 4154 4153
f 4134 4133 4185 4186
f 4102 4103 4155 4154
f 4135 4134 4186 4187
f 4103 4104 4156 4155
f 4136 4135 4187 4188
f 4104 4105 4157 4156
f 4111 4136 4188 4163
f 4105 4106 4158 4157
f 4216 4215 4210 4211
f 4217 4216 4211 4212
f 4218 4217 4212 4213
f 4219 4218 4213 4214
f 4220 4219 4214 4189
f 4221 4220 4189 4190
f 4222 4221 4190 4191
f 4223 4222 4191 4192
f 4224 4223 4192 4193
f 4225 4224 4193 4194
f 4226 4225 4194 4195
f 4227 4226 4195 4196
f 4228 4227 4196 4197
f 4229 4228 4197 4198
f 4230 4229 4198 4199
f 4231 4230 4199 4200
f 4232 4231 4200 4201
f 4233 4232 4201 4202
f 4234 4233 4202 4203
f 4235 4234 4203 4204
f 4236 4235 4204 4205
f 4237 4236 4205 4206
f 4238 4237 4206 4207
f 4239 4238 4207 4208
f 4240 4239 4208 4209
f 4215 4240 4209 4210
f 4263 4262 4267 4268
f 4264 4263 4268 4269
f 4265 4264 4269 4270
f 4266 4265 4270 4271
f 4241 4266 4271 4272
f 4242 4241 4272 4273
f 4243 4242 4273 4274
f 4244 4243 4274 4275
f 4245 4244 4275 4276
f 4246 4245 4276 4277
f 4247 4246 4277 4278
f 4248 4247 4278 4279
f 4249 4248 4279 4280
f 4250 4249 4280 4281
f 4251 4250 4281 4282
f 4252 4251 4282 4283
f 4253 4252 4283 4284
f 4254 4253 4284 4285
f 4255 4254 4285 4286
f 4256 4255 4286 4287
f 4257 4256 4287 4288
f 4258 4257 4288 4289
f 4259 4258 4289 4290
f 4260 4259 4290 4291
f 4261 4260 4291 4292
f 4262 4261 4292 4267
f 4268 4267 4215 4216
f 4262 4263 4211 4210
f 4269 4268 4216 4217
f 4263 4264 4212 4211
f 4270 4269 4217 4218
f 4264 4265 4213 4212
f 4271 4270 4218 4219
f 4265 4266 4214 4213
f 4272 4271 4219 4220
f 4266 4241 4189 4214
f 4273 4272 4220 4221
f 4241 4242 4190 4189
f 4274 4273 4221 4222
f 4242 4243 4191 4190
f 4275 4274 4222 4223
f 4243 4244 4192 4191
f 4276 4275 4223 4224
f 4244 4245 4193 4192
f 4277 4276 4224 4225
f 4245 4246 4194 4193
f 4278 4277 4225 4226
f 4246 4247 4195 4194
f 4279 4278 4226 4227
f 4247 4248 4196 4195
f 4280 4279 4227 4228
f 4248 4249 4197 4196
f 4281 4280 4228 4229
f 4249 4250 4198 4197
f 4282 4281 4229 4230
f 4250 4251 4199 4198
f 4283 4282 4230 4231
f 4251 4252 4200 4199
f 4284 4283 4231 4232
f 4252 4253 4201 4200
f 4285 4284 4232 4233
f 4253 4254 4202 4201
f 4286 4285 4233 4234
f 4254 4255 4203 4202
f 4287 4286 4234 4235
f 4255 4256 4204 4203
f 4288 4287 4235 4236
f 4256 4257 4205 4204
f 4289 4288 4236 4237
f 4257 4258 4206 4205
f 4290 4289 4237 4238
f 4258 4259 4207 4206
f 4291 4290 4238 4239
f 4259 4260 4208 4207
f 4292 4291 4239 4240
f 4260 4261 4209 4208
f 4267 4292 4240 4215
f 4261 4262 4210 4209
