
g 
v -1.8913 -0.0977 -1.2304
v -1.8743 -0.1091 -1.2379
v -1.8726 -0.1089 -1.2283
v -1.8782 -0.1088 -1.2185
v -1.8873 -0.1089 -1.212
v -1.8952 -0.1091 -1.2119
v -1.9024 -0.1091 -1.2151
v -1.9077 -0.1091 -1.2209
v -1.9102 -0.1091 -1.2284
v -1.9094 -0.1091 -1.2362
v -1.9054 -0.1091 -1.243
v -1.8962 -0.1091 -1.2484
v -1.8856 -0.1091 -1.248
v -1.8731 -0.0977 -1.2342
v -1.8772 -0.0977 -1.243
v -1.8836 -0.0977 -1.2476
v -1.8913 -0.0977 -1.2492
v -1.899 -0.0977 -1.2476
v -1.9054 -0.0977 -1.243
v -1.9094 -0.0977 -1.2362
v -1.9102 -0.0977 -1.2284
v -1.9077 -0.0977 -1.2209
v -1.9024 -0.0977 -1.2151
v -1.8952 -0.0977 -1.2119
v -1.8873 -0.0979 -1.212
v -1.8782 -0.0981 -1.2185
v -1.8728 -0.0979 -1.2263
v -1.8932 -0.149 1.2313
v -1.5591 -0.149 1.2313
v -1.5664 -0.149 1.3005
v -1.588 -0.149 1.3666
v -1.6229 -0.149 1.4268
v -1.6696 -0.149 1.4785
v -1.7261 -0.149 1.5194
v -1.79 -0.149 1.5476
v -1.8583 -0.149 1.5621
v -1.9281 -0.149 1.5621
v -1.9964 -0.149 1.5476
v -2.0602 -0.149 1.5194
v -2.1167 -0.149 1.4785
v -2.1634 -0.149 1.4268
v -2.1983 -0.149 1.3666
v -2.2199 -0.149 1.3005
v -2.2272 -0.149 1.2313
v -2.2199 -0.149 1.1622
v -2.1983 -0.149 1.096
v -2.1634 -0.149 1.0359
v -2.1167 -0.149 0.9842
v -2.0602 -0.149 0.9433
v -1.9964 -0.149 0.915
v -1.9281 -0.149 0.9006
v -1.8583 -0.149 0.9006
v -1.79 -0.149 0.915
v -1.7261 -0.149 0.9433
v -1.6696 -0.149 0.9842
v -1.6229 -0.149 1.0359
v -1.588 -0.149 1.096
v -1.5664 -0.149 1.1622
v -1.5591 -0.0393 1.2313
v -1.5664 -0.0393 1.3005
v -1.588 -0.0393 1.3666
v -1.6229 -0.0393 1.4268
v -1.6696 -0.0393 1.4785
v -1.7261 -0.0393 1.5194
v -1.79 -0.0393 1.5476
v -1.8583 -0.0393 1.5621
v -1.9281 -0.0393 1.5621
v -1.9964 -0.0393 1.5476
v -2.0602 -0.0393 1.5194
v -2.1167 -0.0393 1.4785
v -2.1634 -0.0393 1.4268
v -2.1983 -0.0393 1.3666
v -2.2199 -0.0393 1.3005
v -2.2272 -0.0393 1.2313
v -2.2199 -0.0393 1.1622
v -2.1983 -0.0393 1.096
v -2.1634 -0.0393 1.0359
v -2.1167 -0.0393 0.9842
v -2.0602 -0.0393 0.9433
v -1.9964 -0.0393 0.915
v -1.9281 -0.0393 0.9006
v -1.8583 -0.0393 0.9006
v -1.79 -0.0393 0.915
v -1.7261 -0.0393 0.9433
v -1.6696 -0.0393 0.9842
v -1.6229 -0.0393 1.0359
v -1.588 -0.0393 1.096
v -1.5664 -0.0393 1.1622
v -1.8913 -0.0977 1.2306
v -1.6208 -0.0316 1.1106
v -1.6519 -0.0316 1.0568
v -1.6936 -0.0316 1.0107
v -1.7441 -0.0316 0.9742
v -1.801 -0.0316 0.949
v -1.862 -0.0316 0.9361
v -1.9243 -0.0316 0.9361
v -1.9853 -0.0316 0.949
v -2.0423 -0.0316 0.9742
v -2.0927 -0.0316 1.0107
v -2.1344 -0.0316 1.0568
v -2.1656 -0.0316 1.1106
v -2.1848 -0.0316 1.1696
v -2.1913 -0.0316 1.2313
v -2.1848 -0.0316 1.293
v -2.1656 -0.0316 1.3521
v -2.1344 -0.0316 1.4058
v -2.0927 -0.0316 1.452
v -2.0423 -0.0316 1.4884
v -1.9853 -0.0316 1.5137
v -1.9243 -0.0316 1.5266
v -1.862 -0.0316 1.5266
v -1.801 -0.0316 1.5137
v -1.7441 -0.0316 1.4884
v -1.6936 -0.0316 1.452
v -1.6519 -0.0316 1.4058
v -1.6208 -0.0316 1.3521
v -1.6015 -0.0316 1.293
v -1.595 -0.0316 1.2313
v -1.6015 -0.0316 1.1696
v -1.6208 -0.1357 1.1106
v -1.6519 -0.1357 1.0568
v -1.6936 -0.1357 1.0107
v -1.7441 -0.1357 0.9742
v -1.801 -0.1357 0.949
v -1.862 -0.1357 0.9361
v -1.9243 -0.1357 0.9361
v -1.9853 -0.1357 0.949
v -2.0423 -0.1357 0.9742
v -2.0927 -0.1357 1.0107
v -2.1344 -0.1357 1.0568
v -2.1656 -0.1357 1.1106
v -2.1848 -0.1357 1.1696
v -2.1913 -0.1357 1.2313
v -2.1848 -0.1357 1.293
v -2.1656 -0.1357 1.3521
v -2.1344 -0.1357 1.4058
v -2.0927 -0.1357 1.452
v -2.0423 -0.1357 1.4884
v -1.9853 -0.1357 1.5137
v -1.9243 -0.1357 1.5266
v -1.862 -0.1357 1.5266
v -1.801 -0.1357 1.5137
v -1.7441 -0.1357 1.4884
v -1.6936 -0.1357 1.452
v -1.6519 -0.1357 1.4058
v -1.6208 -0.1357 1.3521
v -1.6015 -0.1357 1.293
v -1.595 -0.1357 1.2313
v -1.6015 -0.1357 1.1696
v -1.9964 -0.0655 1.5476
v -2.0602 -0.0655 1.5194
v -2.1167 -0.0655 1.4785
v -2.1634 -0.0655 1.4268
v -2.1983 -0.0655 1.3666
v -2.2199 -0.0655 1.3005
v -2.2272 -0.0655 1.2313
v -2.2199 -0.0655 1.1622
v -2.1983 -0.0655 1.096
v -2.1634 -0.0655 1.0359
v -2.1167 -0.0655 0.9842
v -2.0602 -0.0655 0.9433
v -1.9964 -0.0655 0.915
v -1.9281 -0.0655 0.9006
v -1.8583 -0.0655 0.9006
v -1.79 -0.0655 0.915
v -1.7261 -0.0655 0.9433
v -1.6696 -0.0655 0.9842
v -1.6229 -0.0655 1.0359
v -1.588 -0.0655 1.096
v -1.5664 -0.0655 1.1622
v -1.5591 -0.0655 1.2313
v -1.5664 -0.0655 1.3005
v -1.588 -0.0655 1.3666
v -1.6229 -0.0655 1.4268
v -1.6696 -0.0655 1.4785
v -1.7261 -0.0655 1.5194
v -1.79 -0.0655 1.5476
v -1.8583 -0.0655 1.5621
v -1.9281 -0.0655 1.5621
v -2.1167 -0.1236 1.4785
v -2.0602 -0.1236 1.5194
v -2.1634 -0.1236 1.4268
v -2.1983 -0.1236 1.3666
v -2.2199 -0.1236 1.3005
v -2.2272 -0.1236 1.2313
v -2.2199 -0.1236 1.1622
v -2.1983 -0.1236 1.096
v -2.1634 -0.1236 1.0359
v -2.1167 -0.1236 0.9842
v -2.0602 -0.1236 0.9433
v -1.9964 -0.1236 0.915
v -1.9281 -0.1236 0.9006
v -1.8583 -0.1236 0.9006
v -1.79 -0.1236 0.915
v -1.7261 -0.1236 0.9433
v -1.6696 -0.1236 0.9842
v -1.6229 -0.1236 1.0359
v -1.588 -0.1236 1.096
v -1.5664 -0.1236 1.1622
v -1.5591 -0.1236 1.2313
v -1.5664 -0.1236 1.3005
v -1.588 -0.1236 1.3666
v -1.6229 -0.1236 1.4268
v -1.6696 -0.1236 1.4785
v -1.7261 -0.1236 1.5194
v -1.79 -0.1236 1.5476
v -1.8583 -0.1236 1.5621
v -1.9281 -0.1236 1.5621
v -1.9964 -0.1236 1.5476
v -2.0551 -0.0664 1.5106
v -2.1099 -0.0664 1.471
v -2.1099 -0.1227 1.471
v -2.0551 -0.1227 1.5106
v -2.1552 -0.0928 1.4209
v -2.1552 -0.1227 1.4209
v -2.189 -0.0928 1.3625
v -2.189 -0.1227 1.3625
v -2.21 -0.0928 1.2984
v -2.21 -0.1227 1.2984
v -2.2171 -0.0928 1.2313
v -2.2171 -0.1227 1.2313
v -2.21 -0.0664 1.1643
v -2.21 -0.1227 1.1643
v -2.189 -0.0664 1.1002
v -2.189 -0.1227 1.1002
v -2.1552 -0.0664 1.0418
v -2.1552 -0.1227 1.0418
v -2.1099 -0.0664 0.9917
v -2.1099 -0.1227 0.9917
v -2.0551 -0.0664 0.9521
v -2.0551 -0.1227 0.9521
v -1.9932 -0.0664 0.9247
v -1.9932 -0.1227 0.9247
v -1.927 -0.0664 0.9107
v -1.927 -0.1227 0.9107
v -1.8593 -0.0664 0.9107
v -1.8593 -0.1227 0.9107
v -1.7931 -0.0664 0.9247
v -1.7931 -0.1227 0.9247
v -1.7313 -0.0664 0.9521
v -1.7313 -0.1227 0.9521
v -1.6765 -0.0664 0.9917
v -1.6765 -0.1227 0.9917
v -1.6311 -0.0664 1.0418
v -1.6311 -0.1227 1.0418
v -1.5973 -0.0664 1.1002
v -1.5973 -0.1227 1.1002
v -1.5763 -0.0664 1.1643
v -1.5763 -0.1227 1.1643
v -1.5693 -0.0664 1.2313
v -1.5693 -0.1227 1.2313
v -1.5764 -0.0664 1.2984
v -1.5764 -0.1227 1.2984
v -1.5973 -0.0664 1.3625
v -1.5973 -0.1227 1.3625
v -1.6311 -0.0664 1.4209
v -1.6311 -0.1227 1.4209
v -1.6765 -0.0664 1.471
v -1.6765 -0.1227 1.471
v -1.7313 -0.0664 1.5106
v -1.7313 -0.1227 1.5106
v -1.7931 -0.0664 1.538
v -1.7931 -0.1227 1.538
v -1.8593 -0.0664 1.552
v -1.8593 -0.1227 1.552
v -1.927 -0.0664 1.552
v -1.927 -0.1227 1.552
v -1.9932 -0.1227 1.538
v -1.9932 -0.0664 1.538
v -0.992 -0.0558 0.5042
v -0.8623 -0.0558 0.5699
v -0.8623 -0.1333 0.5699
v -0.992 -0.1333 0.5042
v -1.1327 -0.0558 0.4666
v -1.1327 -0.1333 0.4666
v -1.2781 -0.0558 0.4591
v -1.2781 -0.1333 0.4591
v -1.8266 -0.1357 1.305
v -1.8126 -0.1357 1.2896
v -1.8022 -0.1357 1.2716
v -1.7958 -0.1357 1.2519
v -1.7936 -0.1357 1.2313
v -1.7958 -0.1357 1.2107
v -1.7891 -0.1357 1.2056
v -1.8062 -0.1091 1.1762
v -1.829 -0.1091 1.1509
v -1.8566 -0.1357 1.131
v -1.8624 -0.1357 1.1371
v -1.8828 -0.1357 1.1328
v -1.9036 -0.1357 1.1328
v -1.9239 -0.1357 1.1371
v -1.9429 -0.1357 1.1455
v -1.9598 -0.1357 1.1577
v -1.9737 -0.1357 1.1731
v -1.9841 -0.1357 1.191
v -1.9905 -0.1357 1.2107
v -1.9927 -0.1357 1.2313
v -1.9905 -0.1357 1.2519
v -1.9841 -0.1357 1.2716
v -1.9737 -0.1357 1.2896
v -1.9598 -0.1357 1.305
v -1.9429 -0.1357 1.3171
v -1.9239 -0.1357 1.3256
v -1.9036 -0.1357 1.3299
v -1.8828 -0.1357 1.3299
v -1.8624 -0.1357 1.3256
v -1.8434 -0.1357 1.3171
v -1.8828 -0.1091 1.1328
v -1.9036 -0.1091 1.1328
v -1.9239 -0.1091 1.1371
v -1.9429 -0.1091 1.1455
v -1.9598 -0.1091 1.1577
v -1.9737 -0.1091 1.1731
v -1.9841 -0.1091 1.191
v -1.9905 -0.1091 1.2107
v -1.9927 -0.1091 1.2313
v -1.9905 -0.1091 1.2519
v -1.9841 -0.1091 1.2716
v -1.9737 -0.1091 1.2896
v -1.9598 -0.1091 1.305
v -1.9429 -0.1091 1.3171
v -1.9239 -0.1091 1.3256
v -1.9036 -0.1091 1.3299
v -1.8828 -0.1091 1.3299
v -1.8624 -0.1091 1.3256
v -1.8434 -0.1091 1.3171
v -1.8266 -0.1091 1.305
v -1.8126 -0.1091 1.2896
v -1.8022 -0.1091 1.2716
v -1.7958 -0.1091 1.2519
v -1.7936 -0.1091 1.2313
v -1.7958 -0.1091 1.2107
v -1.8624 -0.1091 1.1371
v -1.7891 -0.1091 1.2056
v -1.8566 -0.1091 1.131
v -1.6208 -0.1091 1.1106
v -1.6519 -0.1091 1.0568
v -1.6936 -0.1091 1.0107
v -1.7441 -0.1091 0.9742
v -1.8743 -0.1091 1.2382
v -1.8726 -0.1089 1.2285
v -1.8782 -0.1088 1.2188
v -1.8873 -0.1089 1.2123
v -1.8952 -0.1091 1.2121
v -1.9024 -0.1091 1.2153
v -1.9077 -0.1091 1.2212
v -1.9102 -0.1091 1.2286
v -1.9094 -0.1091 1.2365
v -1.9054 -0.1091 1.2432
v -1.8962 -0.1091 1.2487
v -1.8856 -0.1091 1.2483
v -1.8786 -0.1091 1.2447
v -1.8731 -0.0977 1.2345
v -1.8772 -0.0977 1.2432
v -1.8836 -0.0977 1.2478
v -1.8913 -0.0977 1.2495
v -1.899 -0.0977 1.2478
v -1.9054 -0.0977 1.2432
v -1.9094 -0.0977 1.2365
v -1.9102 -0.0977 1.2286
v -1.9077 -0.0977 1.2212
v -1.9024 -0.0977 1.2153
v -1.8952 -0.0977 1.2121
v -1.8873 -0.0979 1.2123
v -1.8782 -0.0981 1.2188
v -1.8728 -0.0979 1.2266
v -0.9164 -0.0565 0.5829
v -1.03 -0.0565 0.5254
v -1.5896 -0.0658 0.9961
v -1.5599 -0.0658 1.0472
v -1.1531 -0.0565 0.4925
v -1.6292 -0.0658 0.9522
v -1.2804 -0.0565 0.4858
v -1.6772 -0.0658 0.9176
v -0.9164 -0.0792 0.5827
v -1.03 -0.0792 0.5252
v -1.5896 -0.0886 0.9959
v -1.5599 -0.0886 1.047
v -1.1531 -0.0792 0.4923
v -1.6292 -0.0886 0.952
v -1.2804 -0.0792 0.4856
v -1.6772 -0.0886 0.9174
v 0.356 -0.0931 0.5839
v 0.7476 -0.0931 0.4707
v 0.9911 -0.0569 0.1729
v 0.8849 -0.0569 0.1288
v -1.8281 -0.0569 0.0001
v -1.8281 -0.0569 0.3698
v -1.2834 -0.0569 0.433
v -1.0776 -0.0569 0.6574
v 0.9921 -0.0569 0.3313
v 0.8849 -0.0569 0.0001
v 0.3504 -0.0902 -0.5793
v 0.7476 -0.0902 -0.4705
v 0.9911 -0.0569 -0.1727
v 0.8849 -0.0569 -0.1286
v -1.8281 -0.0569 -0.3696
v -1.2834 -0.0569 -0.4327
v -1.0776 -0.0569 -0.6572
v 0.9921 -0.0569 -0.331
v -1.8932 -0.149 -1.2311
v -1.5591 -0.149 -1.2311
v -1.5664 -0.149 -1.3002
v -1.588 -0.149 -1.3664
v -1.6229 -0.149 -1.4266
v -1.6696 -0.149 -1.4782
v -1.7261 -0.149 -1.5192
v -1.79 -0.149 -1.5474
v -1.8583 -0.149 -1.5619
v -1.9281 -0.149 -1.5619
v -1.9964 -0.149 -1.5474
v -2.0602 -0.149 -1.5192
v -2.1167 -0.149 -1.4782
v -2.1634 -0.149 -1.4266
v -2.1983 -0.149 -1.3664
v -2.2199 -0.149 -1.3002
v -2.2272 -0.149 -1.2311
v -2.2199 -0.149 -1.162
v -2.1983 -0.149 -1.0958
v -2.1634 -0.149 -1.0356
v -2.1167 -0.149 -0.984
v -2.0602 -0.149 -0.943
v -1.9964 -0.149 -0.9148
v -1.9281 -0.149 -0.9003
v -1.8583 -0.149 -0.9003
v -1.79 -0.149 -0.9148
v -1.7261 -0.149 -0.943
v -1.6696 -0.149 -0.984
v -1.6229 -0.149 -1.0356
v -1.588 -0.149 -1.0958
v -1.5664 -0.149 -1.162
v -1.5591 -0.0393 -1.2311
v -1.5664 -0.0393 -1.3002
v -1.588 -0.0393 -1.3664
v -1.6229 -0.0393 -1.4266
v -1.6696 -0.0393 -1.4782
v -1.7261 -0.0393 -1.5192
v -1.79 -0.0393 -1.5474
v -1.8583 -0.0393 -1.5619
v -1.9281 -0.0393 -1.5619
v -1.9964 -0.0393 -1.5474
v -2.0602 -0.0393 -1.5192
v -2.1167 -0.0393 -1.4782
v -2.1634 -0.0393 -1.4266
v -2.1983 -0.0393 -1.3664
v -2.2199 -0.0393 -1.3002
v -2.2272 -0.0393 -1.2311
v -2.2199 -0.0393 -1.162
v -2.1983 -0.0393 -1.0958
v -2.1634 -0.0393 -1.0356
v -2.1167 -0.0393 -0.984
v -2.0602 -0.0393 -0.943
v -1.9964 -0.0393 -0.9148
v -1.9281 -0.0393 -0.9003
v -1.8583 -0.0393 -0.9003
v -1.79 -0.0393 -0.9148
v -1.7261 -0.0393 -0.943
v -1.6696 -0.0393 -0.984
v -1.6229 -0.0393 -1.0356
v -1.588 -0.0393 -1.0958
v -1.5664 -0.0393 -1.162
v -1.8913 -0.0977 -1.2304
v -1.6208 -0.0316 -1.1103
v -1.6519 -0.0316 -1.0566
v -1.6936 -0.0316 -1.0105
v -1.7441 -0.0316 -0.974
v -1.801 -0.0316 -0.9487
v -1.862 -0.0316 -0.9359
v -1.9243 -0.0316 -0.9359
v -1.9853 -0.0316 -0.9487
v -2.0423 -0.0316 -0.974
v -2.0927 -0.0316 -1.0105
v -2.1344 -0.0316 -1.0566
v -2.1656 -0.0316 -1.1103
v -2.1848 -0.0316 -1.1694
v -2.1913 -0.0316 -1.2311
v -2.1848 -0.0316 -1.2928
v -2.1656 -0.0316 -1.3518
v -2.1344 -0.0316 -1.4056
v -2.0927 -0.0316 -1.4517
v -2.0423 -0.0316 -1.4882
v -1.9853 -0.0316 -1.5134
v -1.9243 -0.0316 -1.5263
v -1.862 -0.0316 -1.5263
v -1.801 -0.0316 -1.5134
v -1.7441 -0.0316 -1.4882
v -1.6936 -0.0316 -1.4517
v -1.6519 -0.0316 -1.4056
v -1.6208 -0.0316 -1.3518
v -1.6015 -0.0316 -1.2928
v -1.595 -0.0316 -1.2311
v -1.6015 -0.0316 -1.1694
v -1.6208 -0.1357 -1.1103
v -1.6519 -0.1357 -1.0566
v -1.6936 -0.1357 -1.0105
v -1.7441 -0.1357 -0.974
v -1.801 -0.1357 -0.9487
v -1.862 -0.1357 -0.9359
v -1.9243 -0.1357 -0.9359
v -1.9853 -0.1357 -0.9487
v -2.0423 -0.1357 -0.974
v -2.0927 -0.1357 -1.0105
v -2.1344 -0.1357 -1.0566
v -2.1656 -0.1357 -1.1103
v -2.1848 -0.1357 -1.1694
v -2.1913 -0.1357 -1.2311
v -2.1848 -0.1357 -1.2928
v -2.1656 -0.1357 -1.3518
v -2.1344 -0.1357 -1.4056
v -2.0927 -0.1357 -1.4517
v -2.0423 -0.1357 -1.4882
v -1.9853 -0.1357 -1.5134
v -1.9243 -0.1357 -1.5263
v -1.862 -0.1357 -1.5263
v -1.801 -0.1357 -1.5134
v -1.7441 -0.1357 -1.4882
v -1.6936 -0.1357 -1.4517
v -1.6519 -0.1357 -1.4056
v -1.6208 -0.1357 -1.3518
v -1.6015 -0.1357 -1.2928
v -1.595 -0.1357 -1.2311
v -1.6015 -0.1357 -1.1694
v -1.9964 -0.0655 -1.5474
v -2.0602 -0.0655 -1.5192
v -2.1167 -0.0655 -1.4782
v -2.1634 -0.0655 -1.4266
v -2.1983 -0.0655 -1.3664
v -2.2199 -0.0655 -1.3002
v -2.2272 -0.0655 -1.2311
v -2.2199 -0.0655 -1.162
v -2.1983 -0.0655 -1.0958
v -2.1634 -0.0655 -1.0356
v -2.1167 -0.0655 -0.984
v -2.0602 -0.0655 -0.943
v -1.9964 -0.0655 -0.9148
v -1.9281 -0.0655 -0.9003
v -1.8583 -0.0655 -0.9003
v -1.79 -0.0655 -0.9148
v -1.7261 -0.0655 -0.943
v -1.6696 -0.0655 -0.984
v -1.6229 -0.0655 -1.0356
v -1.588 -0.0655 -1.0958
v -1.5664 -0.0655 -1.162
v -1.5591 -0.0655 -1.2311
v -1.5664 -0.0655 -1.3002
v -1.588 -0.0655 -1.3664
v -1.6229 -0.0655 -1.4266
v -1.6696 -0.0655 -1.4782
v -1.7261 -0.0655 -1.5192
v -1.79 -0.0655 -1.5474
v -1.8583 -0.0655 -1.5619
v -1.9281 -0.0655 -1.5619
v -2.1167 -0.1236 -1.4782
v -2.0602 -0.1236 -1.5192
v -2.1634 -0.1236 -1.4266
v -2.1983 -0.1236 -1.3664
v -2.2199 -0.1236 -1.3002
v -2.2272 -0.1236 -1.2311
v -2.2199 -0.1236 -1.162
v -2.1983 -0.1236 -1.0958
v -2.1634 -0.1236 -1.0356
v -2.1167 -0.1236 -0.984
v -2.0602 -0.1236 -0.943
v -1.9964 -0.1236 -0.9148
v -1.9281 -0.1236 -0.9003
v -1.8583 -0.1236 -0.9003
v -1.79 -0.1236 -0.9148
v -1.7261 -0.1236 -0.943
v -1.6696 -0.1236 -0.984
v -1.6229 -0.1236 -1.0356
v -1.588 -0.1236 -1.0958
v -1.5664 -0.1236 -1.162
v -1.5591 -0.1236 -1.2311
v -1.5664 -0.1236 -1.3002
v -1.588 -0.1236 -1.3664
v -1.6229 -0.1236 -1.4266
v -1.6696 -0.1236 -1.4782
v -1.7261 -0.1236 -1.5192
v -1.79 -0.1236 -1.5474
v -1.8583 -0.1236 -1.5619
v -1.9281 -0.1236 -1.5619
v -1.9964 -0.1236 -1.5474
v -2.0551 -0.0664 -1.5103
v -2.1099 -0.0664 -1.4707
v -2.1099 -0.1227 -1.4707
v -2.0551 -0.1227 -1.5103
v -2.1552 -0.0928 -1.4207
v -2.1552 -0.1227 -1.4207
v -2.189 -0.0928 -1.3623
v -2.189 -0.1227 -1.3623
v -2.21 -0.0928 -1.2981
v -2.21 -0.1227 -1.2981
v -2.2171 -0.0928 -1.2311
v -2.2171 -0.1227 -1.2311
v -2.21 -0.0664 -1.1641
v -2.21 -0.1227 -1.1641
v -2.189 -0.0664 -1.0999
v -2.189 -0.1227 -1.0999
v -2.1552 -0.0664 -1.0415
v -2.1552 -0.1227 -1.0415
v -2.1099 -0.0664 -0.9915
v -2.1099 -0.1227 -0.9915
v -2.0551 -0.0664 -0.9519
v -2.0551 -0.1227 -0.9519
v -1.9932 -0.0664 -0.9244
v -1.9932 -0.1227 -0.9244
v -1.927 -0.0664 -0.9104
v -1.927 -0.1227 -0.9104
v -1.8593 -0.0664 -0.9104
v -1.8593 -0.1227 -0.9104
v -1.7931 -0.0664 -0.9244
v -1.7931 -0.1227 -0.9244
v -1.7313 -0.0664 -0.9519
v -1.7313 -0.1227 -0.9519
v -1.6765 -0.0664 -0.9915
v -1.6765 -0.1227 -0.9915
v -1.6311 -0.0664 -1.0415
v -1.6311 -0.1227 -1.0415
v -1.5973 -0.0664 -1.0999
v -1.5973 -0.1227 -1.0999
v -1.5763 -0.0664 -1.1641
v -1.5763 -0.1227 -1.1641
v -1.5693 -0.0664 -1.2311
v -1.5693 -0.1227 -1.2311
v -1.5763 -0.0664 -1.2981
v -1.5763 -0.1227 -1.2981
v -1.5973 -0.0664 -1.3623
v -1.5973 -0.1227 -1.3623
v -1.6311 -0.0664 -1.4207
v -1.6311 -0.1227 -1.4207
v -1.6765 -0.0664 -1.4707
v -1.6765 -0.1227 -1.4707
v -1.7313 -0.0664 -1.5103
v -1.7313 -0.1227 -1.5103
v -1.7931 -0.0664 -1.5378
v -1.7931 -0.1227 -1.5378
v -1.8593 -0.0664 -1.5518
v -1.8593 -0.1227 -1.5518
v -1.927 -0.0664 -1.5518
v -1.927 -0.1227 -1.5518
v -1.9932 -0.1227 -1.5378
v -1.9932 -0.0664 -1.5378
v -0.992 -0.0558 -0.5039
v -0.8623 -0.0558 -0.5697
v -0.8623 -0.1333 -0.5697
v -0.992 -0.1333 -0.5039
v -1.1327 -0.0558 -0.4664
v -1.1327 -0.1333 -0.4664
v -1.2781 -0.0558 -0.4588
v -1.2781 -0.1333 -0.4588
v -1.8266 -0.1357 -1.3048
v -1.8127 -0.1357 -1.2893
v -1.8022 -0.1357 -1.2714
v -1.7958 -0.1357 -1.2517
v -1.7936 -0.1357 -1.2311
v -1.7958 -0.1357 -1.2105
v -1.7891 -0.1357 -1.2053
v -1.8062 -0.1091 -1.176
v -1.829 -0.1091 -1.1507
v -1.8566 -0.1357 -1.1307
v -1.8624 -0.1357 -1.1368
v -1.8828 -0.1357 -1.1325
v -1.9036 -0.1357 -1.1325
v -1.9239 -0.1357 -1.1368
v -1.9429 -0.1357 -1.1453
v -1.9598 -0.1357 -1.1574
v -1.9737 -0.1357 -1.1728
v -1.9841 -0.1357 -1.1908
v -1.9905 -0.1357 -1.2105
v -1.9927 -0.1357 -1.2311
v -1.9905 -0.1357 -1.2517
v -1.9841 -0.1357 -1.2714
v -1.9737 -0.1357 -1.2893
v -1.9598 -0.1357 -1.3048
v -1.9429 -0.1357 -1.3169
v -1.9239 -0.1357 -1.3253
v -1.9036 -0.1357 -1.3297
v -1.8828 -0.1357 -1.3297
v -1.8624 -0.1357 -1.3253
v -1.8434 -0.1357 -1.3169
v -1.8828 -0.1091 -1.1325
v -1.9036 -0.1091 -1.1325
v -1.9239 -0.1091 -1.1368
v -1.9429 -0.1091 -1.1453
v -1.9598 -0.1091 -1.1574
v -1.9737 -0.1091 -1.1728
v -1.9841 -0.1091 -1.1908
v -1.9905 -0.1091 -1.2105
v -1.9927 -0.1091 -1.2311
v -1.9905 -0.1091 -1.2517
v -1.9841 -0.1091 -1.2714
v -1.9737 -0.1091 -1.2893
v -1.9598 -0.1091 -1.3048
v -1.9429 -0.1091 -1.3169
v -1.9239 -0.1091 -1.3253
v -1.9036 -0.1091 -1.3297
v -1.8828 -0.1091 -1.3297
v -1.8624 -0.1091 -1.3253
v -1.8434 -0.1091 -1.3169
v -1.8266 -0.1091 -1.3048
v -1.8127 -0.1091 -1.2893
v -1.8022 -0.1091 -1.2714
v -1.7958 -0.1091 -1.2517
v -1.7936 -0.1091 -1.2311
v -1.7958 -0.1091 -1.2105
v -1.8624 -0.1091 -1.1368
v -1.7891 -0.1091 -1.2053
v -1.8566 -0.1091 -1.1307
v -1.6208 -0.1091 -1.1103
v -1.6519 -0.1091 -1.0566
v -1.6936 -0.1091 -1.0105
v -1.7441 -0.1091 -0.974
v -1.8743 -0.1091 -1.2379
v -1.8726 -0.1089 -1.2283
v -1.8782 -0.1088 -1.2185
v -1.8873 -0.1089 -1.212
v -1.8952 -0.1091 -1.2119
v -1.9024 -0.1091 -1.2151
v -1.9077 -0.1091 -1.2209
v -1.9102 -0.1091 -1.2284
v -1.9094 -0.1091 -1.2362
v -1.9054 -0.1091 -1.243
v -1.8962 -0.1091 -1.2484
v -1.8856 -0.1091 -1.248
v -1.8786 -0.1091 -1.2444
v -1.8731 -0.0977 -1.2342
v -1.8772 -0.0977 -1.243
v -1.8836 -0.0977 -1.2476
v -1.8913 -0.0977 -1.2492
v -1.899 -0.0977 -1.2476
v -1.9054 -0.0977 -1.243
v -1.9094 -0.0977 -1.2362
v -1.9102 -0.0977 -1.2284
v -1.9077 -0.0977 -1.2209
v -1.9024 -0.0977 -1.2151
v -1.8952 -0.0977 -1.2119
v -1.8873 -0.0979 -1.212
v -1.8782 -0.0981 -1.2185
v -1.8728 -0.0979 -1.2263
v -0.9164 -0.0565 -0.5827
v -1.03 -0.0565 -0.5251
v -1.5896 -0.0658 -0.9958
v -1.5599 -0.0658 -1.047
v -1.1531 -0.0565 -0.4922
v -1.6292 -0.0658 -0.952
v -1.2804 -0.0565 -0.4856
v -1.6772 -0.0658 -0.9173
v -0.9164 -0.0792 -0.5825
v -1.03 -0.0792 -0.5249
v -1.5896 -0.0886 -0.9956
v -1.5599 -0.0886 -1.0468
v -1.1531 -0.0792 -0.492
v -1.6292 -0.0886 -0.9518
v -1.2804 -0.0792 -0.4854
v -1.6772 -0.0886 -0.9171
v -1.8913 -0.0977 1.2306
v -1.8743 -0.1091 1.2382
v -1.8726 -0.1089 1.2285
v -1.8782 -0.1088 1.2188
v -1.8873 -0.1089 1.2123
v -1.8952 -0.1091 1.2121
v -1.9024 -0.1091 1.2153
v -1.9077 -0.1091 1.2212
v -1.9102 -0.1091 1.2286
v -1.9094 -0.1091 1.2365
v -1.9054 -0.1091 1.2432
v -1.8962 -0.1091 1.2487
v -1.8856 -0.1091 1.2483
v -1.8731 -0.0977 1.2345
v -1.8772 -0.0977 1.2432
v -1.8836 -0.0977 1.2478
v -1.8913 -0.0977 1.2495
v -1.899 -0.0977 1.2478
v -1.9054 -0.0977 1.2432
v -1.9094 -0.0977 1.2365
v -1.9102 -0.0977 1.2286
v -1.9077 -0.0977 1.2212
v -1.9024 -0.0977 1.2153
v -1.8952 -0.0977 1.2121
v -1.8873 -0.0979 1.2123
v -1.8782 -0.0981 1.2188
v -1.8728 -0.0979 1.2266
v -1.8913 -0.0977 -1.2304
v -1.8743 -0.1091 -1.2379
v -1.8726 -0.1089 -1.2283
v -1.8782 -0.1088 -1.2185
v -1.8873 -0.1089 -1.212
v -1.8952 -0.1091 -1.2119
v -1.9024 -0.1091 -1.2151
v -1.9077 -0.1091 -1.2209
v -1.9102 -0.1091 -1.2284
v -1.9094 -0.1091 -1.2362
v -1.9054 -0.1091 -1.243
v -1.8962 -0.1091 -1.2484
v -1.8856 -0.1091 -1.248
v -1.8731 -0.0977 -1.2342
v -1.8772 -0.0977 -1.243
v -1.8836 -0.0977 -1.2476
v -1.8913 -0.0977 -1.2492
v -1.899 -0.0977 -1.2476
v -1.9054 -0.0977 -1.243
v -1.9094 -0.0977 -1.2362
v -1.9102 -0.0977 -1.2284
v -1.9077 -0.0977 -1.2209
v -1.9024 -0.0977 -1.2151
v -1.8952 -0.0977 -1.2119
v -1.8873 -0.0979 -1.212
v -1.8782 -0.0981 -1.2185
v -1.8728 -0.0979 -1.2263
v 1.3644 -0.149 -1.2311
v 1.0304 -0.149 -1.2311
v 1.0376 -0.149 -1.3002
v 1.0592 -0.149 -1.3664
v 1.0941 -0.149 -1.4266
v 1.1408 -0.149 -1.4782
v 1.1973 -0.149 -1.5192
v 1.2612 -0.149 -1.5474
v 1.3295 -0.149 -1.5619
v 1.3993 -0.149 -1.5619
v 1.4676 -0.149 -1.5474
v 1.5314 -0.149 -1.5192
v 1.5879 -0.149 -1.4782
v 1.6346 -0.149 -1.4266
v 1.6695 -0.149 -1.3664
v 1.6911 -0.149 -1.3002
v 1.6984 -0.149 -1.2311
v 1.6911 -0.149 -1.162
v 1.6695 -0.149 -1.0958
v 1.6346 -0.149 -1.0356
v 1.5879 -0.149 -0.984
v 1.5314 -0.149 -0.943
v 1.4676 -0.149 -0.9148
v 1.3993 -0.149 -0.9003
v 1.3295 -0.149 -0.9003
v 1.2612 -0.149 -0.9148
v 1.1973 -0.149 -0.943
v 1.1408 -0.149 -0.984
v 1.0941 -0.149 -1.0356
v 1.0592 -0.149 -1.0958
v 1.0376 -0.149 -1.162
v 1.0304 -0.0393 -1.2311
v 1.0376 -0.0393 -1.3002
v 1.0592 -0.0393 -1.3664
v 1.0941 -0.0393 -1.4266
v 1.1408 -0.0393 -1.4782
v 1.1973 -0.0393 -1.5192
v 1.2612 -0.0393 -1.5474
v 1.3295 -0.0393 -1.5619
v 1.3993 -0.0393 -1.5619
v 1.4676 -0.0393 -1.5474
v 1.5314 -0.0393 -1.5192
v 1.5879 -0.0393 -1.4782
v 1.6346 -0.0393 -1.4266
v 1.6695 -0.0393 -1.3664
v 1.6911 -0.0393 -1.3002
v 1.6984 -0.0393 -1.2311
v 1.6911 -0.0393 -1.162
v 1.6695 -0.0393 -1.0958
v 1.6346 -0.0393 -1.0356
v 1.5879 -0.0393 -0.984
v 1.5314 -0.0393 -0.943
v 1.4676 -0.0393 -0.9148
v 1.3993 -0.0393 -0.9003
v 1.3295 -0.0393 -0.9003
v 1.2612 -0.0393 -0.9148
v 1.1973 -0.0393 -0.943
v 1.1408 -0.0393 -0.984
v 1.0941 -0.0393 -1.0356
v 1.0592 -0.0393 -1.0958
v 1.0376 -0.0393 -1.162
v 1.3625 -0.0977 -1.2304
v 1.092 -0.0316 -1.1103
v 1.1232 -0.0316 -1.0566
v 1.1648 -0.0316 -1.0105
v 1.2153 -0.0316 -0.974
v 1.2722 -0.0316 -0.9487
v 1.3332 -0.0316 -0.9359
v 1.3955 -0.0316 -0.9359
v 1.4565 -0.0316 -0.9488
v 1.5135 -0.0316 -0.974
v 1.5639 -0.0316 -1.0105
v 1.6056 -0.0316 -1.0566
v 1.6368 -0.0316 -1.1103
v 1.6561 -0.0316 -1.1694
v 1.6625 -0.0316 -1.2311
v 1.6561 -0.0316 -1.2928
v 1.6368 -0.0316 -1.3518
v 1.6056 -0.0316 -1.4056
v 1.5639 -0.0316 -1.4517
v 1.5135 -0.0316 -1.4882
v 1.4565 -0.0316 -1.5134
v 1.3955 -0.0316 -1.5263
v 1.3332 -0.0316 -1.5263
v 1.2722 -0.0316 -1.5134
v 1.2153 -0.0316 -1.4882
v 1.1648 -0.0316 -1.4517
v 1.1232 -0.0316 -1.4056
v 1.092 -0.0316 -1.3518
v 1.0727 -0.0316 -1.2928
v 1.0663 -0.0316 -1.2311
v 1.0727 -0.0316 -1.1694
v 1.092 -0.1357 -1.1103
v 1.1232 -0.1357 -1.0566
v 1.1648 -0.1357 -1.0105
v 1.2153 -0.1357 -0.974
v 1.2722 -0.1357 -0.9487
v 1.3332 -0.1357 -0.9359
v 1.3955 -0.1357 -0.9359
v 1.4565 -0.1357 -0.9488
v 1.5135 -0.1357 -0.974
v 1.5639 -0.1357 -1.0105
v 1.6056 -0.1357 -1.0566
v 1.6368 -0.1357 -1.1103
v 1.6561 -0.1357 -1.1694
v 1.6625 -0.1357 -1.2311
v 1.6561 -0.1357 -1.2928
v 1.6368 -0.1357 -1.3518
v 1.6056 -0.1357 -1.4056
v 1.5639 -0.1357 -1.4517
v 1.5135 -0.1357 -1.4882
v 1.4565 -0.1357 -1.5134
v 1.3955 -0.1357 -1.5263
v 1.3332 -0.1357 -1.5263
v 1.2722 -0.1357 -1.5134
v 1.2153 -0.1357 -1.4882
v 1.1648 -0.1357 -1.4517
v 1.1232 -0.1357 -1.4056
v 1.092 -0.1357 -1.3518
v 1.0727 -0.1357 -1.2928
v 1.0663 -0.1357 -1.2311
v 1.0727 -0.1357 -1.1694
v 1.4676 -0.0655 -1.5474
v 1.5314 -0.0655 -1.5192
v 1.5879 -0.0655 -1.4782
v 1.6346 -0.0655 -1.4266
v 1.6695 -0.0655 -1.3664
v 1.6911 -0.0655 -1.3002
v 1.6984 -0.0655 -1.2311
v 1.6911 -0.0655 -1.162
v 1.6695 -0.0655 -1.0958
v 1.6346 -0.0655 -1.0356
v 1.5879 -0.0655 -0.984
v 1.5314 -0.0655 -0.943
v 1.4676 -0.0655 -0.9148
v 1.3993 -0.0655 -0.9003
v 1.3295 -0.0655 -0.9003
v 1.2612 -0.0655 -0.9148
v 1.1973 -0.0655 -0.943
v 1.1408 -0.0655 -0.984
v 1.0941 -0.0655 -1.0356
v 1.0592 -0.0655 -1.0958
v 1.0376 -0.0655 -1.162
v 1.0304 -0.0655 -1.2311
v 1.0376 -0.0655 -1.3002
v 1.0592 -0.0655 -1.3664
v 1.0941 -0.0655 -1.4266
v 1.1408 -0.0655 -1.4782
v 1.1973 -0.0655 -1.5192
v 1.2612 -0.0655 -1.5474
v 1.3295 -0.0655 -1.5619
v 1.3993 -0.0655 -1.5619
v 1.5879 -0.1236 -1.4782
v 1.5314 -0.1236 -1.5192
v 1.6346 -0.1236 -1.4266
v 1.6695 -0.1236 -1.3664
v 1.6911 -0.1236 -1.3002
v 1.6984 -0.1236 -1.2311
v 1.6911 -0.1236 -1.162
v 1.6695 -0.1236 -1.0958
v 1.6346 -0.1236 -1.0356
v 1.5879 -0.1236 -0.984
v 1.5314 -0.1236 -0.943
v 1.4676 -0.1236 -0.9148
v 1.3993 -0.1236 -0.9003
v 1.3295 -0.1236 -0.9003
v 1.2612 -0.1236 -0.9148
v 1.1973 -0.1236 -0.943
v 1.1408 -0.1236 -0.984
v 1.0941 -0.1236 -1.0356
v 1.0592 -0.1236 -1.0958
v 1.0376 -0.1236 -1.162
v 1.0304 -0.1236 -1.2311
v 1.0376 -0.1236 -1.3002
v 1.0592 -0.1236 -1.3664
v 1.0941 -0.1236 -1.4266
v 1.1408 -0.1236 -1.4782
v 1.1973 -0.1236 -1.5192
v 1.2612 -0.1236 -1.5474
v 1.3295 -0.1236 -1.5619
v 1.3993 -0.1236 -1.5619
v 1.4676 -0.1236 -1.5474
v 1.5263 -0.0664 -1.5103
v 1.5811 -0.0664 -1.4707
v 1.5811 -0.1227 -1.4707
v 1.5263 -0.1227 -1.5103
v 1.6264 -0.0928 -1.4207
v 1.6264 -0.1227 -1.4207
v 1.6603 -0.0928 -1.3623
v 1.6603 -0.1227 -1.3623
v 1.6812 -0.0928 -1.2981
v 1.6812 -0.1227 -1.2981
v 1.6883 -0.0928 -1.2311
v 1.6883 -0.1227 -1.2311
v 1.6812 -0.0664 -1.1641
v 1.6812 -0.1227 -1.1641
v 1.6603 -0.0664 -1.0999
v 1.6603 -0.1227 -1.0999
v 1.6264 -0.0664 -1.0415
v 1.6264 -0.1227 -1.0415
v 1.5811 -0.0664 -0.9915
v 1.5811 -0.1227 -0.9915
v 1.5263 -0.0664 -0.9519
v 1.5263 -0.1227 -0.9519
v 1.4644 -0.0664 -0.9245
v 1.4644 -0.1227 -0.9245
v 1.3982 -0.0664 -0.9104
v 1.3982 -0.1227 -0.9104
v 1.3306 -0.0664 -0.9104
v 1.3306 -0.1227 -0.9104
v 1.2643 -0.0664 -0.9244
v 1.2643 -0.1227 -0.9244
v 1.2025 -0.0664 -0.9519
v 1.2025 -0.1227 -0.9519
v 1.1477 -0.0664 -0.9915
v 1.1477 -0.1227 -0.9915
v 1.1023 -0.0664 -1.0415
v 1.1023 -0.1227 -1.0415
v 1.0685 -0.0664 -1.0999
v 1.0685 -0.1227 -1.0999
v 1.0476 -0.0664 -1.1641
v 1.0476 -0.1227 -1.1641
v 1.0405 -0.0664 -1.2311
v 1.0405 -0.1227 -1.2311
v 1.0476 -0.0664 -1.2981
v 1.0476 -0.1227 -1.2981
v 1.0685 -0.0664 -1.3623
v 1.0685 -0.1227 -1.3623
v 1.1023 -0.0664 -1.4207
v 1.1023 -0.1227 -1.4207
v 1.1477 -0.0664 -1.4707
v 1.1477 -0.1227 -1.4707
v 1.2025 -0.0664 -1.5103
v 1.2025 -0.1227 -1.5103
v 1.2643 -0.0664 -1.5378
v 1.2643 -0.1227 -1.5378
v 1.3306 -0.0664 -1.5518
v 1.3306 -0.1227 -1.5518
v 1.3982 -0.0664 -1.5518
v 1.3982 -0.1227 -1.5518
v 1.4644 -0.1227 -1.5378
v 1.4644 -0.0664 -1.5378
v 0.4632 -0.0558 -0.5039
v 0.3335 -0.0558 -0.5697
v 0.3335 -0.1333 -0.5697
v 0.4632 -0.1333 -0.5039
v 0.6039 -0.0558 -0.4664
v 0.6039 -0.1333 -0.4664
v 0.7493 -0.0558 -0.4588
v 0.7493 -0.1333 -0.4588
v 1.2978 -0.1357 -1.3048
v 1.2839 -0.1357 -1.2893
v 1.2735 -0.1357 -1.2714
v 1.267 -0.1357 -1.2517
v 1.2648 -0.1357 -1.2311
v 1.267 -0.1357 -1.2105
v 1.2603 -0.1357 -1.2053
v 1.2774 -0.1091 -1.176
v 1.3002 -0.1091 -1.1507
v 1.3278 -0.1357 -1.1307
v 1.3336 -0.1357 -1.1368
v 1.354 -0.1357 -1.1325
v 1.3748 -0.1357 -1.1325
v 1.3951 -0.1357 -1.1368
v 1.4142 -0.1357 -1.1453
v 1.431 -0.1357 -1.1574
v 1.4449 -0.1357 -1.1728
v 1.4553 -0.1357 -1.1908
v 1.4617 -0.1357 -1.2105
v 1.4639 -0.1357 -1.2311
v 1.4617 -0.1357 -1.2517
v 1.4553 -0.1357 -1.2714
v 1.4449 -0.1357 -1.2893
v 1.431 -0.1357 -1.3048
v 1.4141 -0.1357 -1.3169
v 1.3951 -0.1357 -1.3253
v 1.3748 -0.1357 -1.3297
v 1.354 -0.1357 -1.3297
v 1.3336 -0.1357 -1.3253
v 1.3146 -0.1357 -1.3169
v 1.354 -0.1091 -1.1325
v 1.3748 -0.1091 -1.1325
v 1.3951 -0.1091 -1.1368
v 1.4142 -0.1091 -1.1453
v 1.431 -0.1091 -1.1574
v 1.4449 -0.1091 -1.1728
v 1.4553 -0.1091 -1.1908
v 1.4617 -0.1091 -1.2105
v 1.4639 -0.1091 -1.2311
v 1.4617 -0.1091 -1.2517
v 1.4553 -0.1091 -1.2714
v 1.4449 -0.1091 -1.2893
v 1.431 -0.1091 -1.3048
v 1.4141 -0.1091 -1.3169
v 1.3951 -0.1091 -1.3253
v 1.3748 -0.1091 -1.3297
v 1.354 -0.1091 -1.3297
v 1.3336 -0.1091 -1.3253
v 1.3146 -0.1091 -1.3169
v 1.2978 -0.1091 -1.3048
v 1.2839 -0.1091 -1.2893
v 1.2735 -0.1091 -1.2714
v 1.267 -0.1091 -1.2517
v 1.2648 -0.1091 -1.2311
v 1.267 -0.1091 -1.2105
v 1.3336 -0.1091 -1.1368
v 1.2603 -0.1091 -1.2053
v 1.3278 -0.1091 -1.1307
v 1.092 -0.1091 -1.1103
v 1.1232 -0.1091 -1.0566
v 1.1648 -0.1091 -1.0105
v 1.2153 -0.1091 -0.974
v 1.3455 -0.1091 -1.2379
v 1.3438 -0.1089 -1.2283
v 1.3494 -0.1088 -1.2185
v 1.3585 -0.1089 -1.212
v 1.3664 -0.1091 -1.2119
v 1.3736 -0.1091 -1.2151
v 1.3789 -0.1091 -1.2209
v 1.3814 -0.1091 -1.2284
v 1.3806 -0.1091 -1.2362
v 1.3766 -0.1091 -1.243
v 1.3674 -0.1091 -1.2484
v 1.3568 -0.1091 -1.248
v 1.3498 -0.1091 -1.2444
v 1.3443 -0.0977 -1.2342
v 1.3484 -0.0977 -1.243
v 1.3548 -0.0977 -1.2476
v 1.3625 -0.0977 -1.2492
v 1.3702 -0.0977 -1.2476
v 1.3766 -0.0977 -1.243
v 1.3806 -0.0977 -1.2362
v 1.3814 -0.0977 -1.2284
v 1.3789 -0.0977 -1.2209
v 1.3736 -0.0977 -1.2151
v 1.3664 -0.0977 -1.2119
v 1.3585 -0.0979 -1.212
v 1.3494 -0.0981 -1.2185
v 1.344 -0.0979 -1.2263
v 0.3876 -0.0565 -0.5827
v 0.5012 -0.0565 -0.5251
v 1.0608 -0.0658 -0.9958
v 1.0312 -0.0658 -1.047
v 0.6243 -0.0565 -0.4922
v 1.1004 -0.0658 -0.952
v 0.7516 -0.0565 -0.4856
v 1.1484 -0.0658 -0.9173
v 0.3876 -0.0792 -0.5825
v 0.5012 -0.0792 -0.5249
v 1.0608 -0.0886 -0.9956
v 1.0312 -0.0886 -1.0468
v 0.6243 -0.0792 -0.492
v 1.1004 -0.0886 -0.9518
v 0.7516 -0.0792 -0.4854
v 1.1484 -0.0886 -0.9171
v -1.8913 -0.0977 -1.2304
v -1.8743 -0.1091 -1.2379
v -1.8726 -0.1089 -1.2283
v -1.8782 -0.1088 -1.2185
v -1.8873 -0.1089 -1.212
v -1.8952 -0.1091 -1.2119
v -1.9024 -0.1091 -1.2151
v -1.9077 -0.1091 -1.2209
v -1.9102 -0.1091 -1.2284
v -1.9094 -0.1091 -1.2362
v -1.9054 -0.1091 -1.243
v -1.8962 -0.1091 -1.2484
v -1.8856 -0.1091 -1.248
v -1.8731 -0.0977 -1.2342
v -1.8772 -0.0977 -1.243
v -1.8836 -0.0977 -1.2476
v -1.8913 -0.0977 -1.2492
v -1.899 -0.0977 -1.2476
v -1.9054 -0.0977 -1.243
v -1.9094 -0.0977 -1.2362
v -1.9102 -0.0977 -1.2284
v -1.9077 -0.0977 -1.2209
v -1.9024 -0.0977 -1.2151
v -1.8952 -0.0977 -1.2119
v -1.8873 -0.0979 -1.212
v -1.8782 -0.0981 -1.2185
v -1.8728 -0.0979 -1.2263
v 1.3644 -0.149 1.2313
v 1.0304 -0.149 1.2313
v 1.0376 -0.149 1.3005
v 1.0592 -0.149 1.3666
v 1.0941 -0.149 1.4268
v 1.1408 -0.149 1.4785
v 1.1973 -0.149 1.5194
v 1.2612 -0.149 1.5476
v 1.3295 -0.149 1.5621
v 1.3993 -0.149 1.5621
v 1.4676 -0.149 1.5476
v 1.5314 -0.149 1.5194
v 1.5879 -0.149 1.4785
v 1.6346 -0.149 1.4268
v 1.6695 -0.149 1.3666
v 1.6911 -0.149 1.3005
v 1.6984 -0.149 1.2313
v 1.6911 -0.149 1.1622
v 1.6695 -0.149 1.096
v 1.6346 -0.149 1.0359
v 1.5879 -0.149 0.9842
v 1.5314 -0.149 0.9433
v 1.4676 -0.149 0.915
v 1.3993 -0.149 0.9006
v 1.3295 -0.149 0.9006
v 1.2612 -0.149 0.915
v 1.1973 -0.149 0.9433
v 1.1408 -0.149 0.9842
v 1.0941 -0.149 1.0359
v 1.0592 -0.149 1.096
v 1.0376 -0.149 1.1622
v 1.0304 -0.0393 1.2313
v 1.0376 -0.0393 1.3005
v 1.0592 -0.0393 1.3666
v 1.0941 -0.0393 1.4268
v 1.1408 -0.0393 1.4785
v 1.1973 -0.0393 1.5194
v 1.2612 -0.0393 1.5476
v 1.3295 -0.0393 1.5621
v 1.3993 -0.0393 1.5621
v 1.4676 -0.0393 1.5476
v 1.5314 -0.0393 1.5194
v 1.5879 -0.0393 1.4785
v 1.6346 -0.0393 1.4268
v 1.6695 -0.0393 1.3666
v 1.6911 -0.0393 1.3005
v 1.6984 -0.0393 1.2313
v 1.6911 -0.0393 1.1622
v 1.6695 -0.0393 1.096
v 1.6346 -0.0393 1.0359
v 1.5879 -0.0393 0.9842
v 1.5314 -0.0393 0.9433
v 1.4676 -0.0393 0.915
v 1.3993 -0.0393 0.9006
v 1.3295 -0.0393 0.9006
v 1.2612 -0.0393 0.915
v 1.1973 -0.0393 0.9433
v 1.1408 -0.0393 0.9842
v 1.0941 -0.0393 1.0359
v 1.0592 -0.0393 1.096
v 1.0376 -0.0393 1.1622
v 1.3625 -0.0977 1.2306
v 1.092 -0.0316 1.1106
v 1.1232 -0.0316 1.0568
v 1.1648 -0.0316 1.0107
v 1.2153 -0.0316 0.9742
v 1.2722 -0.0316 0.949
v 1.3332 -0.0316 0.9361
v 1.3955 -0.0316 0.9361
v 1.4565 -0.0316 0.949
v 1.5135 -0.0316 0.9742
v 1.5639 -0.0316 1.0107
v 1.6056 -0.0316 1.0568
v 1.6368 -0.0316 1.1106
v 1.6561 -0.0316 1.1696
v 1.6625 -0.0316 1.2313
v 1.6561 -0.0316 1.293
v 1.6368 -0.0316 1.3521
v 1.6056 -0.0316 1.4058
v 1.5639 -0.0316 1.452
v 1.5135 -0.0316 1.4884
v 1.4565 -0.0316 1.5137
v 1.3955 -0.0316 1.5266
v 1.3332 -0.0316 1.5266
v 1.2722 -0.0316 1.5137
v 1.2153 -0.0316 1.4884
v 1.1648 -0.0316 1.452
v 1.1232 -0.0316 1.4058
v 1.092 -0.0316 1.3521
v 1.0727 -0.0316 1.293
v 1.0663 -0.0316 1.2313
v 1.0727 -0.0316 1.1696
v 1.092 -0.1357 1.1106
v 1.1232 -0.1357 1.0568
v 1.1648 -0.1357 1.0107
v 1.2153 -0.1357 0.9742
v 1.2722 -0.1357 0.949
v 1.3332 -0.1357 0.9361
v 1.3955 -0.1357 0.9361
v 1.4565 -0.1357 0.949
v 1.5135 -0.1357 0.9742
v 1.5639 -0.1357 1.0107
v 1.6056 -0.1357 1.0568
v 1.6368 -0.1357 1.1106
v 1.6561 -0.1357 1.1696
v 1.6625 -0.1357 1.2313
v 1.6561 -0.1357 1.293
v 1.6368 -0.1357 1.3521
v 1.6056 -0.1357 1.4058
v 1.5639 -0.1357 1.452
v 1.5135 -0.1357 1.4884
v 1.4565 -0.1357 1.5137
v 1.3955 -0.1357 1.5266
v 1.3332 -0.1357 1.5266
v 1.2722 -0.1357 1.5137
v 1.2153 -0.1357 1.4884
v 1.1648 -0.1357 1.452
v 1.1232 -0.1357 1.4058
v 1.092 -0.1357 1.3521
v 1.0727 -0.1357 1.293
v 1.0663 -0.1357 1.2313
v 1.0727 -0.1357 1.1696
v 1.4676 -0.0655 1.5476
v 1.5314 -0.0655 1.5194
v 1.5879 -0.0655 1.4785
v 1.6346 -0.0655 1.4268
v 1.6695 -0.0655 1.3666
v 1.6911 -0.0655 1.3005
v 1.6984 -0.0655 1.2313
v 1.6911 -0.0655 1.1622
v 1.6695 -0.0655 1.096
v 1.6346 -0.0655 1.0359
v 1.5879 -0.0655 0.9842
v 1.5314 -0.0655 0.9433
v 1.4676 -0.0655 0.915
v 1.3993 -0.0655 0.9006
v 1.3295 -0.0655 0.9006
v 1.2612 -0.0655 0.915
v 1.1973 -0.0655 0.9433
v 1.1408 -0.0655 0.9842
v 1.0941 -0.0655 1.0359
v 1.0592 -0.0655 1.096
v 1.0376 -0.0655 1.1622
v 1.0304 -0.0655 1.2313
v 1.0376 -0.0655 1.3005
v 1.0592 -0.0655 1.3666
v 1.0941 -0.0655 1.4268
v 1.1408 -0.0655 1.4785
v 1.1973 -0.0655 1.5194
v 1.2612 -0.0655 1.5476
v 1.3295 -0.0655 1.5621
v 1.3993 -0.0655 1.5621
v 1.5879 -0.1236 1.4785
v 1.5314 -0.1236 1.5194
v 1.6346 -0.1236 1.4268
v 1.6695 -0.1236 1.3666
v 1.6911 -0.1236 1.3005
v 1.6984 -0.1236 1.2313
v 1.6911 -0.1236 1.1622
v 1.6695 -0.1236 1.096
v 1.6346 -0.1236 1.0359
v 1.5879 -0.1236 0.9842
v 1.5314 -0.1236 0.9433
v 1.4676 -0.1236 0.915
v 1.3993 -0.1236 0.9006
v 1.3295 -0.1236 0.9006
v 1.2612 -0.1236 0.915
v 1.1973 -0.1236 0.9433
v 1.1408 -0.1236 0.9842
v 1.0941 -0.1236 1.0359
v 1.0592 -0.1236 1.096
v 1.0376 -0.1236 1.1622
v 1.0304 -0.1236 1.2313
v 1.0376 -0.1236 1.3005
v 1.0592 -0.1236 1.3666
v 1.0941 -0.1236 1.4268
v 1.1408 -0.1236 1.4785
v 1.1973 -0.1236 1.5194
v 1.2612 -0.1236 1.5476
v 1.3295 -0.1236 1.5621
v 1.3993 -0.1236 1.5621
v 1.4676 -0.1236 1.5476
v 1.5263 -0.0664 1.5106
v 1.5811 -0.0664 1.471
v 1.5811 -0.1227 1.471
v 1.5263 -0.1227 1.5106
v 1.6264 -0.0928 1.4209
v 1.6264 -0.1227 1.4209
v 1.6603 -0.0928 1.3625
v 1.6603 -0.1227 1.3625
v 1.6812 -0.0928 1.2984
v 1.6812 -0.1227 1.2984
v 1.6883 -0.0928 1.2313
v 1.6883 -0.1227 1.2313
v 1.6812 -0.0664 1.1643
v 1.6812 -0.1227 1.1643
v 1.6603 -0.0664 1.1002
v 1.6603 -0.1227 1.1002
v 1.6264 -0.0664 1.0418
v 1.6264 -0.1227 1.0418
v 1.5811 -0.0664 0.9917
v 1.5811 -0.1227 0.9917
v 1.5263 -0.0664 0.9521
v 1.5263 -0.1227 0.9521
v 1.4644 -0.0664 0.9247
v 1.4644 -0.1227 0.9247
v 1.3982 -0.0664 0.9107
v 1.3982 -0.1227 0.9107
v 1.3306 -0.0664 0.9107
v 1.3306 -0.1227 0.9107
v 1.2643 -0.0664 0.9247
v 1.2643 -0.1227 0.9247
v 1.2025 -0.0664 0.9521
v 1.2025 -0.1227 0.9521
v 1.1477 -0.0664 0.9917
v 1.1477 -0.1227 0.9917
v 1.1023 -0.0664 1.0418
v 1.1023 -0.1227 1.0418
v 1.0685 -0.0664 1.1002
v 1.0685 -0.1227 1.1002
v 1.0476 -0.0664 1.1643
v 1.0476 -0.1227 1.1643
v 1.0405 -0.0664 1.2313
v 1.0405 -0.1227 1.2313
v 1.0476 -0.0664 1.2984
v 1.0476 -0.1227 1.2984
v 1.0685 -0.0664 1.3625
v 1.0685 -0.1227 1.3625
v 1.1023 -0.0664 1.4209
v 1.1023 -0.1227 1.4209
v 1.1477 -0.0664 1.471
v 1.1477 -0.1227 1.471
v 1.2025 -0.0664 1.5106
v 1.2025 -0.1227 1.5106
v 1.2643 -0.0664 1.538
v 1.2643 -0.1227 1.538
v 1.3306 -0.0664 1.552
v 1.3306 -0.1227 1.552
v 1.3982 -0.0664 1.552
v 1.3982 -0.1227 1.552
v 1.4644 -0.1227 1.538
v 1.4644 -0.0664 1.538
v 0.4632 -0.0558 0.5042
v 0.3335 -0.0558 0.5699
v 0.3335 -0.1333 0.5699
v 0.4632 -0.1333 0.5042
v 0.6039 -0.0558 0.4666
v 0.6039 -0.1333 0.4666
v 0.7493 -0.0558 0.4591
v 0.7493 -0.1333 0.4591
v 1.2978 -0.1357 1.305
v 1.2839 -0.1357 1.2896
v 1.2735 -0.1357 1.2716
v 1.267 -0.1357 1.2519
v 1.2648 -0.1357 1.2313
v 1.267 -0.1357 1.2107
v 1.2603 -0.1357 1.2056
v 1.2774 -0.1091 1.1762
v 1.3002 -0.1091 1.1509
v 1.3278 -0.1357 1.131
v 1.3336 -0.1357 1.1371
v 1.354 -0.1357 1.1328
v 1.3748 -0.1357 1.1328
v 1.3951 -0.1357 1.1371
v 1.4141 -0.1357 1.1455
v 1.431 -0.1357 1.1577
v 1.4449 -0.1357 1.1731
v 1.4553 -0.1357 1.191
v 1.4617 -0.1357 1.2107
v 1.4639 -0.1357 1.2313
v 1.4617 -0.1357 1.2519
v 1.4553 -0.1357 1.2716
v 1.4449 -0.1357 1.2896
v 1.431 -0.1357 1.305
v 1.4142 -0.1357 1.3171
v 1.3951 -0.1357 1.3256
v 1.3748 -0.1357 1.3299
v 1.354 -0.1357 1.3299
v 1.3336 -0.1357 1.3256
v 1.3146 -0.1357 1.3171
v 1.354 -0.1091 1.1328
v 1.3748 -0.1091 1.1328
v 1.3951 -0.1091 1.1371
v 1.4141 -0.1091 1.1455
v 1.431 -0.1091 1.1577
v 1.4449 -0.1091 1.1731
v 1.4553 -0.1091 1.191
v 1.4617 -0.1091 1.2107
v 1.4639 -0.1091 1.2313
v 1.4617 -0.1091 1.2519
v 1.4553 -0.1091 1.2716
v 1.4449 -0.1091 1.2896
v 1.431 -0.1091 1.305
v 1.4142 -0.1091 1.3171
v 1.3951 -0.1091 1.3256
v 1.3748 -0.1091 1.3299
v 1.354 -0.1091 1.3299
v 1.3336 -0.1091 1.3256
v 1.3146 -0.1091 1.3171
v 1.2978 -0.1091 1.305
v 1.2839 -0.1091 1.2896
v 1.2735 -0.1091 1.2716
v 1.267 -0.1091 1.2519
v 1.2648 -0.1091 1.2313
v 1.267 -0.1091 1.2107
v 1.3336 -0.1091 1.1371
v 1.2603 -0.1091 1.2056
v 1.3278 -0.1091 1.131
v 1.092 -0.1091 1.1106
v 1.1232 -0.1091 1.0568
v 1.1648 -0.1091 1.0107
v 1.2153 -0.1091 0.9742
v 1.3455 -0.1091 1.2382
v 1.3438 -0.1089 1.2285
v 1.3494 -0.1088 1.2188
v 1.3585 -0.1089 1.2123
v 1.3664 -0.1091 1.2121
v 1.3736 -0.1091 1.2153
v 1.3789 -0.1091 1.2212
v 1.3814 -0.1091 1.2286
v 1.3806 -0.1091 1.2365
v 1.3766 -0.1091 1.2432
v 1.3674 -0.1091 1.2487
v 1.3568 -0.1091 1.2483
v 1.3498 -0.1091 1.2447
v 1.3443 -0.0977 1.2345
v 1.3484 -0.0977 1.2432
v 1.3548 -0.0977 1.2478
v 1.3625 -0.0977 1.2495
v 1.3702 -0.0977 1.2478
v 1.3766 -0.0977 1.2432
v 1.3806 -0.0977 1.2365
v 1.3814 -0.0977 1.2286
v 1.3789 -0.0977 1.2212
v 1.3736 -0.0977 1.2153
v 1.3664 -0.0977 1.2121
v 1.3585 -0.0979 1.2123
v 1.3494 -0.0981 1.2188
v 1.344 -0.0979 1.2266
v 0.3876 -0.0565 0.5829
v 0.5012 -0.0565 0.5254
v 1.0608 -0.0658 0.9961
v 1.0312 -0.0658 1.0472
v 0.6243 -0.0565 0.4925
v 1.1004 -0.0658 0.9522
v 0.7516 -0.0565 0.4858
v 1.1484 -0.0658 0.9176
v 0.3876 -0.0792 0.5827
v 0.5012 -0.0792 0.5252
v 1.0608 -0.0886 0.9959
v 1.0312 -0.0886 1.047
v 0.6243 -0.0792 0.4923
v 1.1004 -0.0886 0.952
v 0.7516 -0.0792 0.4856
v 1.1484 -0.0886 0.9174
v 0.7298 -0.1253 0.0001
v -1.6957 -0.1235 0.0001
v 0.7298 0.2321 0.0001
v -1.6957 0.2303 0.0001

g name0 
f 29 30 28
f 30 31 28
f 31 32 28
f 89 354 353
f 32 33 28
f 33 34 28
f 89 355 354
f 34 35 28
f 35 36 28
f 89 356 355
f 36 37 28
f 37 38 28
f 89 357 356
f 38 39 28
f 39 40 28
f 89 358 357
f 40 41 28
f 41 42 28
f 89 359 358
f 42 43 28
f 43 44 28
f 89 360 359
f 44 45 28
f 45 46 28
f 89 361 360
f 46 47 28
f 47 48 28
f 89 362 361
f 48 49 28
f 49 50 28
f 89 363 362
f 50 51 28
f 51 52 28
f 89 364 363
f 52 53 28
f 53 54 28
f 54 55 28
f 89 365 364
f 55 56 28
f 56 57 28
f 89 366 365
f 57 58 28
f 58 29 28
f 89 353 366
f 91 90 87 86
f 92 91 86 85
f 93 92 85 84
f 94 93 84 83
f 95 94 83 82
f 96 95 82 81
f 97 96 81 80
f 98 97 80 79
f 99 98 79 78
f 100 99 78 77
f 101 100 77 76
f 102 101 76 75
f 103 102 75 74
f 104 103 74 73
f 105 104 73 72
f 106 105 72 71
f 107 106 71 70
f 108 107 70 69
f 109 108 69 68
f 110 109 68 67
f 111 110 67 66
f 112 111 66 65
f 113 112 65 64
f 114 113 64 63
f 115 114 63 62
f 116 115 62 61
f 117 116 61 60
f 118 117 60 59
f 119 118 59 88
f 90 119 88 87
f 121 120 90 91
f 122 121 91 92
f 123 122 92 93
f 124 123 93 94
f 125 124 94 95
f 126 125 95 96
f 127 126 96 97
f 128 127 97 98
f 129 128 98 99
f 130 129 99 100
f 131 130 100 101
f 132 131 101 102
f 133 132 102 103
f 134 133 103 104
f 135 134 104 105
f 136 135 105 106
f 137 136 106 107
f 138 137 107 108
f 139 138 108 109
f 140 139 109 110
f 141 140 110 111
f 142 141 111 112
f 143 142 112 113
f 144 143 113 114
f 145 144 114 115
f 146 145 115 116
f 147 146 116 117
f 148 147 117 118
f 149 148 118 119
f 120 149 119 90
f 150 68 69 151
f 181 39 38 209
f 151 69 70 152
f 180 40 39 181
f 152 70 71 153
f 182 41 40 180
f 153 71 72 154
f 183 42 41 182
f 154 72 73 155
f 184 43 42 183
f 155 73 74 156
f 185 44 43 184
f 156 74 75 157
f 186 45 44 185
f 157 75 76 158
f 187 46 45 186
f 158 76 77 159
f 188 47 46 187
f 159 77 78 160
f 189 48 47 188
f 160 78 79 161
f 190 49 48 189
f 161 79 80 162
f 191 50 49 190
f 162 80 81 163
f 192 51 50 191
f 163 81 82 164
f 193 52 51 192
f 164 82 83 165
f 194 53 52 193
f 165 83 84 166
f 195 54 53 194
f 166 84 85 167
f 196 55 54 195
f 167 85 86 168
f 197 56 55 196
f 168 86 87 169
f 198 57 56 197
f 169 87 88 170
f 199 58 57 198
f 170 88 59 171
f 200 29 58 199
f 171 59 60 172
f 201 30 29 200
f 172 60 61 173
f 202 31 30 201
f 173 61 62 174
f 203 32 31 202
f 174 62 63 175
f 204 33 32 203
f 175 63 64 176
f 205 34 33 204
f 176 64 65 177
f 206 35 34 205
f 177 65 66 178
f 207 36 35 206
f 178 66 67 179
f 208 37 36 207
f 209 38 37 208
f 179 67 68 150
f 210 211 212 213
f 211 214 215 212
f 214 216 217 215
f 216 218 219 217
f 218 220 221 219
f 220 222 223 221
f 222 224 225 223
f 224 226 227 225
f 226 228 229 227
f 228 230 231 229
f 230 232 233 231
f 232 234 235 233
f 234 236 237 235
f 236 238 239 237
f 238 240 241 239
f 246 248 249 247
f 248 250 251 249
f 250 252 253 251
f 252 254 255 253
f 254 256 257 255
f 256 258 259 257
f 258 260 261 259
f 260 262 263 261
f 262 264 265 263
f 264 266 267 265
f 268 267 266 269
f 269 210 213 268
f 211 210 151 152
f 213 212 180 181
f 214 211 152 153
f 212 215 182 180
f 216 214 153 154
f 215 217 183 182
f 218 216 154 155
f 217 219 184 183
f 220 218 155 156
f 219 221 185 184
f 222 220 156 157
f 221 223 186 185
f 224 222 157 158
f 223 225 187 186
f 226 224 158 159
f 225 227 188 187
f 228 226 159 160
f 227 229 189 188
f 230 228 160 161
f 229 231 190 189
f 232 230 161 162
f 231 233 191 190
f 234 232 162 163
f 233 235 192 191
f 236 234 163 164
f 235 237 193 192
f 238 236 164 165
f 237 239 194 193
f 240 238 165 166
f 239 241 195 194
f 242 240 166 167
f 241 243 196 195
f 244 242 167 168
f 243 245 197 196
f 246 244 168 169
f 245 247 198 197
f 248 246 169 170
f 247 249 199 198
f 250 248 170 171
f 249 251 200 199
f 252 250 171 172
f 251 253 201 200
f 254 252 172 173
f 253 255 202 201
f 256 254 173 174
f 255 257 203 202
f 258 256 174 175
f 257 259 204 203
f 260 258 175 176
f 259 261 205 204
f 262 260 176 177
f 261 263 206 205
f 264 262 177 178
f 263 265 207 206
f 266 264 178 179
f 265 267 208 207
f 267 268 209 208
f 269 266 179 150
f 210 269 150 151
f 268 213 181 209
f 375 376 377 378
f 272 271 246 247
f 273 272 247 245
f 376 379 380 377
f 275 273 245 243
f 379 381 382 380
f 277 275 243 241
f 276 277 241 240
f 285 334 336 337
f 286 285 337 338
f 335 286 338 339
f 309 308 289 290
f 310 309 290 291
f 312 311 292 293
f 313 312 293 294
f 314 313 294 295
f 315 314 295 296
f 316 315 296 297
f 317 316 297 298
f 318 317 298 299
f 319 318 299 300
f 320 319 300 301
f 321 320 301 302
f 322 321 302 303
f 323 322 303 304
f 324 323 304 305
f 325 324 305 306
f 326 325 306 307
f 327 326 307 278
f 328 327 278 279
f 329 328 279 280
f 330 329 280 281
f 331 330 281 282
f 332 331 282 283
f 308 333 288 289
f 311 310 291 292
f 334 332 283 284
f 333 335 287 288
f 336 334 284 120
f 337 336 120 121
f 338 337 121 122
f 339 338 122 123
f 335 339 123 287
f 340 329 330
f 341 340 330 331
f 341 331 332
f 342 341 334 285
f 342 285 286
f 343 342 286 335
f 343 333 308
f 344 309 310
f 345 344 310 311
f 345 311 312
f 346 345 312 313
f 346 313 314
f 347 346 314 315
f 347 315 316
f 348 347 316 317
f 348 317 318
f 349 348 318 319
f 349 319 320
f 350 321 322
f 351 325 326
f 352 351 326 327
f 340 352 327 328
f 340 328 329
f 341 332 334
f 344 343 308 309
f 350 349 320 321
f 343 335 333
f 350 322 323
f 351 324 325
f 351 350 323 324
f 353 340 341
f 353 354 340
f 354 352 340
f 354 355 351 352
f 355 356 351
f 356 350 351
f 356 357 350
f 357 358 349 350
f 358 359 348 349
f 359 360 347 348
f 360 361 346 347
f 361 362 345 346
f 362 363 344 345
f 363 364 343 344
f 364 365 342 343
f 365 366 341 342
f 366 353 341
f 368 367 271 270
f 370 369 244 246
f 367 370 246 271
f 371 368 270 274
f 369 372 242 244
f 373 371 274 276
f 374 373 276 240
f 372 374 240 242
f 376 375 367 368
f 378 377 369 370
f 375 378 370 367
f 379 376 368 371
f 377 380 372 369
f 381 379 371 373
f 382 381 373 374
f 380 382 374 372
f 401 403 402
f 401 404 403
f 401 405 404
f 726 727 462
f 401 406 405
f 401 407 406
f 727 728 462
f 401 408 407
f 401 409 408
f 728 729 462
f 401 410 409
f 401 411 410
f 729 730 462
f 401 412 411
f 401 413 412
f 730 731 462
f 401 414 413
f 401 415 414
f 731 732 462
f 401 416 415
f 401 417 416
f 732 733 462
f 401 418 417
f 401 419 418
f 733 734 462
f 401 420 419
f 401 421 420
f 734 735 462
f 401 422 421
f 401 423 422
f 735 736 462
f 401 424 423
f 401 425 424
f 736 737 462
f 401 426 425
f 401 427 426
f 401 428 427
f 737 738 462
f 401 429 428
f 401 430 429
f 738 739 462
f 401 431 430
f 401 402 431
f 739 726 462
f 459 460 463 464
f 458 459 464 465
f 457 458 465 466
f 456 457 466 467
f 455 456 467 468
f 454 455 468 469
f 453 454 469 470
f 452 453 470 471
f 451 452 471 472
f 450 451 472 473
f 449 450 473 474
f 448 449 474 475
f 447 448 475 476
f 446 447 476 477
f 445 446 477 478
f 444 445 478 479
f 443 444 479 480
f 442 443 480 481
f 441 442 481 482
f 440 441 482 483
f 439 440 483 484
f 438 439 484 485
f 437 438 485 486
f 436 437 486 487
f 435 436 487 488
f 434 435 488 489
f 433 434 489 490
f 432 433 490 491
f 461 432 491 492
f 460 461 492 463
f 464 463 493 494
f 465 464 494 495
f 466 465 495 496
f 467 466 496 497
f 468 467 497 498
f 469 468 498 499
f 470 469 499 500
f 471 470 500 501
f 472 471 501 502
f 473 472 502 503
f 474 473 503 504
f 475 474 504 505
f 476 475 505 506
f 477 476 506 507
f 478 477 507 508
f 479 478 508 509
f 480 479 509 510
f 481 480 510 511
f 482 481 511 512
f 483 482 512 513
f 484 483 513 514
f 485 484 514 515
f 486 485 515 516
f 487 486 516 517
f 488 487 517 518
f 489 488 518 519
f 490 489 519 520
f 491 490 520 521
f 492 491 521 522
f 463 492 522 493
f 524 442 441 523
f 582 411 412 554
f 525 443 442 524
f 554 412 413 553
f 526 444 443 525
f 553 413 414 555
f 527 445 444 526
f 555 414 415 556
f 528 446 445 527
f 556 415 416 557
f 529 447 446 528
f 557 416 417 558
f 530 448 447 529
f 558 417 418 559
f 531 449 448 530
f 559 418 419 560
f 532 450 449 531
f 560 419 420 561
f 533 451 450 532
f 561 420 421 562
f 534 452 451 533
f 562 421 422 563
f 535 453 452 534
f 563 422 423 564
f 536 454 453 535
f 564 423 424 565
f 537 455 454 536
f 565 424 425 566
f 538 456 455 537
f 566 425 426 567
f 539 457 456 538
f 567 426 427 568
f 540 458 457 539
f 568 427 428 569
f 541 459 458 540
f 569 428 429 570
f 542 460 459 541
f 570 429 430 571
f 543 461 460 542
f 571 430 431 572
f 544 432 461 543
f 572 431 402 573
f 545 433 432 544
f 573 402 403 574
f 546 434 433 545
f 574 403 404 575
f 547 435 434 546
f 575 404 405 576
f 548 436 435 547
f 576 405 406 577
f 549 437 436 548
f 577 406 407 578
f 550 438 437 549
f 578 407 408 579
f 551 439 438 550
f 579 408 409 580
f 552 440 439 551
f 580 409 410 581
f 581 410 411 582
f 523 441 440 552
f 586 585 584 583
f 585 588 587 584
f 588 590 589 587
f 590 592 591 589
f 592 594 593 591
f 594 596 595 593
f 596 598 597 595
f 598 600 599 597
f 600 602 601 599
f 602 604 603 601
f 604 606 605 603
f 606 608 607 605
f 608 610 609 607
f 610 612 611 609
f 612 614 613 611
f 620 622 621 619
f 622 624 623 621
f 624 626 625 623
f 626 628 627 625
f 628 630 629 627
f 630 632 631 629
f 632 634 633 631
f 634 636 635 633
f 636 638 637 635
f 638 640 639 637
f 642 639 640 641
f 641 586 583 642
f 525 524 583 584
f 554 553 585 586
f 526 525 584 587
f 553 555 588 585
f 527 526 587 589
f 555 556 590 588
f 528 527 589 591
f 556 557 592 590
f 529 528 591 593
f 557 558 594 592
f 530 529 593 595
f 558 559 596 594
f 531 530 595 597
f 559 560 598 596
f 532 531 597 599
f 560 561 600 598
f 533 532 599 601
f 561 562 602 600
f 534 533 601 603
f 562 563 604 602
f 535 534 603 605
f 563 564 606 604
f 536 535 605 607
f 564 565 608 606
f 537 536 607 609
f 565 566 610 608
f 538 537 609 611
f 566 567 612 610
f 539 538 611 613
f 567 568 614 612
f 540 539 613 615
f 568 569 616 614
f 541 540 615 617
f 569 570 618 616
f 542 541 617 619
f 570 571 620 618
f 543 542 619 621
f 571 572 622 620
f 544 543 621 623
f 572 573 624 622
f 545 544 623 625
f 573 574 626 624
f 546 545 625 627
f 574 575 628 626
f 547 546 627 629
f 575 576 630 628
f 548 547 629 631
f 576 577 632 630
f 549 548 631 633
f 577 578 634 632
f 550 549 633 635
f 578 579 636 634
f 551 550 635 637
f 579 580 638 636
f 552 551 637 639
f 580 581 640 638
f 581 582 641 640
f 523 552 639 642
f 524 523 642 583
f 582 554 586 641
f 751 750 749 748
f 620 619 644 645
f 618 620 645 646
f 750 753 752 749
f 616 618 646 648
f 753 755 754 752
f 614 616 648 650
f 613 614 650 649
f 710 709 707 658
f 711 710 658 659
f 712 711 659 708
f 663 662 681 682
f 664 663 682 683
f 666 665 684 685
f 667 666 685 686
f 668 667 686 687
f 669 668 687 688
f 670 669 688 689
f 671 670 689 690
f 672 671 690 691
f 673 672 691 692
f 674 673 692 693
f 675 674 693 694
f 676 675 694 695
f 677 676 695 696
f 678 677 696 697
f 679 678 697 698
f 680 679 698 699
f 651 680 699 700
f 652 651 700 701
f 653 652 701 702
f 654 653 702 703
f 655 654 703 704
f 656 655 704 705
f 662 661 706 681
f 665 664 683 684
f 657 656 705 707
f 661 660 708 706
f 493 657 707 709
f 494 493 709 710
f 495 494 710 711
f 496 495 711 712
f 660 496 712 708
f 703 702 713
f 704 703 713 714
f 705 704 714
f 658 707 714 715
f 659 658 715
f 708 659 715 716
f 681 706 716
f 683 682 717
f 684 683 717 718
f 685 684 718
f 686 685 718 719
f 687 686 719
f 688 687 719 720
f 689 688 720
f 690 689 720 721
f 691 690 721
f 692 691 721 722
f 693 692 722
f 695 694 723
f 699 698 724
f 700 699 724 725
f 701 700 725 713
f 702 701 713
f 707 705 714
f 682 681 716 717
f 694 693 722 723
f 706 708 716
f 696 695 723
f 698 697 724
f 697 696 723 724
f 714 713 726
f 713 727 726
f 713 725 727
f 725 724 728 727
f 724 729 728
f 724 723 729
f 723 730 729
f 723 722 731 730
f 722 721 732 731
f 721 720 733 732
f 720 719 734 733
f 719 718 735 734
f 718 717 736 735
f 717 716 737 736
f 716 715 738 737
f 715 714 739 738
f 714 726 739
f 643 644 740 741
f 619 617 742 743
f 644 619 743 740
f 647 643 741 744
f 617 615 745 742
f 649 647 744 746
f 613 649 746 747
f 615 613 747 745
f 741 740 748 749
f 743 742 750 751
f 740 743 751 748
f 744 741 749 752
f 742 745 753 750
f 746 744 752 754
f 747 746 754 755
f 745 747 755 753
f 811 812 810
f 812 813 810
f 813 814 810
f 871 1136 1135
f 814 815 810
f 815 816 810
f 871 1137 1136
f 816 817 810
f 817 818 810
f 871 1138 1137
f 818 819 810
f 819 820 810
f 871 1139 1138
f 820 821 810
f 821 822 810
f 871 1140 1139
f 822 823 810
f 823 824 810
f 871 1141 1140
f 824 825 810
f 825 826 810
f 871 1142 1141
f 826 827 810
f 827 828 810
f 871 1143 1142
f 828 829 810
f 829 830 810
f 871 1144 1143
f 830 831 810
f 831 832 810
f 871 1145 1144
f 832 833 810
f 833 834 810
f 871 1146 1145
f 834 835 810
f 835 836 810
f 836 837 810
f 871 1147 1146
f 837 838 810
f 838 839 810
f 871 1148 1147
f 839 840 810
f 840 811 810
f 871 1135 1148
f 873 872 869 868
f 874 873 868 867
f 875 874 867 866
f 876 875 866 865
f 877 876 865 864
f 878 877 864 863
f 879 878 863 862
f 880 879 862 861
f 881 880 861 860
f 882 881 860 859
f 883 882 859 858
f 884 883 858 857
f 885 884 857 856
f 886 885 856 855
f 887 886 855 854
f 888 887 854 853
f 889 888 853 852
f 890 889 852 851
f 891 890 851 850
f 892 891 850 849
f 893 892 849 848
f 894 893 848 847
f 895 894 847 846
f 896 895 846 845
f 897 896 845 844
f 898 897 844 843
f 899 898 843 842
f 900 899 842 841
f 901 900 841 870
f 872 901 870 869
f 903 902 872 873
f 904 903 873 874
f 905 904 874 875
f 906 905 875 876
f 907 906 876 877
f 908 907 877 878
f 909 908 878 879
f 910 909 879 880
f 911 910 880 881
f 912 911 881 882
f 913 912 882 883
f 914 913 883 884
f 915 914 884 885
f 916 915 885 886
f 917 916 886 887
f 918 917 887 888
f 919 918 888 889
f 920 919 889 890
f 921 920 890 891
f 922 921 891 892
f 923 922 892 893
f 924 923 893 894
f 925 924 894 895
f 926 925 895 896
f 927 926 896 897
f 928 927 897 898
f 929 928 898 899
f 930 929 899 900
f 931 930 900 901
f 902 931 901 872
f 932 850 851 933
f 963 821 820 991
f 933 851 852 934
f 962 822 821 963
f 934 852 853 935
f 964 823 822 962
f 935 853 854 936
f 965 824 823 964
f 936 854 855 937
f 966 825 824 965
f 937 855 856 938
f 967 826 825 966
f 938 856 857 939
f 968 827 826 967
f 939 857 858 940
f 969 828 827 968
f 940 858 859 941
f 970 829 828 969
f 941 859 860 942
f 971 830 829 970
f 942 860 861 943
f 972 831 830 971
f 943 861 862 944
f 973 832 831 972
f 944 862 863 945
f 974 833 832 973
f 945 863 864 946
f 975 834 833 974
f 946 864 865 947
f 976 835 834 975
f 947 865 866 948
f 977 836 835 976
f 948 866 867 949
f 978 837 836 977
f 949 867 868 950
f 979 838 837 978
f 950 868 869 951
f 980 839 838 979
f 951 869 870 952
f 981 840 839 980
f 952 870 841 953
f 982 811 840 981
f 953 841 842 954
f 983 812 811 982
f 954 842 843 955
f 984 813 812 983
f 955 843 844 956
f 985 814 813 984
f 956 844 845 957
f 986 815 814 985
f 957 845 846 958
f 987 816 815 986
f 958 846 847 959
f 988 817 816 987
f 959 847 848 960
f 989 818 817 988
f 960 848 849 961
f 990 819 818 989
f 991 820 819 990
f 961 849 850 932
f 992 993 994 995
f 993 996 997 994
f 996 998 999 997
f 998 1000 1001 999
f 1000 1002 1003 1001
f 1002 1004 1005 1003
f 1004 1006 1007 1005
f 1006 1008 1009 1007
f 1008 1010 1011 1009
f 1010 1012 1013 1011
f 1012 1014 1015 1013
f 1014 1016 1017 1015
f 1016 1018 1019 1017
f 1018 1020 1021 1019
f 1020 1022 1023 1021
f 1028 1030 1031 1029
f 1030 1032 1033 1031
f 1032 1034 1035 1033
f 1034 1036 1037 1035
f 1036 1038 1039 1037
f 1038 1040 1041 1039
f 1040 1042 1043 1041
f 1042 1044 1045 1043
f 1044 1046 1047 1045
f 1046 1048 1049 1047
f 1050 1049 1048 1051
f 1051 992 995 1050
f 993 992 933 934
f 995 994 962 963
f 996 993 934 935
f 994 997 964 962
f 998 996 935 936
f 997 999 965 964
f 1000 998 936 937
f 999 1001 966 965
f 1002 1000 937 938
f 1001 1003 967 966
f 1004 1002 938 939
f 1003 1005 968 967
f 1006 1004 939 940
f 1005 1007 969 968
f 1008 1006 940 941
f 1007 1009 970 969
f 1010 1008 941 942
f 1009 1011 971 970
f 1012 1010 942 943
f 1011 1013 972 971
f 1014 1012 943 944
f 1013 1015 973 972
f 1016 1014 944 945
f 1015 1017 974 973
f 1018 1016 945 946
f 1017 1019 975 974
f 1020 1018 946 947
f 1019 1021 976 975
f 1022 1020 947 948
f 1021 1023 977 976
f 1024 1022 948 949
f 1023 1025 978 977
f 1026 1024 949 950
f 1025 1027 979 978
f 1028 1026 950 951
f 1027 1029 980 979
f 1030 1028 951 952
f 1029 1031 981 980
f 1032 1030 952 953
f 1031 1033 982 981
f 1034 1032 953 954
f 1033 1035 983 982
f 1036 1034 954 955
f 1035 1037 984 983
f 1038 1036 955 956
f 1037 1039 985 984
f 1040 1038 956 957
f 1039 1041 986 985
f 1042 1040 957 958
f 1041 1043 987 986
f 1044 1042 958 959
f 1043 1045 988 987
f 1046 1044 959 960
f 1045 1047 989 988
f 1048 1046 960 961
f 1047 1049 990 989
f 1049 1050 991 990
f 1051 1048 961 932
f 992 1051 932 933
f 1050 995 963 991
f 1157 1158 1159 1160
f 1054 1053 1028 1029
f 1055 1054 1029 1027
f 1158 1161 1162 1159
f 1057 1055 1027 1025
f 1161 1163 1164 1162
f 1059 1057 1025 1023
f 1058 1059 1023 1022
f 1067 1116 1118 1119
f 1068 1067 1119 1120
f 1117 1068 1120 1121
f 1091 1090 1071 1072
f 1092 1091 1072 1073
f 1094 1093 1074 1075
f 1095 1094 1075 1076
f 1096 1095 1076 1077
f 1097 1096 1077 1078
f 1098 1097 1078 1079
f 1099 1098 1079 1080
f 1100 1099 1080 1081
f 1101 1100 1081 1082
f 1102 1101 1082 1083
f 1103 1102 1083 1084
f 1104 1103 1084 1085
f 1105 1104 1085 1086
f 1106 1105 1086 1087
f 1107 1106 1087 1088
f 1108 1107 1088 1089
f 1109 1108 1089 1060
f 1110 1109 1060 1061
f 1111 1110 1061 1062
f 1112 1111 1062 1063
f 1113 1112 1063 1064
f 1114 1113 1064 1065
f 1090 1115 1070 1071
f 1093 1092 1073 1074
f 1116 1114 1065 1066
f 1115 1117 1069 1070
f 1118 1116 1066 902
f 1119 1118 902 903
f 1120 1119 903 904
f 1121 1120 904 905
f 1117 1121 905 1069
f 1122 1111 1112
f 1123 1122 1112 1113
f 1123 1113 1114
f 1124 1123 1116 1067
f 1124 1067 1068
f 1125 1124 1068 1117
f 1125 1115 1090
f 1126 1091 1092
f 1127 1126 1092 1093
f 1127 1093 1094
f 1128 1127 1094 1095
f 1128 1095 1096
f 1129 1128 1096 1097
f 1129 1097 1098
f 1130 1129 1098 1099
f 1130 1099 1100
f 1131 1130 1100 1101
f 1131 1101 1102
f 1132 1103 1104
f 1133 1107 1108
f 1134 1133 1108 1109
f 1122 1134 1109 1110
f 1122 1110 1111
f 1123 1114 1116
f 1126 1125 1090 1091
f 1132 1131 1102 1103
f 1125 1117 1115
f 1132 1104 1105
f 1133 1106 1107
f 1133 1132 1105 1106
f 1135 1122 1123
f 1135 1136 1122
f 1136 1134 1122
f 1136 1137 1133 1134
f 1137 1138 1133
f 1138 1132 1133
f 1138 1139 1132
f 1139 1140 1131 1132
f 1140 1141 1130 1131
f 1141 1142 1129 1130
f 1142 1143 1128 1129
f 1143 1144 1127 1128
f 1144 1145 1126 1127
f 1145 1146 1125 1126
f 1146 1147 1124 1125
f 1147 1148 1123 1124
f 1148 1135 1123
f 1150 1149 1053 1052
f 1152 1151 1026 1028
f 1149 1152 1028 1053
f 1153 1150 1052 1056
f 1151 1154 1024 1026
f 1155 1153 1056 1058
f 1156 1155 1058 1022
f 1154 1156 1022 1024
f 1158 1157 1149 1150
f 1160 1159 1151 1152
f 1157 1160 1152 1149
f 1161 1158 1150 1153
f 1159 1162 1154 1151
f 1163 1161 1153 1155
f 1164 1163 1155 1156
f 1162 1164 1156 1154
f 1192 1194 1193
f 1192 1195 1194
f 1192 1196 1195
f 1517 1518 1253
f 1192 1197 1196
f 1192 1198 1197
f 1518 1519 1253
f 1192 1199 1198
f 1192 1200 1199
f 1519 1520 1253
f 1192 1201 1200
f 1192 1202 1201
f 1520 1521 1253
f 1192 1203 1202
f 1192 1204 1203
f 1521 1522 1253
f 1192 1205 1204
f 1192 1206 1205
f 1522 1523 1253
f 1192 1207 1206
f 1192 1208 1207
f 1523 1524 1253
f 1192 1209 1208
f 1192 1210 1209
f 1524 1525 1253
f 1192 1211 1210
f 1192 1212 1211
f 1525 1526 1253
f 1192 1213 1212
f 1192 1214 1213
f 1526 1527 1253
f 1192 1215 1214
f 1192 1216 1215
f 1527 1528 1253
f 1192 1217 1216
f 1192 1218 1217
f 1192 1219 1218
f 1528 1529 1253
f 1192 1220 1219
f 1192 1221 1220
f 1529 1530 1253
f 1192 1222 1221
f 1192 1193 1222
f 1530 1517 1253
f 1250 1251 1254 1255
f 1249 1250 1255 1256
f 1248 1249 1256 1257
f 1247 1248 1257 1258
f 1246 1247 1258 1259
f 1245 1246 1259 1260
f 1244 1245 1260 1261
f 1243 1244 1261 1262
f 1242 1243 1262 1263
f 1241 1242 1263 1264
f 1240 1241 1264 1265
f 1239 1240 1265 1266
f 1238 1239 1266 1267
f 1237 1238 1267 1268
f 1236 1237 1268 1269
f 1235 1236 1269 1270
f 1234 1235 1270 1271
f 1233 1234 1271 1272
f 1232 1233 1272 1273
f 1231 1232 1273 1274
f 1230 1231 1274 1275
f 1229 1230 1275 1276
f 1228 1229 1276 1277
f 1227 1228 1277 1278
f 1226 1227 1278 1279
f 1225 1226 1279 1280
f 1224 1225 1280 1281
f 1223 1224 1281 1282
f 1252 1223 1282 1283
f 1251 1252 1283 1254
f 1255 1254 1284 1285
f 1256 1255 1285 1286
f 1257 1256 1286 1287
f 1258 1257 1287 1288
f 1259 1258 1288 1289
f 1260 1259 1289 1290
f 1261 1260 1290 1291
f 1262 1261 1291 1292
f 1263 1262 1292 1293
f 1264 1263 1293 1294
f 1265 1264 1294 1295
f 1266 1265 1295 1296
f 1267 1266 1296 1297
f 1268 1267 1297 1298
f 1269 1268 1298 1299
f 1270 1269 1299 1300
f 1271 1270 1300 1301
f 1272 1271 1301 1302
f 1273 1272 1302 1303
f 1274 1273 1303 1304
f 1275 1274 1304 1305
f 1276 1275 1305 1306
f 1277 1276 1306 1307
f 1278 1277 1307 1308
f 1279 1278 1308 1309
f 1280 1279 1309 1310
f 1281 1280 1310 1311
f 1282 1281 1311 1312
f 1283 1282 1312 1313
f 1254 1283 1313 1284
f 1315 1233 1232 1314
f 1373 1202 1203 1345
f 1316 1234 1233 1315
f 1345 1203 1204 1344
f 1317 1235 1234 1316
f 1344 1204 1205 1346
f 1318 1236 1235 1317
f 1346 1205 1206 1347
f 1319 1237 1236 1318
f 1347 1206 1207 1348
f 1320 1238 1237 1319
f 1348 1207 1208 1349
f 1321 1239 1238 1320
f 1349 1208 1209 1350
f 1322 1240 1239 1321
f 1350 1209 1210 1351
f 1323 1241 1240 1322
f 1351 1210 1211 1352
f 1324 1242 1241 1323
f 1352 1211 1212 1353
f 1325 1243 1242 1324
f 1353 1212 1213 1354
f 1326 1244 1243 1325
f 1354 1213 1214 1355
f 1327 1245 1244 1326
f 1355 1214 1215 1356
f 1328 1246 1245 1327
f 1356 1215 1216 1357
f 1329 1247 1246 1328
f 1357 1216 1217 1358
f 1330 1248 1247 1329
f 1358 1217 1218 1359
f 1331 1249 1248 1330
f 1359 1218 1219 1360
f 1332 1250 1249 1331
f 1360 1219 1220 1361
f 1333 1251 1250 1332
f 1361 1220 1221 1362
f 1334 1252 1251 1333
f 1362 1221 1222 1363
f 1335 1223 1252 1334
f 1363 1222 1193 1364
f 1336 1224 1223 1335
f 1364 1193 1194 1365
f 1337 1225 1224 1336
f 1365 1194 1195 1366
f 1338 1226 1225 1337
f 1366 1195 1196 1367
f 1339 1227 1226 1338
f 1367 1196 1197 1368
f 1340 1228 1227 1339
f 1368 1197 1198 1369
f 1341 1229 1228 1340
f 1369 1198 1199 1370
f 1342 1230 1229 1341
f 1370 1199 1200 1371
f 1343 1231 1230 1342
f 1371 1200 1201 1372
f 1372 1201 1202 1373
f 1314 1232 1231 1343
f 1377 1376 1375 1374
f 1376 1379 1378 1375
f 1379 1381 1380 1378
f 1381 1383 1382 1380
f 1383 1385 1384 1382
f 1385 1387 1386 1384
f 1387 1389 1388 1386
f 1389 1391 1390 1388
f 1391 1393 1392 1390
f 1393 1395 1394 1392
f 1395 1397 1396 1394
f 1397 1399 1398 1396
f 1399 1401 1400 1398
f 1401 1403 1402 1400
f 1403 1405 1404 1402
f 1411 1413 1412 1410
f 1413 1415 1414 1412
f 1415 1417 1416 1414
f 1417 1419 1418 1416
f 1419 1421 1420 1418
f 1421 1423 1422 1420
f 1423 1425 1424 1422
f 1425 1427 1426 1424
f 1427 1429 1428 1426
f 1429 1431 1430 1428
f 1433 1430 1431 1432
f 1432 1377 1374 1433
f 1316 1315 1374 1375
f 1345 1344 1376 1377
f 1317 1316 1375 1378
f 1344 1346 1379 1376
f 1318 1317 1378 1380
f 1346 1347 1381 1379
f 1319 1318 1380 1382
f 1347 1348 1383 1381
f 1320 1319 1382 1384
f 1348 1349 1385 1383
f 1321 1320 1384 1386
f 1349 1350 1387 1385
f 1322 1321 1386 1388
f 1350 1351 1389 1387
f 1323 1322 1388 1390
f 1351 1352 1391 1389
f 1324 1323 1390 1392
f 1352 1353 1393 1391
f 1325 1324 1392 1394
f 1353 1354 1395 1393
f 1326 1325 1394 1396
f 1354 1355 1397 1395
f 1327 1326 1396 1398
f 1355 1356 1399 1397
f 1328 1327 1398 1400
f 1356 1357 1401 1399
f 1329 1328 1400 1402
f 1357 1358 1403 1401
f 1330 1329 1402 1404
f 1358 1359 1405 1403
f 1331 1330 1404 1406
f 1359 1360 1407 1405
f 1332 1331 1406 1408
f 1360 1361 1409 1407
f 1333 1332 1408 1410
f 1361 1362 1411 1409
f 1334 1333 1410 1412
f 1362 1363 1413 1411
f 1335 1334 1412 1414
f 1363 1364 1415 1413
f 1336 1335 1414 1416
f 1364 1365 1417 1415
f 1337 1336 1416 1418
f 1365 1366 1419 1417
f 1338 1337 1418 1420
f 1366 1367 1421 1419
f 1339 1338 1420 1422
f 1367 1368 1423 1421
f 1340 1339 1422 1424
f 1368 1369 1425 1423
f 1341 1340 1424 1426
f 1369 1370 1427 1425
f 1342 1341 1426 1428
f 1370 1371 1429 1427
f 1343 1342 1428 1430
f 1371 1372 1431 1429
f 1372 1373 1432 1431
f 1314 1343 1430 1433
f 1315 1314 1433 1374
f 1373 1345 1377 1432
f 1542 1541 1540 1539
f 1411 1410 1435 1436
f 1409 1411 1436 1437
f 1541 1544 1543 1540
f 1407 1409 1437 1439
f 1544 1546 1545 1543
f 1405 1407 1439 1441
f 1404 1405 1441 1440
f 1501 1500 1498 1449
f 1502 1501 1449 1450
f 1503 1502 1450 1499
f 1454 1453 1472 1473
f 1455 1454 1473 1474
f 1457 1456 1475 1476
f 1458 1457 1476 1477
f 1459 1458 1477 1478
f 1460 1459 1478 1479
f 1461 1460 1479 1480
f 1462 1461 1480 1481
f 1463 1462 1481 1482
f 1464 1463 1482 1483
f 1465 1464 1483 1484
f 1466 1465 1484 1485
f 1467 1466 1485 1486
f 1468 1467 1486 1487
f 1469 1468 1487 1488
f 1470 1469 1488 1489
f 1471 1470 1489 1490
f 1442 1471 1490 1491
f 1443 1442 1491 1492
f 1444 1443 1492 1493
f 1445 1444 1493 1494
f 1446 1445 1494 1495
f 1447 1446 1495 1496
f 1453 1452 1497 1472
f 1456 1455 1474 1475
f 1448 1447 1496 1498
f 1452 1451 1499 1497
f 1284 1448 1498 1500
f 1285 1284 1500 1501
f 1286 1285 1501 1502
f 1287 1286 1502 1503
f 1451 1287 1503 1499
f 1494 1493 1504
f 1495 1494 1504 1505
f 1496 1495 1505
f 1449 1498 1505 1506
f 1450 1449 1506
f 1499 1450 1506 1507
f 1472 1497 1507
f 1474 1473 1508
f 1475 1474 1508 1509
f 1476 1475 1509
f 1477 1476 1509 1510
f 1478 1477 1510
f 1479 1478 1510 1511
f 1480 1479 1511
f 1481 1480 1511 1512
f 1482 1481 1512
f 1483 1482 1512 1513
f 1484 1483 1513
f 1486 1485 1514
f 1490 1489 1515
f 1491 1490 1515 1516
f 1492 1491 1516 1504
f 1493 1492 1504
f 1498 1496 1505
f 1473 1472 1507 1508
f 1485 1484 1513 1514
f 1497 1499 1507
f 1487 1486 1514
f 1489 1488 1515
f 1488 1487 1514 1515
f 1505 1504 1517
f 1504 1518 1517
f 1504 1516 1518
f 1516 1515 1519 1518
f 1515 1520 1519
f 1515 1514 1520
f 1514 1521 1520
f 1514 1513 1522 1521
f 1513 1512 1523 1522
f 1512 1511 1524 1523
f 1511 1510 1525 1524
f 1510 1509 1526 1525
f 1509 1508 1527 1526
f 1508 1507 1528 1527
f 1507 1506 1529 1528
f 1506 1505 1530 1529
f 1505 1517 1530
f 1434 1435 1531 1532
f 1410 1408 1533 1534
f 1435 1410 1534 1531
f 1438 1434 1532 1535
f 1408 1406 1536 1533
f 1440 1438 1535 1537
f 1404 1440 1537 1538
f 1406 1404 1538 1536
f 1532 1531 1539 1540
f 1534 1533 1541 1542
f 1531 1534 1542 1539
f 1535 1532 1540 1543
f 1533 1536 1544 1541
f 1537 1535 1543 1545
f 1538 1537 1545 1546
f 1536 1538 1546 1544

g 
v -1.9741 -0.2275 1.2591
v -1.9654 -0.2275 1.2822
v -1.9511 -0.2275 1.3024
v -1.9319 -0.2275 1.3181
v -1.9094 -0.2275 1.3284
v -1.885 -0.2275 1.3325
v -1.8604 -0.2275 1.3301
v -1.8372 -0.2275 1.3214
v -1.817 -0.2275 1.3071
v -1.8013 -0.2275 1.288
v -1.791 -0.2275 1.2654
v -1.7869 -0.2275 1.241
v -1.7893 -0.2275 1.2164
v -1.798 -0.2275 1.1932
v -1.8123 -0.2275 1.1731
v -1.8314 -0.2275 1.1573
v -1.8539 -0.2275 1.147
v -1.8784 -0.2275 1.1429
v -1.903 -0.2275 1.1453
v -1.9262 -0.2275 1.154
v -1.9464 -0.2275 1.1684
v -1.9622 -0.2275 1.1875
v -1.9724 -0.2275 1.21
v -1.9764 -0.2275 1.2344
v -2.0531 -0.2275 1.2956
v -2.0382 -0.2275 1.3296
v -2.0011 -0.2275 1.3735
v -1.9713 -0.2275 1.3955
v -1.9173 -0.2275 1.4151
v -1.8804 -0.2275 1.4192
v -1.8586 -0.2275 1.4171
v -1.7898 -0.2275 1.3943
v -1.7459 -0.2275 1.3572
v -1.7239 -0.2275 1.3273
v -1.7043 -0.2275 1.2733
v -1.7002 -0.2275 1.2364
v -1.7103 -0.2275 1.1798
v -1.7251 -0.2275 1.1458
v -1.7622 -0.2275 1.1019
v -1.7921 -0.2275 1.0799
v -1.8461 -0.2275 1.0603
v -1.883 -0.2275 1.0562
v -1.9396 -0.2275 1.0663
v -1.9736 -0.2275 1.0812
v -2.0175 -0.2275 1.1183
v -2.0395 -0.2275 1.1481
v -2.0591 -0.2275 1.2021
v -2.0632 -0.2275 1.239
v -2.0531 -0.1111 1.2956
v -2.0455 -0.1111 1.3161
v -2.0011 -0.1111 1.3735
v -1.9843 -0.1111 1.3875
v -1.9173 -0.1111 1.4151
v -1.8956 -0.1111 1.4187
v -1.8586 -0.1111 1.4171
v -1.8033 -0.1111 1.4015
v -1.7459 -0.1111 1.3572
v -1.732 -0.1111 1.3403
v -1.7043 -0.1111 1.2733
v -1.7007 -0.1111 1.2517
v -1.7103 -0.1111 1.1798
v -1.7179 -0.1111 1.1593
v -1.7622 -0.1111 1.1019
v -1.7791 -0.1111 1.088
v -1.8461 -0.1111 1.0603
v -1.8677 -0.1111 1.0568
v -1.9396 -0.1111 1.0663
v -1.9601 -0.1111 1.074
v -2.0175 -0.1111 1.1183
v -2.0314 -0.1111 1.1351
v -2.0591 -0.1111 1.2021
v -2.0626 -0.1111 1.2238
v -1.9741 -0.1111 1.2591
v -1.9654 -0.1111 1.2822
v -1.9511 -0.1111 1.3024
v -1.9319 -0.1111 1.3181
v -1.9094 -0.1111 1.3284
v -1.885 -0.1111 1.3325
v -1.8604 -0.1111 1.3301
v -1.8372 -0.1111 1.3214
v -1.817 -0.1111 1.3071
v -1.8013 -0.1111 1.288
v -1.791 -0.1111 1.2654
v -1.7869 -0.1111 1.241
v -1.7893 -0.1111 1.2164
v -1.798 -0.1111 1.1932
v -1.8123 -0.1111 1.1731
v -1.8314 -0.1111 1.1573
v -1.8539 -0.1111 1.147
v -1.8784 -0.1111 1.1429
v -1.903 -0.1111 1.1453
v -1.9262 -0.1111 1.154
v -1.9464 -0.1111 1.1684
v -1.9622 -0.1111 1.1875
v -1.9724 -0.1111 1.21
v -1.9764 -0.1111 1.2344
v -1.8804 -0.1111 1.4192
v -1.8879 -0.1111 1.4123
v -1.8956 -0.2275 1.4187
v -1.8879 -0.2275 1.4123
v -1.9713 -0.1111 1.3955
v -1.9742 -0.1111 1.3858
v -1.9843 -0.2275 1.3875
v -1.9742 -0.2275 1.3858
v -2.0382 -0.1111 1.3296
v -2.0359 -0.1111 1.3197
v -2.0455 -0.2275 1.3161
v -2.0359 -0.2275 1.3197
v -2.0632 -0.1111 1.239
v -2.0562 -0.1111 1.2316
v -2.0626 -0.2275 1.2238
v -2.0562 -0.2275 1.2316
v -2.0395 -0.1111 1.1481
v -2.0298 -0.1111 1.1452
v -2.0314 -0.2275 1.1351
v -2.0298 -0.2275 1.1452
v -1.9736 -0.1111 1.0812
v -1.9637 -0.1111 1.0835
v -1.9601 -0.2275 1.074
v -1.9637 -0.2275 1.0835
v -1.883 -0.1111 1.0562
v -1.8756 -0.1111 1.0632
v -1.8677 -0.2275 1.0568
v -1.8756 -0.2275 1.0632
v -1.7921 -0.1111 1.0799
v -1.7891 -0.1111 1.0896
v -1.7791 -0.2275 1.088
v -1.7891 -0.2275 1.0896
v -1.7251 -0.1111 1.1458
v -1.7275 -0.1111 1.1557
v -1.7179 -0.2275 1.1593
v -1.7275 -0.2275 1.1557
v -1.7007 -0.2275 1.2517
v -1.7071 -0.2275 1.2438
v -1.7002 -0.1111 1.2364
v -1.7071 -0.1111 1.2438
v -1.7239 -0.1111 1.3273
v -1.7335 -0.1111 1.3303
v -1.732 -0.2275 1.3403
v -1.7335 -0.2275 1.3303
v -1.7898 -0.1111 1.3943
v -1.7997 -0.1111 1.392
v -1.8033 -0.2275 1.4015
v -1.7997 -0.2275 1.392
v -1.7147 -0.2275 1.3074
v -1.7147 -0.1111 1.3074
v -1.7023 -0.2275 1.2146
v -1.7023 -0.1111 1.2146
v -1.7378 -0.2275 1.128
v -1.7378 -0.1111 1.128
v -1.812 -0.2275 1.0708
v -1.812 -0.1111 1.0708
v -1.9048 -0.2275 1.0583
v -1.9048 -0.1111 1.0583
v -1.9914 -0.2275 1.0939
v -1.9914 -0.1111 1.0939
v -2.0486 -0.2275 1.168
v -2.0486 -0.1111 1.168
v -2.0611 -0.2275 1.2608
v -2.0611 -0.1111 1.2608
v -2.0255 -0.2275 1.3474
v -2.0255 -0.1111 1.3474
v -1.9513 -0.2275 1.4046
v -1.9513 -0.1111 1.4046
v -1.8238 -0.1111 1.4091
v -1.8238 -0.2275 1.4091
v -1.772 -0.2275 1.3815
v -1.772 -0.1111 1.3815
v -2.0143 -0.227 1.1469
v -2.0143 -0.1115 1.1469
v -2.0215 -0.1115 1.1583
v -2.0215 -0.227 1.1583
v -1.9511 -0.227 1.0927
v -1.9511 -0.1115 1.0927
v -1.9631 -0.1115 1.0991
v -1.9631 -0.227 1.0991
v -1.8694 -0.227 1.0774
v -1.8694 -0.1115 1.0774
v -1.8829 -0.1115 1.077
v -1.8829 -0.227 1.077
v -1.7909 -0.227 1.1051
v -1.7909 -0.1115 1.1051
v -1.8024 -0.1115 1.0979
v -1.8024 -0.227 1.0979
v -1.7367 -0.227 1.1683
v -1.7367 -0.1115 1.1683
v -1.7431 -0.1115 1.1563
v -1.7431 -0.227 1.1563
v -1.7214 -0.227 1.2501
v -1.7214 -0.1115 1.2501
v -1.7209 -0.1115 1.2366
v -1.7209 -0.227 1.2366
v -1.7491 -0.227 1.3285
v -1.7491 -0.1115 1.3285
v -1.7419 -0.1115 1.3171
v -1.7419 -0.227 1.3171
v -1.8123 -0.227 1.3827
v -1.8123 -0.1115 1.3827
v -1.8003 -0.1115 1.3763
v -1.8003 -0.227 1.3763
v -1.8941 -0.227 1.398
v -1.8941 -0.1115 1.398
v -1.8805 -0.1115 1.3984
v -1.8805 -0.227 1.3984
v -1.9725 -0.227 1.3703
v -1.9725 -0.1115 1.3703
v -1.9611 -0.1115 1.3775
v -1.9611 -0.227 1.3775
v -2.0267 -0.227 1.3071
v -2.0267 -0.1115 1.3071
v -2.0202 -0.1115 1.3191
v -2.0202 -0.227 1.3191
v -2.042 -0.227 1.2254
v -2.042 -0.1115 1.2254
v -2.0424 -0.1115 1.2389
v -2.0424 -0.227 1.2389

g name1 
f 1623 1624 1552 1551
f 1624 1625 1553 1552
f 1625 1626 1554 1553
f 1626 1627 1555 1554
f 1627 1628 1556 1555
f 1628 1629 1557 1556
f 1629 1630 1558 1557
f 1630 1631 1559 1558
f 1631 1632 1560 1559
f 1632 1633 1561 1560
f 1633 1634 1562 1561
f 1634 1635 1563 1562
f 1635 1636 1564 1563
f 1636 1637 1565 1564
f 1637 1638 1566 1565
f 1638 1639 1567 1566
f 1639 1640 1568 1567
f 1640 1641 1569 1568
f 1641 1642 1570 1569
f 1642 1643 1571 1570
f 1643 1644 1572 1571
f 1644 1645 1573 1572
f 1645 1646 1574 1573
f 1646 1623 1551 1574
f 1754 1753 1752 1751
f 1758 1757 1756 1755
f 1762 1761 1760 1759
f 1766 1765 1764 1763
f 1722 1721 1720 1719
f 1726 1725 1724 1723
f 1730 1729 1728 1727
f 1734 1733 1732 1731
f 1738 1737 1736 1735
f 1742 1741 1740 1739
f 1746 1745 1744 1743
f 1750 1749 1748 1747
f 1604 1647 1648
f 1580 1649 1650
f 1602 1651 1652
f 1578 1653 1654
f 1600 1655 1656
f 1576 1657 1658
f 1622 1659 1660
f 1598 1661 1662
f 1620 1663 1664
f 1596 1665 1666
f 1618 1667 1668
f 1594 1669 1670
f 1616 1671 1672
f 1592 1673 1674
f 1614 1675 1676
f 1590 1677 1678
f 1612 1679 1680
f 1588 1681 1682
f 1586 1683 1684
f 1610 1685 1686
f 1608 1687 1688
f 1584 1689 1690
f 1606 1691 1692
f 1582 1693 1694
f 1580 1581 1605 1647
f 1648 1647 1605 1629 1628
f 1603 1604 1648 1628 1627
f 1579 1649 1604 1603
f 1555 1556 1650 1649 1579
f 1556 1557 1581 1580 1650
f 1578 1713 1714 1651
f 1652 1651 1714 1627 1626
f 1601 1602 1652 1626 1625
f 1577 1653 1602 1601
f 1553 1554 1654 1653 1577
f 1554 1555 1713 1578 1654
f 1576 1711 1712 1655
f 1656 1655 1712 1625 1624
f 1599 1600 1656 1624 1623
f 1575 1657 1600 1599
f 1551 1552 1658 1657 1575
f 1552 1553 1711 1576 1658
f 1598 1709 1710 1659
f 1660 1659 1710 1623 1646
f 1621 1622 1660 1646 1645
f 1597 1661 1622 1621
f 1573 1574 1662 1661 1597
f 1574 1551 1709 1598 1662
f 1596 1707 1708 1663
f 1664 1663 1708 1645 1644
f 1619 1620 1664 1644 1643
f 1595 1665 1620 1619
f 1571 1572 1666 1665 1595
f 1572 1573 1707 1596 1666
f 1594 1705 1706 1667
f 1668 1667 1706 1643 1642
f 1617 1618 1668 1642 1641
f 1593 1669 1618 1617
f 1569 1570 1670 1669 1593
f 1570 1571 1705 1594 1670
f 1592 1703 1704 1671
f 1672 1671 1704 1641 1640
f 1615 1616 1672 1640 1639
f 1591 1673 1616 1615
f 1567 1568 1674 1673 1591
f 1568 1569 1703 1592 1674
f 1590 1701 1702 1675
f 1676 1675 1702 1639 1638
f 1613 1614 1676 1638 1637
f 1589 1677 1614 1613
f 1565 1566 1678 1677 1589
f 1566 1567 1701 1590 1678
f 1588 1699 1700 1679
f 1680 1679 1700 1637 1636
f 1611 1612 1680 1636 1635
f 1587 1681 1612 1611
f 1563 1564 1682 1681 1587
f 1564 1565 1699 1588 1682
f 1585 1683 1610 1609
f 1561 1562 1684 1683 1585
f 1562 1563 1697 1586 1684
f 1586 1697 1698 1685
f 1686 1685 1698 1635 1634
f 1609 1610 1686 1634 1633
f 1584 1695 1696 1687
f 1688 1687 1696 1633 1632
f 1607 1608 1688 1632 1631
f 1583 1689 1608 1607
f 1559 1560 1690 1689 1583
f 1560 1561 1695 1584 1690
f 1582 1717 1718 1691
f 1692 1691 1718 1631 1630
f 1715 1606 1692 1630 1629
f 1716 1693 1606 1715
f 1557 1558 1694 1693 1716
f 1558 1559 1717 1582 1694
f 1620 1665 1719 1720
f 1663 1620 1720 1721
f 1596 1663 1721 1722
f 1665 1596 1722 1719
f 1618 1669 1723 1724
f 1667 1618 1724 1725
f 1594 1667 1725 1726
f 1669 1594 1726 1723
f 1616 1673 1727 1728
f 1671 1616 1728 1729
f 1592 1671 1729 1730
f 1673 1592 1730 1727
f 1614 1677 1731 1732
f 1675 1614 1732 1733
f 1590 1675 1733 1734
f 1677 1590 1734 1731
f 1612 1681 1735 1736
f 1679 1612 1736 1737
f 1588 1679 1737 1738
f 1681 1588 1738 1735
f 1610 1683 1739 1740
f 1685 1610 1740 1741
f 1586 1685 1741 1742
f 1683 1586 1742 1739
f 1608 1689 1743 1744
f 1687 1608 1744 1745
f 1584 1687 1745 1746
f 1689 1584 1746 1743
f 1606 1693 1747 1748
f 1691 1606 1748 1749
f 1582 1691 1749 1750
f 1693 1582 1750 1747
f 1604 1649 1751 1752
f 1647 1604 1752 1753
f 1580 1647 1753 1754
f 1649 1580 1754 1751
f 1602 1653 1755 1756
f 1651 1602 1756 1757
f 1578 1651 1757 1758
f 1653 1578 1758 1755
f 1600 1657 1759 1760
f 1655 1600 1760 1761
f 1576 1655 1761 1762
f 1657 1576 1762 1759
f 1622 1661 1763 1764
f 1659 1622 1764 1765
f 1598 1659 1765 1766
f 1661 1598 1766 1763

g 
v -1.9741 -0.2275 -1.2559
v -1.9654 -0.2275 -1.279
v -1.9511 -0.2275 -1.2992
v -1.9319 -0.2275 -1.3149
v -1.9094 -0.2275 -1.3252
v -1.885 -0.2275 -1.3293
v -1.8604 -0.2275 -1.3269
v -1.8372 -0.2275 -1.3182
v -1.817 -0.2275 -1.3039
v -1.8013 -0.2275 -1.2848
v -1.791 -0.2275 -1.2622
v -1.7869 -0.2275 -1.2378
v -1.7893 -0.2275 -1.2132
v -1.798 -0.2275 -1.19
v -1.8123 -0.2275 -1.1699
v -1.8314 -0.2275 -1.1541
v -1.8539 -0.2275 -1.1438
v -1.8784 -0.2275 -1.1397
v -1.903 -0.2275 -1.1421
v -1.9262 -0.2275 -1.1508
v -1.9464 -0.2275 -1.1652
v -1.9622 -0.2275 -1.1843
v -1.9724 -0.2275 -1.2068
v -1.9764 -0.2275 -1.2312
v -2.0531 -0.2275 -1.2924
v -2.0382 -0.2275 -1.3264
v -2.0011 -0.2275 -1.3703
v -1.9713 -0.2275 -1.3923
v -1.9173 -0.2275 -1.4119
v -1.8804 -0.2275 -1.416
v -1.8586 -0.2275 -1.4139
v -1.7898 -0.2275 -1.3911
v -1.7459 -0.2275 -1.354
v -1.7239 -0.2275 -1.3241
v -1.7043 -0.2275 -1.2701
v -1.7002 -0.2275 -1.2332
v -1.7103 -0.2275 -1.1766
v -1.7251 -0.2275 -1.1426
v -1.7622 -0.2275 -1.0987
v -1.7921 -0.2275 -1.0767
v -1.8461 -0.2275 -1.0571
v -1.883 -0.2275 -1.053
v -1.9396 -0.2275 -1.0631
v -1.9736 -0.2275 -1.078
v -2.0175 -0.2275 -1.1151
v -2.0395 -0.2275 -1.1449
v -2.0591 -0.2275 -1.1989
v -2.0632 -0.2275 -1.2358
v -2.0531 -0.1111 -1.2924
v -2.0455 -0.1111 -1.3129
v -2.0011 -0.1111 -1.3703
v -1.9843 -0.1111 -1.3843
v -1.9173 -0.1111 -1.4119
v -1.8956 -0.1111 -1.4155
v -1.8586 -0.1111 -1.4139
v -1.8033 -0.1111 -1.3983
v -1.7459 -0.1111 -1.354
v -1.732 -0.1111 -1.3371
v -1.7043 -0.1111 -1.2701
v -1.7007 -0.1111 -1.2485
v -1.7103 -0.1111 -1.1766
v -1.7179 -0.1111 -1.1561
v -1.7622 -0.1111 -1.0987
v -1.7791 -0.1111 -1.0848
v -1.8461 -0.1111 -1.0571
v -1.8677 -0.1111 -1.0536
v -1.9396 -0.1111 -1.0631
v -1.9601 -0.1111 -1.0708
v -2.0175 -0.1111 -1.1151
v -2.0314 -0.1111 -1.1319
v -2.0591 -0.1111 -1.1989
v -2.0626 -0.1111 -1.2206
v -1.9741 -0.1111 -1.2559
v -1.9654 -0.1111 -1.279
v -1.9511 -0.1111 -1.2992
v -1.9319 -0.1111 -1.3149
v -1.9094 -0.1111 -1.3252
v -1.885 -0.1111 -1.3293
v -1.8604 -0.1111 -1.3269
v -1.8372 -0.1111 -1.3182
v -1.817 -0.1111 -1.3039
v -1.8013 -0.1111 -1.2848
v -1.791 -0.1111 -1.2622
v -1.7869 -0.1111 -1.2378
v -1.7893 -0.1111 -1.2132
v -1.798 -0.1111 -1.19
v -1.8123 -0.1111 -1.1699
v -1.8314 -0.1111 -1.1541
v -1.8539 -0.1111 -1.1438
v -1.8784 -0.1111 -1.1397
v -1.903 -0.1111 -1.1421
v -1.9262 -0.1111 -1.1508
v -1.9464 -0.1111 -1.1652
v -1.9622 -0.1111 -1.1843
v -1.9724 -0.1111 -1.2068
v -1.9764 -0.1111 -1.2312
v -1.8804 -0.1111 -1.416
v -1.8879 -0.1111 -1.4091
v -1.8956 -0.2275 -1.4155
v -1.8879 -0.2275 -1.4091
v -1.9713 -0.1111 -1.3923
v -1.9742 -0.1111 -1.3826
v -1.9843 -0.2275 -1.3843
v -1.9742 -0.2275 -1.3826
v -2.0382 -0.1111 -1.3264
v -2.0359 -0.1111 -1.3165
v -2.0455 -0.2275 -1.3129
v -2.0359 -0.2275 -1.3165
v -2.0632 -0.1111 -1.2358
v -2.0562 -0.1111 -1.2284
v -2.0626 -0.2275 -1.2206
v -2.0562 -0.2275 -1.2284
v -2.0395 -0.1111 -1.1449
v -2.0298 -0.1111 -1.142
v -2.0314 -0.2275 -1.1319
v -2.0298 -0.2275 -1.142
v -1.9736 -0.1111 -1.078
v -1.9637 -0.1111 -1.0803
v -1.9601 -0.2275 -1.0708
v -1.9637 -0.2275 -1.0803
v -1.883 -0.1111 -1.053
v -1.8756 -0.1111 -1.06
v -1.8677 -0.2275 -1.0536
v -1.8756 -0.2275 -1.06
v -1.7921 -0.1111 -1.0767
v -1.7891 -0.1111 -1.0864
v -1.7791 -0.2275 -1.0848
v -1.7891 -0.2275 -1.0864
v -1.7251 -0.1111 -1.1426
v -1.7275 -0.1111 -1.1525
v -1.7179 -0.2275 -1.1561
v -1.7275 -0.2275 -1.1525
v -1.7007 -0.2275 -1.2485
v -1.7071 -0.2275 -1.2406
v -1.7002 -0.1111 -1.2332
v -1.7071 -0.1111 -1.2406
v -1.7239 -0.1111 -1.3241
v -1.7335 -0.1111 -1.3271
v -1.732 -0.2275 -1.3371
v -1.7335 -0.2275 -1.3271
v -1.7898 -0.1111 -1.3911
v -1.7997 -0.1111 -1.3888
v -1.8033 -0.2275 -1.3983
v -1.7997 -0.2275 -1.3888
v -1.7147 -0.2275 -1.3042
v -1.7147 -0.1111 -1.3042
v -1.7023 -0.2275 -1.2114
v -1.7023 -0.1111 -1.2114
v -1.7378 -0.2275 -1.1248
v -1.7378 -0.1111 -1.1248
v -1.812 -0.2275 -1.0676
v -1.812 -0.1111 -1.0676
v -1.9048 -0.2275 -1.0551
v -1.9048 -0.1111 -1.0551
v -1.9914 -0.2275 -1.0907
v -1.9914 -0.1111 -1.0907
v -2.0486 -0.2275 -1.1648
v -2.0486 -0.1111 -1.1648
v -2.0611 -0.2275 -1.2576
v -2.0611 -0.1111 -1.2576
v -2.0255 -0.2275 -1.3442
v -2.0255 -0.1111 -1.3442
v -1.9513 -0.2275 -1.4014
v -1.9513 -0.1111 -1.4014
v -1.8238 -0.1111 -1.4059
v -1.8238 -0.2275 -1.4059
v -1.772 -0.2275 -1.3783
v -1.772 -0.1111 -1.3783
v -2.0143 -0.227 -1.1437
v -2.0143 -0.1115 -1.1437
v -2.0215 -0.1115 -1.1551
v -2.0215 -0.227 -1.1551
v -1.9511 -0.227 -1.0895
v -1.9511 -0.1115 -1.0895
v -1.9631 -0.1115 -1.0959
v -1.9631 -0.227 -1.0959
v -1.8694 -0.227 -1.0742
v -1.8694 -0.1115 -1.0742
v -1.8829 -0.1115 -1.0738
v -1.8829 -0.227 -1.0738
v -1.7909 -0.227 -1.1019
v -1.7909 -0.1115 -1.1019
v -1.8024 -0.1115 -1.0947
v -1.8024 -0.227 -1.0947
v -1.7367 -0.227 -1.1651
v -1.7367 -0.1115 -1.1651
v -1.7431 -0.1115 -1.1531
v -1.7431 -0.227 -1.1531
v -1.7214 -0.227 -1.2469
v -1.7214 -0.1115 -1.2469
v -1.7209 -0.1115 -1.2334
v -1.7209 -0.227 -1.2334
v -1.7491 -0.227 -1.3253
v -1.7491 -0.1115 -1.3253
v -1.7419 -0.1115 -1.3139
v -1.7419 -0.227 -1.3139
v -1.8123 -0.227 -1.3795
v -1.8123 -0.1115 -1.3795
v -1.8003 -0.1115 -1.3731
v -1.8003 -0.227 -1.3731
v -1.8941 -0.227 -1.3948
v -1.8941 -0.1115 -1.3948
v -1.8805 -0.1115 -1.3952
v -1.8805 -0.227 -1.3952
v -1.9725 -0.227 -1.3671
v -1.9725 -0.1115 -1.3671
v -1.9611 -0.1115 -1.3743
v -1.9611 -0.227 -1.3743
v -2.0267 -0.227 -1.3039
v -2.0267 -0.1115 -1.3039
v -2.0202 -0.1115 -1.3159
v -2.0202 -0.227 -1.3159
v -2.042 -0.227 -1.2222
v -2.042 -0.1115 -1.2222
v -2.0424 -0.1115 -1.2357
v -2.0424 -0.227 -1.2357

g name2 
f 1767 1768 1840 1839
f 1768 1769 1841 1840
f 1769 1770 1842 1841
f 1770 1771 1843 1842
f 1771 1772 1844 1843
f 1772 1773 1845 1844
f 1773 1774 1846 1845
f 1774 1775 1847 1846
f 1775 1776 1848 1847
f 1776 1777 1849 1848
f 1777 1778 1850 1849
f 1778 1779 1851 1850
f 1779 1780 1852 1851
f 1780 1781 1853 1852
f 1781 1782 1854 1853
f 1782 1783 1855 1854
f 1783 1784 1856 1855
f 1784 1785 1857 1856
f 1785 1786 1858 1857
f 1786 1787 1859 1858
f 1787 1788 1860 1859
f 1788 1789 1861 1860
f 1789 1790 1862 1861
f 1790 1767 1839 1862
f 1967 1968 1969 1970
f 1971 1972 1973 1974
f 1975 1976 1977 1978
f 1979 1980 1981 1982
f 1935 1936 1937 1938
f 1939 1940 1941 1942
f 1943 1944 1945 1946
f 1947 1948 1949 1950
f 1951 1952 1953 1954
f 1955 1956 1957 1958
f 1959 1960 1961 1962
f 1963 1964 1965 1966
f 1864 1863 1820
f 1866 1865 1796
f 1868 1867 1818
f 1870 1869 1794
f 1872 1871 1816
f 1874 1873 1792
f 1876 1875 1838
f 1878 1877 1814
f 1880 1879 1836
f 1882 1881 1812
f 1884 1883 1834
f 1886 1885 1810
f 1888 1887 1832
f 1890 1889 1808
f 1892 1891 1830
f 1894 1893 1806
f 1896 1895 1828
f 1898 1897 1804
f 1900 1899 1802
f 1902 1901 1826
f 1904 1903 1824
f 1906 1905 1800
f 1908 1907 1822
f 1910 1909 1798
f 1863 1821 1797 1796
f 1844 1845 1821 1863 1864
f 1843 1844 1864 1820 1819
f 1819 1820 1865 1795
f 1795 1865 1866 1772 1771
f 1866 1796 1797 1773 1772
f 1867 1930 1929 1794
f 1842 1843 1930 1867 1868
f 1841 1842 1868 1818 1817
f 1817 1818 1869 1793
f 1793 1869 1870 1770 1769
f 1870 1794 1929 1771 1770
f 1871 1928 1927 1792
f 1840 1841 1928 1871 1872
f 1839 1840 1872 1816 1815
f 1815 1816 1873 1791
f 1791 1873 1874 1768 1767
f 1874 1792 1927 1769 1768
f 1875 1926 1925 1814
f 1862 1839 1926 1875 1876
f 1861 1862 1876 1838 1837
f 1837 1838 1877 1813
f 1813 1877 1878 1790 1789
f 1878 1814 1925 1767 1790
f 1879 1924 1923 1812
f 1860 1861 1924 1879 1880
f 1859 1860 1880 1836 1835
f 1835 1836 1881 1811
f 1811 1881 1882 1788 1787
f 1882 1812 1923 1789 1788
f 1883 1922 1921 1810
f 1858 1859 1922 1883 1884
f 1857 1858 1884 1834 1833
f 1833 1834 1885 1809
f 1809 1885 1886 1786 1785
f 1886 1810 1921 1787 1786
f 1887 1920 1919 1808
f 1856 1857 1920 1887 1888
f 1855 1856 1888 1832 1831
f 1831 1832 1889 1807
f 1807 1889 1890 1784 1783
f 1890 1808 1919 1785 1784
f 1891 1918 1917 1806
f 1854 1855 1918 1891 1892
f 1853 1854 1892 1830 1829
f 1829 1830 1893 1805
f 1805 1893 1894 1782 1781
f 1894 1806 1917 1783 1782
f 1895 1916 1915 1804
f 1852 1853 1916 1895 1896
f 1851 1852 1896 1828 1827
f 1827 1828 1897 1803
f 1803 1897 1898 1780 1779
f 1898 1804 1915 1781 1780
f 1825 1826 1899 1801
f 1801 1899 1900 1778 1777
f 1900 1802 1913 1779 1778
f 1901 1914 1913 1802
f 1850 1851 1914 1901 1902
f 1849 1850 1902 1826 1825
f 1903 1912 1911 1800
f 1848 1849 1912 1903 1904
f 1847 1848 1904 1824 1823
f 1823 1824 1905 1799
f 1799 1905 1906 1776 1775
f 1906 1800 1911 1777 1776
f 1907 1934 1933 1798
f 1846 1847 1934 1907 1908
f 1845 1846 1908 1822 1931
f 1931 1822 1909 1932
f 1932 1909 1910 1774 1773
f 1910 1798 1933 1775 1774
f 1936 1935 1881 1836
f 1937 1936 1836 1879
f 1938 1937 1879 1812
f 1935 1938 1812 1881
f 1940 1939 1885 1834
f 1941 1940 1834 1883
f 1942 1941 1883 1810
f 1939 1942 1810 1885
f 1944 1943 1889 1832
f 1945 1944 1832 1887
f 1946 1945 1887 1808
f 1943 1946 1808 1889
f 1948 1947 1893 1830
f 1949 1948 1830 1891
f 1950 1949 1891 1806
f 1947 1950 1806 1893
f 1952 1951 1897 1828
f 1953 1952 1828 1895
f 1954 1953 1895 1804
f 1951 1954 1804 1897
f 1956 1955 1899 1826
f 1957 1956 1826 1901
f 1958 1957 1901 1802
f 1955 1958 1802 1899
f 1960 1959 1905 1824
f 1961 1960 1824 1903
f 1962 1961 1903 1800
f 1959 1962 1800 1905
f 1964 1963 1909 1822
f 1965 1964 1822 1907
f 1966 1965 1907 1798
f 1963 1966 1798 1909
f 1968 1967 1865 1820
f 1969 1968 1820 1863
f 1970 1969 1863 1796
f 1967 1970 1796 1865
f 1972 1971 1869 1818
f 1973 1972 1818 1867
f 1974 1973 1867 1794
f 1971 1974 1794 1869
f 1976 1975 1873 1816
f 1977 1976 1816 1871
f 1978 1977 1871 1792
f 1975 1978 1792 1873
f 1980 1979 1877 1838
f 1981 1980 1838 1875
f 1982 1981 1875 1814
f 1979 1982 1814 1877

g 
v 1.6326 -0.2266 1.0727
v 1.6383 -0.2266 1.3984
v 1.359 -0.2266 1.5662
v 1.0741 -0.2266 1.4083
v 1.0684 -0.2266 1.0826
v 1.3477 -0.2266 0.9148
v 1.6925 -0.2266 1.0367
v 1.6994 -0.2266 1.4323
v 1.3602 -0.2266 1.6361
v 1.0142 -0.2266 1.4443
v 1.0073 -0.2266 1.0487
v 1.3464 -0.2266 0.8449
v 1.7024 -0.0374 1.0308
v 1.7095 -0.0374 1.4379
v 1.3604 -0.0374 1.6477
v 1.0043 -0.0374 1.4502
v 0.9972 -0.0374 1.0431
v 1.3462 -0.0374 0.8333
v 1.6326 -0.0238 1.0727
v 1.6383 -0.0238 1.3984
v 1.359 -0.0238 1.5662
v 1.0741 -0.0238 1.4083
v 1.0684 -0.0238 1.0826
v 1.3477 -0.0238 0.9148
v 1.3602 -0.0238 1.632
v 1.6958 -0.0238 1.4303
v 1.0177 -0.0238 1.4422
v 1.0109 -0.0238 1.0507
v 1.3465 -0.0238 0.849
v 1.689 -0.0238 1.0388
v 1.7095 -0.2166 1.4379
v 1.3604 -0.2166 1.6477
v 1.7024 -0.2166 1.0308
v 1.3462 -0.2166 0.8333
v 0.9972 -0.2166 1.0431
v 1.0043 -0.2166 1.4502
v 1.6917 -0.0465 1.4486
v 1.3782 -0.0465 1.637
v 1.3782 -0.2075 1.637
v 1.6917 -0.2075 1.4486
v 1.7027 -0.0461 1.0506
v 1.7091 -0.0461 1.4181
v 1.7091 -0.2079 1.4181
v 1.7027 -0.2079 1.0506
v 1.3617 -0.0451 0.8419
v 1.687 -0.0451 1.0222
v 1.687 -0.2088 1.0222
v 1.3617 -0.2088 0.8419
v 1.0149 -0.0465 1.0324
v 1.3285 -0.0465 0.844
v 1.3285 -0.2075 0.844
v 1.0149 -0.2075 1.0324
v 1.0039 -0.0468 1.4289
v 0.9976 -0.0468 1.0645
v 0.9976 -0.2072 1.0645
v 1.0039 -0.2072 1.4289
v 1.3447 -0.0453 1.6389
v 1.02 -0.0453 1.459
v 1.02 -0.2087 1.459
v 1.3447 -0.2087 1.6389
v 1.3452 -0.0499 1.6166
v 1.0387 -0.0499 1.4467
v 1.0387 -0.2041 1.4467
v 1.3452 -0.2041 1.6166
v 1.6727 -0.051 1.4369
v 1.3768 -0.051 1.6147
v 1.3768 -0.203 1.6147
v 1.6727 -0.203 1.4369
v 1.0235 -0.0513 1.4183
v 1.0175 -0.0513 1.0743
v 1.0175 -0.2027 1.0743
v 1.0235 -0.2027 1.4183
v 1.0339 -0.051 1.0441
v 1.3299 -0.051 0.8662
v 1.3299 -0.203 0.8662
v 1.0339 -0.203 1.0441
v 1.3612 -0.0497 0.8643
v 1.6683 -0.0497 1.0345
v 1.6683 -0.2042 1.0345
v 1.3612 -0.2042 0.8643
v 1.6831 -0.0507 1.0613
v 1.6892 -0.0507 1.4081
v 1.6892 -0.2033 1.4081
v 1.6831 -0.2033 1.0613
v 1.6326 -0.2266 -1.0695
v 1.6383 -0.2266 -1.3952
v 1.359 -0.2266 -1.563
v 1.0741 -0.2266 -1.4051
v 1.0684 -0.2266 -1.0794
v 1.3477 -0.2266 -0.9116
v 1.6925 -0.2266 -1.0335
v 1.6994 -0.2266 -1.4291
v 1.3602 -0.2266 -1.6329
v 1.0142 -0.2266 -1.4411
v 1.0073 -0.2266 -1.0455
v 1.3464 -0.2266 -0.8417
v 1.7024 -0.0374 -1.0276
v 1.7095 -0.0374 -1.4347
v 1.3604 -0.0374 -1.6445
v 1.0043 -0.0374 -1.447
v 0.9972 -0.0374 -1.0399
v 1.3462 -0.0374 -0.8301
v 1.6326 -0.0238 -1.0695
v 1.6383 -0.0238 -1.3952
v 1.359 -0.0238 -1.563
v 1.0741 -0.0238 -1.4051
v 1.0684 -0.0238 -1.0794
v 1.3477 -0.0238 -0.9116
v 1.3602 -0.0238 -1.6288
v 1.6958 -0.0238 -1.4271
v 1.0177 -0.0238 -1.439
v 1.0109 -0.0238 -1.0475
v 1.3465 -0.0238 -0.8458
v 1.689 -0.0238 -1.0356
v 1.7095 -0.2166 -1.4347
v 1.3604 -0.2166 -1.6445
v 1.7024 -0.2166 -1.0276
v 1.3462 -0.2166 -0.8301
v 0.9972 -0.2166 -1.0399
v 1.0043 -0.2166 -1.447
v 1.6917 -0.0465 -1.4454
v 1.3782 -0.0465 -1.6338
v 1.3782 -0.2075 -1.6338
v 1.6917 -0.2075 -1.4454
v 1.7027 -0.0461 -1.0474
v 1.7091 -0.0461 -1.4149
v 1.7091 -0.2079 -1.4149
v 1.7027 -0.2079 -1.0474
v 1.3617 -0.0451 -0.8387
v 1.687 -0.0451 -1.019
v 1.687 -0.2088 -1.019
v 1.3617 -0.2088 -0.8387
v 1.0149 -0.0465 -1.0292
v 1.3285 -0.0465 -0.8408
v 1.3285 -0.2075 -0.8408
v 1.0149 -0.2075 -1.0292
v 1.0039 -0.0468 -1.4257
v 0.9976 -0.0468 -1.0613
v 0.9976 -0.2072 -1.0613
v 1.0039 -0.2072 -1.4257
v 1.3447 -0.0453 -1.6357
v 1.02 -0.0453 -1.4558
v 1.02 -0.2087 -1.4558
v 1.3447 -0.2087 -1.6357
v 1.3452 -0.0499 -1.6134
v 1.0387 -0.0499 -1.4435
v 1.0387 -0.2041 -1.4435
v 1.3452 -0.2041 -1.6134
v 1.6727 -0.051 -1.4337
v 1.3768 -0.051 -1.6115
v 1.3768 -0.203 -1.6115
v 1.6727 -0.203 -1.4337
v 1.0235 -0.0513 -1.4151
v 1.0175 -0.0513 -1.0711
v 1.0175 -0.2027 -1.0711
v 1.0235 -0.2027 -1.4151
v 1.0339 -0.051 -1.0409
v 1.3299 -0.051 -0.863
v 1.3299 -0.203 -0.863
v 1.0339 -0.203 -1.0409
v 1.3612 -0.0497 -0.8611
v 1.6683 -0.0497 -1.0313
v 1.6683 -0.2042 -1.0313
v 1.3612 -0.2042 -0.8611
v 1.6831 -0.0507 -1.0581
v 1.6892 -0.0507 -1.4049
v 1.6892 -0.2033 -1.4049
v 1.6831 -0.2033 -1.0581
v -2.1582 -0.2266 1.0727
v -2.1639 -0.2266 1.3984
v -1.8846 -0.2266 1.5662
v -1.5997 -0.2266 1.4083
v -1.594 -0.2266 1.0826
v -1.8733 -0.2266 0.9148
v -2.2181 -0.2266 1.0367
v -2.225 -0.2266 1.4323
v -1.8858 -0.2266 1.6361
v -1.5398 -0.2266 1.4443
v -1.5329 -0.2266 1.0487
v -1.872 -0.2266 0.8449
v -2.228 -0.0374 1.0308
v -2.2351 -0.0374 1.4379
v -1.886 -0.0374 1.6477
v -1.5299 -0.0374 1.4502
v -1.5228 -0.0374 1.0431
v -1.8718 -0.0374 0.8333
v -2.1582 -0.0238 1.0727
v -2.1639 -0.0238 1.3984
v -1.8846 -0.0238 1.5662
v -1.5997 -0.0238 1.4083
v -1.594 -0.0238 1.0826
v -1.8733 -0.0238 0.9148
v -1.8858 -0.0238 1.632
v -2.2214 -0.0238 1.4303
v -1.5433 -0.0238 1.4422
v -1.5365 -0.0238 1.0507
v -1.8721 -0.0238 0.849
v -2.2146 -0.0238 1.0388
v -2.2351 -0.2166 1.4379
v -1.886 -0.2166 1.6477
v -2.228 -0.2166 1.0308
v -1.8718 -0.2166 0.8333
v -1.5228 -0.2166 1.0431
v -1.5299 -0.2166 1.4502
v -2.2173 -0.0465 1.4486
v -1.9038 -0.0465 1.637
v -1.9038 -0.2075 1.637
v -2.2173 -0.2075 1.4486
v -2.2283 -0.0461 1.0506
v -2.2347 -0.0461 1.4181
v -2.2347 -0.2079 1.4181
v -2.2283 -0.2079 1.0506
v -1.8873 -0.0451 0.8419
v -2.2126 -0.0451 1.0222
v -2.2126 -0.2088 1.0222
v -1.8873 -0.2088 0.8419
v -1.5405 -0.0465 1.0324
v -1.8541 -0.0465 0.844
v -1.8541 -0.2075 0.844
v -1.5405 -0.2075 1.0324
v -1.5295 -0.0468 1.4289
v -1.5232 -0.0468 1.0645
v -1.5232 -0.2072 1.0645
v -1.5295 -0.2072 1.4289
v -1.8703 -0.0453 1.6389
v -1.5456 -0.0453 1.4589
v -1.5456 -0.2087 1.4589
v -1.8703 -0.2087 1.6389
v -1.8708 -0.0499 1.6166
v -1.5643 -0.0499 1.4467
v -1.5643 -0.2041 1.4467
v -1.8708 -0.2041 1.6166
v -2.1983 -0.051 1.4369
v -1.9024 -0.051 1.6147
v -1.9024 -0.203 1.6147
v -2.1983 -0.203 1.4369
v -1.5491 -0.0513 1.4183
v -1.5431 -0.0513 1.0743
v -1.5431 -0.2027 1.0743
v -1.5491 -0.2027 1.4183
v -1.5595 -0.051 1.0441
v -1.8555 -0.051 0.8662
v -1.8555 -0.203 0.8662
v -1.5595 -0.203 1.0441
v -1.8868 -0.0497 0.8643
v -2.1938 -0.0497 1.0345
v -2.1938 -0.2042 1.0345
v -1.8868 -0.2042 0.8643
v -2.2087 -0.0507 1.0613
v -2.2148 -0.0507 1.4081
v -2.2148 -0.2033 1.4081
v -2.2087 -0.2033 1.0613
v -2.1582 -0.2266 -1.0695
v -2.1639 -0.2266 -1.3952
v -1.8846 -0.2266 -1.563
v -1.5997 -0.2266 -1.4051
v -1.594 -0.2266 -1.0794
v -1.8733 -0.2266 -0.9116
v -2.2181 -0.2266 -1.0335
v -2.225 -0.2266 -1.4291
v -1.8858 -0.2266 -1.6329
v -1.5398 -0.2266 -1.4411
v -1.5329 -0.2266 -1.0455
v -1.872 -0.2266 -0.8417
v -2.228 -0.0374 -1.0276
v -2.2351 -0.0374 -1.4347
v -1.886 -0.0374 -1.6445
v -1.5299 -0.0374 -1.447
v -1.5228 -0.0374 -1.0399
v -1.8718 -0.0374 -0.8301
v -2.1582 -0.0238 -1.0695
v -2.1639 -0.0238 -1.3952
v -1.8846 -0.0238 -1.563
v -1.5997 -0.0238 -1.4051
v -1.594 -0.0238 -1.0794
v -1.8733 -0.0238 -0.9116
v -1.8858 -0.0238 -1.6288
v -2.2214 -0.0238 -1.4271
v -1.5433 -0.0238 -1.439
v -1.5365 -0.0238 -1.0475
v -1.8721 -0.0238 -0.8458
v -2.2146 -0.0238 -1.0356
v -2.2351 -0.2166 -1.4347
v -1.886 -0.2166 -1.6445
v -2.228 -0.2166 -1.0276
v -1.8718 -0.2166 -0.8301
v -1.5228 -0.2166 -1.0399
v -1.5299 -0.2166 -1.447
v -2.2173 -0.0465 -1.4454
v -1.9038 -0.0465 -1.6338
v -1.9038 -0.2075 -1.6338
v -2.2173 -0.2075 -1.4454
v -2.2283 -0.0461 -1.0474
v -2.2347 -0.0461 -1.4149
v -2.2347 -0.2079 -1.4149
v -2.2283 -0.2079 -1.0474
v -1.8873 -0.0451 -0.8387
v -2.2126 -0.0451 -1.019
v -2.2126 -0.2088 -1.019
v -1.8873 -0.2088 -0.8387
v -1.5405 -0.0465 -1.0292
v -1.8541 -0.0465 -0.8408
v -1.8541 -0.2075 -0.8408
v -1.5405 -0.2075 -1.0292
v -1.5295 -0.0468 -1.4257
v -1.5232 -0.0468 -1.0613
v -1.5232 -0.2072 -1.0613
v -1.5295 -0.2072 -1.4257
v -1.8703 -0.0453 -1.6357
v -1.5456 -0.0453 -1.4558
v -1.5456 -0.2087 -1.4558
v -1.8703 -0.2087 -1.6357
v -1.8708 -0.0499 -1.6134
v -1.5643 -0.0499 -1.4435
v -1.5643 -0.2041 -1.4435
v -1.8708 -0.2041 -1.6134
v -2.1983 -0.051 -1.4337
v -1.9024 -0.051 -1.6115
v -1.9024 -0.203 -1.6115
v -2.1983 -0.203 -1.4337
v -1.5491 -0.0513 -1.4151
v -1.5431 -0.0513 -1.0711
v -1.5431 -0.2027 -1.0711
v -1.5491 -0.2027 -1.4151
v -1.5595 -0.051 -1.0409
v -1.8555 -0.051 -0.863
v -1.8555 -0.203 -0.863
v -1.5595 -0.203 -1.0409
v -1.8868 -0.0497 -0.8611
v -2.1938 -0.0497 -1.0313
v -2.1938 -0.2042 -1.0313
v -1.8868 -0.2042 -0.8611
v -2.2087 -0.0507 -1.0581
v -2.2148 -0.0507 -1.4049
v -2.2148 -0.2033 -1.4049
v -2.2087 -0.2033 -1.0581

g name3 
f 1989 1990 1984 1983
f 2063 2064 2065 2066
f 2001 2002 2008 2012
f 1983 1984 2002 2001
f 1990 1991 1985 1984
f 2047 2048 2049 2050
f 2002 2003 2007 2008
f 1984 1985 2003 2002
f 1991 1992 1986 1985
f 2043 2044 2045 2046
f 2003 2004 2009 2007
f 1985 1986 2004 2003
f 1992 1993 1987 1986
f 2051 2052 2053 2054
f 2004 2005 2010 2009
f 1986 1987 2005 2004
f 1993 1994 1988 1987
f 2055 2056 2057 2058
f 2005 2006 2011 2010
f 1987 1988 2006 2005
f 1994 1989 1983 1988
f 2059 2060 2061 2062
f 2006 2001 2012 2011
f 1988 1983 2001 2006
f 1997 1996 2008 2007
f 1998 1997 2007 2009
f 1999 1998 2009 2010
f 2000 1999 2010 2011
f 1995 2000 2011 2012
f 1996 1995 2012 2008
f 1991 1990 2013 2014
f 1990 1989 2015 2013
f 1989 1994 2016 2015
f 1994 1993 2017 2016
f 1993 1992 2018 2017
f 1992 1991 2014 2018
f 2020 2019 1996 1997
f 2021 2020 1997 2014
f 2022 2021 2014 2013
f 2019 2022 2013 1996
f 2024 2023 1995 1996
f 2025 2024 1996 2013
f 2026 2025 2013 2015
f 2023 2026 2015 1995
f 2028 2027 2000 1995
f 2029 2028 1995 2015
f 2030 2029 2015 2016
f 2027 2030 2016 2000
f 2032 2031 1999 2000
f 2033 2032 2000 2016
f 2034 2033 2016 2017
f 2031 2034 2017 1999
f 2036 2035 1998 1999
f 2037 2036 1999 2017
f 2038 2037 2017 2018
f 2035 2038 2018 1998
f 2040 2039 1997 1998
f 2041 2040 1998 2018
f 2042 2041 2018 2014
f 2039 2042 2014 1997
f 2044 2043 2039 2040
f 2045 2044 2040 2041
f 2046 2045 2041 2042
f 2043 2046 2042 2039
f 2048 2047 2019 2020
f 2049 2048 2020 2021
f 2050 2049 2021 2022
f 2047 2050 2022 2019
f 2052 2051 2035 2036
f 2053 2052 2036 2037
f 2054 2053 2037 2038
f 2051 2054 2038 2035
f 2056 2055 2031 2032
f 2057 2056 2032 2033
f 2058 2057 2033 2034
f 2055 2058 2034 2031
f 2060 2059 2027 2028
f 2061 2060 2028 2029
f 2062 2061 2029 2030
f 2059 2062 2030 2027
f 2064 2063 2023 2024
f 2065 2064 2024 2025
f 2066 2065 2025 2026
f 2063 2066 2026 2023
f 2067 2068 2074 2073
f 2150 2149 2148 2147
f 2096 2092 2086 2085
f 2085 2086 2068 2067
f 2068 2069 2075 2074
f 2134 2133 2132 2131
f 2092 2091 2087 2086
f 2086 2087 2069 2068
f 2069 2070 2076 2075
f 2130 2129 2128 2127
f 2091 2093 2088 2087
f 2087 2088 2070 2069
f 2070 2071 2077 2076
f 2138 2137 2136 2135
f 2093 2094 2089 2088
f 2088 2089 2071 2070
f 2071 2072 2078 2077
f 2142 2141 2140 2139
f 2094 2095 2090 2089
f 2089 2090 2072 2071
f 2072 2067 2073 2078
f 2146 2145 2144 2143
f 2095 2096 2085 2090
f 2090 2085 2067 2072
f 2091 2092 2080 2081
f 2093 2091 2081 2082
f 2094 2093 2082 2083
f 2095 2094 2083 2084
f 2096 2095 2084 2079
f 2092 2096 2079 2080
f 2098 2097 2074 2075
f 2097 2099 2073 2074
f 2099 2100 2078 2073
f 2100 2101 2077 2078
f 2101 2102 2076 2077
f 2102 2098 2075 2076
f 2081 2080 2103 2104
f 2098 2081 2104 2105
f 2097 2098 2105 2106
f 2080 2097 2106 2103
f 2080 2079 2107 2108
f 2097 2080 2108 2109
f 2099 2097 2109 2110
f 2079 2099 2110 2107
f 2079 2084 2111 2112
f 2099 2079 2112 2113
f 2100 2099 2113 2114
f 2084 2100 2114 2111
f 2084 2083 2115 2116
f 2100 2084 2116 2117
f 2101 2100 2117 2118
f 2083 2101 2118 2115
f 2083 2082 2119 2120
f 2101 2083 2120 2121
f 2102 2101 2121 2122
f 2082 2102 2122 2119
f 2082 2081 2123 2124
f 2102 2082 2124 2125
f 2098 2102 2125 2126
f 2081 2098 2126 2123
f 2124 2123 2127 2128
f 2125 2124 2128 2129
f 2126 2125 2129 2130
f 2123 2126 2130 2127
f 2104 2103 2131 2132
f 2105 2104 2132 2133
f 2106 2105 2133 2134
f 2103 2106 2134 2131
f 2120 2119 2135 2136
f 2121 2120 2136 2137
f 2122 2121 2137 2138
f 2119 2122 2138 2135
f 2116 2115 2139 2140
f 2117 2116 2140 2141
f 2118 2117 2141 2142
f 2115 2118 2142 2139
f 2112 2111 2143 2144
f 2113 2112 2144 2145
f 2114 2113 2145 2146
f 2111 2114 2146 2143
f 2108 2107 2147 2148
f 2109 2108 2148 2149
f 2110 2109 2149 2150
f 2107 2110 2150 2147
f 2151 2152 2158 2157
f 2234 2233 2232 2231
f 2180 2176 2170 2169
f 2169 2170 2152 2151
f 2152 2153 2159 2158
f 2218 2217 2216 2215
f 2176 2175 2171 2170
f 2170 2171 2153 2152
f 2153 2154 2160 2159
f 2214 2213 2212 2211
f 2175 2177 2172 2171
f 2171 2172 2154 2153
f 2154 2155 2161 2160
f 2222 2221 2220 2219
f 2177 2178 2173 2172
f 2172 2173 2155 2154
f 2155 2156 2162 2161
f 2226 2225 2224 2223
f 2178 2179 2174 2173
f 2173 2174 2156 2155
f 2156 2151 2157 2162
f 2230 2229 2228 2227
f 2179 2180 2169 2174
f 2174 2169 2151 2156
f 2175 2176 2164 2165
f 2177 2175 2165 2166
f 2178 2177 2166 2167
f 2179 2178 2167 2168
f 2180 2179 2168 2163
f 2176 2180 2163 2164
f 2182 2181 2158 2159
f 2181 2183 2157 2158
f 2183 2184 2162 2157
f 2184 2185 2161 2162
f 2185 2186 2160 2161
f 2186 2182 2159 2160
f 2165 2164 2187 2188
f 2182 2165 2188 2189
f 2181 2182 2189 2190
f 2164 2181 2190 2187
f 2164 2163 2191 2192
f 2181 2164 2192 2193
f 2183 2181 2193 2194
f 2163 2183 2194 2191
f 2163 2168 2195 2196
f 2183 2163 2196 2197
f 2184 2183 2197 2198
f 2168 2184 2198 2195
f 2168 2167 2199 2200
f 2184 2168 2200 2201
f 2185 2184 2201 2202
f 2167 2185 2202 2199
f 2167 2166 2203 2204
f 2185 2167 2204 2205
f 2186 2185 2205 2206
f 2166 2186 2206 2203
f 2166 2165 2207 2208
f 2186 2166 2208 2209
f 2182 2186 2209 2210
f 2165 2182 2210 2207
f 2208 2207 2211 2212
f 2209 2208 2212 2213
f 2210 2209 2213 2214
f 2207 2210 2214 2211
f 2188 2187 2215 2216
f 2189 2188 2216 2217
f 2190 2189 2217 2218
f 2187 2190 2218 2215
f 2204 2203 2219 2220
f 2205 2204 2220 2221
f 2206 2205 2221 2222
f 2203 2206 2222 2219
f 2200 2199 2223 2224
f 2201 2200 2224 2225
f 2202 2201 2225 2226
f 2199 2202 2226 2223
f 2196 2195 2227 2228
f 2197 2196 2228 2229
f 2198 2197 2229 2230
f 2195 2198 2230 2227
f 2192 2191 2231 2232
f 2193 2192 2232 2233
f 2194 2193 2233 2234
f 2191 2194 2234 2231
f 2241 2242 2236 2235
f 2315 2316 2317 2318
f 2253 2254 2260 2264
f 2235 2236 2254 2253
f 2242 2243 2237 2236
f 2299 2300 2301 2302
f 2254 2255 2259 2260
f 2236 2237 2255 2254
f 2243 2244 2238 2237
f 2295 2296 2297 2298
f 2255 2256 2261 2259
f 2237 2238 2256 2255
f 2244 2245 2239 2238
f 2303 2304 2305 2306
f 2256 2257 2262 2261
f 2238 2239 2257 2256
f 2245 2246 2240 2239
f 2307 2308 2309 2310
f 2257 2258 2263 2262
f 2239 2240 2258 2257
f 2246 2241 2235 2240
f 2311 2312 2313 2314
f 2258 2253 2264 2263
f 2240 2235 2253 2258
f 2249 2248 2260 2259
f 2250 2249 2259 2261
f 2251 2250 2261 2262
f 2252 2251 2262 2263
f 2247 2252 2263 2264
f 2248 2247 2264 2260
f 2243 2242 2265 2266
f 2242 2241 2267 2265
f 2241 2246 2268 2267
f 2246 2245 2269 2268
f 2245 2244 2270 2269
f 2244 2243 2266 2270
f 2272 2271 2248 2249
f 2273 2272 2249 2266
f 2274 2273 2266 2265
f 2271 2274 2265 2248
f 2276 2275 2247 2248
f 2277 2276 2248 2265
f 2278 2277 2265 2267
f 2275 2278 2267 2247
f 2280 2279 2252 2247
f 2281 2280 2247 2267
f 2282 2281 2267 2268
f 2279 2282 2268 2252
f 2284 2283 2251 2252
f 2285 2284 2252 2268
f 2286 2285 2268 2269
f 2283 2286 2269 2251
f 2288 2287 2250 2251
f 2289 2288 2251 2269
f 2290 2289 2269 2270
f 2287 2290 2270 2250
f 2292 2291 2249 2250
f 2293 2292 2250 2270
f 2294 2293 2270 2266
f 2291 2294 2266 2249
f 2296 2295 2291 2292
f 2297 2296 2292 2293
f 2298 2297 2293 2294
f 2295 2298 2294 2291
f 2300 2299 2271 2272
f 2301 2300 2272 2273
f 2302 2301 2273 2274
f 2299 2302 2274 2271
f 2304 2303 2287 2288
f 2305 2304 2288 2289
f 2306 2305 2289 2290
f 2303 2306 2290 2287
f 2308 2307 2283 2284
f 2309 2308 2284 2285
f 2310 2309 2285 2286
f 2307 2310 2286 2283
f 2312 2311 2279 2280
f 2313 2312 2280 2281
f 2314 2313 2281 2282
f 2311 2314 2282 2279
f 2316 2315 2275 2276
f 2317 2316 2276 2277
f 2318 2317 2277 2278
f 2315 2318 2278 2275

g 
v 1.4485 -0.2275 1.2591
v 1.4398 -0.2275 1.2822
v 1.4255 -0.2275 1.3024
v 1.4063 -0.2275 1.3181
v 1.3838 -0.2275 1.3284
v 1.3594 -0.2275 1.3325
v 1.3348 -0.2275 1.3301
v 1.3116 -0.2275 1.3214
v 1.2914 -0.2275 1.3071
v 1.2757 -0.2275 1.288
v 1.2654 -0.2275 1.2654
v 1.2613 -0.2275 1.241
v 1.2637 -0.2275 1.2164
v 1.2724 -0.2275 1.1932
v 1.2867 -0.2275 1.1731
v 1.3058 -0.2275 1.1573
v 1.3283 -0.2275 1.147
v 1.3528 -0.2275 1.1429
v 1.3774 -0.2275 1.1453
v 1.4006 -0.2275 1.154
v 1.4208 -0.2275 1.1684
v 1.4366 -0.2275 1.1875
v 1.4468 -0.2275 1.21
v 1.4508 -0.2275 1.2344
v 1.5275 -0.2275 1.2956
v 1.5126 -0.2275 1.3296
v 1.4755 -0.2275 1.3735
v 1.4457 -0.2275 1.3955
v 1.3917 -0.2275 1.4151
v 1.3548 -0.2275 1.4192
v 1.333 -0.2275 1.4171
v 1.2642 -0.2275 1.3943
v 1.2203 -0.2275 1.3572
v 1.1983 -0.2275 1.3273
v 1.1787 -0.2275 1.2733
v 1.1746 -0.2275 1.2364
v 1.1847 -0.2275 1.1798
v 1.1995 -0.2275 1.1458
v 1.2366 -0.2275 1.1019
v 1.2665 -0.2275 1.0799
v 1.3205 -0.2275 1.0603
v 1.3574 -0.2275 1.0562
v 1.414 -0.2275 1.0663
v 1.448 -0.2275 1.0812
v 1.4919 -0.2275 1.1183
v 1.5139 -0.2275 1.1481
v 1.5335 -0.2275 1.2021
v 1.5376 -0.2275 1.239
v 1.5275 -0.1111 1.2956
v 1.5199 -0.1111 1.3161
v 1.4755 -0.1111 1.3735
v 1.4587 -0.1111 1.3875
v 1.3917 -0.1111 1.4151
v 1.37 -0.1111 1.4187
v 1.333 -0.1111 1.4171
v 1.2777 -0.1111 1.4015
v 1.2203 -0.1111 1.3572
v 1.2064 -0.1111 1.3403
v 1.1787 -0.1111 1.2733
v 1.1751 -0.1111 1.2517
v 1.1847 -0.1111 1.1798
v 1.1923 -0.1111 1.1593
v 1.2366 -0.1111 1.1019
v 1.2535 -0.1111 1.088
v 1.3205 -0.1111 1.0603
v 1.3421 -0.1111 1.0568
v 1.414 -0.1111 1.0663
v 1.4345 -0.1111 1.074
v 1.4919 -0.1111 1.1183
v 1.5058 -0.1111 1.1351
v 1.5335 -0.1111 1.2021
v 1.537 -0.1111 1.2238
v 1.4485 -0.1111 1.2591
v 1.4398 -0.1111 1.2822
v 1.4255 -0.1111 1.3024
v 1.4063 -0.1111 1.3181
v 1.3838 -0.1111 1.3284
v 1.3594 -0.1111 1.3325
v 1.3348 -0.1111 1.3301
v 1.3116 -0.1111 1.3214
v 1.2914 -0.1111 1.3071
v 1.2757 -0.1111 1.288
v 1.2654 -0.1111 1.2654
v 1.2613 -0.1111 1.241
v 1.2637 -0.1111 1.2164
v 1.2724 -0.1111 1.1932
v 1.2867 -0.1111 1.1731
v 1.3058 -0.1111 1.1573
v 1.3283 -0.1111 1.147
v 1.3528 -0.1111 1.1429
v 1.3774 -0.1111 1.1453
v 1.4006 -0.1111 1.154
v 1.4208 -0.1111 1.1684
v 1.4366 -0.1111 1.1875
v 1.4468 -0.1111 1.21
v 1.4508 -0.1111 1.2344
v 1.3548 -0.1111 1.4192
v 1.3623 -0.1111 1.4123
v 1.37 -0.2275 1.4187
v 1.3623 -0.2275 1.4123
v 1.4457 -0.1111 1.3955
v 1.4486 -0.1111 1.3858
v 1.4587 -0.2275 1.3875
v 1.4486 -0.2275 1.3858
v 1.5126 -0.1111 1.3296
v 1.5103 -0.1111 1.3197
v 1.5199 -0.2275 1.3161
v 1.5103 -0.2275 1.3197
v 1.5376 -0.1111 1.239
v 1.5306 -0.1111 1.2316
v 1.537 -0.2275 1.2238
v 1.5306 -0.2275 1.2316
v 1.5139 -0.1111 1.1481
v 1.5042 -0.1111 1.1452
v 1.5058 -0.2275 1.1351
v 1.5042 -0.2275 1.1452
v 1.448 -0.1111 1.0812
v 1.4381 -0.1111 1.0835
v 1.4345 -0.2275 1.074
v 1.4381 -0.2275 1.0835
v 1.3574 -0.1111 1.0562
v 1.35 -0.1111 1.0632
v 1.3421 -0.2275 1.0568
v 1.35 -0.2275 1.0632
v 1.2665 -0.1111 1.0799
v 1.2635 -0.1111 1.0896
v 1.2535 -0.2275 1.088
v 1.2635 -0.2275 1.0896
v 1.1995 -0.1111 1.1458
v 1.2019 -0.1111 1.1557
v 1.1923 -0.2275 1.1593
v 1.2019 -0.2275 1.1557
v 1.1751 -0.2275 1.2517
v 1.1815 -0.2275 1.2438
v 1.1746 -0.1111 1.2364
v 1.1815 -0.1111 1.2438
v 1.1983 -0.1111 1.3273
v 1.2079 -0.1111 1.3303
v 1.2064 -0.2275 1.3403
v 1.2079 -0.2275 1.3303
v 1.2642 -0.1111 1.3943
v 1.2741 -0.1111 1.392
v 1.2777 -0.2275 1.4015
v 1.2741 -0.2275 1.392
v 1.1891 -0.2275 1.3074
v 1.1891 -0.1111 1.3074
v 1.1767 -0.2275 1.2146
v 1.1767 -0.1111 1.2146
v 1.2122 -0.2275 1.128
v 1.2122 -0.1111 1.128
v 1.2864 -0.2275 1.0708
v 1.2864 -0.1111 1.0708
v 1.3792 -0.2275 1.0583
v 1.3792 -0.1111 1.0583
v 1.4658 -0.2275 1.0939
v 1.4658 -0.1111 1.0939
v 1.523 -0.2275 1.168
v 1.523 -0.1111 1.168
v 1.5355 -0.2275 1.2608
v 1.5355 -0.1111 1.2608
v 1.4999 -0.2275 1.3474
v 1.4999 -0.1111 1.3474
v 1.4257 -0.2275 1.4046
v 1.4257 -0.1111 1.4046
v 1.2982 -0.1111 1.4091
v 1.2982 -0.2275 1.4091
v 1.2464 -0.2275 1.3815
v 1.2464 -0.1111 1.3815
v 1.4887 -0.227 1.1469
v 1.4887 -0.1115 1.1469
v 1.4959 -0.1115 1.1583
v 1.4959 -0.227 1.1583
v 1.4255 -0.227 1.0927
v 1.4255 -0.1115 1.0927
v 1.4375 -0.1115 1.0991
v 1.4375 -0.227 1.0991
v 1.3438 -0.227 1.0774
v 1.3438 -0.1115 1.0774
v 1.3573 -0.1115 1.077
v 1.3573 -0.227 1.077
v 1.2653 -0.227 1.1051
v 1.2653 -0.1115 1.1051
v 1.2768 -0.1115 1.0979
v 1.2768 -0.227 1.0979
v 1.2111 -0.227 1.1683
v 1.2111 -0.1115 1.1683
v 1.2175 -0.1115 1.1563
v 1.2175 -0.227 1.1563
v 1.1958 -0.227 1.2501
v 1.1958 -0.1115 1.2501
v 1.1953 -0.1115 1.2366
v 1.1953 -0.227 1.2366
v 1.2235 -0.227 1.3285
v 1.2235 -0.1115 1.3285
v 1.2163 -0.1115 1.3171
v 1.2163 -0.227 1.3171
v 1.2867 -0.227 1.3827
v 1.2867 -0.1115 1.3827
v 1.2747 -0.1115 1.3763
v 1.2747 -0.227 1.3763
v 1.3685 -0.227 1.398
v 1.3685 -0.1115 1.398
v 1.3549 -0.1115 1.3984
v 1.3549 -0.227 1.3984
v 1.4469 -0.227 1.3703
v 1.4469 -0.1115 1.3703
v 1.4355 -0.1115 1.3775
v 1.4355 -0.227 1.3775
v 1.5011 -0.227 1.3071
v 1.5011 -0.1115 1.3071
v 1.4946 -0.1115 1.3191
v 1.4946 -0.227 1.3191
v 1.5164 -0.227 1.2254
v 1.5164 -0.1115 1.2254
v 1.5168 -0.1115 1.2389
v 1.5168 -0.227 1.2389

g name4 
f 2319 2320 2392 2391
f 2320 2321 2393 2392
f 2321 2322 2394 2393
f 2322 2323 2395 2394
f 2323 2324 2396 2395
f 2324 2325 2397 2396
f 2325 2326 2398 2397
f 2326 2327 2399 2398
f 2327 2328 2400 2399
f 2328 2329 2401 2400
f 2329 2330 2402 2401
f 2330 2331 2403 2402
f 2331 2332 2404 2403
f 2332 2333 2405 2404
f 2333 2334 2406 2405
f 2334 2335 2407 2406
f 2335 2336 2408 2407
f 2336 2337 2409 2408
f 2337 2338 2410 2409
f 2338 2339 2411 2410
f 2339 2340 2412 2411
f 2340 2341 2413 2412
f 2341 2342 2414 2413
f 2342 2319 2391 2414
f 2519 2520 2521 2522
f 2523 2524 2525 2526
f 2527 2528 2529 2530
f 2531 2532 2533 2534
f 2487 2488 2489 2490
f 2491 2492 2493 2494
f 2495 2496 2497 2498
f 2499 2500 2501 2502
f 2503 2504 2505 2506
f 2507 2508 2509 2510
f 2511 2512 2513 2514
f 2515 2516 2517 2518
f 2416 2415 2372
f 2418 2417 2348
f 2420 2419 2370
f 2422 2421 2346
f 2424 2423 2368
f 2426 2425 2344
f 2428 2427 2390
f 2430 2429 2366
f 2432 2431 2388
f 2434 2433 2364
f 2436 2435 2386
f 2438 2437 2362
f 2440 2439 2384
f 2442 2441 2360
f 2444 2443 2382
f 2446 2445 2358
f 2448 2447 2380
f 2450 2449 2356
f 2452 2451 2354
f 2454 2453 2378
f 2456 2455 2376
f 2458 2457 2352
f 2460 2459 2374
f 2462 2461 2350
f 2415 2373 2349 2348
f 2396 2397 2373 2415 2416
f 2395 2396 2416 2372 2371
f 2371 2372 2417 2347
f 2347 2417 2418 2324 2323
f 2418 2348 2349 2325 2324
f 2419 2482 2481 2346
f 2394 2395 2482 2419 2420
f 2393 2394 2420 2370 2369
f 2369 2370 2421 2345
f 2345 2421 2422 2322 2321
f 2422 2346 2481 2323 2322
f 2423 2480 2479 2344
f 2392 2393 2480 2423 2424
f 2391 2392 2424 2368 2367
f 2367 2368 2425 2343
f 2343 2425 2426 2320 2319
f 2426 2344 2479 2321 2320
f 2427 2478 2477 2366
f 2414 2391 2478 2427 2428
f 2413 2414 2428 2390 2389
f 2389 2390 2429 2365
f 2365 2429 2430 2342 2341
f 2430 2366 2477 2319 2342
f 2431 2476 2475 2364
f 2412 2413 2476 2431 2432
f 2411 2412 2432 2388 2387
f 2387 2388 2433 2363
f 2363 2433 2434 2340 2339
f 2434 2364 2475 2341 2340
f 2435 2474 2473 2362
f 2410 2411 2474 2435 2436
f 2409 2410 2436 2386 2385
f 2385 2386 2437 2361
f 2361 2437 2438 2338 2337
f 2438 2362 2473 2339 2338
f 2439 2472 2471 2360
f 2408 2409 2472 2439 2440
f 2407 2408 2440 2384 2383
f 2383 2384 2441 2359
f 2359 2441 2442 2336 2335
f 2442 2360 2471 2337 2336
f 2443 2470 2469 2358
f 2406 2407 2470 2443 2444
f 2405 2406 2444 2382 2381
f 2381 2382 2445 2357
f 2357 2445 2446 2334 2333
f 2446 2358 2469 2335 2334
f 2447 2468 2467 2356
f 2404 2405 2468 2447 2448
f 2403 2404 2448 2380 2379
f 2379 2380 2449 2355
f 2355 2449 2450 2332 2331
f 2450 2356 2467 2333 2332
f 2377 2378 2451 2353
f 2353 2451 2452 2330 2329
f 2452 2354 2465 2331 2330
f 2453 2466 2465 2354
f 2402 2403 2466 2453 2454
f 2401 2402 2454 2378 2377
f 2455 2464 2463 2352
f 2400 2401 2464 2455 2456
f 2399 2400 2456 2376 2375
f 2375 2376 2457 2351
f 2351 2457 2458 2328 2327
f 2458 2352 2463 2329 2328
f 2459 2486 2485 2350
f 2398 2399 2486 2459 2460
f 2397 2398 2460 2374 2483
f 2483 2374 2461 2484
f 2484 2461 2462 2326 2325
f 2462 2350 2485 2327 2326
f 2488 2487 2433 2388
f 2489 2488 2388 2431
f 2490 2489 2431 2364
f 2487 2490 2364 2433
f 2492 2491 2437 2386
f 2493 2492 2386 2435
f 2494 2493 2435 2362
f 2491 2494 2362 2437
f 2496 2495 2441 2384
f 2497 2496 2384 2439
f 2498 2497 2439 2360
f 2495 2498 2360 2441
f 2500 2499 2445 2382
f 2501 2500 2382 2443
f 2502 2501 2443 2358
f 2499 2502 2358 2445
f 2504 2503 2449 2380
f 2505 2504 2380 2447
f 2506 2505 2447 2356
f 2503 2506 2356 2449
f 2508 2507 2451 2378
f 2509 2508 2378 2453
f 2510 2509 2453 2354
f 2507 2510 2354 2451
f 2512 2511 2457 2376
f 2513 2512 2376 2455
f 2514 2513 2455 2352
f 2511 2514 2352 2457
f 2516 2515 2461 2374
f 2517 2516 2374 2459
f 2518 2517 2459 2350
f 2515 2518 2350 2461
f 2520 2519 2417 2372
f 2521 2520 2372 2415
f 2522 2521 2415 2348
f 2519 2522 2348 2417
f 2524 2523 2421 2370
f 2525 2524 2370 2419
f 2526 2525 2419 2346
f 2523 2526 2346 2421
f 2528 2527 2425 2368
f 2529 2528 2368 2423
f 2530 2529 2423 2344
f 2527 2530 2344 2425
f 2532 2531 2429 2390
f 2533 2532 2390 2427
f 2534 2533 2427 2366
f 2531 2534 2366 2429

g 
v 1.4386 -0.2275 -1.1897
v 1.448 -0.2275 -1.2125
v 1.4513 -0.2275 -1.2371
v 1.448 -0.2275 -1.2616
v 1.4385 -0.2275 -1.2845
v 1.4235 -0.2275 -1.3042
v 1.4038 -0.2275 -1.3192
v 1.3809 -0.2275 -1.3286
v 1.3564 -0.2275 -1.3319
v 1.3319 -0.2275 -1.3287
v 1.309 -0.2275 -1.3192
v 1.2893 -0.2275 -1.3041
v 1.2743 -0.2275 -1.2845
v 1.2648 -0.2275 -1.2616
v 1.2616 -0.2275 -1.2372
v 1.2648 -0.2275 -1.2126
v 1.2742 -0.2275 -1.1897
v 1.2893 -0.2275 -1.17
v 1.309 -0.2275 -1.155
v 1.3319 -0.2275 -1.1455
v 1.3565 -0.2275 -1.1423
v 1.381 -0.2275 -1.1455
v 1.4039 -0.2275 -1.155
v 1.4234 -0.2275 -1.1701
v 1.5212 -0.2275 -1.1625
v 1.5335 -0.2275 -1.1975
v 1.5363 -0.2275 -1.255
v 1.5296 -0.2275 -1.2914
v 1.5034 -0.2275 -1.3425
v 1.4792 -0.2275 -1.3707
v 1.4619 -0.2275 -1.384
v 1.396 -0.2275 -1.4143
v 1.3386 -0.2275 -1.4171
v 1.3021 -0.2275 -1.4102
v 1.2509 -0.2275 -1.3841
v 1.2228 -0.2275 -1.3599
v 1.1916 -0.2275 -1.3116
v 1.1792 -0.2275 -1.2767
v 1.1764 -0.2275 -1.2192
v 1.1833 -0.2275 -1.1828
v 1.2094 -0.2275 -1.1316
v 1.2336 -0.2275 -1.1034
v 1.2819 -0.2275 -1.0722
v 1.3169 -0.2275 -1.0599
v 1.3743 -0.2275 -1.0571
v 1.4107 -0.2275 -1.0639
v 1.4619 -0.2275 -1.09
v 1.49 -0.2275 -1.1142
v 1.5212 -0.1111 -1.1625
v 1.5297 -0.1111 -1.1827
v 1.5363 -0.1111 -1.255
v 1.5336 -0.1111 -1.2767
v 1.5034 -0.1111 -1.3425
v 1.49 -0.1111 -1.36
v 1.4619 -0.1111 -1.384
v 1.4108 -0.1111 -1.4103
v 1.3386 -0.1111 -1.4171
v 1.3169 -0.1111 -1.4142
v 1.2509 -0.1111 -1.3841
v 1.2336 -0.1111 -1.3707
v 1.1916 -0.1111 -1.3116
v 1.1831 -0.1111 -1.2914
v 1.1764 -0.1111 -1.2192
v 1.1793 -0.1111 -1.1976
v 1.2094 -0.1111 -1.1316
v 1.2228 -0.1111 -1.1143
v 1.2819 -0.1111 -1.0722
v 1.3021 -0.1111 -1.0639
v 1.3743 -0.1111 -1.0571
v 1.3959 -0.1111 -1.0599
v 1.4619 -0.1111 -1.09
v 1.4792 -0.1111 -1.1035
v 1.4386 -0.1111 -1.1897
v 1.448 -0.1111 -1.2125
v 1.4513 -0.1111 -1.2371
v 1.448 -0.1111 -1.2616
v 1.4385 -0.1111 -1.2845
v 1.4235 -0.1111 -1.3042
v 1.4038 -0.1111 -1.3192
v 1.3809 -0.1111 -1.3286
v 1.3564 -0.1111 -1.3319
v 1.3319 -0.1111 -1.3287
v 1.309 -0.1111 -1.3192
v 1.2893 -0.1111 -1.3041
v 1.2743 -0.1111 -1.2845
v 1.2648 -0.1111 -1.2616
v 1.2616 -0.1111 -1.2372
v 1.2648 -0.1111 -1.2126
v 1.2742 -0.1111 -1.1897
v 1.2893 -0.1111 -1.17
v 1.309 -0.1111 -1.155
v 1.3319 -0.1111 -1.1455
v 1.3565 -0.1111 -1.1423
v 1.381 -0.1111 -1.1455
v 1.4039 -0.1111 -1.155
v 1.4234 -0.1111 -1.1701
v 1.4792 -0.1111 -1.3707
v 1.48 -0.1111 -1.3605
v 1.49 -0.2275 -1.36
v 1.48 -0.2275 -1.3605
v 1.5296 -0.1111 -1.2914
v 1.5251 -0.1111 -1.2823
v 1.5336 -0.2275 -1.2767
v 1.5251 -0.2275 -1.2823
v 1.5335 -0.1111 -1.1975
v 1.5251 -0.1111 -1.1919
v 1.5297 -0.2275 -1.1827
v 1.5251 -0.2275 -1.1919
v 1.49 -0.1111 -1.1142
v 1.4799 -0.1111 -1.1136
v 1.4792 -0.2275 -1.1035
v 1.4799 -0.2275 -1.1136
v 1.4107 -0.1111 -1.0639
v 1.4016 -0.1111 -1.0684
v 1.3959 -0.2275 -1.0599
v 1.4016 -0.2275 -1.0684
v 1.3169 -0.1111 -1.0599
v 1.3112 -0.1111 -1.0684
v 1.3021 -0.2275 -1.0639
v 1.3112 -0.2275 -1.0684
v 1.2336 -0.1111 -1.1034
v 1.2329 -0.1111 -1.1136
v 1.2228 -0.2275 -1.1143
v 1.2329 -0.2275 -1.1136
v 1.1833 -0.1111 -1.1828
v 1.1877 -0.1111 -1.1919
v 1.1793 -0.2275 -1.1976
v 1.1877 -0.2275 -1.1919
v 1.1792 -0.1111 -1.2767
v 1.1877 -0.1111 -1.2823
v 1.1831 -0.2275 -1.2914
v 1.1877 -0.2275 -1.2823
v 1.2336 -0.2275 -1.3707
v 1.2329 -0.2275 -1.3606
v 1.2228 -0.1111 -1.3599
v 1.2329 -0.1111 -1.3606
v 1.3021 -0.1111 -1.4102
v 1.3112 -0.1111 -1.4059
v 1.3169 -0.2275 -1.4142
v 1.3112 -0.2275 -1.4059
v 1.396 -0.1111 -1.4143
v 1.4017 -0.1111 -1.4058
v 1.4108 -0.2275 -1.4103
v 1.4017 -0.2275 -1.4058
v 1.2818 -0.2275 -1.4019
v 1.2818 -0.1111 -1.4019
v 1.2094 -0.2275 -1.3425
v 1.2094 -0.1111 -1.3425
v 1.1764 -0.2275 -1.255
v 1.1764 -0.1111 -1.255
v 1.1916 -0.2275 -1.1625
v 1.1916 -0.1111 -1.1625
v 1.251 -0.2275 -1.0901
v 1.251 -0.1111 -1.0901
v 1.3386 -0.2275 -1.0571
v 1.3386 -0.1111 -1.0571
v 1.4309 -0.2275 -1.0723
v 1.4309 -0.1111 -1.0723
v 1.5034 -0.2275 -1.1316
v 1.5034 -0.1111 -1.1316
v 1.5364 -0.2275 -1.2192
v 1.5364 -0.1111 -1.2192
v 1.5211 -0.2275 -1.3117
v 1.5211 -0.1111 -1.3117
v 1.431 -0.1111 -1.4019
v 1.431 -0.2275 -1.4019
v 1.3742 -0.2275 -1.4171
v 1.3742 -0.1111 -1.4171
v 1.3915 -0.227 -1.0802
v 1.3915 -0.1115 -1.0802
v 1.4045 -0.1115 -1.0837
v 1.4045 -0.227 -1.0837
v 1.3083 -0.227 -1.0837
v 1.3083 -0.1115 -1.0837
v 1.3214 -0.1115 -1.0802
v 1.3214 -0.227 -1.0802
v 1.2381 -0.227 -1.1282
v 1.2381 -0.1115 -1.1282
v 1.2477 -0.1115 -1.1187
v 1.2477 -0.227 -1.1187
v 1.1996 -0.227 -1.202
v 1.1996 -0.1115 -1.202
v 1.2031 -0.1115 -1.1889
v 1.2031 -0.227 -1.1889
v 1.203 -0.227 -1.2852
v 1.203 -0.1115 -1.2852
v 1.1995 -0.1115 -1.2721
v 1.1995 -0.227 -1.2721
v 1.2476 -0.227 -1.3555
v 1.2476 -0.1115 -1.3555
v 1.2381 -0.1115 -1.3459
v 1.2381 -0.227 -1.3459
v 1.3214 -0.227 -1.3939
v 1.3214 -0.1115 -1.3939
v 1.3083 -0.1115 -1.3905
v 1.3083 -0.227 -1.3905
v 1.4045 -0.227 -1.3904
v 1.4045 -0.1115 -1.3904
v 1.3914 -0.1115 -1.3939
v 1.3914 -0.227 -1.3939
v 1.4748 -0.227 -1.3458
v 1.4748 -0.1115 -1.3458
v 1.4651 -0.1115 -1.3554
v 1.4651 -0.227 -1.3554
v 1.5132 -0.227 -1.2721
v 1.5132 -0.1115 -1.2721
v 1.5098 -0.1115 -1.2852
v 1.5098 -0.227 -1.2852
v 1.5098 -0.227 -1.1889
v 1.5098 -0.1115 -1.1889
v 1.5132 -0.1115 -1.2021
v 1.5132 -0.227 -1.2021
v 1.4653 -0.227 -1.1187
v 1.4653 -0.1115 -1.1187
v 1.4748 -0.1115 -1.1283
v 1.4748 -0.227 -1.1283

g name5 
f 2607 2608 2536 2535
f 2608 2609 2537 2536
f 2609 2610 2538 2537
f 2610 2611 2539 2538
f 2611 2612 2540 2539
f 2612 2613 2541 2540
f 2613 2614 2542 2541
f 2614 2615 2543 2542
f 2615 2616 2544 2543
f 2616 2617 2545 2544
f 2617 2618 2546 2545
f 2618 2619 2547 2546
f 2619 2620 2548 2547
f 2620 2621 2549 2548
f 2621 2622 2550 2549
f 2622 2623 2551 2550
f 2623 2624 2552 2551
f 2624 2625 2553 2552
f 2625 2626 2554 2553
f 2626 2627 2555 2554
f 2627 2628 2556 2555
f 2628 2629 2557 2556
f 2629 2630 2558 2557
f 2630 2607 2535 2558
f 2738 2737 2736 2735
f 2742 2741 2740 2739
f 2746 2745 2744 2743
f 2750 2749 2748 2747
f 2706 2705 2704 2703
f 2710 2709 2708 2707
f 2714 2713 2712 2711
f 2718 2717 2716 2715
f 2722 2721 2720 2719
f 2726 2725 2724 2723
f 2730 2729 2728 2727
f 2734 2733 2732 2731
f 2588 2631 2632
f 2564 2633 2634
f 2586 2635 2636
f 2562 2637 2638
f 2584 2639 2640
f 2560 2641 2642
f 2606 2643 2644
f 2582 2645 2646
f 2604 2647 2648
f 2580 2649 2650
f 2602 2651 2652
f 2578 2653 2654
f 2600 2655 2656
f 2576 2657 2658
f 2598 2659 2660
f 2574 2661 2662
f 2596 2663 2664
f 2572 2665 2666
f 2570 2667 2668
f 2594 2669 2670
f 2592 2671 2672
f 2568 2673 2674
f 2590 2675 2676
f 2566 2677 2678
f 2564 2565 2589 2631
f 2632 2631 2589 2613 2612
f 2587 2588 2632 2612 2611
f 2563 2633 2588 2587
f 2539 2540 2634 2633 2563
f 2540 2541 2565 2564 2634
f 2562 2697 2698 2635
f 2636 2635 2698 2611 2610
f 2585 2586 2636 2610 2609
f 2561 2637 2586 2585
f 2537 2538 2638 2637 2561
f 2538 2539 2697 2562 2638
f 2560 2695 2696 2639
f 2640 2639 2696 2609 2608
f 2583 2584 2640 2608 2607
f 2559 2641 2584 2583
f 2535 2536 2642 2641 2559
f 2536 2537 2695 2560 2642
f 2582 2693 2694 2643
f 2644 2643 2694 2607 2630
f 2605 2606 2644 2630 2629
f 2581 2645 2606 2605
f 2557 2558 2646 2645 2581
f 2558 2535 2693 2582 2646
f 2580 2691 2692 2647
f 2648 2647 2692 2629 2628
f 2603 2604 2648 2628 2627
f 2579 2649 2604 2603
f 2555 2556 2650 2649 2579
f 2556 2557 2691 2580 2650
f 2578 2689 2690 2651
f 2652 2651 2690 2627 2626
f 2601 2602 2652 2626 2625
f 2577 2653 2602 2601
f 2553 2554 2654 2653 2577
f 2554 2555 2689 2578 2654
f 2576 2687 2688 2655
f 2656 2655 2688 2625 2624
f 2599 2600 2656 2624 2623
f 2575 2657 2600 2599
f 2551 2552 2658 2657 2575
f 2552 2553 2687 2576 2658
f 2574 2685 2686 2659
f 2660 2659 2686 2623 2622
f 2597 2598 2660 2622 2621
f 2573 2661 2598 2597
f 2549 2550 2662 2661 2573
f 2550 2551 2685 2574 2662
f 2572 2683 2684 2663
f 2664 2663 2684 2621 2620
f 2595 2596 2664 2620 2619
f 2571 2665 2596 2595
f 2547 2548 2666 2665 2571
f 2548 2549 2683 2572 2666
f 2569 2667 2594 2593
f 2545 2546 2668 2667 2569
f 2546 2547 2681 2570 2668
f 2570 2681 2682 2669
f 2670 2669 2682 2619 2618
f 2593 2594 2670 2618 2617
f 2568 2679 2680 2671
f 2672 2671 2680 2617 2616
f 2591 2592 2672 2616 2615
f 2567 2673 2592 2591
f 2543 2544 2674 2673 2567
f 2544 2545 2679 2568 2674
f 2566 2701 2702 2675
f 2676 2675 2702 2615 2614
f 2699 2590 2676 2614 2613
f 2700 2677 2590 2699
f 2541 2542 2678 2677 2700
f 2542 2543 2701 2566 2678
f 2604 2649 2703 2704
f 2647 2604 2704 2705
f 2580 2647 2705 2706
f 2649 2580 2706 2703
f 2602 2653 2707 2708
f 2651 2602 2708 2709
f 2578 2651 2709 2710
f 2653 2578 2710 2707
f 2600 2657 2711 2712
f 2655 2600 2712 2713
f 2576 2655 2713 2714
f 2657 2576 2714 2711
f 2598 2661 2715 2716
f 2659 2598 2716 2717
f 2574 2659 2717 2718
f 2661 2574 2718 2715
f 2596 2665 2719 2720
f 2663 2596 2720 2721
f 2572 2663 2721 2722
f 2665 2572 2722 2719
f 2594 2667 2723 2724
f 2669 2594 2724 2725
f 2570 2669 2725 2726
f 2667 2570 2726 2723
f 2592 2673 2727 2728
f 2671 2592 2728 2729
f 2568 2671 2729 2730
f 2673 2568 2730 2727
f 2590 2677 2731 2732
f 2675 2590 2732 2733
f 2566 2675 2733 2734
f 2677 2566 2734 2731
f 2588 2633 2735 2736
f 2631 2588 2736 2737
f 2564 2631 2737 2738
f 2633 2564 2738 2735
f 2586 2637 2739 2740
f 2635 2586 2740 2741
f 2562 2635 2741 2742
f 2637 2562 2742 2739
f 2584 2641 2743 2744
f 2639 2584 2744 2745
f 2560 2639 2745 2746
f 2641 2560 2746 2743
f 2606 2645 2747 2748
f 2643 2606 2748 2749
f 2582 2643 2749 2750
f 2645 2582 2750 2747

g 
v 0.8713 -0.1373 -0.0023
v 0.8713 -0.1373 -0.0459
v 0.8713 -0.1544 -0.0433
v 0.8713 -0.1695 -0.0357
v 0.8713 -0.1806 -0.0241
v 0.8713 -0.1866 -0.0099
v 0.8713 -0.1866 0.0053
v 0.8713 -0.1806 0.0195
v 0.8713 -0.1695 0.0311
v 0.8713 -0.1544 0.0386
v 0.8713 -0.1373 0.0413
v 0.8713 -0.1203 0.0386
v 0.8713 -0.1052 0.0311
v 0.8713 -0.0941 0.0195
v 0.8713 -0.0882 0.0053
v 0.8713 -0.0882 -0.0099
v 0.8713 -0.0941 -0.0241
v 0.8713 -0.1052 -0.0357
v 0.8713 -0.1203 -0.0433
v 0.974 -0.1447 -0.0448
v 0.974 -0.1609 -0.04
v 0.974 -0.1743 -0.0307
v 0.974 -0.1832 -0.018
v 0.974 -0.1866 -0.0033
v 0.974 -0.184 0.0114
v 0.974 -0.1758 0.0245
v 0.974 -0.1629 0.0343
v 0.974 -0.147 0.0398
v 0.974 -0.13 0.0401
v 0.974 -0.1138 0.0354
v 0.974 -0.1004 0.026
v 0.974 -0.0915 0.0133
v 0.974 -0.0882 -0.0013
v 0.974 -0.0907 -0.016
v 0.974 -0.0989 -0.0291
v 0.974 -0.1117 -0.039
v 0.974 -0.1277 -0.0444
v 0.9774 -0.1447 -0.0389
v 0.9774 -0.1586 -0.0345
v 0.9774 -0.17 -0.0262
v 0.9774 -0.1774 -0.015
v 0.9774 -0.1799 -0.0023
v 0.9774 -0.1774 0.0104
v 0.9774 -0.17 0.0216
v 0.9774 -0.1586 0.0299
v 0.9774 -0.1447 0.0343
v 0.9774 -0.13 0.0343
v 0.9774 -0.1161 0.0299
v 0.9774 -0.1047 0.0216
v 0.9774 -0.0973 0.0104
v 0.9774 -0.0948 -0.0023
v 0.9774 -0.0973 -0.015
v 0.9774 -0.1047 -0.0262
v 0.9774 -0.1161 -0.0345
v 0.9774 -0.13 -0.0389
v 0.974 -0.147 -0.0444
v 0.9662 -0.1544 -0.0433
v 0.974 -0.13 -0.0448
v 0.9662 -0.1373 -0.0459
v 0.974 -0.1629 -0.039
v 0.9662 -0.1695 -0.0357
v 0.974 -0.1758 -0.0291
v 0.9662 -0.1806 -0.0241
v 0.974 -0.184 -0.016
v 0.9662 -0.1866 -0.0099
v 0.974 -0.1866 -0.0013
v 0.9662 -0.1866 0.0053
v 0.974 -0.1832 0.0133
v 0.9662 -0.1806 0.0195
v 0.974 -0.1743 0.026
v 0.9662 -0.1695 0.0311
v 0.974 -0.1609 0.0354
v 0.9662 -0.1544 0.0386
v 0.974 -0.1447 0.0401
v 0.9662 -0.1373 0.0413
v 0.974 -0.1277 0.0398
v 0.9662 -0.1203 0.0386
v 0.974 -0.1117 0.0343
v 0.9662 -0.1052 0.0311
v 0.974 -0.0989 0.0245
v 0.9662 -0.0941 0.0195
v 0.974 -0.0907 0.0114
v 0.9662 -0.0882 0.0053
v 0.974 -0.0882 -0.0033
v 0.9662 -0.0882 -0.0099
v 0.974 -0.0915 -0.018
v 0.9662 -0.0941 -0.0241
v 0.974 -0.1004 -0.0307
v 0.9662 -0.1052 -0.0357
v 0.974 -0.1138 -0.04
v 0.9662 -0.1203 -0.0433
v 0.9577 -0.1326 -0.0259
v 0.9577 -0.1236 -0.0231
v 0.9577 -0.1163 -0.0177
v 0.9577 -0.1116 -0.0105
v 0.9577 -0.1099 -0.0023
v 0.9577 -0.1116 0.0059
v 0.9577 -0.1163 0.0131
v 0.9577 -0.1236 0.0184
v 0.9577 -0.1326 0.0213
v 0.9577 -0.1421 0.0213
v 0.9577 -0.1511 0.0184
v 0.9577 -0.1584 0.0131
v 0.9577 -0.1631 0.0059
v 0.9577 -0.1648 -0.0023
v 0.9577 -0.1631 -0.0105
v 0.9577 -0.1584 -0.0177
v 0.9577 -0.1511 -0.0231
v 0.9577 -0.1421 -0.0259
v 0.8713 -0.144 0.0136
v 0.8713 -0.1373 0.0146
v 0.8713 -0.1373 -0.0023
v 0.8713 -0.1307 -0.0182
v 0.8713 -0.1373 -0.0193
v 0.8713 -0.1336 -0.0136
v 0.8713 -0.1346 -0.0143
v 0.8713 -0.1352 -0.0136
v 0.8713 -0.1415 0.009
v 0.8713 -0.1402 0.0099
v 0.8713 -0.1395 0.0089
v 0.6711 -0.1416 -0.0031
v 0.6725 -0.1399 -0.0033
v 0.671 -0.1418 -0.0049
v 0.6689 -0.1411 0.0009
v 0.6701 -0.1424 0.0009
v 0.6686 -0.1408 0.0023
v 0.8713 -0.1405 0.0081
v 0.8713 -0.1392 0.0044
v 0.6721 -0.1403 -0.0053
v 0.8713 -0.1341 -0.013
v 0.8713 -0.1355 -0.0098
v 0.6698 -0.1421 0.0023
v 0.6692 -0.1413 0.0025
v 0.8713 -0.1337 -0.0132
v 0.8713 -0.1339 -0.0125
v 0.6703 -0.1425 0.0014
v 0.8713 -0.1349 -0.0132
v 0.8713 -0.1353 -0.0129
v 0.6696 -0.1418 0.0005
v 0.8713 -0.1351 -0.014
v 0.8713 -0.1352 -0.0147
v 0.6687 -0.1407 0.0015
v 0.8713 -0.1339 -0.0141
v 0.8713 -0.1333 -0.0143
v 0.8713 -0.14 0.0082
v 0.8713 -0.1394 0.0078
v 0.6726 -0.1398 -0.0042
v 0.8713 -0.1413 0.0085
v 0.8713 -0.1408 0.0076
v 0.6718 -0.1409 -0.0053
v 0.8713 -0.1411 0.0097
v 0.8713 -0.1419 0.01
v 0.6709 -0.1421 -0.004
v 0.8713 -0.1396 0.0095
v 0.8713 -0.1394 0.0105
v 0.672 -0.1406 -0.0026
v 0.86 -0.1336 -0.0144
v 0.86 -0.133 -0.0136
v 0.86 -0.1332 -0.0129
v 0.86 -0.1339 -0.0125
v 0.86 -0.1353 -0.0129
v 0.86 -0.1358 -0.0136
v 0.86 -0.1356 -0.0143
v 0.86 -0.1348 -0.0147
v 0.8527 -0.1405 0.0081
v 0.8527 -0.1413 0.0085
v 0.8527 -0.1415 0.009
v 0.8527 -0.1411 0.0097
v 0.8527 -0.1402 0.0099
v 0.8527 -0.1396 0.0095
v 0.8527 -0.1395 0.0089
v 0.8527 -0.14 0.0082
v 0.858 -0.1397 0.0076
v 0.858 -0.1388 0.0088
v 0.858 -0.1404 0.0075
v 0.858 -0.1418 0.0082
v 0.858 -0.1422 0.0091
v 0.858 -0.1416 0.0101
v 0.858 -0.14 0.0105
v 0.858 -0.1389 0.0098
v 0.8527 -0.1336 -0.0136
v 0.8527 -0.1339 -0.0141
v 0.8527 -0.1337 -0.0132
v 0.8527 -0.1341 -0.013
v 0.8527 -0.1349 -0.0132
v 0.8527 -0.1352 -0.0136
v 0.8527 -0.1351 -0.014
v 0.8527 -0.1346 -0.0143
v 0.7105 -0.1397 0.0068
v 0.7103 -0.1389 0.0079
v 0.7098 -0.139 0.009
v 0.7094 -0.1401 0.0097
v 0.7094 -0.1415 0.0093
v 0.7097 -0.1422 0.0083
v 0.7101 -0.1418 0.0073
v 0.7107 -0.1405 0.0067
v 0.711 -0.1339 -0.0116
v 0.7114 -0.1347 -0.0112
v 0.7115 -0.1358 -0.0115
v 0.7114 -0.1363 -0.0123
v 0.7113 -0.1362 -0.0129
v 0.7111 -0.1354 -0.0133
v 0.7111 -0.1343 -0.0129
v 0.7114 -0.1338 -0.0122
v 0.6457 -0.1481 -0.0011
v 0.6456 -0.1483 -0.0015
v 0.6457 -0.1488 -0.0017
v 0.6458 -0.1491 -0.0015
v 0.6458 -0.1491 -0.0011
v 0.6458 -0.1489 -0.0007
v 0.6457 -0.1485 -0.0005
v 0.6455 -0.1482 -0.0007
v 0.6472 -0.1421 0.0038
v 0.647 -0.1419 0.0044
v 0.647 -0.1413 0.0046
v 0.647 -0.1408 0.0042
v 0.647 -0.1408 0.0036
v 0.6469 -0.1411 0.003
v 0.6469 -0.1415 0.0029
v 0.6468 -0.142 0.0033
v 0.496 -0.1553 -0.0015
v 0.4965 -0.1555 -0.0018
v 0.4966 -0.1558 -0.002
v 0.4967 -0.156 -0.0018
v 0.4968 -0.1561 -0.0015
v 0.4968 -0.1559 -0.0012
v 0.497 -0.1557 -0.0011
v 0.4975 -0.1556 -0.0012
v 0.4959 -0.1494 0.0046
v 0.4964 -0.1493 0.005
v 0.4964 -0.1489 0.0052
v 0.4964 -0.1486 0.005
v 0.4964 -0.1485 0.0045
v 0.4965 -0.1488 0.0041
v 0.4967 -0.1491 0.004
v 0.4974 -0.1495 0.0042
v 0.4381 -0.1998 0.0005
v 0.4384 -0.1999 0.0002
v 0.4385 -0.2 0.0
v 0.4386 -0.2002 0.0
v 0.4388 -0.2003 0.0003
v 0.439 -0.2003 0.0006
v 0.4391 -0.2002 0.0008
v 0.4394 -0.2001 0.0007
v 0.4378 -0.1965 0.0076
v 0.4382 -0.1964 0.008
v 0.4381 -0.1962 0.0083
v 0.4379 -0.196 0.0082
v 0.4378 -0.196 0.0078
v 0.4378 -0.1961 0.0074
v 0.4381 -0.1964 0.0072
v 0.4388 -0.1967 0.0073
v 0.4228 -0.2334 -0.0032
v 0.4227 -0.2334 -0.0037
v 0.4228 -0.2335 -0.004
v 0.4232 -0.2335 -0.0041
v 0.4235 -0.2335 -0.0038
v 0.4237 -0.2335 -0.0034
v 0.4236 -0.2334 -0.003
v 0.4233 -0.2334 -0.003
v 0.4232 -0.2326 0.0048
v 0.4235 -0.2325 0.0053
v 0.4232 -0.2325 0.0058
v 0.4227 -0.2324 0.0058
v 0.4221 -0.2324 0.0055
v 0.4218 -0.2324 0.0049
v 0.422 -0.2325 0.0046
v 0.4227 -0.2325 0.0045
v 0.4228 -0.255 0.006
v 0.4232 -0.2549 0.0065
v 0.4229 -0.2549 0.007
v 0.4223 -0.2548 0.007
v 0.4217 -0.2548 0.0067
v 0.4215 -0.2548 0.0061
v 0.4216 -0.2548 0.0058
v 0.4224 -0.2549 0.0057
v 0.4225 -0.2558 -0.002
v 0.4223 -0.2558 -0.0024
v 0.4225 -0.2558 -0.0028
v 0.4228 -0.2559 -0.0029
v 0.4232 -0.2559 -0.0026
v 0.4234 -0.2559 -0.0022
v 0.4233 -0.2558 -0.0018
v 0.4229 -0.2558 -0.0018
v 0.5064 -0.2529 0.3496
v 0.5064 -0.2529 -0.3537
v 0.5064 -0.24 0.3496
v 0.5064 -0.24 -0.3537
v -1.3228 -0.24 0.3496
v -1.3228 -0.24 -0.3537
v -1.3228 -0.2529 0.3496
v -1.3228 -0.2529 -0.3537
v -0.3656 -0.2628 0.2814
v -0.3656 -0.2628 -0.2855
v -0.3656 -0.2017 0.2814
v -0.3656 -0.2017 -0.2855
v -1.1145 -0.2017 0.2814
v -1.1145 -0.2017 -0.2855
v -1.1145 -0.2628 0.2814
v -1.1145 -0.2628 -0.2855
v -0.4155 -0.2191 0.2436
v -0.4155 -0.2191 -0.2478
v -1.0646 -0.2191 -0.2478
v -1.0646 -0.2191 0.2436
v -0.4495 -0.2087 0.2178
v -0.4495 -0.2087 -0.222
v -1.0305 -0.2087 -0.222
v -1.0305 -0.2087 0.2178
v 0.0786 -0.246 0.2571
v 0.0786 -0.246 0.017
v 0.0786 -0.2356 0.2571
v 0.0786 -0.2356 0.017
v -0.2387 -0.2356 0.2571
v -0.2387 -0.2356 0.017
v -0.2387 -0.246 0.2571
v -0.2387 -0.246 0.017
v -0.2387 -0.246 0.2321
v -0.2387 -0.2356 0.2321
v 0.0786 -0.2356 0.2321
v 0.0786 -0.246 0.2321
v 0.0786 -0.2356 0.0373
v -0.2387 -0.2356 0.0373
v 0.0786 -0.246 0.0373
v -0.2387 -0.246 0.0373
v 0.0786 -0.2356 0.2105
v 0.0786 -0.2356 0.1888
v 0.0786 -0.2356 0.1672
v 0.0786 -0.2356 0.1455
v 0.0786 -0.2356 0.1239
v 0.0786 -0.2356 0.1022
v 0.0786 -0.2356 0.0806
v 0.0786 -0.2356 0.0589
v 0.0786 -0.246 0.0589
v 0.0786 -0.246 0.0806
v 0.0786 -0.246 0.1022
v 0.0786 -0.246 0.1239
v 0.0786 -0.246 0.1455
v 0.0786 -0.246 0.1672
v 0.0786 -0.246 0.1888
v 0.0786 -0.246 0.2105
v -0.2387 -0.2356 0.2105
v -0.2387 -0.2356 0.1888
v -0.2387 -0.2356 0.1672
v -0.2387 -0.2356 0.1455
v -0.2387 -0.2356 0.1239
v -0.2387 -0.2356 0.1022
v -0.2387 -0.2356 0.0806
v -0.2387 -0.2356 0.0589
v -0.2387 -0.246 0.2105
v -0.2387 -0.246 0.1888
v -0.2387 -0.246 0.1672
v -0.2387 -0.246 0.1455
v -0.2387 -0.246 0.1239
v -0.2387 -0.246 0.1022
v -0.2387 -0.246 0.0806
v -0.2387 -0.246 0.0589
v 0.0786 -0.1772 0.0373
v 0.0786 -0.1772 0.017
v -0.2387 -0.1772 0.017
v -0.2387 -0.1772 0.0373
v -0.2387 -0.1772 0.0806
v 0.0786 -0.1772 0.0806
v 0.0786 -0.1772 0.0589
v -0.2387 -0.1772 0.0589
v -0.2387 -0.1772 0.1239
v 0.0786 -0.1772 0.1239
v 0.0786 -0.1772 0.1022
v -0.2387 -0.1772 0.1022
v -0.2387 -0.1772 0.1672
v 0.0786 -0.1772 0.1672
v 0.0786 -0.1772 0.1455
v -0.2387 -0.1772 0.1455
v -0.2387 -0.1772 0.2105
v 0.0786 -0.1772 0.2105
v 0.0786 -0.1772 0.1888
v -0.2387 -0.1772 0.1888
v -0.2387 -0.1772 0.2321
v -0.2387 -0.1772 0.2571
v 0.0786 -0.1772 0.2571
v 0.0786 -0.1772 0.2321
v -0.3877 -0.2391 -0.2496
v 0.1981 -0.2391 -0.2555
v -0.3877 -0.2391 -0.2304
v 0.1864 -0.2391 -0.2379
v 0.3571 -0.2391 -0.0972
v 0.334 -0.2391 -0.1327
v 0.3408 -0.2391 0.08
v 0.3571 -0.2391 0.08
v 0.3528 -0.2391 -0.1526
v -0.3877 -0.2571 -0.2548
v 0.2049 -0.2571 -0.2548
v -0.3877 -0.2571 -0.2195
v 0.19 -0.2571 -0.2227
v 0.3571 -0.2571 -0.0972
v 0.3181 -0.2571 -0.1245
v 0.3181 -0.2571 0.08
v 0.3571 -0.2571 0.08
v 0.3596 -0.2571 -0.1467
v -0.4666 -0.2391 -0.1948
v 0.1259 -0.2391 -0.1948
v -0.4666 -0.2391 -0.1753
v 0.1126 -0.2391 -0.1753
v 0.2781 -0.2391 -0.0371
v 0.2586 -0.2391 -0.0724
v 0.2586 -0.2391 0.0844
v 0.2782 -0.2391 0.0844
v 0.2808 -0.2391 -0.0867
v -0.4666 -0.2571 -0.1948
v 0.1259 -0.2571 -0.1948
v -0.4666 -0.2571 -0.1594
v 0.1111 -0.2571 -0.1626
v 0.2781 -0.2571 -0.0371
v 0.2392 -0.2571 -0.0645
v 0.2392 -0.2571 0.0844
v 0.2782 -0.2571 0.0844
v 0.2808 -0.2571 -0.0867
v 0.4381 -0.2482 0.2417
v 0.4381 -0.2482 0.0324
v 0.4381 -0.2346 0.2417
v 0.4381 -0.2346 0.0324
v 0.1615 -0.2346 0.2417
v 0.1615 -0.2346 0.0324
v 0.1615 -0.2482 0.2417
v 0.1615 -0.2482 0.0324
v 0.4179 -0.2346 0.2265
v 0.4179 -0.2346 0.0476
v 0.1817 -0.2346 0.0476
v 0.1817 -0.2346 0.2265
v 0.4 -0.2175 0.2129
v 0.4 -0.2175 0.0612
v 0.1996 -0.2175 0.0612
v 0.1996 -0.2175 0.2129
v -1.2507 -0.256 -0.1969
v -1.2507 -0.256 -0.2136
v -1.2507 -0.2369 -0.1969
v -1.2507 -0.2369 -0.2136
v -1.2703 -0.2369 -0.1969
v -1.2703 -0.2369 -0.2136
v -1.2703 -0.256 -0.1969
v -1.2703 -0.256 -0.2136
v -1.2507 -0.256 -0.1673
v -1.2507 -0.256 -0.1839
v -1.2507 -0.2369 -0.1673
v -1.2507 -0.2369 -0.1839
v -1.2703 -0.2369 -0.1673
v -1.2703 -0.2369 -0.1839
v -1.2703 -0.256 -0.1673
v -1.2703 -0.256 -0.1839
v 0.4277 -0.256 -0.0364
v 0.4277 -0.256 -0.0531
v 0.4277 -0.2369 -0.0364
v 0.4277 -0.2369 -0.0531
v 0.4081 -0.2369 -0.0364
v 0.4081 -0.2369 -0.0531
v 0.4081 -0.256 -0.0364
v 0.4081 -0.256 -0.0531
v 0.4277 -0.256 -0.0124
v 0.4277 -0.256 -0.0291
v 0.4277 -0.2369 -0.0124
v 0.4277 -0.2369 -0.0291
v 0.4081 -0.2369 -0.0124
v 0.4081 -0.2369 -0.0291
v 0.4081 -0.256 -0.0124
v 0.4081 -0.256 -0.0291
v 0.925 -0.067 0.1394
v 0.9079 -0.2056 0.1397
v 0.9079 -0.2056 -0.1444
v 0.925 -0.067 -0.1441
v 0.9667 -0.0909 0.0914
v 0.9554 -0.1825 0.0917
v 0.9554 -0.1825 -0.0963
v 0.9667 -0.0909 -0.0961
v 0.9509 -0.1312 -0.0045
v 0.9509 -0.1307 -0.0025
v 0.9509 -0.131 -0.0006
v 0.9509 -0.1321 0.0012
v 0.9509 -0.1337 0.0025
v 0.9509 -0.1359 0.0033
v 0.9509 -0.1381 0.0033
v 0.9509 -0.1403 0.0027
v 0.9509 -0.1421 0.0015
v 0.9509 -0.1433 -0.0002
v 0.9509 -0.1438 -0.0021
v 0.9509 -0.1435 -0.0041
v 0.9509 -0.1424 -0.0058
v 0.9509 -0.1407 -0.0072
v 0.9509 -0.1386 -0.0079
v 0.9509 -0.1363 -0.008
v 0.9509 -0.1342 -0.0074
v 0.9509 -0.1324 -0.0062
v 0.9596 -0.1323 -0.0268
v 0.9596 -0.123 -0.0239
v 0.9596 -0.1154 -0.0183
v 0.9596 -0.1104 -0.0108
v 0.9596 -0.1087 -0.0023
v 0.9596 -0.1104 0.0062
v 0.9596 -0.1154 0.0137
v 0.9596 -0.123 0.0192
v 0.9596 -0.1323 0.0222
v 0.9596 -0.1422 0.0222
v 0.9596 -0.1515 0.0192
v 0.9596 -0.1591 0.0137
v 0.9596 -0.164 0.0062
v 0.9596 -0.1657 -0.0023
v 0.9596 -0.164 -0.0108
v 0.9596 -0.1591 -0.0183
v 0.9596 -0.1515 -0.0239
v 0.9596 -0.1422 -0.0268
v 0.9482 -0.1372 -0.0023
v 0.954 -0.1288 -0.0107
v 0.954 -0.1261 -0.0076
v 0.954 -0.1247 -0.004
v 0.954 -0.1248 -0.0002
v 0.954 -0.1264 0.0034
v 0.954 -0.1293 0.0063
v 0.954 -0.1331 0.0082
v 0.954 -0.1375 0.0088
v 0.954 -0.1418 0.008
v 0.954 -0.1456 0.006
v 0.954 -0.1484 0.003
v 0.954 -0.1498 -0.0006
v 0.954 -0.1497 -0.0045
v 0.954 -0.1481 -0.0081
v 0.954 -0.1452 -0.011
v 0.954 -0.1413 -0.0128
v 0.954 -0.1369 -0.0134
v 0.954 -0.1326 -0.0127
v 0.95 -0.1319 -0.0021
v 0.95 -0.1323 -0.0005
v 0.95 -0.1333 0.0008
v 0.95 -0.1348 0.0018
v 0.95 -0.1366 0.0023
v 0.95 -0.1384 0.0022
v 0.95 -0.1401 0.0016
v 0.95 -0.1415 0.0005
v 0.95 -0.1423 -0.0009
v 0.95 -0.1425 -0.0025
v 0.95 -0.1421 -0.0041
v 0.95 -0.1411 -0.0055
v 0.95 -0.1397 -0.0064
v 0.95 -0.1379 -0.0069
v 0.95 -0.1361 -0.0069
v 0.95 -0.1344 -0.0062
v 0.95 -0.133 -0.0051
v 0.95 -0.1322 -0.0037
v 0.954 -0.1306 -0.0118
v 0.9596 -0.1275 -0.0258
v 0.954 -0.1274 -0.0092
v 0.9596 -0.1189 -0.0214
v 0.954 -0.1252 -0.0059
v 0.9596 -0.1125 -0.0148
v 0.954 -0.1246 -0.0021
v 0.9596 -0.1091 -0.0067
v 0.954 -0.1254 0.0017
v 0.9596 -0.1091 0.002
v 0.954 -0.1277 0.005
v 0.9596 -0.1125 0.0101
v 0.954 -0.1311 0.0074
v 0.9596 -0.1189 0.0168
v 0.954 -0.1353 0.0086
v 0.9596 -0.1275 0.0211
v 0.954 -0.1397 0.0085
v 0.9596 -0.1372 0.0226
v 0.954 -0.1438 0.0071
v 0.9596 -0.147 0.0211
v 0.954 -0.1471 0.0046
v 0.9596 -0.1556 0.0168
v 0.954 -0.1492 0.0012
v 0.9596 -0.162 0.0101
v 0.954 -0.1499 -0.0026
v 0.9596 -0.1654 0.002
v 0.954 -0.149 -0.0063
v 0.9596 -0.1654 -0.0067
v 0.954 -0.1467 -0.0096
v 0.9596 -0.162 -0.0148
v 0.954 -0.1433 -0.012
v 0.9596 -0.1556 -0.0214
v 0.954 -0.1391 -0.0132
v 0.9596 -0.147 -0.0258
v 0.954 -0.1348 -0.0132
v 0.9596 -0.1372 -0.0273
v 0.5836 0.0813 -0.4471
v 0.5836 0.0813 0.4394
v 0.5808 -0.2904 -0.4471
v 0.5808 -0.2904 0.4394
v -1.3846 -0.2904 -0.4471
v -1.3846 -0.2904 0.4394
v -1.3818 0.0813 -0.4471
v -1.3818 0.0813 0.4394
v -1.4661 0.0813 -0.2881
v -1.4609 -0.3687 0.281
v 0.7016 -0.3518 0.2803
v 0.7259 -0.058 -0.2882
v 0.7259 -0.058 0.2809
v 0.7017 -0.3518 -0.2875
v 0.6758 -0.3688 -0.2512
v -1.466 0.0813 0.2809
v -1.7067 -0.2492 0.2357
v 0.8266 -0.349 -0.2512
v 0.7955 -0.058 -0.2518
v 0.7955 -0.058 0.2445
v 0.8266 -0.349 0.244
v 1.026 -0.2836 -0.1842
v 1.003 -0.058 -0.1846
v 1.0029 -0.058 0.1774
v 1.026 -0.2836 0.177
v 1.0868 -0.2734 -0.1648
v 1.0661 0.0813 -0.1652
v 1.0661 0.0813 0.158
v 1.0868 -0.2734 0.1576
v 1.0856 -0.2646 -0.1479
v 1.0673 -0.1154 -0.1483
v 1.0673 -0.1154 0.141
v 1.0856 -0.2646 0.1407
v 1.0296 -0.2659 -0.1479
v 1.0112 -0.1167 -0.1483
v 1.0112 -0.1167 0.141
v 1.0296 -0.2659 0.1407
v 1.0745 -0.2403 -0.0991
v 1.0623 -0.1416 -0.0993
v 1.0623 -0.1415 0.0921
v 1.0745 -0.2403 0.0919
v 0.6758 -0.3687 0.2439
v -1.4611 -0.3687 -0.2882
v -1.7068 -0.3104 -0.2436
v -1.7066 -0.3104 0.2363
v -1.7068 -0.2492 -0.2429
v -1.3059 -0.0104 -0.0036
v -1.3005 -0.0104 -0.0036
v -1.2982 -0.0104 -0.2678
v -1.2981 -0.0104 0.2606
v 1.0745 -0.2374 -0.0385
v 1.0623 -0.1489 -0.0386
v 1.0623 -0.1489 0.0314
v 1.0745 -0.2374 0.0313
v 0.5188 0.0813 -0.4155
v 0.5188 0.0813 0.4078
v 0.5664 -0.3155 -0.4393
v 0.5664 -0.3155 0.4315
v -1.3642 -0.3155 -0.4393
v -1.3642 -0.3155 0.4315
v -1.3064 0.0813 -0.4155
v -1.3064 0.0813 0.4078
v -1.3847 0.0813 -0.2678
v -1.4392 -0.3155 0.276
v 0.6851 -0.3155 0.2752
v 0.651 -0.069 -0.2679
v 0.651 -0.069 0.2606
v 0.6851 -0.3155 -0.2825
v 0.6598 -0.3155 -0.2468
v -1.3846 0.0813 0.2606
v -1.6347 -0.2492 0.2186
v 0.8079 -0.3589 -0.2468
v 0.7156 -0.069 -0.2341
v 0.7156 -0.069 0.2268
v 0.8079 -0.3589 0.2396
v 1.0038 -0.2574 -0.181
v 0.9083 -0.069 -0.1718
v 0.9082 -0.069 0.1645
v 1.0038 -0.2574 0.1738
v 0.986 -0.2691 -0.1533
v 0.9669 0.0813 -0.1537
v 0.9669 0.0813 0.1465
v 0.986 -0.2691 0.1461
v 0.9851 -0.261 -0.1376
v 0.968 -0.1224 -0.138
v 0.968 -0.1224 0.1307
v 0.9851 -0.261 0.1304
v 0.933 -0.2622 -0.1376
v 0.9159 -0.1236 -0.138
v 0.9159 -0.1236 0.1307
v 0.933 -0.2622 0.1304
v 0.9747 -0.2383 -0.0923
v 0.9634 -0.1467 -0.0925
v 0.9634 -0.1467 0.0852
v 0.9747 -0.2383 0.085
v 0.6597 -0.3155 0.2395
v -1.4393 -0.3155 -0.2832
v -1.617 -0.3306 -0.2394
v -1.617 -0.3306 0.2321
v -1.6348 -0.2492 -0.2259
v -1.3059 -0.0104 -0.0036
v -1.3005 -0.0104 -0.0036
v -1.2982 -0.0104 -0.2678
v -1.2981 -0.0104 0.2606
v 0.9747 -0.2356 -0.036
v 0.9634 -0.1535 -0.0361
v 0.9634 -0.1535 0.0289
v 0.9747 -0.2356 0.0288
v -1.5552 -0.3306 -0.2268
v -1.5552 -0.3306 0.2216

g name6 
f 2752 2753 2751
f 2753 2754 2751
f 2754 2755 2751
f 2755 2756 2751
f 2756 2757 2751
f 2757 2758 2751
f 2758 2759 2751
f 2759 2760 2751
f 2761 2762 2751
f 2762 2763 2751
f 2763 2764 2751
f 2764 2765 2751
f 2765 2766 2751
f 2766 2767 2751
f 2767 2768 2751
f 2768 2769 2751
f 2806 2788 2789 2771
f 2788 2770 2808 2805
f 2810 2789 2790 2772
f 2812 2790 2791 2773
f 2814 2791 2792 2774
f 2816 2792 2793 2775
f 2818 2793 2794 2776
f 2820 2794 2795 2777
f 2822 2795 2796 2778
f 2824 2796 2797 2779
f 2826 2797 2798 2780
f 2828 2798 2799 2781
f 2830 2799 2800 2782
f 2832 2800 2801 2783
f 2834 2801 2802 2784
f 2836 2802 2803 2785
f 2838 2803 2804 2786
f 2840 2804 2805 2787
f 2807 2806 2771
f 2809 2808 2770
f 2811 2810 2772
f 2813 2812 2773
f 2815 2814 2774
f 2817 2816 2775
f 2819 2818 2776
f 2821 2820 2777
f 2823 2822 2778
f 2825 2824 2779
f 2827 2826 2780
f 2829 2828 2781
f 2831 2830 2782
f 2833 2832 2783
f 2835 2834 2784
f 2837 2836 2785
f 2839 2838 2786
f 2841 2840 2787
f 2788 2806 2770
f 2809 2770 2806 2807 2753 2752
f 2807 2771 2810 2811 2754 2753
f 2805 2808 2787
f 2841 2787 2808 2809 2752 2769
f 2789 2810 2771
f 2811 2772 2812 2813 2755 2754
f 2790 2812 2772
f 2813 2773 2814 2815 2756 2755
f 2791 2814 2773
f 2815 2774 2816 2817 2757 2756
f 2792 2816 2774
f 2817 2775 2818 2819 2758 2757
f 2793 2818 2775
f 2819 2776 2820 2821 2759 2758
f 2794 2820 2776
f 2821 2777 2822 2823 2760 2759
f 2795 2822 2777
f 2823 2778 2824 2825 2761 2760
f 2796 2824 2778
f 2825 2779 2826 2827 2762 2761
f 2797 2826 2779
f 2827 2780 2828 2829 2763 2762
f 2798 2828 2780
f 2829 2781 2830 2831 2764 2763
f 2799 2830 2781
f 2831 2782 2832 2833 2765 2764
f 2800 2832 2782
f 2833 2783 2834 2835 2766 2765
f 2801 2834 2783
f 2835 2784 2836 2837 2767 2766
f 2802 2836 2784
f 2837 2785 2838 2839 2768 2767
f 2803 2838 2785
f 2839 2786 2840 2841 2769 2768
f 2804 2840 2786
f 2843 2842 2805 2804
f 2844 2843 2804 2803
f 2845 2844 2803 2802
f 2846 2845 2802 2801
f 2847 2846 2801 2800
f 2848 2847 2800 2799
f 2849 2848 2799 2798
f 2850 2849 2798 2797
f 2851 2850 2797 2796
f 2852 2851 2796 2795
f 2853 2852 2795 2794
f 2854 2853 2794 2793
f 2855 2854 2793 2792
f 2856 2855 2792 2791
f 2857 2856 2791 2790
f 2858 2857 2790 2789
f 2859 2858 2789 2788
f 2842 2859 2788 2805
f 2861 2860 2760 2761
f 2862 2861 2761 2751
f 2860 2862 2751 2760
f 2864 2863 2769 2752
f 2862 2864 2752 2751
f 2863 2862 2751 2769
f 2885 2884 2880
f 2888 2887 2867
f 2891 2890 2866
f 2894 2893 2865
f 3027 3028 3029 3030 3031 3032 3033 3034
f 2894 2865 2884 2885 2881 2862 2863
f 2881 2885 2880 2887 2888
f 2881 2888 2867 2890 2891 2864 2862
f 2891 2866 2893 2894 2863 2864
f 2896 2895 2870
f 2899 2898 2877
f 2902 2901 2868
f 2905 2904 2869
f 2878 2899 2877 2895 2896
f 2878 2896 2870 2904 2905 2861 2862
f 3019 3020 3021 3022 3023 3024 3025 3026
f 2902 2868 2898 2899 2878 2862 2860
f 2905 2869 2901 2902 2860 2861
f 2931 2865 2893 2932
f 2933 2884 2865 2931
f 2934 2880 2884 2933
f 2935 2887 2880 2934
f 2936 2867 2887 2935
f 2937 2890 2867 2936
f 2938 2866 2890 2937
f 2932 2893 2866 2938
f 2915 2877 2898 2916
f 2916 2898 2868 2917
f 2917 2868 2901 2918
f 2918 2901 2869 2919
f 2919 2869 2904 2920
f 2920 2904 2870 2921
f 2921 2870 2895 2922
f 2922 2895 2877 2915
f 2921 2922 2923 2924
f 2925 2923 2922 2915
f 2915 2916 2926 2925
f 2916 2917 2927 2926
f 2917 2918 2928 2927
f 2918 2919 2929 2928
f 2919 2920 2930 2929
f 2920 2921 2924 2930
f 2907 2908 2931 2932
f 2908 2909 2933 2931
f 2909 2910 2934 2933
f 2910 2911 2935 2934
f 2911 2912 2936 2935
f 2912 2913 2937 2936
f 2913 2914 2938 2937
f 2932 2938 2914 2907
f 2939 2879 2897 2940
f 2940 2924 2923 2939
f 2940 2897 2872 2941
f 2941 2930 2924 2940
f 2941 2872 2906 2942
f 2942 2929 2930 2941
f 2942 2906 2871 2943
f 2943 2928 2929 2942
f 2943 2871 2903 2944
f 2944 2927 2928 2943
f 2944 2903 2873 2945
f 2945 2926 2927 2944
f 2945 2873 2900 2946
f 2946 2925 2926 2945
f 2939 2923 2925 2946
f 2946 2900 2879 2939
f 2947 2876 2883 2948
f 2948 2910 2909 2947
f 2948 2883 2882 2949
f 2949 2911 2910 2948
f 2949 2882 2886 2950
f 2950 2912 2911 2949
f 2950 2886 2875 2951
f 2951 2913 2912 2950
f 2951 2875 2889 2952
f 2952 2914 2913 2951
f 2952 2889 2874 2953
f 2953 2907 2914 2952
f 2953 2874 2892 2954
f 2954 2908 2907 2953
f 2947 2909 2908 2954
f 2954 2892 2876 2947
f 2956 2955 2892 2874
f 2957 2956 2874 2889
f 2958 2957 2889 2875
f 2959 2958 2875 2886
f 2960 2959 2886 2882
f 2961 2960 2882 2883
f 2962 2961 2883 2876
f 2955 2962 2876 2892
f 2964 2963 2903 2871
f 2965 2964 2871 2906
f 2966 2965 2906 2872
f 2967 2966 2872 2897
f 2968 2967 2897 2879
f 2969 2968 2879 2900
f 2970 2969 2900 2873
f 2963 2970 2873 2903
f 2972 2971 2955 2956
f 2973 2972 2956 2957
f 2974 2973 2957 2958
f 2975 2974 2958 2959
f 2976 2975 2959 2960
f 2977 2976 2960 2961
f 2978 2977 2961 2962
f 2971 2978 2962 2955
f 2980 2979 2963 2964
f 2981 2980 2964 2965
f 2982 2981 2965 2966
f 2983 2982 2966 2967
f 2984 2983 2967 2968
f 2985 2984 2968 2969
f 2986 2985 2969 2970
f 2979 2986 2970 2963
f 2988 2987 2971 2972
f 2989 2988 2972 2973
f 2990 2989 2973 2974
f 2991 2990 2974 2975
f 2992 2991 2975 2976
f 2993 2992 2976 2977
f 2994 2993 2977 2978
f 2987 2994 2978 2971
f 2996 2995 2979 2980
f 2997 2996 2980 2981
f 2998 2997 2981 2982
f 2999 2998 2982 2983
f 3000 2999 2983 2984
f 3001 3000 2984 2985
f 3002 3001 2985 2986
f 2995 3002 2986 2979
f 3004 3003 2987 2988
f 3005 3004 2988 2989
f 3006 3005 2989 2990
f 3007 3006 2990 2991
f 3008 3007 2991 2992
f 3009 3008 2992 2993
f 3010 3009 2993 2994
f 3003 3010 2994 2987
f 3012 3011 2995 2996
f 3013 3012 2996 2997
f 3014 3013 2997 2998
f 3015 3014 2998 2999
f 3016 3015 2999 3000
f 3017 3016 3000 3001
f 3018 3017 3001 3002
f 3011 3018 3002 2995
f 3020 3019 3011 3012
f 3021 3020 3012 3013
f 3022 3021 3013 3014
f 3023 3022 3014 3015
f 3024 3023 3015 3016
f 3025 3024 3016 3017
f 3026 3025 3017 3018
f 3019 3026 3018 3011
f 3028 3027 3003 3004
f 3029 3028 3004 3005
f 3030 3029 3005 3006
f 3031 3030 3006 3007
f 3032 3031 3007 3008
f 3033 3032 3008 3009
f 3034 3033 3009 3010
f 3027 3034 3010 3003
f 3035 3036 3038 3037
f 3037 3038 3040 3039
f 3039 3040 3042 3041
f 3041 3042 3036 3035
f 3041 3035 3037 3039
f 3036 3042 3040 3038
f 3043 3044 3046 3045
f 3055 3056 3057 3058
f 3047 3048 3050 3049
f 3049 3050 3044 3043
f 3049 3043 3045 3047
f 3044 3050 3048 3046
f 3052 3051 3045 3046
f 3053 3052 3046 3048
f 3054 3053 3048 3047
f 3051 3054 3047 3045
f 3056 3055 3051 3052
f 3057 3056 3052 3053
f 3058 3057 3053 3054
f 3055 3058 3054 3051
f 3065 3059 3061 3063
f 3060 3066 3064 3062
f 3067 3065 3063 3068
f 3072 3064 3066 3074
f 3127 3128 3129 3130
f 3107 3108 3109 3110
f 3069 3061 3059 3070
f 3073 3060 3062 3071
f 3074 3066 3060 3073
f 3070 3059 3065 3067
f 3068 3069 3075 3091
f 3123 3124 3125 3126
f 3092 3076 3077 3093
f 3119 3120 3121 3122
f 3094 3078 3079 3095
f 3115 3116 3117 3118
f 3096 3080 3081 3097
f 3111 3112 3113 3114
f 3098 3082 3071 3072
f 3069 3070 3090 3075
f 3075 3090 3089 3076
f 3076 3089 3088 3077
f 3077 3088 3087 3078
f 3078 3087 3086 3079
f 3079 3086 3085 3080
f 3080 3085 3084 3081
f 3081 3084 3083 3082
f 3082 3083 3073 3071
f 3074 3073 3083 3106
f 3106 3083 3084 3105
f 3105 3084 3085 3104
f 3104 3085 3086 3103
f 3103 3086 3087 3102
f 3102 3087 3088 3101
f 3101 3088 3089 3100
f 3100 3089 3090 3099
f 3099 3090 3070 3067
f 3067 3068 3091 3099
f 3099 3091 3092 3100
f 3100 3092 3093 3101
f 3101 3093 3094 3102
f 3102 3094 3095 3103
f 3103 3095 3096 3104
f 3104 3096 3097 3105
f 3105 3097 3098 3106
f 3106 3098 3072 3074
f 3108 3107 3071 3062
f 3109 3108 3062 3064
f 3110 3109 3064 3072
f 3107 3110 3072 3071
f 3112 3111 3097 3081
f 3113 3112 3081 3082
f 3114 3113 3082 3098
f 3111 3114 3098 3097
f 3116 3115 3095 3079
f 3117 3116 3079 3080
f 3118 3117 3080 3096
f 3115 3118 3096 3095
f 3120 3119 3093 3077
f 3121 3120 3077 3078
f 3122 3121 3078 3094
f 3119 3122 3094 3093
f 3124 3123 3091 3075
f 3125 3124 3075 3076
f 3126 3125 3076 3092
f 3123 3126 3092 3091
f 3128 3127 3068 3063
f 3129 3128 3063 3061
f 3130 3129 3061 3069
f 3127 3130 3069 3068
f 3138 3135 3136 3137
f 3139 3132 3131 3133 3134 3136 3135
f 3146 3145 3144 3147
f 3144 3145 3143 3142 3140 3141 3148
f 3147 3144 3135 3138
f 3145 3146 3137 3136
f 3146 3147 3138 3137
f 3148 3141 3132 3139
f 3141 3140 3131 3132
f 3140 3142 3133 3131
f 3142 3143 3134 3133
f 3143 3145 3136 3134
f 3144 3148 3139 3135
f 3156 3153 3154 3155
f 3157 3150 3149 3151 3152 3154 3153
f 3164 3163 3162 3165
f 3162 3163 3161 3160 3158 3159 3166
f 3165 3162 3153 3156
f 3163 3164 3155 3154
f 3164 3165 3156 3155
f 3166 3159 3150 3157
f 3159 3158 3149 3150
f 3158 3160 3151 3149
f 3160 3161 3152 3151
f 3161 3163 3154 3152
f 3162 3166 3157 3153
f 3167 3168 3170 3169
f 3179 3180 3181 3182
f 3171 3172 3174 3173
f 3173 3174 3168 3167
f 3173 3167 3169 3171
f 3168 3174 3172 3170
f 3176 3175 3169 3170
f 3177 3176 3170 3172
f 3178 3177 3172 3171
f 3175 3178 3171 3169
f 3180 3179 3175 3176
f 3181 3180 3176 3177
f 3182 3181 3177 3178
f 3179 3182 3178 3175
f 3183 3184 3186 3185
f 3185 3186 3188 3187
f 3187 3188 3190 3189
f 3189 3190 3184 3183
f 3189 3183 3185 3187
f 3184 3190 3188 3186
f 3191 3192 3194 3193
f 3193 3194 3196 3195
f 3195 3196 3198 3197
f 3197 3198 3192 3191
f 3197 3191 3193 3195
f 3192 3198 3196 3194
f 3199 3200 3202 3201
f 3201 3202 3204 3203
f 3203 3204 3206 3205
f 3205 3206 3200 3199
f 3205 3199 3201 3203
f 3200 3206 3204 3202
f 3207 3208 3210 3209
f 3209 3210 3212 3211
f 3211 3212 3214 3213
f 3213 3214 3208 3207
f 3213 3207 3209 3211
f 3208 3214 3212 3210
f 3222 3221 3220 3219
f 3216 3215 3219 3220
f 3217 3216 3220 3221
f 3218 3217 3221 3222
f 3215 3218 3222 3219
f 3223 3278 3259 3295
f 3224 3279 3259 3278
f 3225 3280 3259 3279
f 3226 3281 3259 3280
f 3227 3282 3259 3281
f 3228 3283 3259 3282
f 3229 3284 3259 3283
f 3230 3285 3259 3284
f 3231 3286 3259 3285
f 3232 3287 3259 3286
f 3233 3288 3259 3287
f 3234 3289 3259 3288
f 3235 3290 3259 3289
f 3236 3291 3259 3290
f 3237 3292 3259 3291
f 3238 3293 3259 3292
f 3239 3294 3259 3293
f 3240 3295 3259 3294
f 3224 3278 3260 3298
f 3223 3296 3260 3278
f 3241 3297 3260 3296
f 3242 3298 3260 3297
f 3225 3279 3261 3300
f 3224 3298 3261 3279
f 3242 3299 3261 3298
f 3243 3300 3261 3299
f 3226 3280 3262 3302
f 3225 3300 3262 3280
f 3243 3301 3262 3300
f 3244 3302 3262 3301
f 3227 3281 3263 3304
f 3226 3302 3263 3281
f 3244 3303 3263 3302
f 3245 3304 3263 3303
f 3228 3282 3264 3306
f 3227 3304 3264 3282
f 3245 3305 3264 3304
f 3246 3306 3264 3305
f 3229 3283 3265 3308
f 3228 3306 3265 3283
f 3246 3307 3265 3306
f 3247 3308 3265 3307
f 3230 3284 3266 3310
f 3229 3308 3266 3284
f 3247 3309 3266 3308
f 3248 3310 3266 3309
f 3231 3285 3267 3312
f 3230 3310 3267 3285
f 3248 3311 3267 3310
f 3249 3312 3267 3311
f 3232 3286 3268 3314
f 3231 3312 3268 3286
f 3249 3313 3268 3312
f 3250 3314 3268 3313
f 3233 3287 3269 3316
f 3232 3314 3269 3287
f 3250 3315 3269 3314
f 3251 3316 3269 3315
f 3234 3288 3270 3318
f 3233 3316 3270 3288
f 3251 3317 3270 3316
f 3252 3318 3270 3317
f 3235 3289 3271 3320
f 3234 3318 3271 3289
f 3252 3319 3271 3318
f 3253 3320 3271 3319
f 3236 3290 3272 3322
f 3235 3320 3272 3290
f 3253 3321 3272 3320
f 3254 3322 3272 3321
f 3237 3291 3273 3324
f 3236 3322 3273 3291
f 3254 3323 3273 3322
f 3255 3324 3273 3323
f 3238 3292 3274 3326
f 3237 3324 3274 3292
f 3255 3325 3274 3324
f 3256 3326 3274 3325
f 3239 3293 3275 3328
f 3238 3326 3275 3293
f 3256 3327 3275 3326
f 3257 3328 3275 3327
f 3240 3294 3276 3330
f 3239 3328 3276 3294
f 3257 3329 3276 3328
f 3258 3330 3276 3329
f 3223 3295 3277 3296
f 3240 3330 3277 3295
f 3258 3331 3277 3330
f 3241 3296 3277 3331
f 3338 3332 3334 3336
f 3333 3339 3337 3335
f 3346 3345 3349 3353 3356 3352 3342 3373
f 3344 3333 3335 3342
f 3345 3334 3332 3343
f 3350 3349 3345 3343
f 3352 3351 3344 3342
f 3354 3353 3349 3350
f 3356 3355 3351 3352
f 3358 3357 3353 3354
f 3360 3359 3355 3356
f 3357 3360 3356 3353
f 3362 3361 3357 3358
f 3363 3362 3358 3359
f 3364 3363 3359 3360
f 3361 3364 3360 3357
f 3366 3365 3361 3362
f 3367 3366 3362 3363
f 3368 3367 3363 3364
f 3365 3368 3364 3361
f 3370 3369 3365 3366
f 3371 3370 3366 3367
f 3372 3371 3367 3368
f 3369 3372 3368 3365
f 3374 3346 3373 3341
f 3373 3342 3335 3337 3341
f 3374 3336 3334 3345 3346
f 3377 3375 3376 3348
f 3376 3341 3337 3339 3347 3348
f 3376 3375 3374 3341
f 3377 3340 3338 3336 3374 3375
f 3383 3382 3369 3370
f 3384 3383 3370 3371
f 3385 3384 3371 3372
f 3382 3385 3372 3369
f 3390 3388 3386 3392
f 3389 3391 3393 3387
f 3427 3396 3406 3410 3407 3403 3399 3400
f 3396 3389 3387 3398
f 3397 3386 3388 3399
f 3397 3399 3403 3404
f 3396 3398 3405 3406
f 3404 3403 3407 3408
f 3406 3405 3409 3410
f 3408 3407 3411 3412
f 3410 3409 3413 3414
f 3407 3410 3414 3411
f 3412 3411 3415 3416
f 3413 3412 3416 3417
f 3414 3413 3417 3418
f 3411 3414 3418 3415
f 3416 3415 3419 3420
f 3417 3416 3420 3421
f 3418 3417 3421 3422
f 3415 3418 3422 3419
f 3420 3419 3423 3424
f 3421 3420 3424 3425
f 3422 3421 3425 3426
f 3419 3422 3426 3423
f 3395 3427 3400 3428
f 3395 3391 3389 3396 3427
f 3400 3399 3388 3390 3428
f 3402 3430 3429 3431
f 3424 3423 3436 3437
f 3425 3424 3437 3438
f 3426 3425 3438 3439
f 3423 3426 3439 3436
f 3392 3386 3332 3338
f 3387 3393 3339 3333
f 3398 3387 3333 3344
f 3386 3397 3343 3332
f 3397 3404 3350 3343
f 3405 3398 3344 3351
f 3404 3408 3354 3350
f 3409 3405 3351 3355
f 3408 3412 3358 3354
f 3413 3409 3355 3359
f 3412 3413 3359 3358
f 3402 3431 3377 3348
f 3393 3401 3347 3339
f 3401 3402 3348 3347
f 3431 3394 3340 3377
f 3394 3392 3338 3340
f 3437 3436 3382 3383
f 3438 3437 3383 3384
f 3439 3438 3384 3385
f 3436 3439 3385 3382
f 3429 3440 3428 3390 3392 3394 3431
f 3402 3401 3393 3391 3395 3441 3430
f 3440 3429 3430 3441
f 3441 3395 3428 3440

g 
v -1.1488 0.1225 -0.4867
v -1.1488 0.1225 -0.5272
v -1.6442 0.2734 -0.4547
v -1.6442 0.2734 -0.5592
v 0.8843 0.2644 -0.4582
v 0.8843 0.2552 -0.5557
v 0.8843 -0.0756 -0.4582
v 0.8843 -0.0756 -0.5557
v -1.0302 0.2734 -0.4582
v -1.0302 0.2734 -0.5557
v -1.6442 0.1203 -0.5557
v -1.6442 0.1203 -0.4582
v -0.3697 -0.0756 -0.4582
v -0.4161 0.2644 -0.4582
v -0.3697 -0.0756 -0.5557
v -0.4161 0.2552 -0.5557
v -1.6442 -0.0813 -0.4582
v -0.5626 -0.076 -0.4581
v -1.6442 -0.0813 -0.5557
v -0.5626 -0.076 -0.5555
v -1.0163 0.2537 -0.5557
v -0.6589 0.2552 -0.5555
v -1.0163 0.2537 -0.4582
v -1.6255 0.2644 -0.4581
v -1.3307 -0.4151 -0.5557
v -1.3307 -0.4151 -0.4582
v -0.8384 -0.419 -0.4581
v -0.8384 -0.419 -0.5555
v 0.8843 0.1487 -0.4582
v 0.8843 0.1487 -0.5557
v 0.8843 0.0309 -0.5557
v 0.8843 0.0309 -0.4582
v 0.8843 0.1764 -0.5304
v 0.8843 0.1764 -0.4835
v 0.8843 0.2275 -0.4835
v 0.8843 0.2275 -0.5304
v 0.8843 0.0034 -0.4837
v 0.8843 0.0034 -0.5303
v 0.8843 -0.0477 -0.5303
v 0.8843 -0.0477 -0.4837
v 0.9911 0.1764 -0.5304
v 0.9911 0.1764 -0.4835
v 0.9911 0.2275 -0.4835
v 0.9911 0.2275 -0.5304
v 0.9911 0.0034 -0.4837
v 0.9911 0.0034 -0.5303
v 0.9911 -0.0477 -0.5303
v 0.9911 -0.0477 -0.4837
v 0.9911 0.159 -0.5463
v 0.9911 0.159 -0.4676
v 0.9911 0.245 -0.4676
v 0.9911 0.245 -0.5463
v 0.9912 0.0187 -0.4697
v 0.9912 0.0187 -0.5443
v 0.9912 -0.0629 -0.5443
v 0.9912 -0.0629 -0.4697
v 1.0724 0.0187 -0.4697
v 1.0724 0.0187 -0.5443
v 1.0724 -0.0629 -0.5443
v 1.0724 -0.0629 -0.4697
v 1.0724 0.159 -0.5463
v 1.0724 0.159 -0.4676
v 1.0724 0.245 -0.4676
v 1.0724 0.245 -0.5463
v 1.0724 0.1767 -0.5301
v 1.0724 0.1767 -0.4838
v 1.0724 0.2275 -0.4838
v 1.0724 0.2275 -0.5301
v 1.0724 0.0042 -0.4829
v 1.0724 0.0042 -0.5311
v 1.0724 -0.0486 -0.5311
v 1.0724 -0.0486 -0.4829
v 0.1583 0.207 -0.5083
v 0.1583 -0.0272 -0.5083
v 0.8843 0.2258 -0.4582
v 0.8843 0.1143 -0.5354
v 0.8843 0.122 -0.5557
v -0.4161 0.122 -0.5557
v -0.7035 0.122 -0.5555
v -1.0557 0.122 -0.5557
v -1.0641 0.122 -0.5557
v -1.6442 0.122 -0.5592
v -1.6442 0.122 -0.4547
v -1.0641 0.122 -0.4582
v -1.0557 0.1244 -0.4582
v -1.67 0.2168 -0.4581
v -0.4161 0.2258 -0.4582
v -0.4159 0.2644 0.001
v -1.6253 0.2644 0.001
v -1.6699 0.2167 0.001
v -0.4159 0.2258 0.001
v 0.8845 0.2258 0.001
v 0.8845 0.2644 0.001
v -0.2686 -0.0756 -0.519
v 0.7368 -0.0756 -0.519
v 0.7368 -0.0756 -0.4949
v -0.2686 -0.0756 -0.4949
v -0.2686 -0.1522 -0.519
v 0.7368 -0.1522 -0.519
v 0.7368 -0.1522 -0.4949
v -0.2686 -0.1522 -0.4949
v -0.2686 -0.1522 -0.572
v 0.7368 -0.1522 -0.572
v 0.7368 -0.1522 -0.4419
v -0.2686 -0.1522 -0.4419
v -0.3759 -0.2752 -0.572
v 0.6295 -0.2752 -0.572
v 0.6295 -0.2752 -0.4419
v -0.3759 -0.2752 -0.4419
v 0.6416 -0.2614 -0.4565
v 0.6416 -0.2614 -0.5574
v 0.7247 -0.1662 -0.5574
v 0.7247 -0.1662 -0.4565
v -0.3189 -0.2614 -0.4565
v -0.3189 -0.2614 -0.5574
v -0.2358 -0.1662 -0.5574
v -0.2358 -0.1662 -0.4565
v -0.9586 -0.0803 -0.5556
v -0.9586 0.122 -0.5556
v -0.9586 0.2541 -0.5556
v -0.9586 0.2541 -0.4582
v -0.9586 0.1244 -0.4582
v -0.9586 -0.0803 -0.4582
v -1.1457 -0.4158 -0.4582
v -1.1457 -0.4158 -0.5556
v -1.1085 0.0722 -0.4607
v -1.5788 0.0707 -0.4607
v -1.5823 -0.0932 -0.4607
v -1.3255 -0.3649 -0.4607
v -1.1749 -0.3656 -0.4607
v -1.0227 -0.0927 -0.4607
v -1.0227 0.0741 -0.4607
v -1.1016 0.0741 -0.4607
v -1.0227 -0.0927 -0.5532
v -1.1749 -0.3656 -0.5532
v -1.3255 -0.3649 -0.5532
v -1.5823 -0.0932 -0.5532
v -1.5788 0.0707 -0.5532
v -1.1085 0.0722 -0.5532
v -1.1016 0.0722 -0.5532
v -1.0227 0.0722 -0.5532
v -1.1051 0.0722 -0.5069
v -1.5788 0.0707 -0.5069
v -1.5823 -0.0932 -0.5069
v -1.3255 -0.3649 -0.5069
v -1.1749 -0.3656 -0.5069
v -1.0227 -0.0927 -0.5069
v -1.0227 0.0741 -0.5069
v -1.1016 0.0741 -0.5069
v -1.0227 0.0722 -0.5069
v -0.684 -0.2231 -0.5368
v -0.684 -0.2231 -0.4769
v -0.4828 -0.2203 -0.477
v -0.4828 -0.2203 -0.5369
v 0.8843 0.1298 -0.4792
v 0.8843 0.1275 -0.476
v 0.8843 0.1275 -0.5379
v 0.8843 0.122 -0.5408
v 0.8843 0.0525 -0.5379
v 0.8843 0.0525 -0.476
v -1.1488 0.1225 0.4886
v -1.1488 0.1225 0.5291
v -1.6442 0.2734 0.4566
v -1.6442 0.2734 0.5612
v 0.8843 0.2644 0.4602
v 0.8843 0.2552 0.5576
v 0.8843 -0.0756 0.4602
v 0.8843 -0.0756 0.5576
v -1.0302 0.2734 0.4602
v -1.0302 0.2734 0.5576
v -1.6442 0.1203 0.5576
v -1.6442 0.1203 0.4602
v -0.3697 -0.0756 0.4602
v -0.4161 0.2644 0.4602
v -0.3697 -0.0756 0.5576
v -0.4161 0.2552 0.5576
v -1.6442 -0.0813 0.4602
v -0.5626 -0.076 0.46
v -1.6442 -0.0813 0.5576
v -0.5626 -0.076 0.5574
v -1.0163 0.2537 0.5576
v -0.6589 0.2552 0.5574
v -1.0163 0.2537 0.4602
v -1.6255 0.2644 0.46
v -1.3307 -0.4151 0.5576
v -1.3307 -0.4151 0.4602
v -0.8384 -0.419 0.46
v -0.8384 -0.419 0.5574
v 0.8843 0.1487 0.4602
v 0.8843 0.1487 0.5576
v 0.8843 0.0309 0.5576
v 0.8843 0.0309 0.4602
v 0.8843 0.1764 0.5323
v 0.8843 0.1764 0.4854
v 0.8843 0.2275 0.4854
v 0.8843 0.2275 0.5323
v 0.8843 0.0034 0.4856
v 0.8843 0.0034 0.5322
v 0.8843 -0.0477 0.5322
v 0.8843 -0.0477 0.4856
v 0.9911 0.1764 0.5323
v 0.9911 0.1764 0.4854
v 0.9911 0.2275 0.4854
v 0.9911 0.2275 0.5323
v 0.9911 0.0034 0.4856
v 0.9911 0.0034 0.5322
v 0.9911 -0.0477 0.5322
v 0.9911 -0.0477 0.4856
v 0.9911 0.159 0.5483
v 0.9911 0.159 0.4695
v 0.9911 0.245 0.4695
v 0.9911 0.245 0.5483
v 0.9912 0.0187 0.4716
v 0.9912 0.0187 0.5462
v 0.9912 -0.0629 0.5462
v 0.9912 -0.0629 0.4716
v 1.0724 0.0187 0.4716
v 1.0724 0.0187 0.5462
v 1.0724 -0.0629 0.5462
v 1.0724 -0.0629 0.4716
v 1.0724 0.159 0.5483
v 1.0724 0.159 0.4695
v 1.0724 0.245 0.4695
v 1.0724 0.245 0.5483
v 1.0724 0.1767 0.5321
v 1.0724 0.1767 0.4857
v 1.0724 0.2275 0.4857
v 1.0724 0.2275 0.5321
v 1.0724 0.0042 0.4848
v 1.0724 0.0042 0.533
v 1.0724 -0.0486 0.533
v 1.0724 -0.0486 0.4848
v 0.1583 0.207 0.5102
v 0.1583 -0.0272 0.5102
v 0.8843 0.2258 0.4602
v 0.8843 0.1143 0.5373
v 0.8843 0.122 0.5576
v -0.4161 0.122 0.5576
v -0.7035 0.122 0.5574
v -1.0557 0.122 0.5576
v -1.0641 0.122 0.5576
v -1.6442 0.122 0.5612
v -1.6442 0.122 0.4566
v -1.0641 0.122 0.4602
v -1.0557 0.1244 0.4602
v -1.67 0.2168 0.46
v -0.4161 0.2258 0.4602
v -0.2686 -0.0756 0.5209
v 0.7368 -0.0756 0.5209
v 0.7368 -0.0756 0.4968
v -0.2686 -0.0756 0.4968
v -0.2686 -0.1522 0.5209
v 0.7368 -0.1522 0.5209
v 0.7368 -0.1522 0.4968
v -0.2686 -0.1522 0.4968
v -0.2686 -0.1522 0.574
v 0.7368 -0.1522 0.574
v 0.7368 -0.1522 0.4438
v -0.2686 -0.1522 0.4438
v -0.3759 -0.2752 0.574
v 0.6295 -0.2752 0.574
v 0.6295 -0.2752 0.4438
v -0.3759 -0.2752 0.4438
v 0.6416 -0.2614 0.4585
v 0.6416 -0.2614 0.5593
v 0.7247 -0.1662 0.5593
v 0.7247 -0.1662 0.4585
v -0.3189 -0.2614 0.4585
v -0.3189 -0.2614 0.5593
v -0.2358 -0.1662 0.5593
v -0.2358 -0.1662 0.4585
v -0.9586 -0.0803 0.5576
v -0.9586 0.122 0.5576
v -0.9586 0.2541 0.5576
v -0.9586 0.2541 0.4601
v -0.9586 0.1244 0.4601
v -0.9586 -0.0803 0.4601
v -1.1457 -0.4158 0.4601
v -1.1457 -0.4158 0.5576
v -1.1085 0.0722 0.4626
v -1.5788 0.0707 0.4626
v -1.5823 -0.0932 0.4626
v -1.3255 -0.3649 0.4626
v -1.1749 -0.3656 0.4626
v -1.0227 -0.0927 0.4626
v -1.0227 0.0741 0.4626
v -1.1016 0.0741 0.4626
v -1.0227 -0.0927 0.5551
v -1.1749 -0.3656 0.5551
v -1.3255 -0.3649 0.5551
v -1.5823 -0.0932 0.5551
v -1.5788 0.0707 0.5551
v -1.1085 0.0722 0.5551
v -1.1016 0.0722 0.5551
v -1.0227 0.0722 0.5551
v -1.1051 0.0722 0.5089
v -1.5788 0.0707 0.5089
v -1.5823 -0.0932 0.5089
v -1.3255 -0.3649 0.5089
v -1.1749 -0.3656 0.5089
v -1.0227 -0.0927 0.5089
v -1.0227 0.0741 0.5089
v -1.1016 0.0741 0.5089
v -1.0227 0.0722 0.5089
v -0.684 -0.2231 0.5387
v -0.684 -0.2231 0.4788
v -0.4828 -0.2203 0.4789
v -0.4828 -0.2203 0.5388
v 0.8843 0.1298 0.4811
v 0.8843 0.1275 0.4779
v 0.8843 0.1275 0.5398
v 0.8843 0.122 0.5427
v 0.8843 0.0525 0.5398
v 0.8843 0.0525 0.4779
v 0.8843 0.0655 0.5373
v 0.8843 0.056 0.528
v 0.8843 0.056 0.4897
v 0.8843 0.0655 0.4805
v 0.8843 0.1143 0.4805
v 0.8843 0.13 0.4805
v 0.8843 0.1366 0.4889
v 0.8843 0.1366 0.5289
v 0.8843 0.13 0.5373
v 0.8843 0.0655 -0.5354
v 0.8843 0.13 -0.5354
v 0.8843 0.1366 -0.527
v 0.8843 0.1366 -0.487
v 0.8843 0.13 -0.4786
v 0.8843 0.1143 -0.4786
v 0.8843 0.0655 -0.4786
v 0.8843 0.056 -0.4878
v 0.8843 0.056 -0.5261

g name7 
f 3451 3445 3444 3450
f 3455 3446 3447 3457
f 3453 3442 3443 3452
f 3547 3548 3549 3550
f 3460 3458 3453 3452
f 3595 3594 3593 3592
f 3464 3462 3451 3450
f 3455 3457 3463 3465
f 3458 3460 3466 3467
f 3461 3459 3468 3469
f 3470 3471 3474 3475
f 3446 3470 3475 3476
f 3447 3446 3476 3477
f 3471 3447 3477 3474
f 3472 3473 3478 3479
f 3449 3472 3479 3480
f 3448 3449 3480 3481
f 3473 3448 3481 3478
f 3475 3474 3482 3483
f 3476 3475 3483 3484
f 3477 3476 3484 3485
f 3474 3477 3485 3482
f 3479 3478 3486 3487
f 3480 3479 3487 3488
f 3481 3480 3488 3489
f 3478 3481 3489 3486
f 3483 3482 3490 3491
f 3484 3483 3491 3492
f 3485 3484 3492 3493
f 3482 3485 3493 3490
f 3487 3486 3494 3495
f 3488 3487 3495 3496
f 3489 3488 3496 3497
f 3486 3489 3497 3494
f 3495 3494 3498 3499
f 3496 3495 3499 3500
f 3497 3496 3500 3501
f 3494 3497 3501 3498
f 3491 3490 3502 3503
f 3492 3491 3503 3504
f 3493 3492 3504 3505
f 3490 3493 3505 3502
f 3503 3502 3506 3507
f 3504 3503 3507 3508
f 3505 3504 3508 3509
f 3502 3505 3509 3506
f 3499 3498 3510 3511
f 3500 3499 3511 3512
f 3501 3500 3512 3513
f 3498 3501 3513 3510
f 3507 3506 3514
f 3508 3507 3514
f 3509 3508 3514
f 3506 3509 3514
f 3511 3510 3515
f 3512 3511 3515
f 3513 3512 3515
f 3510 3513 3515
f 3518 3472 3449
f 3447 3471 3518
f 3518 3449 3456 3519
f 3519 3457 3447 3518
f 3519 3456 3461 3520
f 3520 3463 3457 3519
f 3522 3451 3462 3521
f 3522 3452 3443 3523
f 3523 3445 3451 3522
f 3523 3443 3442 3524
f 3524 3444 3445 3523
f 3524 3442 3453 3525
f 3525 3450 3444 3524
f 3526 3464 3450 3525
f 3527 3459 3454 3528
f 3532 3529 3530 3531
f 3528 3454 3448 3516
f 3533 3534 3529 3532
f 3516 3470 3446
f 3448 3473 3516
f 3530 3529 3455 3465
f 3531 3530 3465 3527
f 3532 3531 3527 3528
f 3534 3533 3516 3446
f 3529 3534 3446 3455
f 3533 3532 3528 3516
f 3536 3535 3456 3449
f 3537 3536 3449 3448
f 3538 3537 3448 3454
f 3535 3538 3454 3456
f 3540 3539 3535 3536
f 3541 3540 3536 3537
f 3542 3541 3537 3538
f 3539 3542 3538 3535
f 3544 3543 3539 3540
f 3545 3544 3540 3541
f 3546 3545 3541 3542
f 3543 3546 3542 3539
f 3548 3547 3543 3544
f 3555 3556 3557 3558
f 3550 3549 3545 3546
f 3547 3550 3546 3543
f 3552 3551 3549 3548
f 3553 3552 3548 3544
f 3554 3553 3544 3545
f 3551 3554 3545 3549
f 3556 3555 3551 3552
f 3557 3556 3552 3553
f 3558 3557 3553 3554
f 3555 3558 3554 3551
f 3560 3520 3461 3559
f 3560 3521 3462 3561
f 3561 3463 3520 3560
f 3561 3462 3464 3562
f 3562 3465 3463 3561
f 3562 3464 3526 3563
f 3563 3527 3465 3562
f 3564 3459 3527 3563
f 3565 3468 3459 3564
f 3565 3467 3466 3566
f 3566 3469 3468 3565
f 3559 3461 3469 3566
f 3568 3567 3525 3453
f 3569 3568 3453 3458
f 3570 3569 3458 3467
f 3571 3570 3467 3565
f 3572 3571 3565 3564
f 3573 3572 3564 3563
f 3574 3573 3563 3526
f 3567 3574 3526 3525
f 3576 3575 3559 3566
f 3577 3576 3566 3466
f 3578 3577 3466 3460
f 3579 3578 3460 3452
f 3580 3579 3452 3522
f 3581 3580 3522 3521
f 3582 3581 3521 3560
f 3575 3582 3560 3559
f 3584 3583 3567 3568
f 3585 3584 3568 3569
f 3586 3585 3569 3570
f 3587 3586 3570 3571
f 3588 3587 3571 3572
f 3589 3588 3572 3573
f 3590 3589 3573 3574
f 3583 3590 3574 3567
f 3587 3588 3575 3576
f 3586 3587 3576 3577
f 3585 3586 3577 3578
f 3584 3585 3578 3579
f 3583 3584 3579 3580
f 3583 3580 3581
f 3591 3583 3581 3582
f 3588 3591 3582 3575
f 3459 3461 3592 3593
f 3454 3459 3593 3594
f 3456 3454 3594 3595
f 3461 3456 3595 3592
f 3597 3769 3768
f 3598 3767 3766
f 3600 3765 3773
f 3601 3772 3771
f 3516 3473 3601 3771 3770 3596
f 3596 3770 3769 3597 3470 3516
f 3471 3470 3597 3768 3767 3598
f 3518 3471 3598 3766 3517 3599
f 3599 3517 3765 3600 3472 3518
f 3473 3472 3600 3773 3772 3601
f 3610 3604 3605 3611
f 3617 3607 3606 3615
f 3612 3603 3602 3613
f 3704 3703 3702 3701
f 3612 3613 3618 3620
f 3746 3747 3748 3749
f 3610 3611 3622 3624
f 3625 3623 3617 3615
f 3627 3626 3620 3618
f 3629 3628 3619 3621
f 3635 3634 3631 3630
f 3636 3635 3630 3606
f 3637 3636 3606 3607
f 3634 3637 3607 3631
f 3639 3638 3633 3632
f 3640 3639 3632 3609
f 3641 3640 3609 3608
f 3638 3641 3608 3633
f 3643 3642 3634 3635
f 3644 3643 3635 3636
f 3645 3644 3636 3637
f 3642 3645 3637 3634
f 3647 3646 3638 3639
f 3648 3647 3639 3640
f 3649 3648 3640 3641
f 3646 3649 3641 3638
f 3651 3650 3642 3643
f 3652 3651 3643 3644
f 3653 3652 3644 3645
f 3650 3653 3645 3642
f 3655 3654 3646 3647
f 3656 3655 3647 3648
f 3657 3656 3648 3649
f 3654 3657 3649 3646
f 3659 3658 3654 3655
f 3660 3659 3655 3656
f 3661 3660 3656 3657
f 3658 3661 3657 3654
f 3663 3662 3650 3651
f 3664 3663 3651 3652
f 3665 3664 3652 3653
f 3662 3665 3653 3650
f 3667 3666 3662 3663
f 3668 3667 3663 3664
f 3669 3668 3664 3665
f 3666 3669 3665 3662
f 3671 3670 3658 3659
f 3672 3671 3659 3660
f 3673 3672 3660 3661
f 3670 3673 3661 3658
f 3674 3666 3667
f 3674 3667 3668
f 3674 3668 3669
f 3674 3669 3666
f 3675 3670 3671
f 3675 3671 3672
f 3675 3672 3673
f 3675 3673 3670
f 3609 3632 3678
f 3678 3631 3607
f 3679 3616 3609 3678
f 3678 3607 3617 3679
f 3680 3621 3616 3679
f 3679 3617 3623 3680
f 3681 3622 3611 3682
f 3683 3603 3612 3682
f 3682 3611 3605 3683
f 3684 3602 3603 3683
f 3683 3605 3604 3684
f 3685 3613 3602 3684
f 3684 3604 3610 3685
f 3685 3610 3624 3686
f 3688 3614 3619 3687
f 3531 3530 3529 3532
f 3676 3608 3614 3688
f 3532 3529 3534 3533
f 3606 3630 3676
f 3676 3633 3608
f 3625 3615 3529 3530
f 3687 3625 3530 3531
f 3688 3687 3531 3532
f 3606 3676 3533 3534
f 3615 3606 3534 3529
f 3676 3688 3532 3533
f 3609 3616 3689 3690
f 3608 3609 3690 3691
f 3614 3608 3691 3692
f 3616 3614 3692 3689
f 3690 3689 3693 3694
f 3691 3690 3694 3695
f 3692 3691 3695 3696
f 3689 3692 3696 3693
f 3694 3693 3697 3698
f 3695 3694 3698 3699
f 3696 3695 3699 3700
f 3693 3696 3700 3697
f 3698 3697 3701 3702
f 3712 3711 3710 3709
f 3700 3699 3703 3704
f 3697 3700 3704 3701
f 3702 3703 3705 3706
f 3698 3702 3706 3707
f 3699 3698 3707 3708
f 3703 3699 3708 3705
f 3706 3705 3709 3710
f 3707 3706 3710 3711
f 3708 3707 3711 3712
f 3705 3708 3712 3709
f 3713 3621 3680 3714
f 3715 3622 3681 3714
f 3714 3680 3623 3715
f 3716 3624 3622 3715
f 3715 3623 3625 3716
f 3717 3686 3624 3716
f 3716 3625 3687 3717
f 3717 3687 3619 3718
f 3718 3619 3628 3719
f 3720 3626 3627 3719
f 3719 3628 3629 3720
f 3720 3629 3621 3713
f 3613 3685 3721 3722
f 3618 3613 3722 3723
f 3627 3618 3723 3724
f 3719 3627 3724 3725
f 3718 3719 3725 3726
f 3717 3718 3726 3727
f 3686 3717 3727 3728
f 3685 3686 3728 3721
f 3720 3713 3729 3730
f 3626 3720 3730 3731
f 3620 3626 3731 3732
f 3612 3620 3732 3733
f 3682 3612 3733 3734
f 3681 3682 3734 3735
f 3714 3681 3735 3736
f 3713 3714 3736 3729
f 3722 3721 3737 3738
f 3723 3722 3738 3739
f 3724 3723 3739 3740
f 3725 3724 3740 3741
f 3726 3725 3741 3742
f 3727 3726 3742 3743
f 3728 3727 3743 3744
f 3721 3728 3744 3737
f 3730 3729 3742 3741
f 3731 3730 3741 3740
f 3732 3731 3740 3739
f 3733 3732 3739 3738
f 3734 3733 3738 3737
f 3735 3734 3737
f 3736 3735 3737 3745
f 3729 3736 3745 3742
f 3747 3746 3621 3619
f 3748 3747 3619 3614
f 3749 3748 3614 3616
f 3746 3749 3616 3621
f 3762 3761 3751
f 3764 3763 3752
f 3757 3756 3754
f 3759 3758 3755
f 3750 3760 3759 3755 3633 3676
f 3676 3630 3751 3761 3760 3750
f 3752 3763 3762 3751 3630 3631
f 3753 3677 3764 3752 3631 3678
f 3678 3632 3754 3756 3677 3753
f 3755 3758 3757 3754 3632 3633

g 
v -1.0108 -0.6338 0.699
v -1.0148 -0.623 0.4701
v -1.0139 -0.7095 0.5232
v -1.0137 -0.7105 0.531
v -1.0135 -0.7105 0.5441
v -1.0132 -0.7105 0.5619
v -1.0128 -0.7105 0.582
v -1.0125 -0.7105 0.6026
v -1.0122 -0.7105 0.6204
v -1.0119 -0.7105 0.6349
v -1.0118 -0.7095 0.6439
v 0.0479 -0.7064 0.5297
v 0.0482 -0.7064 0.5475
v 0.0486 -0.7064 0.5676
v 0.0489 -0.7064 0.5882
v 0.0493 -0.7064 0.606
v 0.0496 -0.7064 0.6205
v 0.1791 -0.7054 0.6272
v 0.1667 -0.6297 0.6827
v 0.1628 -0.6179 0.4538
v 0.1768 -0.7054 0.5065
v 0.0476 -0.7064 0.5166
v -1.0108 -0.3782 0.699
v -1.0148 -0.3782 0.4701
v 0.4926 -0.3782 0.6774
v 0.4892 -0.3782 0.4481
v 0.0879 -0.676 0.5365
v -0.9046 -0.6719 0.5527
v 0.0881 -0.676 0.5515
v 0.0884 -0.676 0.5669
v -0.9043 -0.6719 0.5676
v 0.0887 -0.676 0.5843
v 0.089 -0.676 0.5992
v -0.9041 -0.6719 0.5831
v 0.0892 -0.676 0.6104
v 0.1951 -0.675 0.6162
v -0.9038 -0.6719 0.6004
v 0.1853 -0.6122 0.6618
v 0.1827 -0.6029 0.4741
v -0.9035 -0.6719 0.6154
v 0.1932 -0.675 0.5175
v 0.0877 -0.676 0.5258
v -0.9033 -0.6719 0.6266
v 0.4523 -0.396 0.6575
v 0.4497 -0.396 0.4698
v -0.9032 -0.6735 0.6341
v -0.9024 -0.6107 0.6795
v -0.9057 -0.6014 0.4918
v -0.9049 -0.6735 0.5354
v -0.9048 -0.6719 0.5419
v -0.9024 -0.399 0.6795
v -0.9057 -0.399 0.4918

g name8 
f 3786 3779 3778 3785
f 3787 3780 3779 3786
f 3788 3781 3780 3787
f 3789 3782 3781 3788
f 3790 3783 3782 3789
f 3791 3784 3783 3790
f 3792 3774 3784 3791
f 3794 3776 3775 3793
f 3795 3777 3776 3794
f 3785 3778 3777 3795
f 3798 3796 3774 3792
f 3797 3799 3793 3775
f 3799 3797 3796 3798
f 3798 3792 3811 3817
f 3792 3791 3809 3811
f 3791 3790 3808 3809
f 3790 3789 3806 3808
f 3789 3788 3805 3806
f 3788 3787 3803 3805
f 3787 3786 3802 3803
f 3786 3785 3800 3802
f 3785 3795 3815 3800
f 3795 3794 3814 3815
f 3794 3793 3812 3814
f 3793 3799 3818 3812
f 3799 3798 3817 3818
f 3817 3811 3820 3824
f 3811 3809 3819 3820
f 3809 3808 3816 3819
f 3808 3806 3813 3816
f 3806 3805 3810 3813
f 3805 3803 3807 3810
f 3803 3802 3804 3807
f 3802 3800 3801 3804
f 3800 3815 3823 3801
f 3815 3814 3822 3823
f 3814 3812 3821 3822
f 3812 3818 3825 3821
f 3818 3817 3824 3825
f 3774 3796 3797 3775 3776 3777 3778 3779 3780 3781 3782 3783 3784
f 3822 3821 3825 3824 3820 3819 3816 3813 3810 3807 3804 3801 3823

g 
v -0.3852 -0.3795 0.4613
v -0.4022 -0.3795 -0.4542
v -0.3852 -0.4531 0.4613
v -0.4022 -0.4531 -0.4542
v -0.5836 -0.4531 0.4645
v -0.6007 -0.4531 -0.4509
v -0.5836 -0.3795 0.4645
v -0.6007 -0.3795 -0.4509
v -1.003 -0.2779 0.2551
v -1.003 -0.2042 0.2551
v -0.8046 -0.2042 0.2518
v -0.8046 -0.2779 0.2518
v -0.8133 -0.2779 -0.2166
v -1.0117 -0.2779 -0.2134
v -0.8133 -0.2042 -0.2166
v -1.0117 -0.2042 -0.2134
v -0.8509 -0.2818 0.1828
v -0.857 -0.2818 -0.1457
v -0.8509 -0.2207 0.1828
v -0.857 -0.2207 -0.1457
v -0.9607 -0.2207 0.1846
v -0.9668 -0.2207 -0.1439
v -0.9607 -0.2818 0.1846
v -0.9668 -0.2818 -0.1439
v -0.5811 -0.4531 0.5989
v -0.3827 -0.4531 0.5956
v -0.3827 -0.3795 0.5956
v -0.5811 -0.3795 0.5989
v -0.4047 -0.4531 -0.5894
v -0.6032 -0.4531 -0.5862
v -0.6032 -0.3795 -0.5862
v -0.4047 -0.3795 -0.5894

g name9 
f 3850 3851 3852 3853
f 3854 3855 3856 3857
f 3834 3830 3832 3835
f 3841 3833 3831 3839
f 3835 3832 3826 3836
f 3840 3827 3833 3841
f 3836 3826 3828 3837
f 3838 3829 3827 3840
f 3839 3831 3829 3838
f 3837 3828 3830 3834
f 3839 3838 3843 3849
f 3849 3843 3842 3848
f 3848 3842 3837 3834
f 3836 3837 3842 3844
f 3844 3842 3843 3845
f 3845 3843 3838 3840
f 3835 3836 3844 3846
f 3846 3844 3845 3847
f 3847 3845 3840 3841
f 3834 3835 3846 3848
f 3848 3846 3847 3849
f 3849 3847 3841 3839
f 3851 3850 3830 3828
f 3852 3851 3828 3826
f 3853 3852 3826 3832
f 3850 3853 3832 3830
f 3855 3854 3829 3831
f 3856 3855 3831 3833
f 3857 3856 3833 3827
f 3854 3857 3827 3829

g 
v -0.7957 -0.4879 0.5148
v -0.7948 -0.441 0.5569
v -0.7932 -0.4399 0.6164
v -0.7921 -0.4862 0.6589
v -0.7919 -0.5522 0.6599
v -0.7928 -0.599 0.6178
v -0.7943 -0.5996 0.5579
v -0.7955 -0.5532 0.5153
v -0.7964 -0.475 0.4867
v -0.7951 -0.4101 0.5448
v -0.7931 -0.409 0.6281
v -0.7914 -0.4734 0.6844
v -0.7912 -0.5645 0.6845
v -0.7925 -0.6294 0.6295
v -0.7945 -0.6305 0.5467
v -0.7962 -0.5666 0.4877
v 0.3506 -0.4756 0.4606
v 0.3519 -0.4107 0.5186
v 0.3539 -0.4096 0.6019
v 0.3557 -0.4739 0.6644
v 0.3559 -0.5651 0.6644
v 0.3545 -0.63 0.6034
v 0.3525 -0.631 0.5205
v 0.3508 -0.5672 0.4611
v 0.3513 -0.4884 0.4887
v 0.3522 -0.4416 0.5308
v 0.3537 -0.4405 0.5902
v 0.3549 -0.4868 0.6328
v 0.3551 -0.5527 0.6333
v 0.3542 -0.5996 0.5917
v 0.3527 -0.6001 0.5318
v 0.3515 -0.5538 0.4892

g name10 
f 3858 3859 3867 3866
f 3866 3867 3875 3874
f 3874 3875 3883 3882
f 3882 3883 3859 3858
f 3859 3860 3868 3867
f 3867 3868 3876 3875
f 3875 3876 3884 3883
f 3883 3884 3860 3859
f 3860 3861 3869 3868
f 3868 3869 3877 3876
f 3876 3877 3885 3884
f 3884 3885 3861 3860
f 3861 3862 3870 3869
f 3869 3870 3878 3877
f 3877 3878 3886 3885
f 3885 3886 3862 3861
f 3862 3863 3871 3870
f 3870 3871 3879 3878
f 3878 3879 3887 3886
f 3886 3887 3863 3862
f 3863 3864 3872 3871
f 3871 3872 3880 3879
f 3879 3880 3888 3887
f 3887 3888 3864 3863
f 3864 3865 3873 3872
f 3872 3873 3881 3880
f 3880 3881 3889 3888
f 3888 3889 3865 3864
f 3865 3858 3866 3873
f 3873 3866 3874 3881
f 3881 3874 3882 3889
f 3889 3882 3858 3865

g 
v -0.8364 -0.5262 0.5825
v -0.9832 -0.4984 0.5226
v -0.9825 -0.4583 0.5581
v -0.9815 -0.4577 0.6096
v -0.9809 -0.4974 0.6461
v -0.9808 -0.5535 0.6466
v -0.9815 -0.5937 0.611
v -0.9825 -0.5942 0.5595
v -0.9832 -0.5545 0.5231
v -0.3879 -0.4984 0.5129
v -0.3872 -0.4583 0.5484
v -0.3863 -0.4577 0.5999
v -0.3856 -0.4974 0.6364
v -0.3856 -0.5535 0.6369
v -0.3863 -0.5937 0.6013
v -0.3872 -0.5942 0.5499
v -0.3879 -0.5545 0.5133
v 0.0618 -0.4984 0.5056
v 0.0624 -0.4583 0.5411
v 0.0634 -0.4577 0.5926
v 0.0641 -0.4974 0.6291
v 0.0641 -0.5535 0.6296
v 0.0634 -0.5937 0.594
v 0.0625 -0.5942 0.5425
v 0.0618 -0.5545 0.506
v 0.5115 -0.4984 0.4983
v 0.5121 -0.4583 0.5338
v 0.5131 -0.4577 0.5853
v 0.5138 -0.4974 0.6218
v 0.5138 -0.5535 0.6223
v 0.5131 -0.5937 0.5867
v 0.5122 -0.5942 0.5352
v 0.5115 -0.5545 0.4987
v 0.7477 -0.5262 0.5567
v -0.7212 -0.5535 0.6424
v -0.7219 -0.5937 0.6068
v -0.7229 -0.5942 0.5553
v -0.7235 -0.5545 0.5188
v -0.7236 -0.4984 0.5184
v -0.7229 -0.4583 0.5539
v -0.7219 -0.4577 0.6054
v -0.7213 -0.4974 0.6419
v -0.877 -0.4974 0.6444
v -0.877 -0.5535 0.6449
v -0.8777 -0.4577 0.6079
v -0.8786 -0.4583 0.5564
v -0.8793 -0.4984 0.5209
v -0.8793 -0.5545 0.5213
v -0.8786 -0.5942 0.5579
v -0.8777 -0.5937 0.6093
v -0.726 -0.5128 0.6087
v -0.7274 -0.5128 0.6088
v -0.7263 -0.4943 0.5919
v -0.7277 -0.4943 0.5919
v -0.7268 -0.4948 0.5685
v -0.7282 -0.4948 0.5685
v -0.7271 -0.5133 0.5517
v -0.7285 -0.5133 0.5517
v -0.7271 -0.5391 0.5521
v -0.7285 -0.5391 0.5521
v -0.7268 -0.5576 0.569
v -0.7282 -0.5576 0.569
v -0.7263 -0.5571 0.5924
v -0.7277 -0.5571 0.5924
v -0.726 -0.5386 0.6092
v -0.7274 -0.5386 0.6092

g name11 
f 3890 3892 3891
f 3899 3900 3908 3907
f 3907 3908 3916 3915
f 3915 3916 3923
f 3890 3893 3892
f 3900 3901 3909 3908
f 3908 3909 3917 3916
f 3916 3917 3923
f 3890 3894 3893
f 3901 3902 3910 3909
f 3909 3910 3918 3917
f 3917 3918 3923
f 3890 3895 3894
f 3902 3903 3911 3910
f 3910 3911 3919 3918
f 3918 3919 3923
f 3890 3896 3895
f 3903 3904 3912 3911
f 3911 3912 3920 3919
f 3919 3920 3923
f 3890 3897 3896
f 3904 3905 3913 3912
f 3912 3913 3921 3920
f 3920 3921 3923
f 3890 3898 3897
f 3905 3906 3914 3913
f 3913 3914 3922 3921
f 3921 3922 3923
f 3890 3891 3898
f 3906 3899 3907 3914
f 3914 3907 3915 3922
f 3922 3915 3923
f 3925 3904 3903 3924
f 3933 3895 3896 3939
f 3926 3905 3904 3925
f 3939 3896 3897 3938
f 3927 3906 3905 3926
f 3938 3897 3898 3937
f 3928 3899 3906 3927
f 3937 3898 3891 3936
f 3929 3900 3899 3928
f 3936 3891 3892 3935
f 3930 3901 3900 3929
f 3935 3892 3893 3934
f 3931 3902 3901 3930
f 3934 3893 3894 3932
f 3932 3894 3895 3933
f 3924 3903 3902 3931
f 3955 3941 3932 3933
f 3954 3940 3941 3955
f 3924 3931 3940 3954
f 3942 3940 3931 3930
f 3943 3941 3940 3942
f 3934 3932 3941 3943
f 3944 3942 3930 3929
f 3945 3943 3942 3944
f 3935 3934 3943 3945
f 3946 3944 3929 3928
f 3947 3945 3944 3946
f 3936 3935 3945 3947
f 3948 3946 3928 3927
f 3949 3947 3946 3948
f 3937 3936 3947 3949
f 3950 3948 3927 3926
f 3951 3949 3948 3950
f 3938 3937 3949 3951
f 3952 3950 3926 3925
f 3953 3951 3950 3952
f 3939 3938 3951 3953
f 3954 3952 3925 3924
f 3955 3953 3952 3954
f 3933 3939 3953 3955

g 
v 1.3072 -0.0139 0.5407
v 1.3072 0.0289 0.4008
v 1.3072 0.126 0.5836
v 1.3072 0.1689 0.4437
v 0.8755 0.1689 0.5407
v 0.8755 0.126 0.4008
v 0.8755 0.0289 0.5836
v 0.8755 -0.0139 0.4437
v 1.3072 -0.0139 0.4437
v 0.8755 0.0289 0.4008
v 1.3072 0.0289 0.5836
v 0.8755 -0.0139 0.5407
v 1.3072 0.1689 0.5407
v 0.8755 0.126 0.5836
v 1.3072 0.126 0.4008
v 0.8755 0.1689 0.4437
v 1.3128 0.0719 0.5191
v 1.3128 0.0566 0.51
v 1.3128 0.0494 0.4873
v 1.3128 0.0593 0.4716
v 1.3128 0.0824 0.4652
v 1.3128 0.0977 0.4744
v 1.3128 0.1035 0.4956
v 1.3128 0.0949 0.5127
v 0.7806 0.0601 0.5127
v 0.7806 0.0501 0.497
v 0.7806 0.0573 0.4744
v 0.7806 0.0727 0.4652
v 0.7806 0.0957 0.4716
v 0.7806 0.1043 0.4887
v 0.7806 0.0984 0.51
v 0.7806 0.0831 0.5191
v 0.957 0.126 0.4008
v 0.957 0.1689 0.4437
v 0.9904 0.1689 0.5407
v 0.957 0.126 0.5836
v 0.957 0.0289 0.5836
v 0.957 -0.0139 0.5407
v 0.9904 -0.0139 0.4437
v 0.957 0.0289 0.4008
v 1.2187 0.0289 0.4008
v 1.2187 0.126 0.4008
v 1.2187 -0.0139 0.4437
v 1.1864 -0.0139 0.5407
v 1.2208 0.0289 0.5836
v 1.2208 0.126 0.5836
v 1.2208 0.1689 0.5407
v 1.1856 0.1689 0.4437
v 1.1072 0.0289 0.4008
v 1.1072 -0.0139 0.4437
v 1.0655 -0.0139 0.5408
v 1.0655 0.0289 0.5835
v 1.0655 0.126 0.5835
v 1.1078 0.1689 0.5408
v 1.0661 0.1689 0.4437
v 1.1072 0.126 0.4008
v 1.1856 0.0289 0.4008
v 1.1856 0.126 0.4008
v 1.2187 0.1689 0.4437
v 1.2023 0.1689 0.4806
v 1.1856 -0.0139 0.4437
v 1.2023 -0.0139 0.4806
v 1.1856 0.0561 0.4263
v 1.1856 0.0989 0.4263
v 1.1856 0.1178 0.4418
v 1.2187 0.1178 0.4418
v 1.2187 0.0989 0.4263
v 1.2187 0.0561 0.4263
v 1.2187 0.0372 0.4418
v 1.1856 0.0372 0.4418
v 1.2023 0.0372 0.4772
v 1.2023 0.1178 0.4745
v 1.1864 0.126 0.5836
v 1.1864 0.0289 0.5836
v 1.2208 -0.0139 0.5407
v 1.2036 -0.0139 0.5038
v 1.1864 0.1689 0.5407
v 1.2036 0.1689 0.5038
v 1.2208 0.0493 0.554
v 1.2208 0.1057 0.554
v 1.1864 0.1057 0.554
v 1.1864 0.0493 0.554
v 1.1864 0.0243 0.529
v 1.2208 0.0243 0.529
v 1.2208 0.1306 0.529
v 1.1864 0.1306 0.529
v 1.2036 0.1306 0.5075
v 1.2036 0.0243 0.5075
v 0.7806 0.0957 0.5127
v 1.3128 0.0824 0.5191
v 1.3127 0.1021 0.5385
v 0.7806 0.1043 0.4956
v 1.3128 0.0977 0.51
v 1.3127 0.1238 0.5168
v 0.7806 0.0984 0.4744
v 1.3128 0.1035 0.4887
v 1.3127 0.1238 0.4676
v 0.7806 0.0831 0.4652
v 1.3128 0.0949 0.4716
v 1.3127 0.1021 0.4459
v 0.7806 0.0601 0.4716
v 1.3128 0.0719 0.4652
v 1.3127 0.0529 0.4459
v 0.7806 0.0501 0.4873
v 1.3128 0.0566 0.4744
v 1.3127 0.0311 0.4676
v 0.7806 0.0573 0.51
v 1.3128 0.0494 0.497
v 1.3127 0.0311 0.5168
v 0.7806 0.0726 0.5191
v 1.3128 0.0593 0.5127
v 1.3127 0.0529 0.5385
v 1.3128 0.09 0.5161
v 0.7806 0.0907 0.5161
v 1.3128 0.101 0.505
v 0.7806 0.1018 0.505
v 1.3128 0.101 0.4794
v 0.7806 0.1018 0.4794
v 1.3128 0.09 0.4683
v 0.7806 0.0907 0.4683
v 1.3128 0.0643 0.4683
v 0.7806 0.065 0.4683
v 1.3128 0.0532 0.4794
v 0.7806 0.054 0.4794
v 1.3128 0.0532 0.505
v 0.7806 0.054 0.505
v 0.7806 0.065 0.5161
v 1.3128 0.0643 0.5161
v 1.0661 0.0289 0.4008
v 1.0661 0.126 0.4008
v 1.1072 0.1689 0.4437
v 1.0866 0.1689 0.4725
v 1.0661 -0.0139 0.4437
v 1.0866 -0.0139 0.4725
v 1.1078 0.126 0.5835
v 1.0655 0.1689 0.5408
v 1.0866 0.1689 0.5119
v 1.1078 0.0289 0.5835
v 1.1078 -0.0139 0.5408
v 1.0866 -0.0139 0.5119
v 0.9904 -0.0139 0.5407
v 0.9737 -0.0139 0.5119
v 0.9904 0.0289 0.5836
v 0.9904 0.126 0.5836
v 0.957 0.1689 0.5407
v 0.9737 0.1689 0.5119
v 0.9904 0.1689 0.4437
v 0.9737 0.1689 0.4725
v 0.9904 0.126 0.4008
v 0.9904 0.0289 0.4008
v 0.957 -0.0139 0.4437
v 0.9737 -0.0139 0.4725
v 1.0702 0.1 0.4351
v 1.0702 0.1199 0.4619
v 1.1031 0.1199 0.4619
v 1.1031 0.1 0.4351
v 1.0866 0.1199 0.4799
v 1.1031 0.0549 0.4351
v 1.0702 0.0549 0.4351
v 1.1031 0.0351 0.4619
v 1.0702 0.0351 0.4619
v 1.0866 0.0351 0.4799
v 1.0866 0.0251 0.5045
v 1.1034 0.0251 0.5226
v 1.0699 0.0251 0.5226
v 1.1034 0.0497 0.5493
v 1.0699 0.0497 0.5493
v 1.1034 0.1053 0.5493
v 1.0699 0.1053 0.5493
v 1.1034 0.1299 0.5226
v 1.0699 0.1299 0.5226
v 1.0866 0.1299 0.5045
v 1.1253 0.1689 0.4669
v 1.1146 0.1689 0.4819
v 1.1146 0.1689 0.5025
v 1.1257 0.1689 0.5175
v 1.1666 0.1689 0.5175
v 1.1756 0.1689 0.4982
v 1.175 0.1689 0.4862
v 1.1662 0.1689 0.4669
v 1.1389 0.1689 0.4785
v 1.1314 0.1689 0.4863
v 1.1314 0.1689 0.4981
v 1.1391 0.1689 0.5059
v 1.1522 0.1689 0.5058
v 1.1586 0.1689 0.4981
v 1.1586 0.1689 0.4863
v 1.152 0.1689 0.4786
v 1.1397 0.1678 0.4803
v 1.1332 0.1678 0.4871
v 1.1332 0.1678 0.4973
v 1.1398 0.1678 0.5041
v 1.1513 0.1678 0.504
v 1.1568 0.1678 0.4973
v 1.1568 0.1678 0.4871
v 1.1511 0.1678 0.4804
v 1.1397 0.1282 0.4803
v 1.1332 0.1282 0.4871
v 1.1332 0.1282 0.4973
v 1.1398 0.1282 0.5041
v 1.1513 0.1282 0.504
v 1.1568 0.1282 0.4973
v 1.1568 0.1282 0.4871
v 1.1511 0.1282 0.4804
v 1.3127 0.1633 0.5384
v 1.3127 0.1633 0.446
v 1.3127 0.1237 0.5781
v 1.3127 0.0312 0.5781
v 1.3127 -0.0084 0.5384
v 1.3127 -0.0084 0.446
v 1.3127 0.0312 0.4063
v 1.3127 0.1237 0.4063
v 0.8755 0.0976 0.53
v 0.8755 0.1153 0.5123
v 0.8755 0.1153 0.4721
v 0.8755 0.0976 0.4544
v 0.8755 0.0574 0.4544
v 0.8755 0.0396 0.4721
v 0.8755 0.0396 0.5123
v 0.8755 0.0574 0.53
v 0.7809 0.0976 0.53
v 0.7809 0.1153 0.5123
v 0.7809 0.1153 0.4721
v 0.7809 0.0976 0.4544
v 0.7809 0.0574 0.4544
v 0.7809 0.0396 0.4721
v 0.7809 0.0396 0.5123
v 0.7809 0.0574 0.53
v 0.8552 0.0574 0.53
v 0.8552 0.0976 0.53
v 0.8552 0.1153 0.5123
v 0.8552 0.1153 0.4721
v 0.8552 0.0976 0.4544
v 0.8552 0.0574 0.4544
v 0.8552 0.0396 0.4721
v 0.8552 0.0396 0.5123
v 0.8149 0.0976 0.4543
v 0.8149 0.1153 0.4721
v 0.8149 0.0574 0.4543
v 0.8149 0.0396 0.4721
v 0.8149 0.0396 0.5123
v 0.8149 0.0574 0.53
v 0.8149 0.0976 0.53
v 0.8149 0.1153 0.5123
v 0.8211 0.1153 0.5123
v 0.8211 0.1153 0.4721
v 0.8211 0.0976 0.53
v 0.8211 0.0574 0.53
v 0.8211 0.0396 0.5123
v 0.8211 0.0396 0.4721
v 0.8211 0.0574 0.4544
v 0.8211 0.0976 0.4544
v 0.849 0.1153 0.4721
v 0.849 0.1153 0.5123
v 0.849 0.0976 0.4544
v 0.849 0.0574 0.4544
v 0.849 0.0396 0.4721
v 0.849 0.0396 0.5123
v 0.849 0.0574 0.53
v 0.849 0.0976 0.53
v 0.8175 0.1114 0.5102
v 0.8175 0.0955 0.5261
v 0.8175 0.0595 0.5261
v 0.8175 0.0436 0.5102
v 0.8175 0.0436 0.4742
v 0.8175 0.0595 0.4583
v 0.8175 0.1114 0.4742
v 0.8175 0.0955 0.4583
v 0.8527 0.1114 0.4742
v 0.8527 0.0955 0.4583
v 0.8527 0.0595 0.4583
v 0.8527 0.0436 0.4742
v 0.8527 0.0436 0.5102
v 0.8527 0.0595 0.5261
v 0.8527 0.1114 0.5102
v 0.8527 0.0955 0.5261
v 0.7809 0.0915 0.5186
v 0.7809 0.1039 0.5062
v 0.7809 0.1039 0.4782
v 0.7809 0.0915 0.4658
v 0.7809 0.0634 0.4658
v 0.7809 0.0511 0.4782
v 0.7809 0.0511 0.5062
v 0.7809 0.0634 0.5186
v 0.9591 0.1004 0.4411
v 0.9591 0.1206 0.4651
v 0.9883 0.1206 0.4651
v 0.9883 0.1004 0.4411
v 0.9591 0.0546 0.4411
v 0.9883 0.0546 0.4411
v 0.9591 0.0343 0.4651
v 0.9883 0.0343 0.4651
v 0.9737 0.1206 0.4812
v 0.9737 0.0343 0.4812
v 0.9737 0.0343 0.5032
v 0.9883 0.0343 0.5193
v 0.9591 0.0343 0.5193
v 0.9883 0.0546 0.5433
v 0.9591 0.0546 0.5433
v 0.9883 0.1004 0.5433
v 0.9591 0.1004 0.5433
v 0.9591 0.1206 0.5193
v 0.9883 0.1206 0.5193
v 0.9737 0.1206 0.5032
v 1.0106 0.1689 0.4683
v 1.0024 0.1689 0.4825
v 1.0024 0.1689 0.5019
v 1.0106 0.1689 0.5161
v 1.0475 0.1689 0.5161
v 1.058 0.1689 0.5019
v 1.058 0.1689 0.4825
v 1.0479 0.1689 0.4683
v 1.0232 0.1689 0.4801
v 1.0174 0.1689 0.4878
v 1.0174 0.1689 0.4967
v 1.0232 0.1689 0.5044
v 1.0361 0.1689 0.5044
v 1.0429 0.1689 0.4967
v 1.0429 0.1689 0.4878
v 1.0363 0.1689 0.4801
v 1.0243 0.1682 0.482
v 1.0194 0.1682 0.4885
v 1.0194 0.1682 0.496
v 1.0243 0.1682 0.5025
v 1.0352 0.1682 0.5025
v 1.041 0.1682 0.496
v 1.041 0.1682 0.4885
v 1.0353 0.1682 0.482
v 1.0243 0.1235 0.482
v 1.0194 0.1235 0.4885
v 1.0194 0.1235 0.496
v 1.0243 0.1235 0.5025
v 1.0352 0.1235 0.5025
v 1.041 0.1235 0.496
v 1.041 0.1235 0.4885
v 1.0353 0.1235 0.482
v 1.3072 -0.0139 0.5407
v 1.3072 0.0289 0.4008
v 1.3072 0.126 0.5836
v 1.3072 0.1689 0.4437
v 0.8755 0.1689 0.5407
v 0.8755 0.126 0.4008
v 0.8755 0.0289 0.5836
v 0.8755 -0.0139 0.4437
v 1.3072 -0.0139 0.4437
v 0.8755 0.0289 0.4008
v 1.3072 0.0289 0.5836
v 0.8755 -0.0139 0.5407
v 1.3072 0.1689 0.5407
v 0.8755 0.126 0.5836
v 1.3072 0.126 0.4008
v 0.8755 0.1689 0.4437
v 1.3128 0.0719 0.5191
v 1.3128 0.0566 0.51
v 1.3128 0.0494 0.4873
v 1.3128 0.0593 0.4716
v 1.3128 0.0824 0.4652
v 1.3128 0.0977 0.4744
v 1.3128 0.1035 0.4956
v 1.3128 0.0949 0.5127
v 0.7806 0.0601 0.5127
v 0.7806 0.0501 0.497
v 0.7806 0.0573 0.4744
v 0.7806 0.0727 0.4652
v 0.7806 0.0957 0.4716
v 0.7806 0.1043 0.4887
v 0.7806 0.0984 0.51
v 0.7806 0.0831 0.5191
v 0.957 0.126 0.4008
v 0.957 0.1689 0.4437
v 0.9904 0.1689 0.5407
v 0.957 0.126 0.5836
v 0.957 0.0289 0.5836
v 0.957 -0.0139 0.5407
v 0.9904 -0.0139 0.4437
v 0.957 0.0289 0.4008
v 1.2187 0.0289 0.4008
v 1.2187 0.126 0.4008
v 1.2187 -0.0139 0.4437
v 1.1864 -0.0139 0.5407
v 1.2208 0.0289 0.5836
v 1.2208 0.126 0.5836
v 1.2208 0.1689 0.5407
v 1.1856 0.1689 0.4437
v 1.1072 0.0289 0.4008
v 1.1072 -0.0139 0.4437
v 1.0655 -0.0139 0.5408
v 1.0655 0.0289 0.5835
v 1.0655 0.126 0.5835
v 1.1078 0.1689 0.5408
v 1.0661 0.1689 0.4437
v 1.1072 0.126 0.4008
v 1.1856 0.0289 0.4008
v 1.1856 0.126 0.4008
v 1.2187 0.1689 0.4437
v 1.2023 0.1689 0.4806
v 1.1856 -0.0139 0.4437
v 1.2023 -0.0139 0.4806
v 1.1856 0.0561 0.4263
v 1.1856 0.0989 0.4263
v 1.1856 0.1178 0.4418
v 1.2187 0.1178 0.4418
v 1.2187 0.0989 0.4263
v 1.2187 0.0561 0.4263
v 1.2187 0.0372 0.4418
v 1.1856 0.0372 0.4418
v 1.2023 0.0372 0.4772
v 1.2023 0.1178 0.4745
v 1.1864 0.126 0.5836
v 1.1864 0.0289 0.5836
v 1.2208 -0.0139 0.5407
v 1.2036 -0.0139 0.5038
v 1.1864 0.1689 0.5407
v 1.2036 0.1689 0.5038
v 1.2208 0.0493 0.554
v 1.2208 0.1057 0.554
v 1.1864 0.1057 0.554
v 1.1864 0.0493 0.554
v 1.1864 0.0243 0.529
v 1.2208 0.0243 0.529
v 1.2208 0.1306 0.529
v 1.1864 0.1306 0.529
v 1.2036 0.1306 0.5075
v 1.2036 0.0243 0.5075
v 0.7806 0.0957 0.5127
v 1.3128 0.0824 0.5191
v 1.3127 0.1021 0.5385
v 0.7806 0.1043 0.4956
v 1.3128 0.0977 0.51
v 1.3127 0.1238 0.5168
v 0.7806 0.0984 0.4744
v 1.3128 0.1035 0.4887
v 1.3127 0.1238 0.4676
v 0.7806 0.0831 0.4652
v 1.3128 0.0949 0.4716
v 1.3127 0.1021 0.4459
v 0.7806 0.0601 0.4716
v 1.3128 0.0719 0.4652
v 1.3127 0.0529 0.4459
v 0.7806 0.0501 0.4873
v 1.3128 0.0566 0.4744
v 1.3127 0.0311 0.4676
v 0.7806 0.0573 0.51
v 1.3128 0.0494 0.497
v 1.3127 0.0311 0.5168
v 0.7806 0.0726 0.5191
v 1.3128 0.0593 0.5127
v 1.3127 0.0529 0.5385
v 1.3128 0.09 0.5161
v 0.7806 0.0907 0.5161
v 1.3128 0.101 0.505
v 0.7806 0.1018 0.505
v 1.3128 0.101 0.4794
v 0.7806 0.1018 0.4794
v 1.3128 0.09 0.4683
v 0.7806 0.0907 0.4683
v 1.3128 0.0643 0.4683
v 0.7806 0.065 0.4683
v 1.3128 0.0532 0.4794
v 0.7806 0.054 0.4794
v 1.3128 0.0532 0.505
v 0.7806 0.054 0.505
v 0.7806 0.065 0.5161
v 1.3128 0.0643 0.5161
v 1.0661 0.0289 0.4008
v 1.0661 0.126 0.4008
v 1.1072 0.1689 0.4437
v 1.0866 0.1689 0.4725
v 1.0661 -0.0139 0.4437
v 1.0866 -0.0139 0.4725
v 1.1078 0.126 0.5835
v 1.0655 0.1689 0.5408
v 1.0866 0.1689 0.5119
v 1.1078 0.0289 0.5835
v 1.1078 -0.0139 0.5408
v 1.0866 -0.0139 0.5119
v 0.9904 -0.0139 0.5407
v 0.9737 -0.0139 0.5119
v 0.9904 0.0289 0.5836
v 0.9904 0.126 0.5836
v 0.957 0.1689 0.5407
v 0.9737 0.1689 0.5119
v 0.9904 0.1689 0.4437
v 0.9737 0.1689 0.4725
v 0.9904 0.126 0.4008
v 0.9904 0.0289 0.4008
v 0.957 -0.0139 0.4437
v 0.9737 -0.0139 0.4725
v 1.0702 0.1 0.4351
v 1.0702 0.1199 0.4619
v 1.1031 0.1199 0.4619
v 1.1031 0.1 0.4351
v 1.0866 0.1199 0.4799
v 1.1031 0.0549 0.4351
v 1.0702 0.0549 0.4351
v 1.1031 0.0351 0.4619
v 1.0702 0.0351 0.4619
v 1.0866 0.0351 0.4799
v 1.0866 0.0251 0.5045
v 1.1034 0.0251 0.5226
v 1.0699 0.0251 0.5226
v 1.1034 0.0497 0.5493
v 1.0699 0.0497 0.5493
v 1.1034 0.1053 0.5493
v 1.0699 0.1053 0.5493
v 1.1034 0.1299 0.5226
v 1.0699 0.1299 0.5226
v 1.0866 0.1299 0.5045
v 1.1253 0.1689 0.4669
v 1.1146 0.1689 0.4819
v 1.1146 0.1689 0.5025
v 1.1257 0.1689 0.5175
v 1.1666 0.1689 0.5175
v 1.1756 0.1689 0.4982
v 1.175 0.1689 0.4862
v 1.1662 0.1689 0.4669
v 1.1389 0.1689 0.4785
v 1.1314 0.1689 0.4863
v 1.1314 0.1689 0.4981
v 1.1391 0.1689 0.5059
v 1.1522 0.1689 0.5058
v 1.1586 0.1689 0.4981
v 1.1586 0.1689 0.4863
v 1.152 0.1689 0.4786
v 1.1397 0.1678 0.4803
v 1.1332 0.1678 0.4871
v 1.1332 0.1678 0.4973
v 1.1398 0.1678 0.5041
v 1.1513 0.1678 0.504
v 1.1568 0.1678 0.4973
v 1.1568 0.1678 0.4871
v 1.1511 0.1678 0.4804
v 1.1397 0.1282 0.4803
v 1.1332 0.1282 0.4871
v 1.1332 0.1282 0.4973
v 1.1398 0.1282 0.5041
v 1.1513 0.1282 0.504
v 1.1568 0.1282 0.4973
v 1.1568 0.1282 0.4871
v 1.1511 0.1282 0.4804
v 1.3127 0.1633 0.5384
v 1.3127 0.1633 0.446
v 1.3127 0.1237 0.5781
v 1.3127 0.0312 0.5781
v 1.3127 -0.0084 0.5384
v 1.3127 -0.0084 0.446
v 1.3127 0.0312 0.4063
v 1.3127 0.1237 0.4063
v 0.8755 0.0976 0.53
v 0.8755 0.1153 0.5123
v 0.8755 0.1153 0.4721
v 0.8755 0.0976 0.4544
v 0.8755 0.0574 0.4544
v 0.8755 0.0396 0.4721
v 0.8755 0.0396 0.5123
v 0.8755 0.0574 0.53
v 0.7809 0.0976 0.53
v 0.7809 0.1153 0.5123
v 0.7809 0.1153 0.4721
v 0.7809 0.0976 0.4544
v 0.7809 0.0574 0.4544
v 0.7809 0.0396 0.4721
v 0.7809 0.0396 0.5123
v 0.7809 0.0574 0.53
v 0.8552 0.0574 0.53
v 0.8552 0.0976 0.53
v 0.8552 0.1153 0.5123
v 0.8552 0.1153 0.4721
v 0.8552 0.0976 0.4544
v 0.8552 0.0574 0.4544
v 0.8552 0.0396 0.4721
v 0.8552 0.0396 0.5123
v 0.8149 0.0976 0.4543
v 0.8149 0.1153 0.4721
v 0.8149 0.0574 0.4543
v 0.8149 0.0396 0.4721
v 0.8149 0.0396 0.5123
v 0.8149 0.0574 0.53
v 0.8149 0.0976 0.53
v 0.8149 0.1153 0.5123
v 0.8211 0.1153 0.5123
v 0.8211 0.1153 0.4721
v 0.8211 0.0976 0.53
v 0.8211 0.0574 0.53
v 0.8211 0.0396 0.5123
v 0.8211 0.0396 0.4721
v 0.8211 0.0574 0.4544
v 0.8211 0.0976 0.4544
v 0.849 0.1153 0.4721
v 0.849 0.1153 0.5123
v 0.849 0.0976 0.4544
v 0.849 0.0574 0.4544
v 0.849 0.0396 0.4721
v 0.849 0.0396 0.5123
v 0.849 0.0574 0.53
v 0.849 0.0976 0.53
v 0.8175 0.1114 0.5102
v 0.8175 0.0955 0.5261
v 0.8175 0.0595 0.5261
v 0.8175 0.0436 0.5102
v 0.8175 0.0436 0.4742
v 0.8175 0.0595 0.4583
v 0.8175 0.1114 0.4742
v 0.8175 0.0955 0.4583
v 0.8527 0.1114 0.4742
v 0.8527 0.0955 0.4583
v 0.8527 0.0595 0.4583
v 0.8527 0.0436 0.4742
v 0.8527 0.0436 0.5102
v 0.8527 0.0595 0.5261
v 0.8527 0.1114 0.5102
v 0.8527 0.0955 0.5261
v 0.7809 0.0915 0.5186
v 0.7809 0.1039 0.5062
v 0.7809 0.1039 0.4782
v 0.7809 0.0915 0.4658
v 0.7809 0.0634 0.4658
v 0.7809 0.0511 0.4782
v 0.7809 0.0511 0.5062
v 0.7809 0.0634 0.5186
v 0.9591 0.1004 0.4411
v 0.9591 0.1206 0.4651
v 0.9883 0.1206 0.4651
v 0.9883 0.1004 0.4411
v 0.9591 0.0546 0.4411
v 0.9883 0.0546 0.4411
v 0.9591 0.0343 0.4651
v 0.9883 0.0343 0.4651
v 0.9737 0.1206 0.4812
v 0.9737 0.0343 0.4812
v 0.9737 0.0343 0.5032
v 0.9883 0.0343 0.5193
v 0.9591 0.0343 0.5193
v 0.9883 0.0546 0.5433
v 0.9591 0.0546 0.5433
v 0.9883 0.1004 0.5433
v 0.9591 0.1004 0.5433
v 0.9591 0.1206 0.5193
v 0.9883 0.1206 0.5193
v 0.9737 0.1206 0.5032
v 1.0106 0.1689 0.4683
v 1.0024 0.1689 0.4825
v 1.0024 0.1689 0.5019
v 1.0106 0.1689 0.5161
v 1.0475 0.1689 0.5161
v 1.058 0.1689 0.5019
v 1.058 0.1689 0.4825
v 1.0479 0.1689 0.4683
v 1.0232 0.1689 0.4801
v 1.0174 0.1689 0.4878
v 1.0174 0.1689 0.4967
v 1.0232 0.1689 0.5044
v 1.0361 0.1689 0.5044
v 1.0429 0.1689 0.4967
v 1.0429 0.1689 0.4878
v 1.0363 0.1689 0.4801
v 1.0243 0.1682 0.482
v 1.0194 0.1682 0.4885
v 1.0194 0.1682 0.496
v 1.0243 0.1682 0.5025
v 1.0352 0.1682 0.5025
v 1.041 0.1682 0.496
v 1.041 0.1682 0.4885
v 1.0353 0.1682 0.482
v 1.0243 0.1235 0.482
v 1.0194 0.1235 0.4885
v 1.0194 0.1235 0.496
v 1.0243 0.1235 0.5025
v 1.0352 0.1235 0.5025
v 1.041 0.1235 0.496
v 1.041 0.1235 0.4885
v 1.0353 0.1235 0.482

g name12 
f 3988 3961 3971 3989
f 4001 3958 3968 4002
f 3991 3969 3962 3992
f 4000 3966 3958 4001
f 3992 3962 3967 3993
f 3996 3957 3964 3998
f 3997 3970 3957 3996
f 3995 3965 3961 3988
f 4013 4012 4004 4011
f 4085 4084 4105 4104
f 4099 4098 4007 4008
f 4090 4093 4029 4028
f 4014 3959 3970 3997
f 4005 4004 4012 4016
f 4019 4018 4012 4013
f 4020 4019 4013 4003
f 4022 4021 4014 3997
f 4023 4022 3997 3996
f 4024 4023 3996 3998
f 4018 4025 4016 4012
f 4025 4026 4017 4016
f 4026 4024 3998 4017
f 4021 4027 4015 4014
f 4027 4020 4003 4015
f 4030 3956 3966 4000
f 4017 3998 3964 3956 4030 4031
f 4009 4090 4028 4032
f 4033 4002 3968 3959 4014 4015
f 4035 4034 4000 4001
f 4037 4036 4028 4029
f 4038 4037 4029 3999
f 4034 4039 4030 4000
f 4040 4035 4001 4002
f 4036 4041 4032 4028
f 4041 4042 4033 4032
f 4042 4040 4002 4033
f 4039 4043 4031 4030
f 4043 4038 3999 4031
f 4044 3979 4068 4069
f 4069 4068 4045 3987
f 4047 3978 4070 4071
f 4071 4070 4048 3986
f 4050 3977 4072 4073
f 4073 4072 4051 3985
f 4053 3976 4074 4075
f 4075 4074 4054 3984
f 4056 3975 4076 4077
f 4077 4076 4057 3983
f 4059 3974 4078 4079
f 4079 4078 4060 3982
f 4062 3973 4080 4081
f 4081 4080 4063 3981
f 4066 3980 4082 4083
f 4083 4082 4065 3972
f 4046 4045 4068 3979
f 4049 4048 4070 3978
f 4052 4051 4072 3977
f 4055 4054 4074 3976
f 4058 4057 4076 3975
f 4061 4060 4078 3974
f 4064 4063 4080 3973
f 4067 4066 4083 3972
f 4044 3986 4048 3979
f 4065 3987 4045 3972
f 4067 3972 4045 4046 4162 4163
f 4046 3979 4048 4049 4160 4162
f 4047 3985 4051 3978
f 4049 3978 4051 4052 4161 4160
f 4050 3984 4054 3977
f 4052 3977 4054 4055 4167 4161
f 4053 3983 4057 3976
f 4055 3976 4057 4058 4166 4167
f 4056 3982 4060 3975
f 4058 3975 4060 4061 4165 4166
f 4059 3981 4063 3974
f 4061 3974 4063 4064 4164 4165
f 4062 3980 4066 3973
f 4064 3973 4066 4067 4163 4164
f 4011 4086 4003 4013
f 4152 4153 4154 4155 4156 4157 4158 4159
f 4284 4285 4286 4287 4288 4289 4290 4291
f 3994 4105 4084 4088
f 4096 4097 4107 3994 4088 4089 4095 4006
f 4094 4095 4089 4005 4016 4017 4031 3999
f 3990 4099 4008 4091
f 4093 4094 3999 4029
f 4098 4096 4006 4007
f 4097 3993 3967 3963 4106 4107
f 4100 3960 3969 3991
f 4103 3989 3971 3960 4100 4101
f 4104 4102 4010 4085
f 4106 3963 3965 3995
f 4109 4108 4085 4010
f 4111 4110 4086 4011
f 4110 4112 4087 4086
f 4112 4109 4010 4087
f 4113 4111 4011 4004
f 4108 4114 4084 4085
f 4115 4113 4004 4005
f 4114 4116 4088 4084
f 4116 4117 4089 4088
f 4117 4115 4005 4089
f 4119 4118 4095 4094
f 4118 4120 4006 4095
f 4121 4119 4094 4093
f 4120 4122 4007 4006
f 4123 4121 4093 4090
f 4122 4124 4008 4007
f 4125 4123 4090 4009
f 4124 4126 4091 4008
f 4126 4127 4092 4091
f 4127 4125 4009 4092
f 4129 4128 4086 4087
f 4130 4129 4087 4092
f 4131 4130 4092 4009
f 4132 4131 4009 4032
f 4133 4132 4032 4033
f 4134 4133 4033 4015
f 4135 4134 4015 4003
f 4128 4135 4003 4086
f 4137 4136 4128 4129
f 4138 4137 4129 4130
f 4139 4138 4130 4131
f 4140 4139 4131 4132
f 4141 4140 4132 4133
f 4142 4141 4133 4134
f 4143 4142 4134 4135
f 4136 4143 4135 4128
f 4145 4144 4136 4137
f 4146 4145 4137 4138
f 4147 4146 4138 4139
f 4148 4147 4139 4140
f 4149 4148 4140 4141
f 4150 4149 4141 4142
f 4151 4150 4142 4143
f 4144 4151 4143 4136
f 4153 4152 4144 4145
f 4154 4153 4145 4146
f 4155 4154 4146 4147
f 4156 4155 4147 4148
f 4157 4156 4148 4149
f 4158 4157 4149 4150
f 4159 4158 4150 4151
f 4152 4159 4151 4144
f 3959 3968 4160 4161
f 3968 3958 4162 4160
f 3958 3966 4163 4162
f 3966 3956 4164 4163
f 3956 3964 4165 4164
f 3964 3957 4166 4165
f 3957 3970 4167 4166
f 3970 3959 4161 4167
f 4169 4168 3969 3960
f 4170 4169 3960 3971
f 4171 4170 3971 3961
f 4172 4171 3961 3965
f 4173 4172 3965 3963
f 4174 4173 3963 3967
f 4175 4174 3967 3962
f 4168 4175 3962 3969
f 4184 4175 4168 4185
f 4198 4176 4183 4197
f 4185 4168 4169 4186
f 4199 4177 4176 4198
f 4186 4169 4170 4187
f 4193 4178 4177 4199
f 4187 4170 4171 4188
f 4192 4179 4178 4193
f 4188 4171 4172 4189
f 4194 4180 4179 4192
f 4189 4172 4173 4190
f 4195 4181 4180 4194
f 4190 4173 4174 4191
f 4196 4182 4181 4195
f 4197 4183 4182 4196
f 4191 4174 4175 4184
f 4208 4210 4207 4201
f 4210 4211 4206 4207
f 4211 4212 4205 4206
f 4212 4213 4204 4205
f 4203 4204 4213 4214
f 4214 4215 4202 4203
f 4215 4209 4200 4202
f 4209 4208 4201 4200
f 4193 4199 4216 4222
f 4222 4216 4200 4201
f 4199 4198 4217 4216
f 4216 4217 4202 4200
f 4198 4197 4218 4217
f 4217 4218 4203 4202
f 4197 4196 4219 4218
f 4218 4219 4204 4203
f 4196 4195 4220 4219
f 4219 4220 4205 4204
f 4195 4194 4221 4220
f 4220 4221 4206 4205
f 4194 4192 4223 4221
f 4221 4223 4207 4206
f 4192 4193 4222 4223
f 4223 4222 4201 4207
f 4186 4187 4224 4230
f 4230 4224 4208 4209
f 4187 4188 4225 4224
f 4224 4225 4210 4208
f 4188 4189 4226 4225
f 4225 4226 4211 4210
f 4189 4190 4227 4226
f 4226 4227 4212 4211
f 4190 4191 4228 4227
f 4227 4228 4213 4212
f 4191 4184 4229 4228
f 4228 4229 4214 4213
f 4184 4185 4231 4229
f 4229 4231 4215 4214
f 4185 4186 4230 4231
f 4231 4230 4209 4215
f 4233 4232 4176 4177
f 4234 4233 4177 4178
f 4235 4234 4178 4179
f 4236 4235 4179 4180
f 4237 4236 4180 4181
f 4238 4237 4181 4182
f 4239 4238 4182 4183
f 4232 4239 4183 4176
f 4241 4240 3988 3989
f 4243 4242 4102 4104
f 4240 4244 3995 3988
f 4245 4243 4104 4105
f 4244 4246 4106 3995
f 4247 4245 4105 3994
f 4242 4248 4103 4102
f 4248 4241 3989 4103
f 4246 4249 4107 4106
f 4249 4247 3994 4107
f 4251 4250 4097 4096
f 4250 4252 3993 4097
f 4253 4251 4096 4098
f 4252 4254 3992 3993
f 4255 4253 4098 4099
f 4254 4256 3991 3992
f 4256 4257 4100 3991
f 4258 4255 4099 3990
f 4257 4259 4101 4100
f 4259 4258 3990 4101
f 4261 4260 4102 4103
f 4262 4261 4103 4101
f 4263 4262 4101 3990
f 4264 4263 3990 4091
f 4265 4264 4091 4092
f 4266 4265 4092 4087
f 4267 4266 4087 4010
f 4260 4267 4010 4102
f 4269 4268 4260 4261
f 4270 4269 4261 4262
f 4271 4270 4262 4263
f 4272 4271 4263 4264
f 4273 4272 4264 4265
f 4274 4273 4265 4266
f 4275 4274 4266 4267
f 4268 4275 4267 4260
f 4277 4276 4268 4269
f 4278 4277 4269 4270
f 4279 4278 4270 4271
f 4280 4279 4271 4272
f 4281 4280 4272 4273
f 4282 4281 4273 4274
f 4283 4282 4274 4275
f 4276 4283 4275 4268
f 4285 4284 4276 4277
f 4286 4285 4277 4278
f 4287 4286 4278 4279
f 4288 4287 4279 4280
f 4289 4288 4280 4281
f 4290 4289 4281 4282
f 4291 4290 4282 4283
f 4284 4291 4283 4276
f 4325 4307 4297 4324
f 4338 4304 4294 4337
f 4328 4298 4305 4327
f 4337 4294 4302 4336
f 4329 4303 4298 4328
f 4334 4300 4293 4332
f 4332 4293 4306 4333
f 4324 4297 4301 4331
f 4347 4340 4348 4349
f 4440 4441 4420 4421
f 4344 4343 4434 4435
f 4364 4365 4429 4426
f 4333 4306 4295 4350
f 4352 4348 4340 4341
f 4349 4348 4354 4355
f 4339 4349 4355 4356
f 4333 4350 4357 4358
f 4332 4333 4358 4359
f 4334 4332 4359 4360
f 4348 4352 4361 4354
f 4352 4353 4362 4361
f 4353 4334 4360 4362
f 4350 4351 4363 4357
f 4351 4339 4356 4363
f 4336 4302 4292 4366
f 4367 4366 4292 4300 4334 4353
f 4368 4364 4426 4345
f 4351 4350 4295 4304 4338 4369
f 4337 4336 4370 4371
f 4365 4364 4372 4373
f 4335 4365 4373 4374
f 4336 4366 4375 4370
f 4338 4337 4371 4376
f 4364 4368 4377 4372
f 4368 4369 4378 4377
f 4369 4338 4376 4378
f 4366 4367 4379 4375
f 4367 4335 4374 4379
f 4405 4404 4315 4380
f 4323 4381 4404 4405
f 4407 4406 4314 4383
f 4322 4384 4406 4407
f 4409 4408 4313 4386
f 4321 4387 4408 4409
f 4411 4410 4312 4389
f 4320 4390 4410 4411
f 4413 4412 4311 4392
f 4319 4393 4412 4413
f 4415 4414 4310 4395
f 4318 4396 4414 4415
f 4417 4416 4309 4398
f 4317 4399 4416 4417
f 4419 4418 4316 4402
f 4308 4401 4418 4419
f 4315 4404 4381 4382
f 4314 4406 4384 4385
f 4313 4408 4387 4388
f 4312 4410 4390 4391
f 4311 4412 4393 4394
f 4310 4414 4396 4397
f 4309 4416 4399 4400
f 4308 4419 4402 4403
f 4315 4384 4322 4380
f 4308 4381 4323 4401
f 4499 4498 4382 4381 4308 4403
f 4498 4496 4385 4384 4315 4382
f 4314 4387 4321 4383
f 4496 4497 4388 4387 4314 4385
f 4313 4390 4320 4386
f 4497 4503 4391 4390 4313 4388
f 4312 4393 4319 4389
f 4503 4502 4394 4393 4312 4391
f 4311 4396 4318 4392
f 4502 4501 4397 4396 4311 4394
f 4310 4399 4317 4395
f 4501 4500 4400 4399 4310 4397
f 4309 4402 4316 4398
f 4500 4499 4403 4402 4309 4400
f 4349 4339 4422 4347
f 4495 4494 4493 4492 4491 4490 4489 4488
f 4627 4626 4625 4624 4623 4622 4621 4620
f 4424 4420 4441 4330
f 4342 4431 4425 4424 4330 4443 4433 4432
f 4335 4367 4353 4352 4341 4425 4431 4430
f 4427 4344 4435 4326
f 4365 4335 4430 4429
f 4343 4342 4432 4434
f 4443 4442 4299 4303 4329 4433
f 4327 4305 4296 4436
f 4437 4436 4296 4307 4325 4439
f 4421 4346 4438 4440
f 4331 4301 4299 4442
f 4346 4421 4444 4445
f 4347 4422 4446 4447
f 4422 4423 4448 4446
f 4423 4346 4445 4448
f 4340 4347 4447 4449
f 4421 4420 4450 4444
f 4341 4340 4449 4451
f 4420 4424 4452 4450
f 4424 4425 4453 4452
f 4425 4341 4451 4453
f 4430 4431 4454 4455
f 4431 4342 4456 4454
f 4429 4430 4455 4457
f 4342 4343 4458 4456
f 4426 4429 4457 4459
f 4343 4344 4460 4458
f 4345 4426 4459 4461
f 4344 4427 4462 4460
f 4427 4428 4463 4462
f 4428 4345 4461 4463
f 4423 4422 4464 4465
f 4428 4423 4465 4466
f 4345 4428 4466 4467
f 4368 4345 4467 4468
f 4369 4368 4468 4469
f 4351 4369 4469 4470
f 4339 4351 4470 4471
f 4422 4339 4471 4464
f 4465 4464 4472 4473
f 4466 4465 4473 4474
f 4467 4466 4474 4475
f 4468 4467 4475 4476
f 4469 4468 4476 4477
f 4470 4469 4477 4478
f 4471 4470 4478 4479
f 4464 4471 4479 4472
f 4473 4472 4480 4481
f 4474 4473 4481 4482
f 4475 4474 4482 4483
f 4476 4475 4483 4484
f 4477 4476 4484 4485
f 4478 4477 4485 4486
f 4479 4478 4486 4487
f 4472 4479 4487 4480
f 4481 4480 4488 4489
f 4482 4481 4489 4490
f 4483 4482 4490 4491
f 4484 4483 4491 4492
f 4485 4484 4492 4493
f 4486 4485 4493 4494
f 4487 4486 4494 4495
f 4480 4487 4495 4488
f 4497 4496 4304 4295
f 4496 4498 4294 4304
f 4498 4499 4302 4294
f 4499 4500 4292 4302
f 4500 4501 4300 4292
f 4501 4502 4293 4300
f 4502 4503 4306 4293
f 4503 4497 4295 4306
f 4296 4305 4504 4505
f 4307 4296 4505 4506
f 4297 4307 4506 4507
f 4301 4297 4507 4508
f 4299 4301 4508 4509
f 4303 4299 4509 4510
f 4298 4303 4510 4511
f 4305 4298 4511 4504
f 4521 4504 4511 4520
f 4533 4519 4512 4534
f 4522 4505 4504 4521
f 4534 4512 4513 4535
f 4523 4506 4505 4522
f 4535 4513 4514 4529
f 4524 4507 4506 4523
f 4529 4514 4515 4528
f 4525 4508 4507 4524
f 4528 4515 4516 4530
f 4526 4509 4508 4525
f 4530 4516 4517 4531
f 4527 4510 4509 4526
f 4531 4517 4518 4532
f 4532 4518 4519 4533
f 4520 4511 4510 4527
f 4537 4543 4546 4544
f 4543 4542 4547 4546
f 4542 4541 4548 4547
f 4541 4540 4549 4548
f 4550 4549 4540 4539
f 4539 4538 4551 4550
f 4538 4536 4545 4551
f 4536 4537 4544 4545
f 4558 4552 4535 4529
f 4537 4536 4552 4558
f 4552 4553 4534 4535
f 4536 4538 4553 4552
f 4553 4554 4533 4534
f 4538 4539 4554 4553
f 4554 4555 4532 4533
f 4539 4540 4555 4554
f 4555 4556 4531 4532
f 4540 4541 4556 4555
f 4556 4557 4530 4531
f 4541 4542 4557 4556
f 4557 4559 4528 4530
f 4542 4543 4559 4557
f 4559 4558 4529 4528
f 4543 4537 4558 4559
f 4566 4560 4523 4522
f 4545 4544 4560 4566
f 4560 4561 4524 4523
f 4544 4546 4561 4560
f 4561 4562 4525 4524
f 4546 4547 4562 4561
f 4562 4563 4526 4525
f 4547 4548 4563 4562
f 4563 4564 4527 4526
f 4548 4549 4564 4563
f 4564 4565 4520 4527
f 4549 4550 4565 4564
f 4565 4567 4521 4520
f 4550 4551 4567 4565
f 4567 4566 4522 4521
f 4551 4545 4566 4567
f 4513 4512 4568 4569
f 4514 4513 4569 4570
f 4515 4514 4570 4571
f 4516 4515 4571 4572
f 4517 4516 4572 4573
f 4518 4517 4573 4574
f 4519 4518 4574 4575
f 4512 4519 4575 4568
f 4325 4324 4576 4577
f 4440 4438 4578 4579
f 4324 4331 4580 4576
f 4441 4440 4579 4581
f 4331 4442 4582 4580
f 4330 4441 4581 4583
f 4438 4439 4584 4578
f 4439 4325 4577 4584
f 4442 4443 4585 4582
f 4443 4330 4583 4585
f 4432 4433 4586 4587
f 4433 4329 4588 4586
f 4434 4432 4587 4589
f 4329 4328 4590 4588
f 4435 4434 4589 4591
f 4328 4327 4592 4590
f 4327 4436 4593 4592
f 4326 4435 4591 4594
f 4436 4437 4595 4593
f 4437 4326 4594 4595
f 4439 4438 4596 4597
f 4437 4439 4597 4598
f 4326 4437 4598 4599
f 4427 4326 4599 4600
f 4428 4427 4600 4601
f 4423 4428 4601 4602
f 4346 4423 4602 4603
f 4438 4346 4603 4596
f 4597 4596 4604 4605
f 4598 4597 4605 4606
f 4599 4598 4606 4607
f 4600 4599 4607 4608
f 4601 4600 4608 4609
f 4602 4601 4609 4610
f 4603 4602 4610 4611
f 4596 4603 4611 4604
f 4605 4604 4612 4613
f 4606 4605 4613 4614
f 4607 4606 4614 4615
f 4608 4607 4615 4616
f 4609 4608 4616 4617
f 4610 4609 4617 4618
f 4611 4610 4618 4619
f 4604 4611 4619 4612
f 4613 4612 4620 4621
f 4614 4613 4621 4622
f 4615 4614 4622 4623
f 4616 4615 4623 4624
f 4617 4616 4624 4625
f 4618 4617 4625 4626
f 4619 4618 4626 4627
f 4612 4619 4627 4620
f 4355 4354 4018 4019
f 4356 4355 4019 4020
f 4358 4357 4021 4022
f 4359 4358 4022 4023
f 4360 4359 4023 4024
f 4354 4361 4025 4018
f 4361 4362 4026 4025
f 4362 4360 4024 4026
f 4357 4363 4027 4021
f 4363 4356 4020 4027
f 4371 4370 4034 4035
f 4373 4372 4036 4037
f 4374 4373 4037 4038
f 4370 4375 4039 4034
f 4376 4371 4035 4040
f 4372 4377 4041 4036
f 4377 4378 4042 4041
f 4378 4376 4040 4042
f 4375 4379 4043 4039
f 4379 4374 4038 4043
f 4405 4380 4044 4069
f 4323 4405 4069 3987
f 4407 4383 4047 4071
f 4322 4407 4071 3986
f 4409 4386 4050 4073
f 4321 4409 4073 3985
f 4411 4389 4053 4075
f 4320 4411 4075 3984
f 4413 4392 4056 4077
f 4319 4413 4077 3983
f 4415 4395 4059 4079
f 4318 4415 4079 3982
f 4417 4398 4062 4081
f 4317 4417 4081 3981
f 4316 4418 4082 3980
f 4418 4401 4065 4082
f 4380 4322 3986 4044
f 4401 4323 3987 4065
f 4383 4321 3985 4047
f 4386 4320 3984 4050
f 4389 4319 3983 4053
f 4392 4318 3982 4056
f 4395 4317 3981 4059
f 4398 4316 3980 4062
f 4445 4444 4108 4109
f 4447 4446 4110 4111
f 4446 4448 4112 4110
f 4448 4445 4109 4112
f 4449 4447 4111 4113
f 4444 4450 4114 4108
f 4451 4449 4113 4115
f 4450 4452 4116 4114
f 4452 4453 4117 4116
f 4453 4451 4115 4117
f 4455 4454 4118 4119
f 4454 4456 4120 4118
f 4457 4455 4119 4121
f 4456 4458 4122 4120
f 4459 4457 4121 4123
f 4458 4460 4124 4122
f 4461 4459 4123 4125
f 4460 4462 4126 4124
f 4462 4463 4127 4126
f 4463 4461 4125 4127
f 4569 4568 4232 4233
f 4570 4569 4233 4234
f 4571 4570 4234 4235
f 4572 4571 4235 4236
f 4573 4572 4236 4237
f 4574 4573 4237 4238
f 4575 4574 4238 4239
f 4568 4575 4239 4232
f 4577 4576 4240 4241
f 4579 4578 4242 4243
f 4576 4580 4244 4240
f 4581 4579 4243 4245
f 4580 4582 4246 4244
f 4583 4581 4245 4247
f 4578 4584 4248 4242
f 4584 4577 4241 4248
f 4582 4585 4249 4246
f 4585 4583 4247 4249
f 4587 4586 4250 4251
f 4586 4588 4252 4250
f 4589 4587 4251 4253
f 4588 4590 4254 4252
f 4591 4589 4253 4255
f 4590 4592 4256 4254
f 4592 4593 4257 4256
f 4594 4591 4255 4258
f 4593 4595 4259 4257
f 4595 4594 4258 4259

g 
v -1.0108 -0.6338 -0.6985
v -1.0148 -0.623 -0.4697
v -1.0139 -0.7095 -0.5227
v -1.0137 -0.7105 -0.5305
v -1.0135 -0.7105 -0.5436
v -1.0132 -0.7105 -0.5614
v -1.0128 -0.7105 -0.5815
v -1.0125 -0.7105 -0.6021
v -1.0122 -0.7105 -0.6199
v -1.0119 -0.7105 -0.6344
v -1.0118 -0.7095 -0.6434
v 0.0479 -0.7064 -0.5292
v 0.0482 -0.7064 -0.547
v 0.0486 -0.7064 -0.5671
v 0.0489 -0.7064 -0.5877
v 0.0493 -0.7064 -0.6055
v 0.0496 -0.7064 -0.62
v 0.1791 -0.7054 -0.6268
v 0.1667 -0.6297 -0.6822
v 0.1628 -0.6179 -0.4533
v 0.1768 -0.7054 -0.506
v 0.0476 -0.7064 -0.5161
v -1.0108 -0.3782 -0.6985
v -1.0148 -0.3782 -0.4696
v 0.4926 -0.3782 -0.6769
v 0.4892 -0.3782 -0.4476
v 0.0879 -0.676 -0.536
v -0.9046 -0.6719 -0.5522
v 0.0881 -0.676 -0.551
v 0.0884 -0.676 -0.5664
v -0.9043 -0.6719 -0.5671
v 0.0887 -0.676 -0.5838
v 0.089 -0.676 -0.5987
v -0.9041 -0.6719 -0.5826
v 0.0892 -0.676 -0.61
v 0.1951 -0.675 -0.6157
v -0.9038 -0.6719 -0.5999
v 0.1853 -0.6122 -0.6613
v 0.1827 -0.6029 -0.4736
v -0.9035 -0.6719 -0.6149
v 0.1932 -0.675 -0.517
v 0.0877 -0.676 -0.5253
v -0.9033 -0.6719 -0.6261
v 0.4523 -0.396 -0.657
v 0.4497 -0.396 -0.4693
v -0.9032 -0.6735 -0.6336
v -0.9024 -0.6107 -0.679
v -0.9057 -0.6014 -0.4913
v -0.9049 -0.6735 -0.5349
v -0.9048 -0.6719 -0.5414
v -0.9024 -0.399 -0.679
v -0.9057 -0.399 -0.4913

g name13 
f 4639 4632 4633 4640
f 4640 4633 4634 4641
f 4641 4634 4635 4642
f 4642 4635 4636 4643
f 4643 4636 4637 4644
f 4644 4637 4638 4645
f 4645 4638 4628 4646
f 4647 4629 4630 4648
f 4648 4630 4631 4649
f 4649 4631 4632 4639
f 4646 4628 4650 4652
f 4629 4647 4653 4651
f 4652 4650 4651 4653
f 4671 4665 4646 4652
f 4665 4663 4645 4646
f 4663 4662 4644 4645
f 4662 4660 4643 4644
f 4660 4659 4642 4643
f 4659 4657 4641 4642
f 4657 4656 4640 4641
f 4656 4654 4639 4640
f 4654 4669 4649 4639
f 4669 4668 4648 4649
f 4668 4666 4647 4648
f 4666 4672 4653 4647
f 4672 4671 4652 4653
f 4678 4674 4665 4671
f 4674 4673 4663 4665
f 4673 4670 4662 4663
f 4670 4667 4660 4662
f 4667 4664 4659 4660
f 4664 4661 4657 4659
f 4661 4658 4656 4657
f 4658 4655 4654 4656
f 4655 4677 4669 4654
f 4677 4676 4668 4669
f 4676 4675 4666 4668
f 4675 4679 4672 4666
f 4679 4678 4671 4672
f 4638 4637 4636 4635 4634 4633 4632 4631 4630 4629 4651 4650 4628
f 4677 4655 4658 4661 4664 4667 4670 4673 4674 4678 4679 4675 4676

g 
v -0.8364 -0.5262 -0.582
v -0.9832 -0.4984 -0.5221
v -0.9825 -0.4583 -0.5576
v -0.9815 -0.4577 -0.6091
v -0.9809 -0.4974 -0.6456
v -0.9808 -0.5535 -0.6461
v -0.9815 -0.5937 -0.6105
v -0.9825 -0.5942 -0.559
v -0.9832 -0.5545 -0.5226
v -0.3879 -0.4984 -0.5124
v -0.3872 -0.4583 -0.548
v -0.3863 -0.4577 -0.5994
v -0.3856 -0.4974 -0.636
v -0.3856 -0.5535 -0.6364
v -0.3863 -0.5937 -0.6008
v -0.3872 -0.5942 -0.5494
v -0.3879 -0.5545 -0.5129
v 0.0618 -0.4984 -0.5051
v 0.0624 -0.4583 -0.5407
v 0.0634 -0.4577 -0.5921
v 0.0641 -0.4974 -0.6286
v 0.0641 -0.5535 -0.6291
v 0.0634 -0.5937 -0.5936
v 0.0625 -0.5942 -0.5421
v 0.0618 -0.5545 -0.5055
v 0.5115 -0.4984 -0.4978
v 0.5121 -0.4583 -0.5333
v 0.5131 -0.4577 -0.5848
v 0.5138 -0.4974 -0.6213
v 0.5138 -0.5535 -0.6218
v 0.5131 -0.5937 -0.5862
v 0.5122 -0.5942 -0.5347
v 0.5115 -0.5545 -0.4983
v 0.7477 -0.5262 -0.5562
v -0.7212 -0.5535 -0.6419
v -0.7219 -0.5937 -0.6063
v -0.7229 -0.5942 -0.5548
v -0.7235 -0.5545 -0.5183
v -0.7236 -0.4984 -0.5179
v -0.7229 -0.4583 -0.5534
v -0.7219 -0.4577 -0.6049
v -0.7213 -0.4974 -0.6414
v -0.877 -0.4974 -0.6439
v -0.877 -0.5535 -0.6444
v -0.8777 -0.4577 -0.6074
v -0.8786 -0.4583 -0.556
v -0.8793 -0.4984 -0.5204
v -0.8793 -0.5545 -0.5209
v -0.8786 -0.5942 -0.5574
v -0.8777 -0.5937 -0.6088
v -0.726 -0.5128 -0.6083
v -0.7274 -0.5128 -0.6083
v -0.7263 -0.4943 -0.5914
v -0.7277 -0.4943 -0.5914
v -0.7268 -0.4948 -0.568
v -0.7282 -0.4948 -0.568
v -0.7271 -0.5133 -0.5512
v -0.7285 -0.5133 -0.5512
v -0.7271 -0.5391 -0.5516
v -0.7285 -0.5391 -0.5516
v -0.7268 -0.5576 -0.5685
v -0.7282 -0.5576 -0.5685
v -0.7263 -0.5571 -0.5919
v -0.7277 -0.5571 -0.5919
v -0.726 -0.5386 -0.6087
v -0.7274 -0.5386 -0.6087

g name14 
f 4681 4682 4680
f 4697 4698 4690 4689
f 4705 4706 4698 4697
f 4713 4706 4705
f 4682 4683 4680
f 4698 4699 4691 4690
f 4706 4707 4699 4698
f 4713 4707 4706
f 4683 4684 4680
f 4699 4700 4692 4691
f 4707 4708 4700 4699
f 4713 4708 4707
f 4684 4685 4680
f 4700 4701 4693 4692
f 4708 4709 4701 4700
f 4713 4709 4708
f 4685 4686 4680
f 4701 4702 4694 4693
f 4709 4710 4702 4701
f 4713 4710 4709
f 4686 4687 4680
f 4702 4703 4695 4694
f 4710 4711 4703 4702
f 4713 4711 4710
f 4687 4688 4680
f 4703 4704 4696 4695
f 4711 4712 4704 4703
f 4713 4712 4711
f 4688 4681 4680
f 4704 4697 4689 4696
f 4712 4705 4697 4704
f 4713 4705 4712
f 4714 4693 4694 4715
f 4729 4686 4685 4723
f 4715 4694 4695 4716
f 4728 4687 4686 4729
f 4716 4695 4696 4717
f 4727 4688 4687 4728
f 4717 4696 4689 4718
f 4726 4681 4688 4727
f 4718 4689 4690 4719
f 4725 4682 4681 4726
f 4719 4690 4691 4720
f 4724 4683 4682 4725
f 4720 4691 4692 4721
f 4722 4684 4683 4724
f 4723 4685 4684 4722
f 4721 4692 4693 4714
f 4723 4722 4731 4745
f 4745 4731 4730 4744
f 4744 4730 4721 4714
f 4720 4721 4730 4732
f 4732 4730 4731 4733
f 4733 4731 4722 4724
f 4719 4720 4732 4734
f 4734 4732 4733 4735
f 4735 4733 4724 4725
f 4718 4719 4734 4736
f 4736 4734 4735 4737
f 4737 4735 4725 4726
f 4717 4718 4736 4738
f 4738 4736 4737 4739
f 4739 4737 4726 4727
f 4716 4717 4738 4740
f 4740 4738 4739 4741
f 4741 4739 4727 4728
f 4715 4716 4740 4742
f 4742 4740 4741 4743
f 4743 4741 4728 4729
f 4714 4715 4742 4744
f 4744 4742 4743 4745
f 4745 4743 4729 4723

g 
v -0.7957 -0.4879 -0.5144
v -0.7948 -0.441 -0.5564
v -0.7932 -0.4399 -0.6159
v -0.7921 -0.4862 -0.6585
v -0.7919 -0.5522 -0.6594
v -0.7928 -0.599 -0.6173
v -0.7943 -0.5996 -0.5574
v -0.7955 -0.5532 -0.5148
v -0.7964 -0.475 -0.4862
v -0.7951 -0.4101 -0.5443
v -0.7931 -0.409 -0.6276
v -0.7914 -0.4734 -0.6839
v -0.7912 -0.5645 -0.684
v -0.7925 -0.6294 -0.629
v -0.7945 -0.6305 -0.5462
v -0.7962 -0.5666 -0.4872
v 0.3506 -0.4756 -0.4601
v 0.3519 -0.4107 -0.5181
v 0.3539 -0.4096 -0.6014
v 0.3557 -0.4739 -0.6639
v 0.3559 -0.5651 -0.6639
v 0.3545 -0.63 -0.6029
v 0.3525 -0.631 -0.5201
v 0.3508 -0.5672 -0.4606
v 0.3513 -0.4884 -0.4882
v 0.3522 -0.4416 -0.5303
v 0.3537 -0.4405 -0.5897
v 0.3549 -0.4868 -0.6323
v 0.3551 -0.5527 -0.6328
v 0.3542 -0.5996 -0.5912
v 0.3527 -0.6001 -0.5313
v 0.3515 -0.5538 -0.4887

g name15 
f 4754 4755 4747 4746
f 4762 4763 4755 4754
f 4770 4771 4763 4762
f 4746 4747 4771 4770
f 4755 4756 4748 4747
f 4763 4764 4756 4755
f 4771 4772 4764 4763
f 4747 4748 4772 4771
f 4756 4757 4749 4748
f 4764 4765 4757 4756
f 4772 4773 4765 4764
f 4748 4749 4773 4772
f 4757 4758 4750 4749
f 4765 4766 4758 4757
f 4773 4774 4766 4765
f 4749 4750 4774 4773
f 4758 4759 4751 4750
f 4766 4767 4759 4758
f 4774 4775 4767 4766
f 4750 4751 4775 4774
f 4759 4760 4752 4751
f 4767 4768 4760 4759
f 4775 4776 4768 4767
f 4751 4752 4776 4775
f 4760 4761 4753 4752
f 4768 4769 4761 4760
f 4776 4777 4769 4768
f 4752 4753 4777 4776
f 4761 4754 4746 4753
f 4769 4762 4754 4761
f 4777 4770 4762 4769
f 4753 4746 4770 4777

g 
v 0.9312 -0.2088 0.4056
v 0.9312 -0.2088 -0.397
v 0.9292 0.2189 0.4056
v 0.9292 0.2189 -0.397
v -0.512 0.2189 0.4056
v -0.512 0.2189 -0.397
v -0.51 -0.2088 0.4056
v -0.51 -0.2088 -0.397
v -0.5713 -0.2088 0.2617
v -0.583 0.2189 -0.1286
v 1.023 -0.363 0.2399
v 1.023 -0.3658 -0.2317
v 0.969 0.2189 0.2399
v -0.5712 -0.2088 -0.2535
v -0.7671 -0.2088 -0.1155
v 0.9689 0.2189 -0.2317
v -0.5831 0.2189 0.1368
v -0.7971 0.19 0.1128
v -0.7968 0.1895 -0.1047
v -0.7672 -0.2088 0.1237
v -0.5096 -0.2032 0.0041
v -0.5053 -0.2032 0.0041
v -0.5036 -0.2032 0.2617
v -0.5035 -0.2032 -0.2535
v -1.125 0.2708 -0.0509
v -1.1251 0.2711 0.0581
v -1.0208 0.3147 0.0581
v -1.0207 0.3148 -0.0509
v -1.2436 0.3526 -0.1142
v -1.2439 0.3526 0.1214
v -0.9915 0.3526 0.1214
v -0.9913 0.3526 -0.1142
v -1.2726 0.447 -0.1414
v -1.273 0.447 0.1485
v -0.9624 0.447 0.1485
v -0.9623 0.447 -0.1414

g name16 
f 4784 4778 4780 4782
f 4779 4785 4783 4781
f 4789 4779 4781 4793
f 4790 4780 4778 4788
f 4793 4781 4783 4787
f 4810 4811 4812 4813
f 4794 4782 4780 4790
f 4793 4787 4794 4790
f 4778 4788 4789 4779
f 4778 4784 4786 4797 4792 4791 4785 4779
f 4788 4789 4793 4790
f 4803 4802 4796 4795
f 4804 4803 4795 4794
f 4805 4804 4794 4787
f 4802 4805 4787 4796
f 4807 4806 4802 4803
f 4808 4807 4803 4804
f 4809 4808 4804 4805
f 4809 4805 4802
f 4802 4806 4809
f 4811 4810 4806 4807
f 4812 4811 4807 4808
f 4813 4812 4808 4809
f 4810 4813 4809 4806

g 
v 0.5576 -0.1353 0.5777
v 0.8511 -0.1353 0.5777
v 0.5576 0.2995 0.5777
v 0.8511 0.2995 0.5777
v 0.5576 0.2995 0.4064
v 0.8511 0.2995 0.4064
v 0.5576 -0.1353 0.4064
v 0.8511 -0.1353 0.4064
v 0.8511 0.2302 0.3911
v 0.5576 0.2302 0.3911
v 0.5424 0.2466 0.5777
v 0.8511 0.2302 0.593
v 0.8511 -0.0935 0.593
v 0.8511 -0.0935 0.3911
v 0.5576 -0.0935 0.3911
v 0.5576 -0.0935 0.593
v 0.5576 -0.025 0.593
v 0.5576 -0.025 0.3911
v 0.8511 -0.025 0.3911
v 0.8511 -0.025 0.593
v 0.3912 -0.025 0.3911
v 0.3759 -0.1098 0.4064
v 0.3759 -0.1098 0.5777
v 0.3912 -0.025 0.593
v 0.3759 -0.1189 0.4064
v 0.3759 -0.1189 0.5777
v 0.3912 0.2139 0.593
v 0.3912 0.2139 0.3911
v 0.3017 -0.0087 0.4064
v 0.317 -0.0771 0.3911
v 0.317 -0.0935 0.5777
v 0.3017 -0.0087 0.5777
v 0.3017 0.2139 0.5777
v 0.3017 0.2139 0.4064
v 0.1091 -0.0413 0.4064
v 0.1091 -0.0771 0.4064
v 0.1091 -0.0771 0.5777
v 0.1091 -0.0413 0.5777
v 0.5576 0.2831 0.593
v 0.5424 0.2831 0.5777
v 0.8664 0.2831 0.5777
v 0.8511 0.2831 0.593
v 0.8511 0.2831 0.3911
v 0.8664 0.2831 0.4064
v 0.5424 0.2831 0.4064
v 0.5576 0.2831 0.3911
v 0.5576 -0.1189 0.3911
v 0.5271 -0.1189 0.3911
v 0.5271 -0.1353 0.4064
v 0.8664 -0.1189 0.4064
v 0.8511 -0.1189 0.3911
v 0.8511 -0.1189 0.593
v 0.8664 -0.1189 0.5777
v 0.5271 -0.1353 0.5777
v 0.5271 -0.1189 0.593
v 0.5576 -0.1189 0.593
v 0.5271 -0.0935 0.3911
v 0.5271 -0.025 0.3911
v 0.5424 0.2466 0.4064
v 0.5271 0.2302 0.4064
v 0.5271 0.2139 0.3911
v 0.8664 0.2302 0.4064
v 0.8664 -0.025 0.4064
v 0.8664 -0.0935 0.4064
v 0.5576 0.2302 0.593
v 0.5271 0.2139 0.593
v 0.5271 0.2302 0.5777
v 0.8664 -0.0935 0.5777
v 0.8664 -0.025 0.5777
v 0.8664 0.2302 0.5777
v 0.5271 -0.025 0.593
v 0.5271 -0.0935 0.593
v 0.3912 -0.0935 0.3911
v 0.3606 -0.0771 0.3911
v 0.3606 -0.0935 0.4064
v 0.3912 -0.1353 0.4064
v 0.3912 -0.1189 0.3911
v 0.3912 -0.1189 0.593
v 0.3912 -0.1353 0.5777
v 0.3606 -0.0935 0.5777
v 0.3606 -0.0771 0.593
v 0.3912 -0.0935 0.593
v 0.317 -0.025 0.593
v 0.2865 -0.0413 0.593
v 0.2865 -0.025 0.5777
v 0.317 0.2302 0.5777
v 0.317 0.2139 0.593
v 0.317 0.2139 0.3911
v 0.317 0.2302 0.4064
v 0.2865 -0.025 0.4064
v 0.2865 -0.0413 0.3911
v 0.317 -0.025 0.3911
v 0.1244 -0.0413 0.3911
v 0.1244 -0.025 0.4064
v 0.1244 -0.0935 0.4064
v 0.1244 -0.0771 0.3911
v 0.1244 -0.0771 0.593
v 0.1244 -0.0935 0.5777
v 0.1244 -0.025 0.5777
v 0.1244 -0.0413 0.593
v 0.3606 -0.025 0.3911
v 0.3912 0.2302 0.4064
v 0.3606 0.2302 0.4064
v 0.3606 0.2139 0.3911
v 0.3606 0.2139 0.593
v 0.3606 0.2302 0.5777
v 0.3912 0.2302 0.5777
v 0.3606 -0.025 0.593
v 0.2865 -0.0771 0.3911
v 0.2865 -0.0935 0.4064
v 0.317 -0.0935 0.4064
v 0.2865 -0.0935 0.5777
v 0.2865 -0.0771 0.593
v 0.317 -0.0771 0.593

g name17 
f 4816 4817 4819 4818
f 4820 4821 4815 4814
f 4828 4831 4823 4859 4856 4822 4832 4827 4864 4860
f 4824 4853 4858 4872
f 4826 4833 4825 4855 4852 4878 4830 4829 4869 4865
f 4877 4876 4875 4857 4854 4883 4882 4881 4866 4863
f 4835 4838 4839 4836
f 4845 4846 4847 4842
f 4848 4849 4850 4851
f 4886 4834 4841 4874 4871 4870 4861 4890
f 4885 4884 4879 4840 4837 4895 4891 4868
f 4892 4889 4862 4867
f 4915 4920 4880 4873
f 4914 4887 4843 4905 4901 4917
f 4844 4924 4888 4893
f 4896 4927 4894 4921 4918 4900
f 4902 4899 4919 4916
f 4909 4906 4904 4922
f 4911 4908 4923 4925
f 4913 4910 4926 4897
f 4907 4912 4898 4903
f 4817 4816 4852 4855
f 4819 4817 4854 4857
f 4818 4819 4856 4859
f 4816 4818 4858 4853
f 4821 4820 4860 4864
f 4815 4821 4863 4866
f 4814 4815 4865 4869
f 4820 4814 4867 4862
f 4831 4828 4870 4871
f 4823 4831 4871 4874
f 4859 4823 4872 4858
f 4822 4856 4857 4875
f 4832 4822 4875 4876
f 4827 4832 4876 4877
f 4864 4827 4877 4863
f 4828 4860 4861 4870
f 4853 4824 4878 4852
f 4824 4872 4873 4880
f 4833 4826 4881 4882
f 4825 4833 4882 4883
f 4855 4825 4883 4854
f 4830 4878 4879 4884
f 4829 4830 4884 4885
f 4869 4829 4885 4868
f 4826 4865 4866 4881
f 4838 4835 4886 4890
f 4839 4838 4889 4892
f 4836 4839 4891 4895
f 4835 4836 4893 4888
f 4846 4845 4896 4900
f 4847 4846 4899 4902
f 4842 4847 4901 4905
f 4845 4842 4903 4898
f 4849 4848 4906 4909
f 4850 4849 4908 4911
f 4851 4850 4910 4913
f 4848 4851 4912 4907
f 4834 4886 4887 4914
f 4841 4834 4914 4917
f 4874 4841 4915 4873
f 4890 4861 4862 4889
f 4840 4879 4880 4920
f 4837 4840 4918 4921
f 4895 4837 4921 4894
f 4868 4891 4892 4867
f 4920 4915 4916 4919
f 4843 4887 4888 4924
f 4905 4843 4922 4904
f 4917 4901 4902 4916
f 4924 4844 4925 4923
f 4844 4893 4894 4927
f 4927 4896 4897 4926
f 4900 4918 4919 4899
f 4904 4906 4907 4903
f 4909 4922 4923 4908
f 4911 4925 4926 4910
f 4913 4897 4898 4912
f 4853 4852 4816
f 4855 4854 4817
f 4857 4856 4819
f 4859 4858 4818
f 4862 4861 4860 4820
f 4864 4863 4821
f 4866 4865 4815
f 4869 4868 4867 4814
f 4874 4873 4872 4823
f 4880 4879 4878 4824
f 4888 4887 4886 4835
f 4890 4889 4838
f 4892 4891 4839
f 4895 4894 4893 4836
f 4898 4897 4896 4845
f 4900 4899 4846
f 4902 4901 4847
f 4905 4904 4903 4842
f 4907 4906 4848
f 4909 4908 4849
f 4911 4910 4850
f 4913 4912 4851
f 4917 4916 4915 4841
f 4920 4919 4918 4840
f 4924 4923 4922 4843
f 4927 4926 4925 4844

g 
v 1.3072 -0.0139 -0.5407
v 1.3072 0.0289 -0.4008
v 1.3072 0.126 -0.5836
v 1.3072 0.1689 -0.4437
v 0.8755 0.1689 -0.5407
v 0.8755 0.126 -0.4008
v 0.8755 0.0289 -0.5836
v 0.8755 -0.0139 -0.4437
v 1.3072 -0.0139 -0.4437
v 0.8755 0.0289 -0.4008
v 1.3072 0.0289 -0.5836
v 0.8755 -0.0139 -0.5407
v 1.3072 0.1689 -0.5407
v 0.8755 0.126 -0.5836
v 1.3072 0.126 -0.4008
v 0.8755 0.1689 -0.4437
v 1.3128 0.0719 -0.5191
v 1.3128 0.0566 -0.51
v 1.3128 0.0494 -0.4873
v 1.3128 0.0593 -0.4716
v 1.3128 0.0824 -0.4652
v 1.3128 0.0977 -0.4744
v 1.3128 0.1035 -0.4956
v 1.3128 0.0949 -0.5127
v 0.7806 0.0601 -0.5127
v 0.7806 0.0501 -0.497
v 0.7806 0.0573 -0.4744
v 0.7806 0.0727 -0.4652
v 0.7806 0.0957 -0.4716
v 0.7806 0.1043 -0.4887
v 0.7806 0.0984 -0.51
v 0.7806 0.0831 -0.5191
v 0.957 0.126 -0.4008
v 0.957 0.1689 -0.4437
v 0.9904 0.1689 -0.5407
v 0.957 0.126 -0.5836
v 0.957 0.0289 -0.5836
v 0.957 -0.0139 -0.5407
v 0.9904 -0.0139 -0.4437
v 0.957 0.0289 -0.4008
v 1.2187 0.0289 -0.4008
v 1.2187 0.126 -0.4008
v 1.2187 -0.0139 -0.4437
v 1.1864 -0.0139 -0.5407
v 1.2208 0.0289 -0.5836
v 1.2208 0.126 -0.5836
v 1.2208 0.1689 -0.5407
v 1.1856 0.1689 -0.4437
v 1.1072 0.0289 -0.4008
v 1.1072 -0.0139 -0.4437
v 1.0655 -0.0139 -0.5408
v 1.0655 0.0289 -0.5835
v 1.0655 0.126 -0.5835
v 1.1078 0.1689 -0.5408
v 1.0661 0.1689 -0.4437
v 1.1072 0.126 -0.4008
v 1.1856 0.0289 -0.4008
v 1.1856 0.126 -0.4008
v 1.2187 0.1689 -0.4437
v 1.2023 0.1689 -0.4806
v 1.1856 -0.0139 -0.4437
v 1.2023 -0.0139 -0.4806
v 1.1856 0.0561 -0.4263
v 1.1856 0.0989 -0.4263
v 1.1856 0.1178 -0.4418
v 1.2187 0.1178 -0.4418
v 1.2187 0.0989 -0.4263
v 1.2187 0.0561 -0.4263
v 1.2187 0.0372 -0.4418
v 1.1856 0.0372 -0.4418
v 1.2023 0.0372 -0.4772
v 1.2023 0.1178 -0.4745
v 1.1864 0.126 -0.5836
v 1.1864 0.0289 -0.5836
v 1.2208 -0.0139 -0.5407
v 1.2036 -0.0139 -0.5038
v 1.1864 0.1689 -0.5407
v 1.2036 0.1689 -0.5038
v 1.2208 0.0493 -0.554
v 1.2208 0.1057 -0.554
v 1.1864 0.1057 -0.554
v 1.1864 0.0493 -0.554
v 1.1864 0.0243 -0.529
v 1.2208 0.0243 -0.529
v 1.2208 0.1306 -0.529
v 1.1864 0.1306 -0.529
v 1.2036 0.1306 -0.5075
v 1.2036 0.0243 -0.5075
v 0.7806 0.0957 -0.5127
v 1.3128 0.0824 -0.5191
v 1.3127 0.1021 -0.5385
v 0.7806 0.1043 -0.4956
v 1.3128 0.0977 -0.51
v 1.3127 0.1238 -0.5168
v 0.7806 0.0984 -0.4744
v 1.3128 0.1035 -0.4887
v 1.3127 0.1238 -0.4676
v 0.7806 0.0831 -0.4652
v 1.3128 0.0949 -0.4716
v 1.3127 0.1021 -0.4459
v 0.7806 0.0601 -0.4716
v 1.3128 0.0719 -0.4652
v 1.3127 0.0529 -0.4459
v 0.7806 0.0501 -0.4873
v 1.3128 0.0566 -0.4744
v 1.3127 0.0311 -0.4676
v 0.7806 0.0573 -0.51
v 1.3128 0.0494 -0.497
v 1.3127 0.0311 -0.5168
v 0.7806 0.0726 -0.5191
v 1.3128 0.0593 -0.5127
v 1.3127 0.0529 -0.5385
v 1.3128 0.09 -0.5161
v 0.7806 0.0907 -0.5161
v 1.3128 0.101 -0.505
v 0.7806 0.1018 -0.505
v 1.3128 0.101 -0.4794
v 0.7806 0.1018 -0.4794
v 1.3128 0.09 -0.4683
v 0.7806 0.0907 -0.4683
v 1.3128 0.0643 -0.4683
v 0.7806 0.065 -0.4683
v 1.3128 0.0532 -0.4794
v 0.7806 0.054 -0.4794
v 1.3128 0.0532 -0.505
v 0.7806 0.054 -0.505
v 0.7806 0.065 -0.5161
v 1.3128 0.0643 -0.5161
v 1.0661 0.0289 -0.4008
v 1.0661 0.126 -0.4008
v 1.1072 0.1689 -0.4437
v 1.0866 0.1689 -0.4725
v 1.0661 -0.0139 -0.4437
v 1.0866 -0.0139 -0.4725
v 1.1078 0.126 -0.5835
v 1.0655 0.1689 -0.5408
v 1.0866 0.1689 -0.5119
v 1.1078 0.0289 -0.5835
v 1.1078 -0.0139 -0.5408
v 1.0866 -0.0139 -0.5119
v 0.9904 -0.0139 -0.5407
v 0.9737 -0.0139 -0.5119
v 0.9904 0.0289 -0.5836
v 0.9904 0.126 -0.5836
v 0.957 0.1689 -0.5407
v 0.9737 0.1689 -0.5119
v 0.9904 0.1689 -0.4437
v 0.9737 0.1689 -0.4725
v 0.9904 0.126 -0.4008
v 0.9904 0.0289 -0.4008
v 0.957 -0.0139 -0.4437
v 0.9737 -0.0139 -0.4725
v 1.0702 0.1 -0.4351
v 1.0702 0.1199 -0.4619
v 1.1031 0.1199 -0.4619
v 1.1031 0.1 -0.4351
v 1.0866 0.1199 -0.4799
v 1.1031 0.0549 -0.4351
v 1.0702 0.0549 -0.4351
v 1.1031 0.0351 -0.4619
v 1.0702 0.0351 -0.4619
v 1.0866 0.0351 -0.4799
v 1.0866 0.0251 -0.5045
v 1.1034 0.0251 -0.5226
v 1.0699 0.0251 -0.5226
v 1.1034 0.0497 -0.5493
v 1.0699 0.0497 -0.5493
v 1.1034 0.1053 -0.5493
v 1.0699 0.1053 -0.5493
v 1.1034 0.1299 -0.5226
v 1.0699 0.1299 -0.5226
v 1.0866 0.1299 -0.5045
v 1.1253 0.1689 -0.4669
v 1.1146 0.1689 -0.4819
v 1.1146 0.1689 -0.5025
v 1.1257 0.1689 -0.5175
v 1.1666 0.1689 -0.5175
v 1.1756 0.1689 -0.4982
v 1.175 0.1689 -0.4862
v 1.1662 0.1689 -0.4669
v 1.1389 0.1689 -0.4785
v 1.1314 0.1689 -0.4863
v 1.1314 0.1689 -0.4981
v 1.1391 0.1689 -0.5059
v 1.1522 0.1689 -0.5058
v 1.1586 0.1689 -0.4981
v 1.1586 0.1689 -0.4863
v 1.152 0.1689 -0.4786
v 1.1397 0.1678 -0.4803
v 1.1332 0.1678 -0.4871
v 1.1332 0.1678 -0.4973
v 1.1398 0.1678 -0.5041
v 1.1513 0.1678 -0.504
v 1.1568 0.1678 -0.4973
v 1.1568 0.1678 -0.4871
v 1.1511 0.1678 -0.4804
v 1.1397 0.1282 -0.4803
v 1.1332 0.1282 -0.4871
v 1.1332 0.1282 -0.4973
v 1.1398 0.1282 -0.5041
v 1.1513 0.1282 -0.504
v 1.1568 0.1282 -0.4973
v 1.1568 0.1282 -0.4871
v 1.1511 0.1282 -0.4804
v 1.3127 0.1633 -0.5384
v 1.3127 0.1633 -0.446
v 1.3127 0.1237 -0.5781
v 1.3127 0.0312 -0.5781
v 1.3127 -0.0084 -0.5384
v 1.3127 -0.0084 -0.446
v 1.3127 0.0312 -0.4063
v 1.3127 0.1237 -0.4063
v 0.8755 0.0976 -0.53
v 0.8755 0.1153 -0.5123
v 0.8755 0.1153 -0.4721
v 0.8755 0.0976 -0.4544
v 0.8755 0.0574 -0.4544
v 0.8755 0.0396 -0.4721
v 0.8755 0.0396 -0.5123
v 0.8755 0.0574 -0.53
v 0.7809 0.0976 -0.53
v 0.7809 0.1153 -0.5123
v 0.7809 0.1153 -0.4721
v 0.7809 0.0976 -0.4544
v 0.7809 0.0574 -0.4544
v 0.7809 0.0396 -0.4721
v 0.7809 0.0396 -0.5123
v 0.7809 0.0574 -0.53
v 0.8552 0.0574 -0.53
v 0.8552 0.0976 -0.53
v 0.8552 0.1153 -0.5123
v 0.8552 0.1153 -0.4721
v 0.8552 0.0976 -0.4544
v 0.8552 0.0574 -0.4544
v 0.8552 0.0396 -0.4721
v 0.8552 0.0396 -0.5123
v 0.8149 0.0976 -0.4543
v 0.8149 0.1153 -0.4721
v 0.8149 0.0574 -0.4543
v 0.8149 0.0396 -0.4721
v 0.8149 0.0396 -0.5123
v 0.8149 0.0574 -0.53
v 0.8149 0.0976 -0.53
v 0.8149 0.1153 -0.5123
v 0.8211 0.1153 -0.5123
v 0.8211 0.1153 -0.4721
v 0.8211 0.0976 -0.53
v 0.8211 0.0574 -0.53
v 0.8211 0.0396 -0.5123
v 0.8211 0.0396 -0.4721
v 0.8211 0.0574 -0.4544
v 0.8211 0.0976 -0.4544
v 0.849 0.1153 -0.4721
v 0.849 0.1153 -0.5123
v 0.849 0.0976 -0.4544
v 0.849 0.0574 -0.4544
v 0.849 0.0396 -0.4721
v 0.849 0.0396 -0.5123
v 0.849 0.0574 -0.53
v 0.849 0.0976 -0.53
v 0.8175 0.1114 -0.5102
v 0.8175 0.0955 -0.5261
v 0.8175 0.0595 -0.5261
v 0.8175 0.0436 -0.5102
v 0.8175 0.0436 -0.4742
v 0.8175 0.0595 -0.4583
v 0.8175 0.1114 -0.4742
v 0.8175 0.0955 -0.4583
v 0.8527 0.1114 -0.4742
v 0.8527 0.0955 -0.4583
v 0.8527 0.0595 -0.4583
v 0.8527 0.0436 -0.4742
v 0.8527 0.0436 -0.5102
v 0.8527 0.0595 -0.5261
v 0.8527 0.1114 -0.5102
v 0.8527 0.0955 -0.5261
v 0.7809 0.0915 -0.5186
v 0.7809 0.1039 -0.5062
v 0.7809 0.1039 -0.4782
v 0.7809 0.0915 -0.4658
v 0.7809 0.0634 -0.4658
v 0.7809 0.0511 -0.4782
v 0.7809 0.0511 -0.5062
v 0.7809 0.0634 -0.5186
v 0.9591 0.1004 -0.4411
v 0.9591 0.1206 -0.4651
v 0.9883 0.1206 -0.4651
v 0.9883 0.1004 -0.4411
v 0.9591 0.0546 -0.4411
v 0.9883 0.0546 -0.4411
v 0.9591 0.0343 -0.4651
v 0.9883 0.0343 -0.4651
v 0.9737 0.1206 -0.4812
v 0.9737 0.0343 -0.4812
v 0.9737 0.0343 -0.5032
v 0.9883 0.0343 -0.5193
v 0.9591 0.0343 -0.5193
v 0.9883 0.0546 -0.5433
v 0.9591 0.0546 -0.5433
v 0.9883 0.1004 -0.5433
v 0.9591 0.1004 -0.5433
v 0.9591 0.1206 -0.5193
v 0.9883 0.1206 -0.5193
v 0.9737 0.1206 -0.5032
v 1.0106 0.1689 -0.4683
v 1.0024 0.1689 -0.4825
v 1.0024 0.1689 -0.5019
v 1.0106 0.1689 -0.5161
v 1.0475 0.1689 -0.5161
v 1.058 0.1689 -0.5019
v 1.058 0.1689 -0.4825
v 1.0479 0.1689 -0.4683
v 1.0232 0.1689 -0.4801
v 1.0174 0.1689 -0.4878
v 1.0174 0.1689 -0.4967
v 1.0232 0.1689 -0.5044
v 1.0361 0.1689 -0.5044
v 1.0429 0.1689 -0.4967
v 1.0429 0.1689 -0.4878
v 1.0363 0.1689 -0.4801
v 1.0243 0.1682 -0.482
v 1.0194 0.1682 -0.4885
v 1.0194 0.1682 -0.496
v 1.0243 0.1682 -0.5025
v 1.0352 0.1682 -0.5025
v 1.041 0.1682 -0.496
v 1.041 0.1682 -0.4885
v 1.0353 0.1682 -0.482
v 1.0243 0.1235 -0.482
v 1.0194 0.1235 -0.4885
v 1.0194 0.1235 -0.496
v 1.0243 0.1235 -0.5025
v 1.0352 0.1235 -0.5025
v 1.041 0.1235 -0.496
v 1.041 0.1235 -0.4885
v 1.0353 0.1235 -0.482
v 1.3072 -0.0139 -0.5407
v 1.3072 0.0289 -0.4008
v 1.3072 0.126 -0.5836
v 1.3072 0.1689 -0.4437
v 0.8755 0.1689 -0.5407
v 0.8755 0.126 -0.4008
v 0.8755 0.0289 -0.5836
v 0.8755 -0.0139 -0.4437
v 1.3072 -0.0139 -0.4437
v 0.8755 0.0289 -0.4008
v 1.3072 0.0289 -0.5836
v 0.8755 -0.0139 -0.5407
v 1.3072 0.1689 -0.5407
v 0.8755 0.126 -0.5836
v 1.3072 0.126 -0.4008
v 0.8755 0.1689 -0.4437
v 1.3128 0.0719 -0.5191
v 1.3128 0.0566 -0.51
v 1.3128 0.0494 -0.4873
v 1.3128 0.0593 -0.4716
v 1.3128 0.0824 -0.4652
v 1.3128 0.0977 -0.4744
v 1.3128 0.1035 -0.4956
v 1.3128 0.0949 -0.5127
v 0.7806 0.0601 -0.5127
v 0.7806 0.0501 -0.497
v 0.7806 0.0573 -0.4744
v 0.7806 0.0727 -0.4652
v 0.7806 0.0957 -0.4716
v 0.7806 0.1043 -0.4887
v 0.7806 0.0984 -0.51
v 0.7806 0.0831 -0.5191
v 0.957 0.126 -0.4008
v 0.957 0.1689 -0.4437
v 0.9904 0.1689 -0.5407
v 0.957 0.126 -0.5836
v 0.957 0.0289 -0.5836
v 0.957 -0.0139 -0.5407
v 0.9904 -0.0139 -0.4437
v 0.957 0.0289 -0.4008
v 1.2187 0.0289 -0.4008
v 1.2187 0.126 -0.4008
v 1.2187 -0.0139 -0.4437
v 1.1864 -0.0139 -0.5407
v 1.2208 0.0289 -0.5836
v 1.2208 0.126 -0.5836
v 1.2208 0.1689 -0.5407
v 1.1856 0.1689 -0.4437
v 1.1072 0.0289 -0.4008
v 1.1072 -0.0139 -0.4437
v 1.0655 -0.0139 -0.5408
v 1.0655 0.0289 -0.5835
v 1.0655 0.126 -0.5835
v 1.1078 0.1689 -0.5408
v 1.0661 0.1689 -0.4437
v 1.1072 0.126 -0.4008
v 1.1856 0.0289 -0.4008
v 1.1856 0.126 -0.4008
v 1.2187 0.1689 -0.4437
v 1.2023 0.1689 -0.4806
v 1.1856 -0.0139 -0.4437
v 1.2023 -0.0139 -0.4806
v 1.1856 0.0561 -0.4263
v 1.1856 0.0989 -0.4263
v 1.1856 0.1178 -0.4418
v 1.2187 0.1178 -0.4418
v 1.2187 0.0989 -0.4263
v 1.2187 0.0561 -0.4263
v 1.2187 0.0372 -0.4418
v 1.1856 0.0372 -0.4418
v 1.2023 0.0372 -0.4772
v 1.2023 0.1178 -0.4745
v 1.1864 0.126 -0.5836
v 1.1864 0.0289 -0.5836
v 1.2208 -0.0139 -0.5407
v 1.2036 -0.0139 -0.5038
v 1.1864 0.1689 -0.5407
v 1.2036 0.1689 -0.5038
v 1.2208 0.0493 -0.554
v 1.2208 0.1057 -0.554
v 1.1864 0.1057 -0.554
v 1.1864 0.0493 -0.554
v 1.1864 0.0243 -0.529
v 1.2208 0.0243 -0.529
v 1.2208 0.1306 -0.529
v 1.1864 0.1306 -0.529
v 1.2036 0.1306 -0.5075
v 1.2036 0.0243 -0.5075
v 0.7806 0.0957 -0.5127
v 1.3128 0.0824 -0.5191
v 1.3127 0.1021 -0.5385
v 0.7806 0.1043 -0.4956
v 1.3128 0.0977 -0.51
v 1.3127 0.1238 -0.5168
v 0.7806 0.0984 -0.4744
v 1.3128 0.1035 -0.4887
v 1.3127 0.1238 -0.4676
v 0.7806 0.0831 -0.4652
v 1.3128 0.0949 -0.4716
v 1.3127 0.1021 -0.4459
v 0.7806 0.0601 -0.4716
v 1.3128 0.0719 -0.4652
v 1.3127 0.0529 -0.4459
v 0.7806 0.0501 -0.4873
v 1.3128 0.0566 -0.4744
v 1.3127 0.0311 -0.4676
v 0.7806 0.0573 -0.51
v 1.3128 0.0494 -0.497
v 1.3127 0.0311 -0.5168
v 0.7806 0.0726 -0.5191
v 1.3128 0.0593 -0.5127
v 1.3127 0.0529 -0.5385
v 1.3128 0.09 -0.5161
v 0.7806 0.0907 -0.5161
v 1.3128 0.101 -0.505
v 0.7806 0.1018 -0.505
v 1.3128 0.101 -0.4794
v 0.7806 0.1018 -0.4794
v 1.3128 0.09 -0.4683
v 0.7806 0.0907 -0.4683
v 1.3128 0.0643 -0.4683
v 0.7806 0.065 -0.4683
v 1.3128 0.0532 -0.4794
v 0.7806 0.054 -0.4794
v 1.3128 0.0532 -0.505
v 0.7806 0.054 -0.505
v 0.7806 0.065 -0.5161
v 1.3128 0.0643 -0.5161
v 1.0661 0.0289 -0.4008
v 1.0661 0.126 -0.4008
v 1.1072 0.1689 -0.4437
v 1.0866 0.1689 -0.4725
v 1.0661 -0.0139 -0.4437
v 1.0866 -0.0139 -0.4725
v 1.1078 0.126 -0.5835
v 1.0655 0.1689 -0.5408
v 1.0866 0.1689 -0.5119
v 1.1078 0.0289 -0.5835
v 1.1078 -0.0139 -0.5408
v 1.0866 -0.0139 -0.5119
v 0.9904 -0.0139 -0.5407
v 0.9737 -0.0139 -0.5119
v 0.9904 0.0289 -0.5836
v 0.9904 0.126 -0.5836
v 0.957 0.1689 -0.5407
v 0.9737 0.1689 -0.5119
v 0.9904 0.1689 -0.4437
v 0.9737 0.1689 -0.4725
v 0.9904 0.126 -0.4008
v 0.9904 0.0289 -0.4008
v 0.957 -0.0139 -0.4437
v 0.9737 -0.0139 -0.4725
v 1.0702 0.1 -0.4351
v 1.0702 0.1199 -0.4619
v 1.1031 0.1199 -0.4619
v 1.1031 0.1 -0.4351
v 1.0866 0.1199 -0.4799
v 1.1031 0.0549 -0.4351
v 1.0702 0.0549 -0.4351
v 1.1031 0.0351 -0.4619
v 1.0702 0.0351 -0.4619
v 1.0866 0.0351 -0.4799
v 1.0866 0.0251 -0.5045
v 1.1034 0.0251 -0.5226
v 1.0699 0.0251 -0.5226
v 1.1034 0.0497 -0.5493
v 1.0699 0.0497 -0.5493
v 1.1034 0.1053 -0.5493
v 1.0699 0.1053 -0.5493
v 1.1034 0.1299 -0.5226
v 1.0699 0.1299 -0.5226
v 1.0866 0.1299 -0.5045
v 1.1253 0.1689 -0.4669
v 1.1146 0.1689 -0.4819
v 1.1146 0.1689 -0.5025
v 1.1257 0.1689 -0.5175
v 1.1666 0.1689 -0.5175
v 1.1756 0.1689 -0.4982
v 1.175 0.1689 -0.4862
v 1.1662 0.1689 -0.4669
v 1.1389 0.1689 -0.4785
v 1.1314 0.1689 -0.4863
v 1.1314 0.1689 -0.4981
v 1.1391 0.1689 -0.5059
v 1.1522 0.1689 -0.5058
v 1.1586 0.1689 -0.4981
v 1.1586 0.1689 -0.4863
v 1.152 0.1689 -0.4786
v 1.1397 0.1678 -0.4803
v 1.1332 0.1678 -0.4871
v 1.1332 0.1678 -0.4973
v 1.1398 0.1678 -0.5041
v 1.1513 0.1678 -0.504
v 1.1568 0.1678 -0.4973
v 1.1568 0.1678 -0.4871
v 1.1511 0.1678 -0.4804
v 1.1397 0.1282 -0.4803
v 1.1332 0.1282 -0.4871
v 1.1332 0.1282 -0.4973
v 1.1398 0.1282 -0.5041
v 1.1513 0.1282 -0.504
v 1.1568 0.1282 -0.4973
v 1.1568 0.1282 -0.4871
v 1.1511 0.1282 -0.4804
v 1.3127 0.1633 -0.5384
v 1.3127 0.1633 -0.446
v 1.3127 0.1237 -0.5781
v 1.3127 0.0312 -0.5781
v 1.3127 -0.0084 -0.5384
v 1.3127 -0.0084 -0.446
v 1.3127 0.0312 -0.4063
v 1.3127 0.1237 -0.4063
v 0.8755 0.0976 -0.53
v 0.8755 0.1153 -0.5123
v 0.8755 0.1153 -0.4721
v 0.8755 0.0976 -0.4544
v 0.8755 0.0574 -0.4544
v 0.8755 0.0396 -0.4721
v 0.8755 0.0396 -0.5123
v 0.8755 0.0574 -0.53
v 0.7809 0.0976 -0.53
v 0.7809 0.1153 -0.5123
v 0.7809 0.1153 -0.4721
v 0.7809 0.0976 -0.4544
v 0.7809 0.0574 -0.4544
v 0.7809 0.0396 -0.4721
v 0.7809 0.0396 -0.5123
v 0.7809 0.0574 -0.53
v 0.8552 0.0574 -0.53
v 0.8552 0.0976 -0.53
v 0.8552 0.1153 -0.5123
v 0.8552 0.1153 -0.4721
v 0.8552 0.0976 -0.4544
v 0.8552 0.0574 -0.4544
v 0.8552 0.0396 -0.4721
v 0.8552 0.0396 -0.5123
v 0.8149 0.0976 -0.4543
v 0.8149 0.1153 -0.4721
v 0.8149 0.0574 -0.4543
v 0.8149 0.0396 -0.4721
v 0.8149 0.0396 -0.5123
v 0.8149 0.0574 -0.53
v 0.8149 0.0976 -0.53
v 0.8149 0.1153 -0.5123
v 0.8211 0.1153 -0.5123
v 0.8211 0.1153 -0.4721
v 0.8211 0.0976 -0.53
v 0.8211 0.0574 -0.53
v 0.8211 0.0396 -0.5123
v 0.8211 0.0396 -0.4721
v 0.8211 0.0574 -0.4544
v 0.8211 0.0976 -0.4544
v 0.849 0.1153 -0.4721
v 0.849 0.1153 -0.5123
v 0.849 0.0976 -0.4544
v 0.849 0.0574 -0.4544
v 0.849 0.0396 -0.4721
v 0.849 0.0396 -0.5123
v 0.849 0.0574 -0.53
v 0.849 0.0976 -0.53
v 0.8175 0.1114 -0.5102
v 0.8175 0.0955 -0.5261
v 0.8175 0.0595 -0.5261
v 0.8175 0.0436 -0.5102
v 0.8175 0.0436 -0.4742
v 0.8175 0.0595 -0.4583
v 0.8175 0.1114 -0.4742
v 0.8175 0.0955 -0.4583
v 0.8527 0.1114 -0.4742
v 0.8527 0.0955 -0.4583
v 0.8527 0.0595 -0.4583
v 0.8527 0.0436 -0.4742
v 0.8527 0.0436 -0.5102
v 0.8527 0.0595 -0.5261
v 0.8527 0.1114 -0.5102
v 0.8527 0.0955 -0.5261
v 0.7809 0.0915 -0.5186
v 0.7809 0.1039 -0.5062
v 0.7809 0.1039 -0.4782
v 0.7809 0.0915 -0.4658
v 0.7809 0.0634 -0.4658
v 0.7809 0.0511 -0.4782
v 0.7809 0.0511 -0.5062
v 0.7809 0.0634 -0.5186
v 0.9591 0.1004 -0.4411
v 0.9591 0.1206 -0.4651
v 0.9883 0.1206 -0.4651
v 0.9883 0.1004 -0.4411
v 0.9591 0.0546 -0.4411
v 0.9883 0.0546 -0.4411
v 0.9591 0.0343 -0.4651
v 0.9883 0.0343 -0.4651
v 0.9737 0.1206 -0.4812
v 0.9737 0.0343 -0.4812
v 0.9737 0.0343 -0.5032
v 0.9883 0.0343 -0.5193
v 0.9591 0.0343 -0.5193
v 0.9883 0.0546 -0.5433
v 0.9591 0.0546 -0.5433
v 0.9883 0.1004 -0.5433
v 0.9591 0.1004 -0.5433
v 0.9591 0.1206 -0.5193
v 0.9883 0.1206 -0.5193
v 0.9737 0.1206 -0.5032
v 1.0106 0.1689 -0.4683
v 1.0024 0.1689 -0.4825
v 1.0024 0.1689 -0.5019
v 1.0106 0.1689 -0.5161
v 1.0475 0.1689 -0.5161
v 1.058 0.1689 -0.5019
v 1.058 0.1689 -0.4825
v 1.0479 0.1689 -0.4683
v 1.0232 0.1689 -0.4801
v 1.0174 0.1689 -0.4878
v 1.0174 0.1689 -0.4967
v 1.0232 0.1689 -0.5044
v 1.0361 0.1689 -0.5044
v 1.0429 0.1689 -0.4967
v 1.0429 0.1689 -0.4878
v 1.0363 0.1689 -0.4801
v 1.0243 0.1682 -0.482
v 1.0194 0.1682 -0.4885
v 1.0194 0.1682 -0.496
v 1.0243 0.1682 -0.5025
v 1.0352 0.1682 -0.5025
v 1.041 0.1682 -0.496
v 1.041 0.1682 -0.4885
v 1.0353 0.1682 -0.482
v 1.0243 0.1235 -0.482
v 1.0194 0.1235 -0.4885
v 1.0194 0.1235 -0.496
v 1.0243 0.1235 -0.5025
v 1.0352 0.1235 -0.5025
v 1.041 0.1235 -0.496
v 1.041 0.1235 -0.4885
v 1.0353 0.1235 -0.482

g name18 
f 4961 4943 4933 4960
f 4974 4940 4930 4973
f 4964 4934 4941 4963
f 4973 4930 4938 4972
f 4965 4939 4934 4964
f 4970 4936 4929 4968
f 4968 4929 4942 4969
f 4960 4933 4937 4967
f 4983 4976 4984 4985
f 5076 5077 5056 5057
f 4980 4979 5070 5071
f 5000 5001 5065 5062
f 4969 4942 4931 4986
f 4988 4984 4976 4977
f 4985 4984 4990 4991
f 4975 4985 4991 4992
f 4969 4986 4993 4994
f 4968 4969 4994 4995
f 4970 4968 4995 4996
f 4984 4988 4997 4990
f 4988 4989 4998 4997
f 4989 4970 4996 4998
f 4986 4987 4999 4993
f 4987 4975 4992 4999
f 4972 4938 4928 5002
f 5003 5002 4928 4936 4970 4989
f 5004 5000 5062 4981
f 4987 4986 4931 4940 4974 5005
f 4973 4972 5006 5007
f 5001 5000 5008 5009
f 4971 5001 5009 5010
f 4972 5002 5011 5006
f 4974 4973 5007 5012
f 5000 5004 5013 5008
f 5004 5005 5014 5013
f 5005 4974 5012 5014
f 5002 5003 5015 5011
f 5003 4971 5010 5015
f 5041 5040 4951 5016
f 4959 5017 5040 5041
f 5043 5042 4950 5019
f 4958 5020 5042 5043
f 5045 5044 4949 5022
f 4957 5023 5044 5045
f 5047 5046 4948 5025
f 4956 5026 5046 5047
f 5049 5048 4947 5028
f 4955 5029 5048 5049
f 5051 5050 4946 5031
f 4954 5032 5050 5051
f 5053 5052 4945 5034
f 4953 5035 5052 5053
f 5055 5054 4952 5038
f 4944 5037 5054 5055
f 4951 5040 5017 5018
f 4950 5042 5020 5021
f 4949 5044 5023 5024
f 4948 5046 5026 5027
f 4947 5048 5029 5030
f 4946 5050 5032 5033
f 4945 5052 5035 5036
f 4944 5055 5038 5039
f 4951 5020 4958 5016
f 4944 5017 4959 5037
f 5135 5134 5018 5017 4944 5039
f 5134 5132 5021 5020 4951 5018
f 4950 5023 4957 5019
f 5132 5133 5024 5023 4950 5021
f 4949 5026 4956 5022
f 5133 5139 5027 5026 4949 5024
f 4948 5029 4955 5025
f 5139 5138 5030 5029 4948 5027
f 4947 5032 4954 5028
f 5138 5137 5033 5032 4947 5030
f 4946 5035 4953 5031
f 5137 5136 5036 5035 4946 5033
f 4945 5038 4952 5034
f 5136 5135 5039 5038 4945 5036
f 4985 4975 5058 4983
f 5131 5130 5129 5128 5127 5126 5125 5124
f 5263 5262 5261 5260 5259 5258 5257 5256
f 5060 5056 5077 4966
f 4978 5067 5061 5060 4966 5079 5069 5068
f 4971 5003 4989 4988 4977 5061 5067 5066
f 5063 4980 5071 4962
f 5001 4971 5066 5065
f 4979 4978 5068 5070
f 5079 5078 4935 4939 4965 5069
f 4963 4941 4932 5072
f 5073 5072 4932 4943 4961 5075
f 5057 4982 5074 5076
f 4967 4937 4935 5078
f 4982 5057 5080 5081
f 4983 5058 5082 5083
f 5058 5059 5084 5082
f 5059 4982 5081 5084
f 4976 4983 5083 5085
f 5057 5056 5086 5080
f 4977 4976 5085 5087
f 5056 5060 5088 5086
f 5060 5061 5089 5088
f 5061 4977 5087 5089
f 5066 5067 5090 5091
f 5067 4978 5092 5090
f 5065 5066 5091 5093
f 4978 4979 5094 5092
f 5062 5065 5093 5095
f 4979 4980 5096 5094
f 4981 5062 5095 5097
f 4980 5063 5098 5096
f 5063 5064 5099 5098
f 5064 4981 5097 5099
f 5059 5058 5100 5101
f 5064 5059 5101 5102
f 4981 5064 5102 5103
f 5004 4981 5103 5104
f 5005 5004 5104 5105
f 4987 5005 5105 5106
f 4975 4987 5106 5107
f 5058 4975 5107 5100
f 5101 5100 5108 5109
f 5102 5101 5109 5110
f 5103 5102 5110 5111
f 5104 5103 5111 5112
f 5105 5104 5112 5113
f 5106 5105 5113 5114
f 5107 5106 5114 5115
f 5100 5107 5115 5108
f 5109 5108 5116 5117
f 5110 5109 5117 5118
f 5111 5110 5118 5119
f 5112 5111 5119 5120
f 5113 5112 5120 5121
f 5114 5113 5121 5122
f 5115 5114 5122 5123
f 5108 5115 5123 5116
f 5117 5116 5124 5125
f 5118 5117 5125 5126
f 5119 5118 5126 5127
f 5120 5119 5127 5128
f 5121 5120 5128 5129
f 5122 5121 5129 5130
f 5123 5122 5130 5131
f 5116 5123 5131 5124
f 5133 5132 4940 4931
f 5132 5134 4930 4940
f 5134 5135 4938 4930
f 5135 5136 4928 4938
f 5136 5137 4936 4928
f 5137 5138 4929 4936
f 5138 5139 4942 4929
f 5139 5133 4931 4942
f 4932 4941 5140 5141
f 4943 4932 5141 5142
f 4933 4943 5142 5143
f 4937 4933 5143 5144
f 4935 4937 5144 5145
f 4939 4935 5145 5146
f 4934 4939 5146 5147
f 4941 4934 5147 5140
f 5157 5140 5147 5156
f 5169 5155 5148 5170
f 5158 5141 5140 5157
f 5170 5148 5149 5171
f 5159 5142 5141 5158
f 5171 5149 5150 5165
f 5160 5143 5142 5159
f 5165 5150 5151 5164
f 5161 5144 5143 5160
f 5164 5151 5152 5166
f 5162 5145 5144 5161
f 5166 5152 5153 5167
f 5163 5146 5145 5162
f 5167 5153 5154 5168
f 5168 5154 5155 5169
f 5156 5147 5146 5163
f 5173 5179 5182 5180
f 5179 5178 5183 5182
f 5178 5177 5184 5183
f 5177 5176 5185 5184
f 5186 5185 5176 5175
f 5175 5174 5187 5186
f 5174 5172 5181 5187
f 5172 5173 5180 5181
f 5194 5188 5171 5165
f 5173 5172 5188 5194
f 5188 5189 5170 5171
f 5172 5174 5189 5188
f 5189 5190 5169 5170
f 5174 5175 5190 5189
f 5190 5191 5168 5169
f 5175 5176 5191 5190
f 5191 5192 5167 5168
f 5176 5177 5192 5191
f 5192 5193 5166 5167
f 5177 5178 5193 5192
f 5193 5195 5164 5166
f 5178 5179 5195 5193
f 5195 5194 5165 5164
f 5179 5173 5194 5195
f 5202 5196 5159 5158
f 5181 5180 5196 5202
f 5196 5197 5160 5159
f 5180 5182 5197 5196
f 5197 5198 5161 5160
f 5182 5183 5198 5197
f 5198 5199 5162 5161
f 5183 5184 5199 5198
f 5199 5200 5163 5162
f 5184 5185 5200 5199
f 5200 5201 5156 5163
f 5185 5186 5201 5200
f 5201 5203 5157 5156
f 5186 5187 5203 5201
f 5203 5202 5158 5157
f 5187 5181 5202 5203
f 5149 5148 5204 5205
f 5150 5149 5205 5206
f 5151 5150 5206 5207
f 5152 5151 5207 5208
f 5153 5152 5208 5209
f 5154 5153 5209 5210
f 5155 5154 5210 5211
f 5148 5155 5211 5204
f 4961 4960 5212 5213
f 5076 5074 5214 5215
f 4960 4967 5216 5212
f 5077 5076 5215 5217
f 4967 5078 5218 5216
f 4966 5077 5217 5219
f 5074 5075 5220 5214
f 5075 4961 5213 5220
f 5078 5079 5221 5218
f 5079 4966 5219 5221
f 5068 5069 5222 5223
f 5069 4965 5224 5222
f 5070 5068 5223 5225
f 4965 4964 5226 5224
f 5071 5070 5225 5227
f 4964 4963 5228 5226
f 4963 5072 5229 5228
f 4962 5071 5227 5230
f 5072 5073 5231 5229
f 5073 4962 5230 5231
f 5075 5074 5232 5233
f 5073 5075 5233 5234
f 4962 5073 5234 5235
f 5063 4962 5235 5236
f 5064 5063 5236 5237
f 5059 5064 5237 5238
f 4982 5059 5238 5239
f 5074 4982 5239 5232
f 5233 5232 5240 5241
f 5234 5233 5241 5242
f 5235 5234 5242 5243
f 5236 5235 5243 5244
f 5237 5236 5244 5245
f 5238 5237 5245 5246
f 5239 5238 5246 5247
f 5232 5239 5247 5240
f 5241 5240 5248 5249
f 5242 5241 5249 5250
f 5243 5242 5250 5251
f 5244 5243 5251 5252
f 5245 5244 5252 5253
f 5246 5245 5253 5254
f 5247 5246 5254 5255
f 5240 5247 5255 5248
f 5249 5248 5256 5257
f 5250 5249 5257 5258
f 5251 5250 5258 5259
f 5252 5251 5259 5260
f 5253 5252 5260 5261
f 5254 5253 5261 5262
f 5255 5254 5262 5263
f 5248 5255 5263 5256
f 5296 5269 5279 5297
f 5309 5266 5276 5310
f 5299 5277 5270 5300
f 5308 5274 5266 5309
f 5300 5270 5275 5301
f 5304 5265 5272 5306
f 5305 5278 5265 5304
f 5303 5273 5269 5296
f 5321 5320 5312 5319
f 5393 5392 5413 5412
f 5407 5406 5315 5316
f 5398 5401 5337 5336
f 5322 5267 5278 5305
f 5313 5312 5320 5324
f 5327 5326 5320 5321
f 5328 5327 5321 5311
f 5330 5329 5322 5305
f 5331 5330 5305 5304
f 5332 5331 5304 5306
f 5326 5333 5324 5320
f 5333 5334 5325 5324
f 5334 5332 5306 5325
f 5329 5335 5323 5322
f 5335 5328 5311 5323
f 5338 5264 5274 5308
f 5325 5306 5272 5264 5338 5339
f 5317 5398 5336 5340
f 5341 5310 5276 5267 5322 5323
f 5343 5342 5308 5309
f 5345 5344 5336 5337
f 5346 5345 5337 5307
f 5342 5347 5338 5308
f 5348 5343 5309 5310
f 5344 5349 5340 5336
f 5349 5350 5341 5340
f 5350 5348 5310 5341
f 5347 5351 5339 5338
f 5351 5346 5307 5339
f 5352 5287 5376 5377
f 5377 5376 5353 5295
f 5355 5286 5378 5379
f 5379 5378 5356 5294
f 5358 5285 5380 5381
f 5381 5380 5359 5293
f 5361 5284 5382 5383
f 5383 5382 5362 5292
f 5364 5283 5384 5385
f 5385 5384 5365 5291
f 5367 5282 5386 5387
f 5387 5386 5368 5290
f 5370 5281 5388 5389
f 5389 5388 5371 5289
f 5374 5288 5390 5391
f 5391 5390 5373 5280
f 5354 5353 5376 5287
f 5357 5356 5378 5286
f 5360 5359 5380 5285
f 5363 5362 5382 5284
f 5366 5365 5384 5283
f 5369 5368 5386 5282
f 5372 5371 5388 5281
f 5375 5374 5391 5280
f 5352 5294 5356 5287
f 5373 5295 5353 5280
f 5375 5280 5353 5354 5470 5471
f 5354 5287 5356 5357 5468 5470
f 5355 5293 5359 5286
f 5357 5286 5359 5360 5469 5468
f 5358 5292 5362 5285
f 5360 5285 5362 5363 5475 5469
f 5361 5291 5365 5284
f 5363 5284 5365 5366 5474 5475
f 5364 5290 5368 5283
f 5366 5283 5368 5369 5473 5474
f 5367 5289 5371 5282
f 5369 5282 5371 5372 5472 5473
f 5370 5288 5374 5281
f 5372 5281 5374 5375 5471 5472
f 5319 5394 5311 5321
f 5460 5461 5462 5463 5464 5465 5466 5467
f 5592 5593 5594 5595 5596 5597 5598 5599
f 5302 5413 5392 5396
f 5404 5405 5415 5302 5396 5397 5403 5314
f 5402 5403 5397 5313 5324 5325 5339 5307
f 5298 5407 5316 5399
f 5401 5402 5307 5337
f 5406 5404 5314 5315
f 5405 5301 5275 5271 5414 5415
f 5408 5268 5277 5299
f 5411 5297 5279 5268 5408 5409
f 5412 5410 5318 5393
f 5414 5271 5273 5303
f 5417 5416 5393 5318
f 5419 5418 5394 5319
f 5418 5420 5395 5394
f 5420 5417 5318 5395
f 5421 5419 5319 5312
f 5416 5422 5392 5393
f 5423 5421 5312 5313
f 5422 5424 5396 5392
f 5424 5425 5397 5396
f 5425 5423 5313 5397
f 5427 5426 5403 5402
f 5426 5428 5314 5403
f 5429 5427 5402 5401
f 5428 5430 5315 5314
f 5431 5429 5401 5398
f 5430 5432 5316 5315
f 5433 5431 5398 5317
f 5432 5434 5399 5316
f 5434 5435 5400 5399
f 5435 5433 5317 5400
f 5437 5436 5394 5395
f 5438 5437 5395 5400
f 5439 5438 5400 5317
f 5440 5439 5317 5340
f 5441 5440 5340 5341
f 5442 5441 5341 5323
f 5443 5442 5323 5311
f 5436 5443 5311 5394
f 5445 5444 5436 5437
f 5446 5445 5437 5438
f 5447 5446 5438 5439
f 5448 5447 5439 5440
f 5449 5448 5440 5441
f 5450 5449 5441 5442
f 5451 5450 5442 5443
f 5444 5451 5443 5436
f 5453 5452 5444 5445
f 5454 5453 5445 5446
f 5455 5454 5446 5447
f 5456 5455 5447 5448
f 5457 5456 5448 5449
f 5458 5457 5449 5450
f 5459 5458 5450 5451
f 5452 5459 5451 5444
f 5461 5460 5452 5453
f 5462 5461 5453 5454
f 5463 5462 5454 5455
f 5464 5463 5455 5456
f 5465 5464 5456 5457
f 5466 5465 5457 5458
f 5467 5466 5458 5459
f 5460 5467 5459 5452
f 5267 5276 5468 5469
f 5276 5266 5470 5468
f 5266 5274 5471 5470
f 5274 5264 5472 5471
f 5264 5272 5473 5472
f 5272 5265 5474 5473
f 5265 5278 5475 5474
f 5278 5267 5469 5475
f 5477 5476 5277 5268
f 5478 5477 5268 5279
f 5479 5478 5279 5269
f 5480 5479 5269 5273
f 5481 5480 5273 5271
f 5482 5481 5271 5275
f 5483 5482 5275 5270
f 5476 5483 5270 5277
f 5492 5483 5476 5493
f 5506 5484 5491 5505
f 5493 5476 5477 5494
f 5507 5485 5484 5506
f 5494 5477 5478 5495
f 5501 5486 5485 5507
f 5495 5478 5479 5496
f 5500 5487 5486 5501
f 5496 5479 5480 5497
f 5502 5488 5487 5500
f 5497 5480 5481 5498
f 5503 5489 5488 5502
f 5498 5481 5482 5499
f 5504 5490 5489 5503
f 5505 5491 5490 5504
f 5499 5482 5483 5492
f 5516 5518 5515 5509
f 5518 5519 5514 5515
f 5519 5520 5513 5514
f 5520 5521 5512 5513
f 5511 5512 5521 5522
f 5522 5523 5510 5511
f 5523 5517 5508 5510
f 5517 5516 5509 5508
f 5501 5507 5524 5530
f 5530 5524 5508 5509
f 5507 5506 5525 5524
f 5524 5525 5510 5508
f 5506 5505 5526 5525
f 5525 5526 5511 5510
f 5505 5504 5527 5526
f 5526 5527 5512 5511
f 5504 5503 5528 5527
f 5527 5528 5513 5512
f 5503 5502 5529 5528
f 5528 5529 5514 5513
f 5502 5500 5531 5529
f 5529 5531 5515 5514
f 5500 5501 5530 5531
f 5531 5530 5509 5515
f 5494 5495 5532 5538
f 5538 5532 5516 5517
f 5495 5496 5533 5532
f 5532 5533 5518 5516
f 5496 5497 5534 5533
f 5533 5534 5519 5518
f 5497 5498 5535 5534
f 5534 5535 5520 5519
f 5498 5499 5536 5535
f 5535 5536 5521 5520
f 5499 5492 5537 5536
f 5536 5537 5522 5521
f 5492 5493 5539 5537
f 5537 5539 5523 5522
f 5493 5494 5538 5539
f 5539 5538 5517 5523
f 5541 5540 5484 5485
f 5542 5541 5485 5486
f 5543 5542 5486 5487
f 5544 5543 5487 5488
f 5545 5544 5488 5489
f 5546 5545 5489 5490
f 5547 5546 5490 5491
f 5540 5547 5491 5484
f 5549 5548 5296 5297
f 5551 5550 5410 5412
f 5548 5552 5303 5296
f 5553 5551 5412 5413
f 5552 5554 5414 5303
f 5555 5553 5413 5302
f 5550 5556 5411 5410
f 5556 5549 5297 5411
f 5554 5557 5415 5414
f 5557 5555 5302 5415
f 5559 5558 5405 5404
f 5558 5560 5301 5405
f 5561 5559 5404 5406
f 5560 5562 5300 5301
f 5563 5561 5406 5407
f 5562 5564 5299 5300
f 5564 5565 5408 5299
f 5566 5563 5407 5298
f 5565 5567 5409 5408
f 5567 5566 5298 5409
f 5569 5568 5410 5411
f 5570 5569 5411 5409
f 5571 5570 5409 5298
f 5572 5571 5298 5399
f 5573 5572 5399 5400
f 5574 5573 5400 5395
f 5575 5574 5395 5318
f 5568 5575 5318 5410
f 5577 5576 5568 5569
f 5578 5577 5569 5570
f 5579 5578 5570 5571
f 5580 5579 5571 5572
f 5581 5580 5572 5573
f 5582 5581 5573 5574
f 5583 5582 5574 5575
f 5576 5583 5575 5568
f 5585 5584 5576 5577
f 5586 5585 5577 5578
f 5587 5586 5578 5579
f 5588 5587 5579 5580
f 5589 5588 5580 5581
f 5590 5589 5581 5582
f 5591 5590 5582 5583
f 5584 5591 5583 5576
f 5593 5592 5584 5585
f 5594 5593 5585 5586
f 5595 5594 5586 5587
f 5596 5595 5587 5588
f 5597 5596 5588 5589
f 5598 5597 5589 5590
f 5599 5598 5590 5591
f 5592 5599 5591 5584
f 4991 4990 5326 5327
f 4992 4991 5327 5328
f 4994 4993 5329 5330
f 4995 4994 5330 5331
f 4996 4995 5331 5332
f 4990 4997 5333 5326
f 4997 4998 5334 5333
f 4998 4996 5332 5334
f 4993 4999 5335 5329
f 4999 4992 5328 5335
f 5007 5006 5342 5343
f 5009 5008 5344 5345
f 5010 5009 5345 5346
f 5006 5011 5347 5342
f 5012 5007 5343 5348
f 5008 5013 5349 5344
f 5013 5014 5350 5349
f 5014 5012 5348 5350
f 5011 5015 5351 5347
f 5015 5010 5346 5351
f 5041 5016 5352 5377
f 4959 5041 5377 5295
f 5043 5019 5355 5379
f 4958 5043 5379 5294
f 5045 5022 5358 5381
f 4957 5045 5381 5293
f 5047 5025 5361 5383
f 4956 5047 5383 5292
f 5049 5028 5364 5385
f 4955 5049 5385 5291
f 5051 5031 5367 5387
f 4954 5051 5387 5290
f 5053 5034 5370 5389
f 4953 5053 5389 5289
f 4952 5054 5390 5288
f 5054 5037 5373 5390
f 5016 4958 5294 5352
f 5037 4959 5295 5373
f 5019 4957 5293 5355
f 5022 4956 5292 5358
f 5025 4955 5291 5361
f 5028 4954 5290 5364
f 5031 4953 5289 5367
f 5034 4952 5288 5370
f 5081 5080 5416 5417
f 5083 5082 5418 5419
f 5082 5084 5420 5418
f 5084 5081 5417 5420
f 5085 5083 5419 5421
f 5080 5086 5422 5416
f 5087 5085 5421 5423
f 5086 5088 5424 5422
f 5088 5089 5425 5424
f 5089 5087 5423 5425
f 5091 5090 5426 5427
f 5090 5092 5428 5426
f 5093 5091 5427 5429
f 5092 5094 5430 5428
f 5095 5093 5429 5431
f 5094 5096 5432 5430
f 5097 5095 5431 5433
f 5096 5098 5434 5432
f 5098 5099 5435 5434
f 5099 5097 5433 5435
f 5205 5204 5540 5541
f 5206 5205 5541 5542
f 5207 5206 5542 5543
f 5208 5207 5543 5544
f 5209 5208 5544 5545
f 5210 5209 5545 5546
f 5211 5210 5546 5547
f 5204 5211 5547 5540
f 5213 5212 5548 5549
f 5215 5214 5550 5551
f 5212 5216 5552 5548
f 5217 5215 5551 5553
f 5216 5218 5554 5552
f 5219 5217 5553 5555
f 5214 5220 5556 5550
f 5220 5213 5549 5556
f 5218 5221 5557 5554
f 5221 5219 5555 5557
f 5223 5222 5558 5559
f 5222 5224 5560 5558
f 5225 5223 5559 5561
f 5224 5226 5562 5560
f 5227 5225 5561 5563
f 5226 5228 5564 5562
f 5228 5229 5565 5564
f 5230 5227 5563 5566
f 5229 5231 5567 5565
f 5231 5230 5566 5567

g 
v 0.5576 -0.1353 -0.5777
v 0.8511 -0.1353 -0.5777
v 0.5576 0.2995 -0.5777
v 0.8511 0.2995 -0.5777
v 0.5576 0.2995 -0.4064
v 0.8511 0.2995 -0.4064
v 0.5576 -0.1353 -0.4064
v 0.8511 -0.1353 -0.4064
v 0.8511 0.2302 -0.3911
v 0.5576 0.2302 -0.3911
v 0.5424 0.2466 -0.5777
v 0.8511 0.2302 -0.593
v 0.8511 -0.0935 -0.593
v 0.8511 -0.0935 -0.3911
v 0.5576 -0.0935 -0.3911
v 0.5576 -0.0935 -0.593
v 0.5576 -0.025 -0.593
v 0.5576 -0.025 -0.3911
v 0.8511 -0.025 -0.3911
v 0.8511 -0.025 -0.593
v 0.3912 -0.025 -0.3911
v 0.3759 -0.1098 -0.4064
v 0.3759 -0.1098 -0.5777
v 0.3912 -0.025 -0.593
v 0.3759 -0.1189 -0.4064
v 0.3759 -0.1189 -0.5777
v 0.3912 0.2139 -0.593
v 0.3912 0.2139 -0.3911
v 0.3017 -0.0087 -0.4064
v 0.317 -0.0771 -0.3911
v 0.317 -0.0935 -0.5777
v 0.3017 -0.0087 -0.5777
v 0.3017 0.2139 -0.5777
v 0.3017 0.2139 -0.4064
v 0.1091 -0.0413 -0.4064
v 0.1091 -0.0771 -0.4064
v 0.1091 -0.0771 -0.5777
v 0.1091 -0.0413 -0.5777
v 0.5576 0.2831 -0.593
v 0.5424 0.2831 -0.5777
v 0.8664 0.2831 -0.5777
v 0.8511 0.2831 -0.593
v 0.8511 0.2831 -0.3911
v 0.8664 0.2831 -0.4064
v 0.5424 0.2831 -0.4064
v 0.5576 0.2831 -0.3911
v 0.5576 -0.1189 -0.3911
v 0.5271 -0.1189 -0.3911
v 0.5271 -0.1353 -0.4064
v 0.8664 -0.1189 -0.4064
v 0.8511 -0.1189 -0.3911
v 0.8511 -0.1189 -0.593
v 0.8664 -0.1189 -0.5777
v 0.5271 -0.1353 -0.5777
v 0.5271 -0.1189 -0.593
v 0.5576 -0.1189 -0.593
v 0.5271 -0.0935 -0.3911
v 0.5271 -0.025 -0.3911
v 0.5424 0.2466 -0.4064
v 0.5271 0.2302 -0.4064
v 0.5271 0.2139 -0.3911
v 0.8664 0.2302 -0.4064
v 0.8664 -0.025 -0.4064
v 0.8664 -0.0935 -0.4064
v 0.5576 0.2302 -0.593
v 0.5271 0.2139 -0.593
v 0.5271 0.2302 -0.5777
v 0.8664 -0.0935 -0.5777
v 0.8664 -0.025 -0.5777
v 0.8664 0.2302 -0.5777
v 0.5271 -0.025 -0.593
v 0.5271 -0.0935 -0.593
v 0.3912 -0.0935 -0.3911
v 0.3606 -0.0771 -0.3911
v 0.3606 -0.0935 -0.4064
v 0.3912 -0.1353 -0.4064
v 0.3912 -0.1189 -0.3911
v 0.3912 -0.1189 -0.593
v 0.3912 -0.1353 -0.5777
v 0.3606 -0.0935 -0.5777
v 0.3606 -0.0771 -0.593
v 0.3912 -0.0935 -0.593
v 0.317 -0.025 -0.593
v 0.2865 -0.0413 -0.593
v 0.2865 -0.025 -0.5777
v 0.317 0.2302 -0.5777
v 0.317 0.2139 -0.593
v 0.317 0.2139 -0.3911
v 0.317 0.2302 -0.4064
v 0.2865 -0.025 -0.4064
v 0.2865 -0.0413 -0.3911
v 0.317 -0.025 -0.3911
v 0.1244 -0.0413 -0.3911
v 0.1244 -0.025 -0.4064
v 0.1244 -0.0935 -0.4064
v 0.1244 -0.0771 -0.3911
v 0.1244 -0.0771 -0.593
v 0.1244 -0.0935 -0.5777
v 0.1244 -0.025 -0.5777
v 0.1244 -0.0413 -0.593
v 0.3606 -0.025 -0.3911
v 0.3912 0.2302 -0.4064
v 0.3606 0.2302 -0.4064
v 0.3606 0.2139 -0.3911
v 0.3606 0.2139 -0.593
v 0.3606 0.2302 -0.5777
v 0.3912 0.2302 -0.5777
v 0.3606 -0.025 -0.593
v 0.2865 -0.0771 -0.3911
v 0.2865 -0.0935 -0.4064
v 0.317 -0.0935 -0.4064
v 0.2865 -0.0935 -0.5777
v 0.2865 -0.0771 -0.593
v 0.317 -0.0771 -0.593

g name19 
f 5604 5605 5603 5602
f 5600 5601 5607 5606
f 5646 5650 5613 5618 5608 5642 5645 5609 5617 5614
f 5658 5644 5639 5610
f 5651 5655 5615 5616 5664 5638 5641 5611 5619 5612
f 5649 5652 5667 5668 5669 5640 5643 5661 5662 5663
f 5622 5625 5624 5621
f 5628 5633 5632 5631
f 5637 5636 5635 5634
f 5676 5647 5656 5657 5660 5627 5620 5672
f 5654 5677 5681 5623 5626 5665 5670 5671
f 5653 5648 5675 5678
f 5659 5666 5706 5701
f 5703 5687 5691 5629 5673 5700
f 5679 5674 5710 5630
f 5686 5704 5707 5680 5713 5682
f 5702 5705 5685 5688
f 5708 5690 5692 5695
f 5711 5709 5694 5697
f 5683 5712 5696 5699
f 5689 5684 5698 5693
f 5641 5638 5602 5603
f 5643 5640 5603 5605
f 5645 5642 5605 5604
f 5639 5644 5604 5602
f 5650 5646 5606 5607
f 5652 5649 5607 5601
f 5655 5651 5601 5600
f 5648 5653 5600 5606
f 5657 5656 5614 5617
f 5660 5657 5617 5609
f 5644 5658 5609 5645
f 5661 5643 5642 5608
f 5662 5661 5608 5618
f 5663 5662 5618 5613
f 5649 5663 5613 5650
f 5656 5647 5646 5614
f 5638 5664 5610 5639
f 5666 5659 5658 5610
f 5668 5667 5612 5619
f 5669 5668 5619 5611
f 5640 5669 5611 5641
f 5670 5665 5664 5616
f 5671 5670 5616 5615
f 5654 5671 5615 5655
f 5667 5652 5651 5612
f 5676 5672 5621 5624
f 5678 5675 5624 5625
f 5681 5677 5625 5622
f 5674 5679 5622 5621
f 5686 5682 5631 5632
f 5688 5685 5632 5633
f 5691 5687 5633 5628
f 5684 5689 5628 5631
f 5695 5692 5634 5635
f 5697 5694 5635 5636
f 5699 5696 5636 5637
f 5693 5698 5637 5634
f 5700 5673 5672 5620
f 5703 5700 5620 5627
f 5659 5701 5627 5660
f 5675 5648 5647 5676
f 5706 5666 5665 5626
f 5707 5704 5626 5623
f 5680 5707 5623 5681
f 5653 5678 5677 5654
f 5705 5702 5701 5706
f 5710 5674 5673 5629
f 5690 5708 5629 5691
f 5702 5688 5687 5703
f 5709 5711 5630 5710
f 5713 5680 5679 5630
f 5712 5683 5682 5713
f 5685 5705 5704 5686
f 5689 5693 5692 5690
f 5694 5709 5708 5695
f 5696 5712 5711 5697
f 5698 5684 5683 5699
f 5602 5638 5639
f 5603 5640 5641
f 5605 5642 5643
f 5604 5644 5645
f 5606 5646 5647 5648
f 5607 5649 5650
f 5601 5651 5652
f 5600 5653 5654 5655
f 5609 5658 5659 5660
f 5610 5664 5665 5666
f 5621 5672 5673 5674
f 5624 5675 5676
f 5625 5677 5678
f 5622 5679 5680 5681
f 5631 5682 5683 5684
f 5632 5685 5686
f 5633 5687 5688
f 5628 5689 5690 5691
f 5634 5692 5693
f 5635 5694 5695
f 5636 5696 5697
f 5637 5698 5699
f 5627 5701 5702 5703
f 5626 5704 5705 5706
f 5629 5708 5709 5710
f 5630 5711 5712 5713

g 
v -1.444 0.0797 -0.2896
v -1.444 0.0797 0.2823
v -1.3745 0.0797 -0.2743
v -1.3745 0.0797 0.2695
v -1.6226 -0.2759 -0.2505
v -1.6226 -0.2759 0.2432
v -1.5579 -0.3033 -0.2373
v -1.5579 -0.3033 0.2322
v -1.4577 -0.2876 -0.0969
v -1.4577 -0.2876 0.0896
v -1.4577 -0.0131 0.0965
v -1.4577 -0.0131 -0.1038

g name20 
f 5716 5714 5715 5717
f 5721 5719 5718 5720
f 5720 5718 5714 5716
f 5722 5723 5724 5725
f 5719 5721 5717 5715
f 5721 5720 5716 5717
f 5723 5722 5718 5719
f 5724 5723 5719 5715
f 5725 5724 5715 5714
f 5722 5725 5714 5718

g 
v 1.3638 -0.1318 -1.2354
v 1.4336 -0.1318 -1.3102
v 1.4549 -0.1318 -1.2819
v 1.4653 -0.1318 -1.248
v 1.4635 -0.1318 -1.2124
v 1.4496 -0.1318 -1.1796
v 1.4253 -0.1318 -1.1536
v 1.3936 -0.1318 -1.1375
v 1.3583 -0.1318 -1.1331
v 1.3237 -0.1318 -1.1412
v 1.2939 -0.1318 -1.1605
v 1.2725 -0.1318 -1.1889
v 1.262 -0.1318 -1.2229
v 1.2639 -0.1318 -1.2584
v 1.2778 -0.1318 -1.2912
v 1.302 -0.1318 -1.3172
v 1.3338 -0.1318 -1.3334
v 1.3691 -0.1318 -1.3377
v 1.4037 -0.1318 -1.3297
v 1.4336 -0.0707 -1.3102
v 1.4549 -0.0707 -1.2819
v 1.4653 -0.0707 -1.248
v 1.4635 -0.0707 -1.2124
v 1.4496 -0.0707 -1.1796
v 1.4253 -0.0707 -1.1536
v 1.3936 -0.0707 -1.1375
v 1.3583 -0.0707 -1.1331
v 1.3237 -0.0707 -1.1412
v 1.2939 -0.0707 -1.1605
v 1.2725 -0.0707 -1.1889
v 1.262 -0.0707 -1.2229
v 1.2639 -0.0707 -1.2584
v 1.2778 -0.0707 -1.2912
v 1.302 -0.0707 -1.3172
v 1.3338 -0.0707 -1.3334
v 1.3691 -0.0707 -1.3377
v 1.4037 -0.0707 -1.3297
v 1.3638 -0.0707 -1.2354

g name21 
f 5727 5728 5726
f 5745 5746 5728 5727
f 5763 5746 5745
f 5728 5729 5726
f 5746 5747 5729 5728
f 5763 5747 5746
f 5729 5730 5726
f 5747 5748 5730 5729
f 5763 5748 5747
f 5730 5731 5726
f 5748 5749 5731 5730
f 5763 5749 5748
f 5731 5732 5726
f 5749 5750 5732 5731
f 5763 5750 5749
f 5732 5733 5726
f 5750 5751 5733 5732
f 5763 5751 5750
f 5733 5734 5726
f 5751 5752 5734 5733
f 5763 5752 5751
f 5734 5735 5726
f 5752 5753 5735 5734
f 5763 5753 5752
f 5735 5736 5726
f 5753 5754 5736 5735
f 5763 5754 5753
f 5736 5737 5726
f 5754 5755 5737 5736
f 5763 5755 5754
f 5737 5738 5726
f 5755 5756 5738 5737
f 5763 5756 5755
f 5738 5739 5726
f 5756 5757 5739 5738
f 5763 5757 5756
f 5739 5740 5726
f 5757 5758 5740 5739
f 5763 5758 5757
f 5740 5741 5726
f 5758 5759 5741 5740
f 5763 5759 5758
f 5741 5742 5726
f 5759 5760 5742 5741
f 5763 5760 5759
f 5742 5743 5726
f 5760 5761 5743 5742
f 5763 5761 5760
f 5743 5744 5726
f 5761 5762 5744 5743
f 5763 5762 5761
f 5744 5727 5726
f 5762 5745 5727 5744
f 5763 5745 5762

g 
v 1.366 -0.1691 -1.2367
v 1.3862 -0.1752 -1.2584
v 1.3924 -0.1752 -1.2503
v 1.3954 -0.1752 -1.2404
v 1.3949 -0.1752 -1.23
v 1.3908 -0.1752 -1.2204
v 1.3838 -0.1752 -1.2129
v 1.3745 -0.1752 -1.2081
v 1.3642 -0.1752 -1.2069
v 1.3542 -0.1752 -1.2093
v 1.3454 -0.1752 -1.2149
v 1.3393 -0.1752 -1.2232
v 1.3362 -0.1752 -1.233
v 1.3367 -0.1752 -1.2433
v 1.3408 -0.1752 -1.253
v 1.3478 -0.1752 -1.2605
v 1.3571 -0.1752 -1.2652
v 1.3674 -0.1752 -1.2665
v 1.3776 -0.1752 -1.2642
v 1.3862 0.1165 -1.2584
v 1.3924 0.1165 -1.2503
v 1.3954 0.1165 -1.2404
v 1.3949 0.1165 -1.23
v 1.3908 0.1165 -1.2204
v 1.3838 0.1165 -1.2129
v 1.3745 0.1165 -1.2081
v 1.3642 0.1165 -1.2069
v 1.3542 0.1165 -1.2093
v 1.3454 0.1165 -1.2149
v 1.3393 0.1165 -1.2232
v 1.3362 0.1165 -1.233
v 1.3367 0.1165 -1.2433
v 1.3408 0.1165 -1.253
v 1.3478 0.1165 -1.2605
v 1.3571 0.1165 -1.2652
v 1.3674 0.1165 -1.2665
v 1.3776 0.1165 -1.2642
v 1.3659 0.1771 -1.2367
v 1.3434 0.1104 -1.2512
v 1.3497 0.1104 -1.2579
v 1.358 0.1104 -1.2622
v 1.3672 0.1104 -1.2633
v 1.3763 0.1104 -1.2613
v 1.384 0.1104 -1.2561
v 1.3896 0.1104 -1.2489
v 1.3923 0.1104 -1.24
v 1.3918 0.1104 -1.2307
v 1.3881 0.1104 -1.2221
v 1.3819 0.1104 -1.2154
v 1.3736 0.1104 -1.2111
v 1.3643 0.1104 -1.21
v 1.3554 0.1104 -1.2122
v 1.3475 0.1104 -1.2172
v 1.3421 0.1104 -1.2246
v 1.3393 0.1104 -1.2334
v 1.3398 0.1104 -1.2426
v 1.3434 0.1771 -1.2512
v 1.3497 0.1771 -1.2579
v 1.358 0.1771 -1.2622
v 1.3672 0.1771 -1.2633
v 1.3763 0.1771 -1.2613
v 1.384 0.1771 -1.2561
v 1.3896 0.1771 -1.2489
v 1.3923 0.1771 -1.24
v 1.3918 0.1771 -1.2307
v 1.3881 0.1771 -1.2221
v 1.3819 0.1771 -1.2154
v 1.3736 0.1771 -1.2111
v 1.3643 0.1771 -1.21
v 1.3554 0.1771 -1.2122
v 1.3475 0.1771 -1.2172
v 1.3421 0.1771 -1.2246
v 1.3393 0.1771 -1.2334
v 1.3398 0.1771 -1.2426

g name22 
f 5765 5766 5764
f 5783 5784 5766 5765
f 5801 5826 5825
f 5766 5767 5764
f 5784 5785 5767 5766
f 5801 5827 5826
f 5767 5768 5764
f 5785 5786 5768 5767
f 5801 5828 5827
f 5768 5769 5764
f 5786 5787 5769 5768
f 5801 5829 5828
f 5769 5770 5764
f 5787 5788 5770 5769
f 5801 5830 5829
f 5770 5771 5764
f 5788 5789 5771 5770
f 5801 5831 5830
f 5771 5772 5764
f 5789 5790 5772 5771
f 5801 5832 5831
f 5772 5773 5764
f 5790 5791 5773 5772
f 5801 5833 5832
f 5773 5774 5764
f 5791 5792 5774 5773
f 5801 5834 5833
f 5774 5775 5764
f 5792 5793 5775 5774
f 5801 5835 5834
f 5775 5776 5764
f 5793 5794 5776 5775
f 5801 5836 5835
f 5776 5777 5764
f 5794 5795 5777 5776
f 5801 5837 5836
f 5777 5778 5764
f 5795 5796 5778 5777
f 5801 5820 5837
f 5778 5779 5764
f 5796 5797 5779 5778
f 5801 5821 5820
f 5779 5780 5764
f 5797 5798 5780 5779
f 5801 5822 5821
f 5780 5781 5764
f 5798 5799 5781 5780
f 5801 5823 5822
f 5781 5782 5764
f 5799 5800 5782 5781
f 5801 5824 5823
f 5782 5765 5764
f 5800 5783 5765 5782
f 5801 5825 5824
f 5797 5796 5802 5803
f 5798 5797 5803 5804
f 5799 5798 5804 5805
f 5800 5799 5805 5806
f 5783 5800 5806 5807
f 5784 5783 5807 5808
f 5785 5784 5808 5809
f 5786 5785 5809 5810
f 5787 5786 5810 5811
f 5788 5787 5811 5812
f 5789 5788 5812 5813
f 5790 5789 5813 5814
f 5791 5790 5814 5815
f 5792 5791 5815 5816
f 5793 5792 5816 5817
f 5794 5793 5817 5818
f 5795 5794 5818 5819
f 5796 5795 5819 5802
f 5803 5802 5820 5821
f 5804 5803 5821 5822
f 5805 5804 5822 5823
f 5806 5805 5823 5824
f 5807 5806 5824 5825
f 5808 5807 5825 5826
f 5809 5808 5826 5827
f 5810 5809 5827 5828
f 5811 5810 5828 5829
f 5812 5811 5829 5830
f 5813 5812 5830 5831
f 5814 5813 5831 5832
f 5815 5814 5832 5833
f 5816 5815 5833 5834
f 5817 5816 5834 5835
f 5818 5817 5835 5836
f 5819 5818 5836 5837
f 5802 5819 5837 5820

g 
v 1.3878 0.1154 -1.216
v 1.3923 0.1154 -1.2224
v 1.3951 0.1154 -1.2298
v 1.3958 0.1154 -1.2376
v 1.3945 0.1154 -1.2453
v 1.3913 0.1154 -1.2525
v 1.3863 0.1154 -1.2585
v 1.3799 0.1154 -1.2631
v 1.3726 0.1154 -1.2658
v 1.3647 0.1154 -1.2666
v 1.357 0.1154 -1.2653
v 1.3499 0.1154 -1.262
v 1.3438 0.1154 -1.257
v 1.3393 0.1154 -1.2506
v 1.3365 0.1154 -1.2433
v 1.3358 0.1154 -1.2355
v 1.337 0.1154 -1.2277
v 1.3403 0.1154 -1.2206
v 1.3453 0.1154 -1.2145
v 1.3517 0.1154 -1.21
v 1.359 0.1154 -1.2072
v 1.3668 0.1154 -1.2065
v 1.3746 0.1154 -1.2078
v 1.3817 0.1154 -1.211
v 1.4081 0.1154 -1.1971
v 1.4168 0.1154 -1.2094
v 1.4221 0.1154 -1.2235
v 1.4236 0.1154 -1.2385
v 1.4211 0.1154 -1.2534
v 1.4148 0.1154 -1.2672
v 1.4052 0.1154 -1.2788
v 1.3929 0.1154 -1.2876
v 1.3788 0.1154 -1.2929
v 1.3638 0.1154 -1.2943
v 1.3489 0.1154 -1.2918
v 1.3352 0.1154 -1.2856
v 1.3235 0.1154 -1.276
v 1.3147 0.1154 -1.2637
v 1.3095 0.1154 -1.2495
v 1.308 0.1154 -1.2345
v 1.3105 0.1154 -1.2196
v 1.3168 0.1154 -1.2059
v 1.3264 0.1154 -1.1942
v 1.3387 0.1154 -1.1855
v 1.3528 0.1154 -1.1802
v 1.3678 0.1154 -1.1787
v 1.3827 0.1154 -1.1812
v 1.3964 0.1154 -1.1875
v 1.4081 0.1205 -1.1971
v 1.4168 0.1205 -1.2094
v 1.4221 0.1205 -1.2235
v 1.4236 0.1205 -1.2385
v 1.4211 0.1205 -1.2534
v 1.4148 0.1205 -1.2672
v 1.4052 0.1205 -1.2788
v 1.3929 0.1205 -1.2876
v 1.3788 0.1205 -1.2929
v 1.3638 0.1205 -1.2943
v 1.3489 0.1205 -1.2918
v 1.3352 0.1205 -1.2856
v 1.3235 0.1205 -1.276
v 1.3147 0.1205 -1.2637
v 1.3095 0.1205 -1.2495
v 1.308 0.1205 -1.2345
v 1.3105 0.1205 -1.2196
v 1.3168 0.1205 -1.2059
v 1.3264 0.1205 -1.1942
v 1.3387 0.1205 -1.1855
v 1.3528 0.1205 -1.1802
v 1.3678 0.1205 -1.1787
v 1.3827 0.1205 -1.1812
v 1.3964 0.1205 -1.1875
v 1.3878 0.1205 -1.216
v 1.3923 0.1205 -1.2224
v 1.3951 0.1205 -1.2298
v 1.3958 0.1205 -1.2376
v 1.3945 0.1205 -1.2453
v 1.3913 0.1205 -1.2525
v 1.3863 0.1205 -1.2585
v 1.3799 0.1205 -1.2631
v 1.3726 0.1205 -1.2658
v 1.3647 0.1205 -1.2666
v 1.357 0.1205 -1.2653
v 1.3499 0.1205 -1.262
v 1.3438 0.1205 -1.257
v 1.3393 0.1205 -1.2506
v 1.3365 0.1205 -1.2433
v 1.3358 0.1205 -1.2355
v 1.337 0.1205 -1.2277
v 1.3403 0.1205 -1.2206
v 1.3453 0.1205 -1.2145
v 1.3517 0.1205 -1.21
v 1.359 0.1205 -1.2072
v 1.3668 0.1205 -1.2065
v 1.3746 0.1205 -1.2078
v 1.3817 0.1205 -1.211

g name23 
f 5838 5839 5863 5862
f 5862 5863 5887 5886
f 5886 5887 5911 5910
f 5910 5911 5839 5838
f 5839 5840 5864 5863
f 5863 5864 5888 5887
f 5887 5888 5912 5911
f 5911 5912 5840 5839
f 5840 5841 5865 5864
f 5864 5865 5889 5888
f 5888 5889 5913 5912
f 5912 5913 5841 5840
f 5841 5842 5866 5865
f 5865 5866 5890 5889
f 5889 5890 5914 5913
f 5913 5914 5842 5841
f 5842 5843 5867 5866
f 5866 5867 5891 5890
f 5890 5891 5915 5914
f 5914 5915 5843 5842
f 5843 5844 5868 5867
f 5867 5868 5892 5891
f 5891 5892 5916 5915
f 5915 5916 5844 5843
f 5844 5845 5869 5868
f 5868 5869 5893 5892
f 5892 5893 5917 5916
f 5916 5917 5845 5844
f 5845 5846 5870 5869
f 5869 5870 5894 5893
f 5893 5894 5918 5917
f 5917 5918 5846 5845
f 5846 5847 5871 5870
f 5870 5871 5895 5894
f 5894 5895 5919 5918
f 5918 5919 5847 5846
f 5847 5848 5872 5871
f 5871 5872 5896 5895
f 5895 5896 5920 5919
f 5919 5920 5848 5847
f 5848 5849 5873 5872
f 5872 5873 5897 5896
f 5896 5897 5921 5920
f 5920 5921 5849 5848
f 5849 5850 5874 5873
f 5873 5874 5898 5897
f 5897 5898 5922 5921
f 5921 5922 5850 5849
f 5850 5851 5875 5874
f 5874 5875 5899 5898
f 5898 5899 5923 5922
f 5922 5923 5851 5850
f 5851 5852 5876 5875
f 5875 5876 5900 5899
f 5899 5900 5924 5923
f 5923 5924 5852 5851
f 5852 5853 5877 5876
f 5876 5877 5901 5900
f 5900 5901 5925 5924
f 5924 5925 5853 5852
f 5853 5854 5878 5877
f 5877 5878 5902 5901
f 5901 5902 5926 5925
f 5925 5926 5854 5853
f 5854 5855 5879 5878
f 5878 5879 5903 5902
f 5902 5903 5927 5926
f 5926 5927 5855 5854
f 5855 5856 5880 5879
f 5879 5880 5904 5903
f 5903 5904 5928 5927
f 5927 5928 5856 5855
f 5856 5857 5881 5880
f 5880 5881 5905 5904
f 5904 5905 5929 5928
f 5928 5929 5857 5856
f 5857 5858 5882 5881
f 5881 5882 5906 5905
f 5905 5906 5930 5929
f 5929 5930 5858 5857
f 5858 5859 5883 5882
f 5882 5883 5907 5906
f 5906 5907 5931 5930
f 5930 5931 5859 5858
f 5859 5860 5884 5883
f 5883 5884 5908 5907
f 5907 5908 5932 5931
f 5931 5932 5860 5859
f 5860 5861 5885 5884
f 5884 5885 5909 5908
f 5908 5909 5933 5932
f 5932 5933 5861 5860
f 5861 5838 5862 5885
f 5885 5862 5886 5909
f 5909 5886 5910 5933
f 5933 5910 5838 5861

g 
v 1.3899 0.1403 -1.2141
v 1.3973 0.1403 -1.2461
v 1.3732 0.1403 -1.2686
v 1.3417 0.1403 -1.259
v 1.3343 0.1403 -1.2269
v 1.3584 0.1403 -1.2045
v 1.4121 0.1403 -1.1934
v 1.4263 0.1403 -1.255
v 1.38 0.1403 -1.2982
v 1.3195 0.1403 -1.2797
v 1.3053 0.1403 -1.218
v 1.3516 0.1403 -1.1749
v 1.4121 0.177 -1.1934
v 1.4263 0.177 -1.255
v 1.38 0.177 -1.2982
v 1.3195 0.177 -1.2797
v 1.3053 0.177 -1.218
v 1.3516 0.177 -1.1749
v 1.3899 0.177 -1.2141
v 1.3973 0.177 -1.2461
v 1.3732 0.177 -1.2686
v 1.3417 0.177 -1.259
v 1.3343 0.177 -1.2269
v 1.3584 0.177 -1.2045

g name24 
f 5934 5935 5941 5940
f 5940 5941 5947 5946
f 5946 5947 5953 5952
f 5952 5953 5935 5934
f 5935 5936 5942 5941
f 5941 5942 5948 5947
f 5947 5948 5954 5953
f 5953 5954 5936 5935
f 5936 5937 5943 5942
f 5942 5943 5949 5948
f 5948 5949 5955 5954
f 5954 5955 5937 5936
f 5937 5938 5944 5943
f 5943 5944 5950 5949
f 5949 5950 5956 5955
f 5955 5956 5938 5937
f 5938 5939 5945 5944
f 5944 5945 5951 5950
f 5950 5951 5957 5956
f 5956 5957 5939 5938
f 5939 5934 5940 5945
f 5945 5940 5946 5951
f 5951 5946 5952 5957
f 5957 5952 5934 5939

g 
v 1.3878 0.1357 -1.216
v 1.3923 0.1357 -1.2224
v 1.3951 0.1357 -1.2298
v 1.3958 0.1357 -1.2376
v 1.3945 0.1357 -1.2453
v 1.3913 0.1357 -1.2525
v 1.3863 0.1357 -1.2585
v 1.3799 0.1357 -1.2631
v 1.3726 0.1357 -1.2658
v 1.3647 0.1357 -1.2666
v 1.357 0.1357 -1.2653
v 1.3499 0.1357 -1.262
v 1.3438 0.1357 -1.257
v 1.3393 0.1357 -1.2506
v 1.3365 0.1357 -1.2433
v 1.3358 0.1357 -1.2355
v 1.337 0.1357 -1.2277
v 1.3403 0.1357 -1.2206
v 1.3453 0.1357 -1.2145
v 1.3517 0.1357 -1.21
v 1.359 0.1357 -1.2072
v 1.3668 0.1357 -1.2065
v 1.3746 0.1357 -1.2078
v 1.3817 0.1357 -1.211
v 1.4081 0.1357 -1.1971
v 1.4168 0.1357 -1.2094
v 1.4221 0.1357 -1.2235
v 1.4236 0.1357 -1.2385
v 1.4211 0.1357 -1.2534
v 1.4148 0.1357 -1.2672
v 1.4052 0.1357 -1.2788
v 1.3929 0.1357 -1.2876
v 1.3788 0.1357 -1.2929
v 1.3638 0.1357 -1.2943
v 1.3489 0.1357 -1.2918
v 1.3352 0.1357 -1.2856
v 1.3235 0.1357 -1.276
v 1.3147 0.1357 -1.2637
v 1.3095 0.1357 -1.2495
v 1.308 0.1357 -1.2345
v 1.3105 0.1357 -1.2196
v 1.3168 0.1357 -1.2059
v 1.3264 0.1357 -1.1942
v 1.3387 0.1357 -1.1855
v 1.3528 0.1357 -1.1802
v 1.3678 0.1357 -1.1787
v 1.3827 0.1357 -1.1812
v 1.3964 0.1357 -1.1875
v 1.4081 0.1409 -1.1971
v 1.4168 0.1409 -1.2094
v 1.4221 0.1409 -1.2235
v 1.4236 0.1409 -1.2385
v 1.4211 0.1409 -1.2534
v 1.4148 0.1409 -1.2672
v 1.4052 0.1409 -1.2788
v 1.3929 0.1409 -1.2876
v 1.3788 0.1409 -1.2929
v 1.3638 0.1409 -1.2943
v 1.3489 0.1409 -1.2918
v 1.3352 0.1409 -1.2856
v 1.3235 0.1409 -1.276
v 1.3147 0.1409 -1.2637
v 1.3095 0.1409 -1.2495
v 1.308 0.1409 -1.2345
v 1.3105 0.1409 -1.2196
v 1.3168 0.1409 -1.2059
v 1.3264 0.1409 -1.1942
v 1.3387 0.1409 -1.1855
v 1.3528 0.1409 -1.1802
v 1.3678 0.1409 -1.1787
v 1.3827 0.1409 -1.1812
v 1.3964 0.1409 -1.1875
v 1.3878 0.1409 -1.216
v 1.3923 0.1409 -1.2224
v 1.3951 0.1409 -1.2298
v 1.3958 0.1409 -1.2376
v 1.3945 0.1409 -1.2453
v 1.3913 0.1409 -1.2525
v 1.3863 0.1409 -1.2585
v 1.3799 0.1409 -1.2631
v 1.3726 0.1409 -1.2658
v 1.3647 0.1409 -1.2666
v 1.357 0.1409 -1.2653
v 1.3499 0.1409 -1.262
v 1.3438 0.1409 -1.257
v 1.3393 0.1409 -1.2506
v 1.3365 0.1409 -1.2433
v 1.3358 0.1409 -1.2355
v 1.337 0.1409 -1.2277
v 1.3403 0.1409 -1.2206
v 1.3453 0.1409 -1.2145
v 1.3517 0.1409 -1.21
v 1.359 0.1409 -1.2072
v 1.3668 0.1409 -1.2065
v 1.3746 0.1409 -1.2078
v 1.3817 0.1409 -1.211

g name25 
f 5958 5959 5983 5982
f 5982 5983 6007 6006
f 6006 6007 6031 6030
f 6030 6031 5959 5958
f 5959 5960 5984 5983
f 5983 5984 6008 6007
f 6007 6008 6032 6031
f 6031 6032 5960 5959
f 5960 5961 5985 5984
f 5984 5985 6009 6008
f 6008 6009 6033 6032
f 6032 6033 5961 5960
f 5961 5962 5986 5985
f 5985 5986 6010 6009
f 6009 6010 6034 6033
f 6033 6034 5962 5961
f 5962 5963 5987 5986
f 5986 5987 6011 6010
f 6010 6011 6035 6034
f 6034 6035 5963 5962
f 5963 5964 5988 5987
f 5987 5988 6012 6011
f 6011 6012 6036 6035
f 6035 6036 5964 5963
f 5964 5965 5989 5988
f 5988 5989 6013 6012
f 6012 6013 6037 6036
f 6036 6037 5965 5964
f 5965 5966 5990 5989
f 5989 5990 6014 6013
f 6013 6014 6038 6037
f 6037 6038 5966 5965
f 5966 5967 5991 5990
f 5990 5991 6015 6014
f 6014 6015 6039 6038
f 6038 6039 5967 5966
f 5967 5968 5992 5991
f 5991 5992 6016 6015
f 6015 6016 6040 6039
f 6039 6040 5968 5967
f 5968 5969 5993 5992
f 5992 5993 6017 6016
f 6016 6017 6041 6040
f 6040 6041 5969 5968
f 5969 5970 5994 5993
f 5993 5994 6018 6017
f 6017 6018 6042 6041
f 6041 6042 5970 5969
f 5970 5971 5995 5994
f 5994 5995 6019 6018
f 6018 6019 6043 6042
f 6042 6043 5971 5970
f 5971 5972 5996 5995
f 5995 5996 6020 6019
f 6019 6020 6044 6043
f 6043 6044 5972 5971
f 5972 5973 5997 5996
f 5996 5997 6021 6020
f 6020 6021 6045 6044
f 6044 6045 5973 5972
f 5973 5974 5998 5997
f 5997 5998 6022 6021
f 6021 6022 6046 6045
f 6045 6046 5974 5973
f 5974 5975 5999 5998
f 5998 5999 6023 6022
f 6022 6023 6047 6046
f 6046 6047 5975 5974
f 5975 5976 6000 5999
f 5999 6000 6024 6023
f 6023 6024 6048 6047
f 6047 6048 5976 5975
f 5976 5977 6001 6000
f 6000 6001 6025 6024
f 6024 6025 6049 6048
f 6048 6049 5977 5976
f 5977 5978 6002 6001
f 6001 6002 6026 6025
f 6025 6026 6050 6049
f 6049 6050 5978 5977
f 5978 5979 6003 6002
f 6002 6003 6027 6026
f 6026 6027 6051 6050
f 6050 6051 5979 5978
f 5979 5980 6004 6003
f 6003 6004 6028 6027
f 6027 6028 6052 6051
f 6051 6052 5980 5979
f 5980 5981 6005 6004
f 6004 6005 6029 6028
f 6028 6029 6053 6052
f 6052 6053 5981 5980
f 5981 5958 5982 6005
f 6005 5982 6006 6029
f 6029 6006 6030 6053
f 6053 6030 5958 5981

g 
v 1.4468 0.1321 -1.0217
v 1.4824 0.1321 -0.9359
v 1.5811 0.1324 -0.6964
v 1.6272 0.1321 -0.799
v 1.5809 0.1357 -0.6943
v 1.626 0.1355 -0.7961
v 1.4816 0.1357 -0.933
v 1.446 0.1355 -1.0198
v 1.4386 0.1319 -1.0399
v 1.4375 0.1355 -1.0371
v 1.6327 0.1319 -0.8429
v 1.6323 0.1353 -0.8408
v 1.4322 0.1319 -1.0564
v 1.4311 0.1355 -1.0532
v 1.6179 0.1319 -0.8875
v 1.6181 0.1353 -0.8869
v 1.3625 0.1326 -1.1891
v 1.4105 0.1353 -1.2117
v 1.2797 0.1321 -1.4493
v 1.2426 0.1321 -1.5345
v 1.1397 0.1324 -1.7723
v 1.0954 0.1321 -1.6691
v 1.1398 0.1357 -1.7745
v 1.0965 0.1355 -1.6719
v 1.2433 0.1357 -1.5374
v 1.2805 0.1355 -1.4512
v 1.2882 0.1319 -1.4312
v 1.2893 0.1355 -1.434
v 1.0907 0.1319 -1.625
v 1.0911 0.1353 -1.6271
v 1.2951 0.1319 -1.4148
v 1.296 0.1355 -1.4181
v 1.1063 0.1319 -1.5807
v 1.1062 0.1353 -1.5812
v 1.4092 0.1318 -1.2115
v 1.3608 0.1361 -1.1888
v 1.3194 0.1353 -1.2602
v 1.3693 0.1361 -1.2835
v 1.3207 0.1318 -1.2605
v 1.3676 0.1326 -1.283
v 1.3719 0.1344 -1.2346
v 1.367 0.1343 -1.2307
v 1.3579 0.1344 -1.2375
v 1.3629 0.1343 -1.2415
v 1.3624 0.1334 -1.2304
v 1.369 0.1335 -1.2315
v 1.3674 0.1334 -1.2417
v 1.3609 0.1335 -1.2406
v 1.3609 0.1343 -1.2406
v 1.3375 0.1347 -1.2507
v 1.3579 0.1333 -1.2376
v 1.3378 0.1326 -1.251
v 1.3676 0.1345 -1.2417
v 1.3676 0.1353 -1.265
v 1.3628 0.1335 -1.2415
v 1.3668 0.133 -1.265
v 1.369 0.1343 -1.2316
v 1.3923 0.1347 -1.2215
v 1.3719 0.1333 -1.2346
v 1.392 0.1326 -1.2211
v 1.3623 0.1345 -1.2304
v 1.3624 0.1353 -1.2072
v 1.3671 0.1335 -1.2307
v 1.3632 0.133 -1.207

g name26 
f 6057 6056 6055 6054
f 6059 6058 6056 6057
f 6061 6060 6058 6059
f 6054 6055 6060 6061
f 6063 6062 6054 6061
f 6062 6064 6057 6054
f 6064 6065 6059 6057
f 6065 6063 6061 6059
f 6067 6066 6062 6063
f 6066 6068 6064 6062
f 6068 6069 6065 6064
f 6069 6067 6063 6065
f 6089 6070 6066 6067
f 6070 6088 6068 6066
f 6088 6071 6069 6068
f 6071 6089 6067 6069
f 6055 6056 6058 6060
f 6075 6074 6073 6072
f 6077 6076 6074 6075
f 6079 6078 6076 6077
f 6072 6073 6078 6079
f 6081 6080 6072 6079
f 6080 6082 6075 6072
f 6082 6083 6077 6075
f 6083 6081 6079 6077
f 6085 6084 6080 6081
f 6084 6086 6082 6080
f 6086 6087 6083 6082
f 6087 6085 6081 6083
f 6091 6093 6084 6085
f 6093 6092 6086 6084
f 6092 6090 6087 6086
f 6090 6091 6085 6087
f 6073 6074 6076 6078
f 6090 6092 6070 6089
f 6093 6091 6071 6088
f 6101 6102 6096 6104
f 6100 6106 6097 6108
f 6094 6112 6099 6110
f 6098 6114 6095 6116
f 6096 6102 6103
f 6101 6104 6105
f 6097 6106 6107
f 6100 6108 6109
f 6094 6110 6111
f 6099 6112 6113
f 6095 6114 6115
f 6098 6116 6117
f 6097 6102 6101 6108
f 6091 6090 6103 6102 6097 6107
f 6090 6089 6115 6114 6096 6103
f 6096 6114 6098 6104
f 6070 6092 6105 6104 6098 6117
f 6092 6093 6109 6108 6101 6105
f 6094 6106 6100 6112
f 6071 6091 6107 6106 6094 6111
f 6093 6088 6113 6112 6100 6109
f 6095 6110 6099 6116
f 6089 6071 6111 6110 6095 6115
f 6088 6070 6117 6116 6099 6113

g 
v 1.5514 -0.2212 -1.0954
v 1.5814 -0.2212 -1.1508
v 1.5962 -0.2212 -1.2119
v 1.5944 -0.2212 -1.2748
v 1.5766 -0.2212 -1.3352
v 1.5438 -0.2212 -1.3887
v 1.498 -0.2212 -1.4321
v 1.4428 -0.2212 -1.4621
v 1.3816 -0.2212 -1.4768
v 1.3187 -0.2212 -1.4752
v 1.2584 -0.2212 -1.4573
v 1.2047 -0.2212 -1.4244
v 1.1614 -0.2212 -1.3787
v 1.1315 -0.2212 -1.3235
v 1.1167 -0.2212 -1.2623
v 1.1184 -0.2212 -1.1994
v 1.1363 -0.2212 -1.139
v 1.1691 -0.2212 -1.0853
v 1.2148 -0.2212 -1.0421
v 1.27 -0.2212 -1.012
v 1.3312 -0.2212 -0.9973
v 1.3941 -0.2212 -0.999
v 1.4545 -0.2212 -1.0169
v 1.5081 -0.2212 -1.0498
v 1.5834 -0.2211 -1.0721
v 1.6184 -0.2211 -1.1365
v 1.6355 -0.2211 -1.2078
v 1.6336 -0.2211 -1.281
v 1.6128 -0.2211 -1.3513
v 1.5746 -0.2211 -1.4137
v 1.5214 -0.2211 -1.4641
v 1.4569 -0.2211 -1.4991
v 1.3856 -0.2211 -1.5162
v 1.3126 -0.2211 -1.5142
v 1.2422 -0.2211 -1.4935
v 1.1798 -0.2211 -1.4553
v 1.1293 -0.2211 -1.4021
v 1.0944 -0.2211 -1.3377
v 1.0773 -0.2211 -1.2664
v 1.0792 -0.2211 -1.1931
v 1.1 -0.2211 -1.1228
v 1.1384 -0.2211 -1.0604
v 1.1914 -0.2211 -1.01
v 1.2558 -0.2211 -0.9751
v 1.3271 -0.2211 -0.958
v 1.4003 -0.2211 -0.9598
v 1.4706 -0.2211 -0.9806
v 1.5331 -0.2211 -1.019
v 1.5834 -0.0377 -1.0721
v 1.6184 -0.0377 -1.1365
v 1.6355 -0.0377 -1.2078
v 1.6336 -0.0377 -1.281
v 1.6128 -0.0377 -1.3513
v 1.5746 -0.0377 -1.4137
v 1.5214 -0.0377 -1.4641
v 1.4569 -0.0377 -1.4991
v 1.3856 -0.0377 -1.5162
v 1.3126 -0.0377 -1.5142
v 1.2422 -0.0377 -1.4935
v 1.1798 -0.0377 -1.4553
v 1.1293 -0.0377 -1.4021
v 1.0944 -0.0377 -1.3377
v 1.0773 -0.0377 -1.2664
v 1.0792 -0.0377 -1.1931
v 1.1 -0.0377 -1.1228
v 1.1384 -0.0377 -1.0604
v 1.1914 -0.0377 -1.01
v 1.2558 -0.0377 -0.9751
v 1.3271 -0.0377 -0.958
v 1.4003 -0.0377 -0.9598
v 1.4706 -0.0377 -0.9806
v 1.5331 -0.0377 -1.019
v 1.5459 -0.046 -1.0995
v 1.575 -0.046 -1.1531
v 1.5892 -0.046 -1.2127
v 1.5876 -0.046 -1.2737
v 1.5703 -0.046 -1.3323
v 1.5384 -0.046 -1.3844
v 1.4941 -0.046 -1.4265
v 1.4404 -0.046 -1.4557
v 1.3809 -0.046 -1.4699
v 1.3197 -0.046 -1.4684
v 1.2611 -0.046 -1.451
v 1.209 -0.046 -1.4191
v 1.167 -0.046 -1.3747
v 1.1378 -0.046 -1.321
v 1.1236 -0.046 -1.2616
v 1.1252 -0.046 -1.2004
v 1.1425 -0.046 -1.1419
v 1.1744 -0.046 -1.0897
v 1.2188 -0.046 -1.0477
v 1.2725 -0.046 -1.0185
v 1.3319 -0.046 -1.0042
v 1.3931 -0.046 -1.0059
v 1.4516 -0.046 -1.0232
v 1.5038 -0.046 -1.0551
v 1.4179 -0.0465 -1.1924
v 1.4273 -0.0465 -1.2099
v 1.432 -0.0465 -1.2291
v 1.4314 -0.0465 -1.249
v 1.4258 -0.0465 -1.2679
v 1.4154 -0.0465 -1.2848
v 1.401 -0.0465 -1.2986
v 1.3836 -0.0465 -1.308
v 1.3644 -0.0465 -1.3126
v 1.3446 -0.0465 -1.3121
v 1.3255 -0.0465 -1.3065
v 1.3086 -0.0465 -1.2961
v 1.295 -0.0465 -1.2818
v 1.2856 -0.0465 -1.2643
v 1.2809 -0.0465 -1.245
v 1.2814 -0.0465 -1.2253
v 1.2871 -0.0465 -1.2061
v 1.2974 -0.0465 -1.1892
v 1.3118 -0.0465 -1.1756
v 1.3292 -0.0465 -1.1661
v 1.3485 -0.0465 -1.1616
v 1.3683 -0.0465 -1.1621
v 1.3873 -0.0465 -1.1677
v 1.4042 -0.0465 -1.178
v 1.5459 -0.0374 -1.0995
v 1.575 -0.0374 -1.1531
v 1.5892 -0.0374 -1.2127
v 1.5876 -0.0374 -1.2737
v 1.5703 -0.0374 -1.3323
v 1.5384 -0.0374 -1.3844
v 1.4941 -0.0374 -1.4265
v 1.4404 -0.0374 -1.4557
v 1.3809 -0.0374 -1.4699
v 1.3197 -0.0374 -1.4684
v 1.2611 -0.0374 -1.451
v 1.209 -0.0374 -1.4191
v 1.167 -0.0374 -1.3747
v 1.1378 -0.0374 -1.321
v 1.1236 -0.0374 -1.2616
v 1.1252 -0.0374 -1.2004
v 1.1425 -0.0374 -1.1419
v 1.1744 -0.0374 -1.0897
v 1.2188 -0.0374 -1.0477
v 1.2725 -0.0374 -1.0185
v 1.3319 -0.0374 -1.0042
v 1.3931 -0.0374 -1.0059
v 1.4516 -0.0374 -1.0232
v 1.5038 -0.0374 -1.0551
v 1.3884 -0.0549 -1.2138
v 1.3933 -0.0549 -1.2229
v 1.3958 -0.0549 -1.2329
v 1.3954 -0.0549 -1.2432
v 1.3925 -0.0549 -1.2532
v 1.3871 -0.0549 -1.2619
v 1.3796 -0.0549 -1.269
v 1.3705 -0.0549 -1.2739
v 1.3606 -0.0549 -1.2764
v 1.3502 -0.0549 -1.2761
v 1.3403 -0.0549 -1.2732
v 1.3316 -0.0549 -1.2678
v 1.3245 -0.0549 -1.2603
v 1.3195 -0.0549 -1.2512
v 1.3172 -0.0549 -1.2412
v 1.3174 -0.0549 -1.231
v 1.3203 -0.0549 -1.221
v 1.3257 -0.0549 -1.2122
v 1.3332 -0.0549 -1.2051
v 1.3423 -0.0549 -1.2002
v 1.3523 -0.0549 -1.1978
v 1.3626 -0.0549 -1.1981
v 1.3725 -0.0549 -1.201
v 1.3813 -0.0549 -1.2064
v 1.4179 -0.0543 -1.1924
v 1.4273 -0.0543 -1.2099
v 1.432 -0.0543 -1.2291
v 1.4314 -0.0543 -1.249
v 1.4258 -0.0543 -1.2679
v 1.4154 -0.0543 -1.2848
v 1.401 -0.0543 -1.2986
v 1.3836 -0.0543 -1.308
v 1.3644 -0.0543 -1.3126
v 1.3446 -0.0543 -1.3121
v 1.3255 -0.0543 -1.3065
v 1.3086 -0.0543 -1.2961
v 1.295 -0.0543 -1.2818
v 1.2856 -0.0543 -1.2643
v 1.2809 -0.0543 -1.245
v 1.2814 -0.0543 -1.2253
v 1.2871 -0.0543 -1.2061
v 1.2974 -0.0543 -1.1892
v 1.3118 -0.0543 -1.1756
v 1.3292 -0.0543 -1.1661
v 1.3485 -0.0543 -1.1616
v 1.3683 -0.0543 -1.1621
v 1.3873 -0.0543 -1.1677
v 1.4042 -0.0543 -1.178
v 1.4179 -0.0384 -1.1924
v 1.4273 -0.0384 -1.2099
v 1.432 -0.0384 -1.2291
v 1.4314 -0.0384 -1.249
v 1.4258 -0.0384 -1.2679
v 1.4154 -0.0384 -1.2848
v 1.401 -0.0384 -1.2986
v 1.3836 -0.0384 -1.308
v 1.3644 -0.0384 -1.3126
v 1.3446 -0.0384 -1.3121
v 1.3255 -0.0384 -1.3065
v 1.3086 -0.0384 -1.2961
v 1.295 -0.0384 -1.2818
v 1.2856 -0.0384 -1.2643
v 1.2809 -0.0384 -1.245
v 1.2814 -0.0384 -1.2253
v 1.2871 -0.0384 -1.2061
v 1.2974 -0.0384 -1.1892
v 1.3118 -0.0384 -1.1756
v 1.3292 -0.0384 -1.1661
v 1.3485 -0.0384 -1.1616
v 1.3683 -0.0384 -1.1621
v 1.3873 -0.0384 -1.1677
v 1.4042 -0.0384 -1.178
v 1.3884 -0.0384 -1.2138
v 1.3933 -0.0384 -1.2229
v 1.3958 -0.0384 -1.2329
v 1.3954 -0.0384 -1.2432
v 1.3925 -0.0384 -1.2532
v 1.3871 -0.0384 -1.2619
v 1.3796 -0.0384 -1.269
v 1.3705 -0.0384 -1.2739
v 1.3606 -0.0384 -1.2764
v 1.3502 -0.0384 -1.2761
v 1.3403 -0.0384 -1.2732
v 1.3316 -0.0384 -1.2678
v 1.3245 -0.0384 -1.2603
v 1.3195 -0.0384 -1.2512
v 1.3172 -0.0384 -1.2412
v 1.3174 -0.0384 -1.231
v 1.3203 -0.0384 -1.221
v 1.3257 -0.0384 -1.2122
v 1.3332 -0.0384 -1.2051
v 1.3423 -0.0384 -1.2002
v 1.3523 -0.0384 -1.1978
v 1.3626 -0.0384 -1.1981
v 1.3725 -0.0384 -1.201
v 1.3813 -0.0384 -1.2064
v 1.5514 -0.2126 -1.0954
v 1.5814 -0.2126 -1.1508
v 1.5962 -0.2126 -1.2119
v 1.5944 -0.2126 -1.2748
v 1.5766 -0.2126 -1.3352
v 1.5438 -0.2126 -1.3887
v 1.498 -0.2126 -1.4321
v 1.4428 -0.2126 -1.4621
v 1.3816 -0.2126 -1.4768
v 1.3187 -0.2126 -1.4752
v 1.2584 -0.2126 -1.4573
v 1.2047 -0.2126 -1.4244
v 1.1614 -0.2126 -1.3787
v 1.1315 -0.2126 -1.3235
v 1.1167 -0.2126 -1.2623
v 1.1184 -0.2126 -1.1994
v 1.1363 -0.2126 -1.139
v 1.1691 -0.2126 -1.0853
v 1.2148 -0.2126 -1.0421
v 1.27 -0.2126 -1.012
v 1.3312 -0.2126 -0.9973
v 1.3941 -0.2126 -0.999
v 1.4545 -0.2126 -1.0169
v 1.5081 -0.2126 -1.0498
v 1.5459 -0.0537 -1.0995
v 1.575 -0.0537 -1.1531
v 1.5892 -0.0537 -1.2127
v 1.5876 -0.0537 -1.2737
v 1.5704 -0.0537 -1.3323
v 1.5384 -0.0537 -1.3844
v 1.4941 -0.0537 -1.4265
v 1.4404 -0.0537 -1.4557
v 1.3809 -0.0537 -1.4699
v 1.3197 -0.0537 -1.4684
v 1.2611 -0.0537 -1.451
v 1.209 -0.0537 -1.4191
v 1.167 -0.0537 -1.3747
v 1.1378 -0.0537 -1.321
v 1.1236 -0.0537 -1.2616
v 1.1252 -0.0537 -1.2004
v 1.1425 -0.0537 -1.1419
v 1.1744 -0.0537 -1.0897
v 1.2188 -0.0537 -1.0477
v 1.2725 -0.0537 -1.0185
v 1.3319 -0.0537 -1.0042
v 1.3931 -0.0537 -1.0059
v 1.4516 -0.0537 -1.0232
v 1.5038 -0.0537 -1.0551
v 1.4179 -0.0528 -1.1924
v 1.4273 -0.0528 -1.2099
v 1.432 -0.0528 -1.2291
v 1.4314 -0.0528 -1.249
v 1.4258 -0.0528 -1.2679
v 1.4154 -0.0528 -1.2848
v 1.401 -0.0528 -1.2986
v 1.3836 -0.0528 -1.308
v 1.3644 -0.0528 -1.3126
v 1.3446 -0.0528 -1.3121
v 1.3255 -0.0528 -1.3065
v 1.3086 -0.0528 -1.2961
v 1.295 -0.0528 -1.2818
v 1.2856 -0.0528 -1.2643
v 1.2809 -0.0528 -1.245
v 1.2814 -0.0528 -1.2253
v 1.2871 -0.0528 -1.2061
v 1.2974 -0.0528 -1.1892
v 1.3118 -0.0528 -1.1756
v 1.3292 -0.0528 -1.1661
v 1.3485 -0.0528 -1.1616
v 1.3683 -0.0528 -1.1621
v 1.3873 -0.0528 -1.1677
v 1.4042 -0.0528 -1.178
v 1.3884 -0.0469 -1.2138
v 1.3933 -0.0469 -1.2229
v 1.3958 -0.0469 -1.2329
v 1.3954 -0.0469 -1.2432
v 1.3925 -0.0469 -1.2532
v 1.3871 -0.0469 -1.2619
v 1.3796 -0.0469 -1.269
v 1.3705 -0.0469 -1.2739
v 1.3606 -0.0469 -1.2764
v 1.3502 -0.0469 -1.2761
v 1.3403 -0.0469 -1.2732
v 1.3316 -0.0469 -1.2678
v 1.3245 -0.0469 -1.2603
v 1.3195 -0.0469 -1.2512
v 1.3172 -0.0469 -1.2412
v 1.3174 -0.0469 -1.231
v 1.3203 -0.0469 -1.221
v 1.3257 -0.0469 -1.2122
v 1.3332 -0.0469 -1.2051
v 1.3423 -0.0469 -1.2002
v 1.3523 -0.0469 -1.1978
v 1.3626 -0.0469 -1.1981
v 1.3725 -0.0469 -1.201
v 1.3813 -0.0469 -1.2064
v 1.5899 -0.0442 -1.0674
v 1.6258 -0.0442 -1.1336
v 1.6258 -0.2146 -1.1336
v 1.5899 -0.2146 -1.0674
v 1.5381 -0.0442 -1.0128
v 1.5381 -0.2146 -1.0128
v 1.4737 -0.0442 -0.9734
v 1.4737 -0.2146 -0.9734
v 1.4015 -0.0442 -0.952
v 1.4015 -0.2146 -0.952
v 1.3262 -0.0442 -0.95
v 1.3262 -0.2146 -0.95
v 1.253 -0.0442 -0.9676
v 1.253 -0.2146 -0.9676
v 1.1867 -0.0442 -1.0036
v 1.1867 -0.2146 -1.0036
v 1.1322 -0.0442 -1.0554
v 1.1322 -0.2146 -1.0554
v 1.2391 -0.0442 -1.5007
v 1.1748 -0.0442 -1.4614
v 1.1748 -0.2146 -1.4614
v 1.2391 -0.2146 -1.5007
v 1.1229 -0.0442 -1.4067
v 1.1229 -0.2146 -1.4067
v 1.087 -0.0442 -1.3405
v 1.087 -0.2146 -1.3405
v 1.0694 -0.0442 -1.2672
v 1.0694 -0.2146 -1.2672
v 1.0714 -0.0442 -1.1919
v 1.0714 -0.2146 -1.1919
v 1.0927 -0.0442 -1.1197
v 1.0927 -0.2146 -1.1197
v 1.3112 -0.0442 -1.5222
v 1.3112 -0.2146 -1.5222
v 1.3866 -0.0442 -1.5241
v 1.3866 -0.2146 -1.5241
v 1.4598 -0.0442 -1.5066
v 1.4598 -0.2146 -1.5066
v 1.5261 -0.0442 -1.4706
v 1.5261 -0.2146 -1.4706
v 1.5807 -0.0442 -1.4187
v 1.5807 -0.2146 -1.4187
v 1.62 -0.0442 -1.3545
v 1.62 -0.2146 -1.3545
v 1.6415 -0.0442 -1.2823
v 1.6415 -0.2146 -1.2823
v 1.6434 -0.0442 -1.2069
v 1.6434 -0.2146 -1.2069

g name27 
f 6118 6119 6143 6142
f 6457 6456 6455 6454
f 6166 6167 6239 6238
f 6190 6191 6119 6118
f 6119 6120 6144 6143
f 6456 6501 6500 6455
f 6167 6168 6240 6239
f 6191 6192 6120 6119
f 6120 6121 6145 6144
f 6501 6499 6498 6500
f 6168 6169 6241 6240
f 6192 6193 6121 6120
f 6121 6122 6146 6145
f 6499 6497 6496 6498
f 6169 6170 6242 6241
f 6193 6194 6122 6121
f 6122 6123 6147 6146
f 6497 6495 6494 6496
f 6170 6171 6243 6242
f 6194 6195 6123 6122
f 6123 6124 6148 6147
f 6495 6493 6492 6494
f 6171 6172 6244 6243
f 6195 6196 6124 6123
f 6124 6125 6149 6148
f 6493 6491 6490 6492
f 6172 6173 6245 6244
f 6196 6197 6125 6124
f 6125 6126 6150 6149
f 6491 6489 6488 6490
f 6173 6174 6246 6245
f 6197 6198 6126 6125
f 6126 6127 6151 6150
f 6489 6487 6486 6488
f 6174 6175 6247 6246
f 6198 6199 6127 6126
f 6127 6128 6152 6151
f 6487 6475 6472 6486
f 6175 6176 6248 6247
f 6199 6200 6128 6127
f 6128 6129 6153 6152
f 6475 6474 6473 6472
f 6176 6177 6249 6248
f 6200 6201 6129 6128
f 6129 6130 6154 6153
f 6474 6477 6476 6473
f 6177 6178 6250 6249
f 6201 6202 6130 6129
f 6130 6131 6155 6154
f 6477 6479 6478 6476
f 6178 6179 6251 6250
f 6202 6203 6131 6130
f 6131 6132 6156 6155
f 6479 6481 6480 6478
f 6179 6180 6252 6251
f 6203 6204 6132 6131
f 6132 6133 6157 6156
f 6481 6483 6482 6480
f 6180 6181 6253 6252
f 6204 6205 6133 6132
f 6133 6134 6158 6157
f 6483 6485 6484 6482
f 6181 6182 6254 6253
f 6205 6206 6134 6133
f 6134 6135 6159 6158
f 6485 6471 6470 6484
f 6182 6183 6255 6254
f 6206 6207 6135 6134
f 6135 6136 6160 6159
f 6471 6469 6468 6470
f 6183 6184 6256 6255
f 6207 6208 6136 6135
f 6136 6137 6161 6160
f 6469 6467 6466 6468
f 6184 6185 6257 6256
f 6208 6209 6137 6136
f 6137 6138 6162 6161
f 6467 6465 6464 6466
f 6185 6186 6258 6257
f 6209 6210 6138 6137
f 6138 6139 6163 6162
f 6465 6463 6462 6464
f 6186 6187 6259 6258
f 6210 6211 6139 6138
f 6139 6140 6164 6163
f 6463 6461 6460 6462
f 6187 6188 6260 6259
f 6211 6212 6140 6139
f 6140 6141 6165 6164
f 6461 6459 6458 6460
f 6188 6189 6261 6260
f 6212 6213 6141 6140
f 6141 6118 6142 6165
f 6459 6457 6454 6458
f 6189 6166 6238 6261
f 6213 6190 6118 6141
f 6215 6214 6190 6191
f 6237 6236 6212 6213
f 6235 6234 6210 6211
f 6233 6232 6208 6209
f 6231 6230 6206 6207
f 6229 6228 6204 6205
f 6227 6226 6202 6203
f 6217 6216 6192 6193
f 6219 6218 6194 6195
f 6221 6220 6196 6197
f 6223 6222 6198 6199
f 6225 6224 6200 6201
f 6191 6190 6238 6239
f 6192 6191 6239 6240
f 6193 6192 6240 6241
f 6194 6193 6241 6242
f 6195 6194 6242 6243
f 6196 6195 6243 6244
f 6197 6196 6244 6245
f 6198 6197 6245 6246
f 6199 6198 6246 6247
f 6200 6199 6247 6248
f 6201 6200 6248 6249
f 6202 6201 6249 6250
f 6203 6202 6250 6251
f 6204 6203 6251 6252
f 6205 6204 6252 6253
f 6206 6205 6253 6254
f 6207 6206 6254 6255
f 6208 6207 6255 6256
f 6209 6208 6256 6257
f 6210 6209 6257 6258
f 6211 6210 6258 6259
f 6212 6211 6259 6260
f 6213 6212 6260 6261
f 6190 6213 6261 6238
f 6262 6263 6287 6286
f 6310 6311 6335 6334
f 6334 6335 6263 6262
f 6263 6264 6288 6287
f 6311 6312 6336 6335
f 6335 6336 6264 6263
f 6264 6265 6289 6288
f 6312 6313 6337 6336
f 6336 6337 6265 6264
f 6265 6266 6290 6289
f 6313 6314 6338 6337
f 6337 6338 6266 6265
f 6266 6267 6291 6290
f 6314 6315 6339 6338
f 6338 6339 6267 6266
f 6267 6268 6292 6291
f 6315 6316 6340 6339
f 6339 6340 6268 6267
f 6268 6269 6293 6292
f 6316 6317 6341 6340
f 6340 6341 6269 6268
f 6269 6270 6294 6293
f 6317 6318 6342 6341
f 6341 6342 6270 6269
f 6270 6271 6295 6294
f 6318 6319 6343 6342
f 6342 6343 6271 6270
f 6271 6272 6296 6295
f 6319 6320 6344 6343
f 6343 6344 6272 6271
f 6272 6273 6297 6296
f 6320 6321 6345 6344
f 6344 6345 6273 6272
f 6273 6274 6298 6297
f 6321 6322 6346 6345
f 6345 6346 6274 6273
f 6274 6275 6299 6298
f 6322 6323 6347 6346
f 6346 6347 6275 6274
f 6275 6276 6300 6299
f 6323 6324 6348 6347
f 6347 6348 6276 6275
f 6276 6277 6301 6300
f 6324 6325 6349 6348
f 6348 6349 6277 6276
f 6277 6278 6302 6301
f 6325 6326 6350 6349
f 6349 6350 6278 6277
f 6278 6279 6303 6302
f 6326 6327 6351 6350
f 6350 6351 6279 6278
f 6279 6280 6304 6303
f 6327 6328 6352 6351
f 6351 6352 6280 6279
f 6280 6281 6305 6304
f 6328 6329 6353 6352
f 6352 6353 6281 6280
f 6281 6282 6306 6305
f 6329 6330 6354 6353
f 6353 6354 6282 6281
f 6282 6283 6307 6306
f 6330 6331 6355 6354
f 6354 6355 6283 6282
f 6283 6284 6308 6307
f 6331 6332 6356 6355
f 6355 6356 6284 6283
f 6284 6285 6309 6308
f 6332 6333 6357 6356
f 6356 6357 6285 6284
f 6285 6262 6286 6309
f 6333 6310 6334 6357
f 6357 6334 6262 6285
f 6215 6311 6310 6214
f 6214 6286 6287 6215
f 6216 6312 6311 6215
f 6215 6287 6288 6216
f 6217 6313 6312 6216
f 6216 6288 6289 6217
f 6218 6314 6313 6217
f 6217 6289 6290 6218
f 6219 6315 6314 6218
f 6218 6290 6291 6219
f 6220 6316 6315 6219
f 6219 6291 6292 6220
f 6221 6317 6316 6220
f 6220 6292 6293 6221
f 6222 6318 6317 6221
f 6221 6293 6294 6222
f 6223 6319 6318 6222
f 6222 6294 6295 6223
f 6224 6320 6319 6223
f 6223 6295 6296 6224
f 6225 6321 6320 6224
f 6224 6296 6297 6225
f 6226 6322 6321 6225
f 6225 6297 6298 6226
f 6227 6323 6322 6226
f 6226 6298 6299 6227
f 6228 6324 6323 6227
f 6227 6299 6300 6228
f 6229 6325 6324 6228
f 6228 6300 6301 6229
f 6230 6326 6325 6229
f 6229 6301 6302 6230
f 6231 6327 6326 6230
f 6230 6302 6303 6231
f 6232 6328 6327 6231
f 6231 6303 6304 6232
f 6233 6329 6328 6232
f 6232 6304 6305 6233
f 6234 6330 6329 6233
f 6233 6305 6306 6234
f 6235 6331 6330 6234
f 6234 6306 6307 6235
f 6236 6332 6331 6235
f 6235 6307 6308 6236
f 6237 6333 6332 6236
f 6236 6308 6309 6237
f 6237 6309 6286 6214
f 6214 6310 6333 6237
f 6142 6143 6359 6358
f 6166 6167 6143 6142
f 6190 6191 6167 6166
f 6358 6359 6383 6382
f 6143 6144 6360 6359
f 6167 6168 6144 6143
f 6191 6192 6168 6167
f 6359 6360 6384 6383
f 6144 6145 6361 6360
f 6168 6169 6145 6144
f 6192 6193 6169 6168
f 6360 6361 6385 6384
f 6145 6146 6362 6361
f 6169 6170 6146 6145
f 6193 6194 6170 6169
f 6361 6362 6386 6385
f 6146 6147 6363 6362
f 6170 6171 6147 6146
f 6194 6195 6171 6170
f 6362 6363 6387 6386
f 6147 6148 6364 6363
f 6171 6172 6148 6147
f 6195 6196 6172 6171
f 6363 6364 6388 6387
f 6148 6149 6365 6364
f 6172 6173 6149 6148
f 6196 6197 6173 6172
f 6364 6365 6389 6388
f 6149 6150 6366 6365
f 6173 6174 6150 6149
f 6197 6198 6174 6173
f 6365 6366 6390 6389
f 6150 6151 6367 6366
f 6174 6175 6151 6150
f 6198 6199 6175 6174
f 6366 6367 6391 6390
f 6151 6152 6368 6367
f 6175 6176 6152 6151
f 6199 6200 6176 6175
f 6367 6368 6392 6391
f 6152 6153 6369 6368
f 6176 6177 6153 6152
f 6200 6201 6177 6176
f 6368 6369 6393 6392
f 6153 6154 6370 6369
f 6177 6178 6154 6153
f 6201 6202 6178 6177
f 6369 6370 6394 6393
f 6154 6155 6371 6370
f 6178 6179 6155 6154
f 6202 6203 6179 6178
f 6370 6371 6395 6394
f 6155 6156 6372 6371
f 6179 6180 6156 6155
f 6203 6204 6180 6179
f 6371 6372 6396 6395
f 6156 6157 6373 6372
f 6180 6181 6157 6156
f 6204 6205 6181 6180
f 6372 6373 6397 6396
f 6157 6158 6374 6373
f 6181 6182 6158 6157
f 6205 6206 6182 6181
f 6373 6374 6398 6397
f 6158 6159 6375 6374
f 6182 6183 6159 6158
f 6206 6207 6183 6182
f 6374 6375 6399 6398
f 6159 6160 6376 6375
f 6183 6184 6160 6159
f 6207 6208 6184 6183
f 6375 6376 6400 6399
f 6160 6161 6377 6376
f 6184 6185 6161 6160
f 6208 6209 6185 6184
f 6376 6377 6401 6400
f 6161 6162 6378 6377
f 6185 6186 6162 6161
f 6209 6210 6186 6185
f 6377 6378 6402 6401
f 6162 6163 6379 6378
f 6186 6187 6163 6162
f 6210 6211 6187 6186
f 6378 6379 6403 6402
f 6163 6164 6380 6379
f 6187 6188 6164 6163
f 6211 6212 6188 6187
f 6379 6380 6404 6403
f 6164 6165 6381 6380
f 6188 6189 6165 6164
f 6212 6213 6189 6188
f 6380 6381 6405 6404
f 6165 6142 6358 6381
f 6189 6166 6142 6165
f 6213 6190 6166 6189
f 6381 6358 6382 6405
f 6383 6382 6286 6287
f 6405 6404 6308 6309
f 6403 6402 6306 6307
f 6401 6400 6304 6305
f 6399 6398 6302 6303
f 6397 6396 6300 6301
f 6395 6394 6298 6299
f 6385 6384 6288 6289
f 6387 6386 6290 6291
f 6389 6388 6292 6293
f 6391 6390 6294 6295
f 6393 6392 6296 6297
f 6191 6190 6382 6383
f 6192 6191 6383 6384
f 6193 6192 6384 6385
f 6194 6193 6385 6386
f 6195 6194 6386 6387
f 6196 6195 6387 6388
f 6197 6196 6388 6389
f 6198 6197 6389 6390
f 6199 6198 6390 6391
f 6200 6199 6391 6392
f 6201 6200 6392 6393
f 6202 6201 6393 6394
f 6203 6202 6394 6395
f 6204 6203 6395 6396
f 6205 6204 6396 6397
f 6206 6205 6397 6398
f 6207 6206 6398 6399
f 6208 6207 6399 6400
f 6209 6208 6400 6401
f 6210 6209 6401 6402
f 6211 6210 6402 6403
f 6212 6211 6403 6404
f 6213 6212 6404 6405
f 6190 6213 6405 6382
f 6406 6407 6263 6262
f 6430 6431 6215 6214
f 6262 6263 6431 6430
f 6407 6408 6264 6263
f 6431 6432 6216 6215
f 6263 6264 6432 6431
f 6408 6409 6265 6264
f 6432 6433 6217 6216
f 6264 6265 6433 6432
f 6409 6410 6266 6265
f 6433 6434 6218 6217
f 6265 6266 6434 6433
f 6410 6411 6267 6266
f 6434 6435 6219 6218
f 6266 6267 6435 6434
f 6411 6412 6268 6267
f 6435 6436 6220 6219
f 6267 6268 6436 6435
f 6412 6413 6269 6268
f 6436 6437 6221 6220
f 6268 6269 6437 6436
f 6413 6414 6270 6269
f 6437 6438 6222 6221
f 6269 6270 6438 6437
f 6414 6415 6271 6270
f 6438 6439 6223 6222
f 6270 6271 6439 6438
f 6415 6416 6272 6271
f 6439 6440 6224 6223
f 6271 6272 6440 6439
f 6416 6417 6273 6272
f 6440 6441 6225 6224
f 6272 6273 6441 6440
f 6417 6418 6274 6273
f 6441 6442 6226 6225
f 6273 6274 6442 6441
f 6418 6419 6275 6274
f 6442 6443 6227 6226
f 6274 6275 6443 6442
f 6419 6420 6276 6275
f 6443 6444 6228 6227
f 6275 6276 6444 6443
f 6420 6421 6277 6276
f 6444 6445 6229 6228
f 6276 6277 6445 6444
f 6421 6422 6278 6277
f 6445 6446 6230 6229
f 6277 6278 6446 6445
f 6422 6423 6279 6278
f 6446 6447 6231 6230
f 6278 6279 6447 6446
f 6423 6424 6280 6279
f 6447 6448 6232 6231
f 6279 6280 6448 6447
f 6424 6425 6281 6280
f 6448 6449 6233 6232
f 6280 6281 6449 6448
f 6425 6426 6282 6281
f 6449 6450 6234 6233
f 6281 6282 6450 6449
f 6426 6427 6283 6282
f 6450 6451 6235 6234
f 6282 6283 6451 6450
f 6427 6428 6284 6283
f 6451 6452 6236 6235
f 6283 6284 6452 6451
f 6428 6429 6285 6284
f 6452 6453 6237 6236
f 6284 6285 6453 6452
f 6429 6406 6262 6285
f 6453 6430 6214 6237
f 6285 6262 6430 6453
f 6286 6214 6215 6287
f 6287 6407 6406 6286
f 6287 6215 6216 6288
f 6288 6408 6407 6287
f 6288 6216 6217 6289
f 6289 6409 6408 6288
f 6289 6217 6218 6290
f 6290 6410 6409 6289
f 6290 6218 6219 6291
f 6291 6411 6410 6290
f 6291 6219 6220 6292
f 6292 6412 6411 6291
f 6292 6220 6221 6293
f 6293 6413 6412 6292
f 6293 6221 6222 6294
f 6294 6414 6413 6293
f 6294 6222 6223 6295
f 6295 6415 6414 6294
f 6295 6223 6224 6296
f 6296 6416 6415 6295
f 6296 6224 6225 6297
f 6297 6417 6416 6296
f 6297 6225 6226 6298
f 6298 6418 6417 6297
f 6298 6226 6227 6299
f 6299 6419 6418 6298
f 6299 6227 6228 6300
f 6300 6420 6419 6299
f 6300 6228 6229 6301
f 6301 6421 6420 6300
f 6301 6229 6230 6302
f 6302 6422 6421 6301
f 6302 6230 6231 6303
f 6303 6423 6422 6302
f 6303 6231 6232 6304
f 6304 6424 6423 6303
f 6304 6232 6233 6305
f 6305 6425 6424 6304
f 6305 6233 6234 6306
f 6306 6426 6425 6305
f 6306 6234 6235 6307
f 6307 6427 6426 6306
f 6307 6235 6236 6308
f 6308 6428 6427 6307
f 6308 6236 6237 6309
f 6309 6429 6428 6308
f 6286 6406 6429 6309
f 6309 6237 6214 6286
f 6190 6214 6286 6382
f 6215 6191 6383 6287
f 6212 6236 6308 6404
f 6237 6213 6405 6309
f 6210 6234 6306 6402
f 6235 6211 6403 6307
f 6208 6232 6304 6400
f 6233 6209 6401 6305
f 6206 6230 6302 6398
f 6231 6207 6399 6303
f 6204 6228 6300 6396
f 6229 6205 6397 6301
f 6202 6226 6298 6394
f 6227 6203 6395 6299
f 6192 6216 6288 6384
f 6217 6193 6385 6289
f 6194 6218 6290 6386
f 6219 6195 6387 6291
f 6196 6220 6292 6388
f 6221 6197 6389 6293
f 6198 6222 6294 6390
f 6223 6199 6391 6295
f 6200 6224 6296 6392
f 6225 6201 6393 6297
f 6167 6166 6454 6455
f 6142 6143 6456 6457
f 6166 6189 6458 6454
f 6165 6142 6457 6459
f 6189 6188 6460 6458
f 6164 6165 6459 6461
f 6188 6187 6462 6460
f 6163 6164 6461 6463
f 6187 6186 6464 6462
f 6162 6163 6463 6465
f 6186 6185 6466 6464
f 6161 6162 6465 6467
f 6185 6184 6468 6466
f 6160 6161 6467 6469
f 6184 6183 6470 6468
f 6159 6160 6469 6471
f 6177 6176 6472 6473
f 6152 6153 6474 6475
f 6178 6177 6473 6476
f 6153 6154 6477 6474
f 6179 6178 6476 6478
f 6154 6155 6479 6477
f 6180 6179 6478 6480
f 6155 6156 6481 6479
f 6181 6180 6480 6482
f 6156 6157 6483 6481
f 6182 6181 6482 6484
f 6157 6158 6485 6483
f 6183 6182 6484 6470
f 6158 6159 6471 6485
f 6176 6175 6486 6472
f 6151 6152 6475 6487
f 6175 6174 6488 6486
f 6150 6151 6487 6489
f 6174 6173 6490 6488
f 6149 6150 6489 6491
f 6173 6172 6492 6490
f 6148 6149 6491 6493
f 6172 6171 6494 6492
f 6147 6148 6493 6495
f 6171 6170 6496 6494
f 6146 6147 6495 6497
f 6170 6169 6498 6496
f 6145 6146 6497 6499
f 6169 6168 6500 6498
f 6144 6145 6499 6501
f 6168 6167 6455 6500
f 6143 6144 6501 6456

g 
v 1.4508 -0.2333 -1.2118
v 1.4411 -0.2333 -1.1882
v 1.4256 -0.2333 -1.1679
v 1.4053 -0.2333 -1.1524
v 1.3817 -0.2333 -1.1426
v 1.3564 -0.2333 -1.1393
v 1.3311 -0.2333 -1.1426
v 1.3075 -0.2333 -1.1524
v 1.2871 -0.2333 -1.1679
v 1.2718 -0.2333 -1.1881
v 1.2618 -0.2333 -1.2118
v 1.2586 -0.2333 -1.237
v 1.2619 -0.2333 -1.2624
v 1.2716 -0.2333 -1.286
v 1.2872 -0.2333 -1.3063
v 1.3075 -0.2333 -1.3218
v 1.331 -0.2333 -1.3316
v 1.3565 -0.2333 -1.3349
v 1.3818 -0.2333 -1.3316
v 1.4053 -0.2333 -1.3218
v 1.4256 -0.2333 -1.3063
v 1.4412 -0.2333 -1.286
v 1.4509 -0.2333 -1.2624
v 1.4542 -0.2333 -1.2371
v 1.4807 -0.2333 -1.2038
v 1.4678 -0.2333 -1.1727
v 1.4474 -0.2333 -1.1461
v 1.4208 -0.2333 -1.1256
v 1.3898 -0.2333 -1.1127
v 1.3564 -0.2333 -1.1083
v 1.3231 -0.2333 -1.1128
v 1.2921 -0.2333 -1.1256
v 1.2654 -0.2333 -1.1461
v 1.2449 -0.2333 -1.1728
v 1.2321 -0.2333 -1.2037
v 1.2277 -0.2333 -1.237
v 1.2321 -0.2333 -1.2704
v 1.2449 -0.2333 -1.3015
v 1.2654 -0.2333 -1.3281
v 1.292 -0.2333 -1.3485
v 1.3231 -0.2333 -1.3614
v 1.3564 -0.2333 -1.3658
v 1.3898 -0.2333 -1.3614
v 1.4207 -0.2333 -1.3486
v 1.4475 -0.2333 -1.3281
v 1.4679 -0.2333 -1.3015
v 1.4808 -0.2333 -1.2704
v 1.4851 -0.2333 -1.2371
v 1.4807 -0.0552 -1.2038
v 1.4678 -0.0552 -1.1727
v 1.4474 -0.0552 -1.1461
v 1.4208 -0.0552 -1.1256
v 1.3898 -0.0552 -1.1127
v 1.3564 -0.0552 -1.1083
v 1.3231 -0.0552 -1.1128
v 1.2921 -0.0552 -1.1256
v 1.2654 -0.0552 -1.1461
v 1.2449 -0.0552 -1.1728
v 1.2321 -0.0552 -1.2037
v 1.2277 -0.0552 -1.237
v 1.2321 -0.0552 -1.2704
v 1.2449 -0.0552 -1.3015
v 1.2654 -0.0552 -1.3281
v 1.292 -0.0552 -1.3485
v 1.3231 -0.0552 -1.3614
v 1.3564 -0.0552 -1.3658
v 1.3898 -0.0552 -1.3614
v 1.4207 -0.0552 -1.3486
v 1.4475 -0.0552 -1.3281
v 1.4679 -0.0552 -1.3015
v 1.4808 -0.0552 -1.2704
v 1.4851 -0.0552 -1.2371
v 1.4508 -0.0552 -1.2118
v 1.4411 -0.0552 -1.1882
v 1.4256 -0.0552 -1.1679
v 1.4053 -0.0552 -1.1524
v 1.3817 -0.0552 -1.1426
v 1.3564 -0.0552 -1.1393
v 1.3311 -0.0552 -1.1426
v 1.3075 -0.0552 -1.1524
v 1.2871 -0.0552 -1.1679
v 1.2718 -0.0552 -1.1881
v 1.2618 -0.0552 -1.2118
v 1.2586 -0.0552 -1.237
v 1.2619 -0.0552 -1.2624
v 1.2716 -0.0552 -1.286
v 1.2872 -0.0552 -1.3063
v 1.3075 -0.0552 -1.3218
v 1.331 -0.0552 -1.3316
v 1.3565 -0.0552 -1.3349
v 1.3818 -0.0552 -1.3316
v 1.4053 -0.0552 -1.3218
v 1.4256 -0.0552 -1.3063
v 1.4412 -0.0552 -1.286
v 1.4509 -0.0552 -1.2624
v 1.4542 -0.0552 -1.2371
v 1.5834 0.3252 -1.0721
v 1.6184 0.3252 -1.1365
v 1.6355 0.3252 -1.2078
v 1.6336 0.3252 -1.281
v 1.6128 0.3252 -1.3513
v 1.5746 0.3252 -1.4137
v 1.5214 0.3252 -1.4641
v 1.4569 0.3252 -1.4991
v 1.3856 0.3252 -1.5162
v 1.3126 0.3252 -1.5142
v 1.2422 0.3252 -1.4935
v 1.1798 0.3252 -1.4553
v 1.1293 0.3252 -1.4021
v 1.0944 0.3252 -1.3377
v 1.0773 0.3252 -1.2664
v 1.0792 0.3252 -1.1931
v 1.1 0.3252 -1.1228
v 1.1384 0.3252 -1.0604
v 1.1914 0.3252 -1.01
v 1.2558 0.3252 -0.9751
v 1.3271 0.3252 -0.958
v 1.4003 0.3252 -0.9598
v 1.4706 0.3252 -0.9806
v 1.5331 0.3252 -1.019

g name28 
f 6526 6527 6503 6502
f 6550 6551 6527 6526
f 6574 6575 6551 6550
f 6502 6503 6575 6574
f 6527 6528 6504 6503
f 6551 6552 6528 6527
f 6575 6576 6552 6551
f 6503 6504 6576 6575
f 6528 6529 6505 6504
f 6552 6553 6529 6528
f 6576 6577 6553 6552
f 6504 6505 6577 6576
f 6529 6530 6506 6505
f 6553 6554 6530 6529
f 6577 6578 6554 6553
f 6505 6506 6578 6577
f 6530 6531 6507 6506
f 6554 6555 6531 6530
f 6578 6579 6555 6554
f 6506 6507 6579 6578
f 6531 6532 6508 6507
f 6555 6556 6532 6531
f 6579 6580 6556 6555
f 6507 6508 6580 6579
f 6532 6533 6509 6508
f 6556 6557 6533 6532
f 6580 6581 6557 6556
f 6508 6509 6581 6580
f 6533 6534 6510 6509
f 6557 6558 6534 6533
f 6581 6582 6558 6557
f 6509 6510 6582 6581
f 6534 6535 6511 6510
f 6558 6559 6535 6534
f 6582 6583 6559 6558
f 6510 6511 6583 6582
f 6535 6536 6512 6511
f 6559 6560 6536 6535
f 6583 6584 6560 6559
f 6511 6512 6584 6583
f 6536 6537 6513 6512
f 6560 6561 6537 6536
f 6584 6585 6561 6560
f 6512 6513 6585 6584
f 6537 6538 6514 6513
f 6561 6562 6538 6537
f 6585 6586 6562 6561
f 6513 6514 6586 6585
f 6538 6539 6515 6514
f 6562 6563 6539 6538
f 6586 6587 6563 6562
f 6514 6515 6587 6586
f 6539 6540 6516 6515
f 6563 6564 6540 6539
f 6587 6588 6564 6563
f 6515 6516 6588 6587
f 6540 6541 6517 6516
f 6564 6565 6541 6540
f 6588 6589 6565 6564
f 6516 6517 6589 6588
f 6541 6542 6518 6517
f 6565 6566 6542 6541
f 6589 6590 6566 6565
f 6517 6518 6590 6589
f 6542 6543 6519 6518
f 6566 6567 6543 6542
f 6590 6591 6567 6566
f 6518 6519 6591 6590
f 6543 6544 6520 6519
f 6567 6568 6544 6543
f 6591 6592 6568 6567
f 6519 6520 6592 6591
f 6544 6545 6521 6520
f 6568 6569 6545 6544
f 6592 6593 6569 6568
f 6520 6521 6593 6592
f 6545 6546 6522 6521
f 6569 6570 6546 6545
f 6593 6594 6570 6569
f 6521 6522 6594 6593
f 6546 6547 6523 6522
f 6570 6571 6547 6546
f 6594 6595 6571 6570
f 6522 6523 6595 6594
f 6547 6548 6524 6523
f 6571 6572 6548 6547
f 6595 6596 6572 6571
f 6523 6524 6596 6595
f 6548 6549 6525 6524
f 6572 6573 6549 6548
f 6596 6597 6573 6572
f 6524 6525 6597 6596
f 6549 6526 6502 6525
f 6573 6550 6526 6549
f 6597 6574 6550 6573
f 6525 6502 6574 6597

g 
v 1.4319 -0.199 -1.2169
v 1.4241 -0.199 -1.198
v 1.4116 -0.199 -1.1819
v 1.3955 -0.199 -1.1694
v 1.3766 -0.199 -1.1616
v 1.3564 -0.199 -1.159
v 1.3362 -0.199 -1.1616
v 1.3174 -0.199 -1.1694
v 1.3012 -0.199 -1.1818
v 1.2887 -0.199 -1.1981
v 1.281 -0.199 -1.2169
v 1.2783 -0.199 -1.237
v 1.2809 -0.199 -1.2573
v 1.2887 -0.199 -1.2762
v 1.3011 -0.199 -1.2923
v 1.3173 -0.199 -1.3048
v 1.3362 -0.199 -1.3126
v 1.3564 -0.199 -1.3153
v 1.3766 -0.199 -1.3126
v 1.3954 -0.199 -1.3047
v 1.4116 -0.199 -1.2923
v 1.4241 -0.199 -1.2762
v 1.4319 -0.199 -1.2573
v 1.4345 -0.199 -1.2371
v 1.4959 -0.199 -1.1845
v 1.5336 -0.2215 -1.1246
v 1.4509 -0.199 -1.1217
v 1.4537 -0.2215 -1.0511
v 1.3805 -0.199 -1.09
v 1.3475 -0.2215 -1.0273
v 1.3322 -0.199 -1.09
v 1.2438 -0.2215 -1.0599
v 1.2411 -0.199 -1.1425
v 1.1703 -0.2215 -1.1399
v 1.2093 -0.199 -1.2129
v 1.1466 -0.2215 -1.2459
v 1.2169 -0.199 -1.2898
v 1.1791 -0.2215 -1.3496
v 1.2619 -0.199 -1.3524
v 1.2592 -0.2215 -1.4232
v 1.3322 -0.199 -1.3842
v 1.3653 -0.2215 -1.4469
v 1.4091 -0.199 -1.3765
v 1.4689 -0.2215 -1.4143
v 1.4718 -0.199 -1.3316
v 1.5425 -0.2215 -1.3344
v 1.5035 -0.199 -1.2612
v 1.5661 -0.2215 -1.2283
v 1.4959 -0.0875 -1.1845
v 1.5425 -0.065 -1.1398
v 1.4509 -0.0875 -1.1217
v 1.4689 -0.065 -1.0598
v 1.3805 -0.0875 -1.09
v 1.3652 -0.065 -1.0273
v 1.3322 -0.0875 -1.09
v 1.2592 -0.065 -1.051
v 1.2411 -0.0875 -1.1425
v 1.1791 -0.065 -1.1245
v 1.2093 -0.0875 -1.2129
v 1.1466 -0.065 -1.2283
v 1.2169 -0.0875 -1.2898
v 1.1703 -0.065 -1.3344
v 1.2619 -0.0875 -1.3524
v 1.2439 -0.065 -1.4143
v 1.3322 -0.0875 -1.3842
v 1.3475 -0.065 -1.4469
v 1.4091 -0.0875 -1.3765
v 1.4536 -0.065 -1.4232
v 1.4718 -0.0875 -1.3316
v 1.5337 -0.065 -1.3496
v 1.5035 -0.0875 -1.2612
v 1.5662 -0.065 -1.2459
v 1.4319 -0.0875 -1.2169
v 1.4241 -0.0875 -1.198
v 1.4116 -0.0875 -1.1819
v 1.3955 -0.0875 -1.1694
v 1.3766 -0.0875 -1.1616
v 1.3564 -0.0875 -1.159
v 1.3362 -0.0875 -1.1616
v 1.3174 -0.0875 -1.1694
v 1.3012 -0.0875 -1.1818
v 1.2887 -0.0875 -1.1981
v 1.281 -0.0875 -1.2169
v 1.2783 -0.0875 -1.237
v 1.2809 -0.0875 -1.2573
v 1.2887 -0.0875 -1.2762
v 1.3011 -0.0875 -1.2923
v 1.3173 -0.0875 -1.3048
v 1.3362 -0.0875 -1.3126
v 1.3564 -0.0875 -1.3153
v 1.3766 -0.0875 -1.3126
v 1.3954 -0.0875 -1.3047
v 1.4116 -0.0875 -1.2923
v 1.4241 -0.0875 -1.2762
v 1.4319 -0.0875 -1.2573
v 1.4345 -0.0875 -1.2371
v 1.3475 -0.065 -1.0273
v 1.3564 -0.065 -1.035
v 1.3652 -0.2215 -1.0273
v 1.3564 -0.2215 -1.035
v 1.4537 -0.065 -1.0511
v 1.4574 -0.065 -1.0621
v 1.4689 -0.2215 -1.0598
v 1.4574 -0.2215 -1.0621
v 1.5336 -0.065 -1.1246
v 1.5313 -0.065 -1.1361
v 1.5425 -0.2215 -1.1398
v 1.5313 -0.2215 -1.1361
v 1.5661 -0.065 -1.2283
v 1.5585 -0.065 -1.237
v 1.5662 -0.2215 -1.2459
v 1.5585 -0.2215 -1.237
v 1.5425 -0.065 -1.3344
v 1.5313 -0.065 -1.3381
v 1.5337 -0.2215 -1.3496
v 1.5313 -0.2215 -1.3381
v 1.4689 -0.065 -1.4143
v 1.4574 -0.065 -1.4121
v 1.4536 -0.2215 -1.4232
v 1.4574 -0.2215 -1.4121
v 1.3653 -0.065 -1.4469
v 1.3564 -0.065 -1.4391
v 1.3475 -0.2215 -1.4469
v 1.3564 -0.2215 -1.4391
v 1.2592 -0.065 -1.4232
v 1.2553 -0.065 -1.4121
v 1.2439 -0.2215 -1.4143
v 1.2553 -0.2215 -1.4121
v 1.1791 -0.065 -1.3496
v 1.1814 -0.065 -1.3382
v 1.1703 -0.2215 -1.3344
v 1.1814 -0.2215 -1.3382
v 1.1466 -0.2215 -1.2283
v 1.1543 -0.2215 -1.2371
v 1.1466 -0.065 -1.2459
v 1.1543 -0.065 -1.2371
v 1.1703 -0.065 -1.1399
v 1.1814 -0.065 -1.1361
v 1.1791 -0.2215 -1.1245
v 1.1814 -0.2215 -1.1361
v 1.2438 -0.065 -1.0599
v 1.2553 -0.065 -1.0621
v 1.2592 -0.2215 -1.051
v 1.2553 -0.2215 -1.0621
v 1.2169 -0.199 -1.1845
v 1.2169 -0.0875 -1.1845
v 1.2093 -0.199 -1.2613
v 1.2093 -0.0875 -1.2613
v 1.2411 -0.199 -1.3316
v 1.2411 -0.0875 -1.3316
v 1.3038 -0.199 -1.3767
v 1.3038 -0.0875 -1.3767
v 1.3806 -0.199 -1.3842
v 1.3806 -0.0875 -1.3842
v 1.4509 -0.199 -1.3524
v 1.4509 -0.0875 -1.3524
v 1.4959 -0.199 -1.2897
v 1.4959 -0.0875 -1.2897
v 1.5036 -0.199 -1.2129
v 1.5036 -0.0875 -1.2129
v 1.4717 -0.199 -1.1425
v 1.4717 -0.0875 -1.1425
v 1.409 -0.199 -1.0976
v 1.409 -0.0875 -1.0976
v 1.3038 -0.0875 -1.0976
v 1.3038 -0.199 -1.0976
v 1.2619 -0.199 -1.1217
v 1.2619 -0.0875 -1.1217
v 1.4682 -0.1986 -1.3081
v 1.4682 -0.0879 -1.3081
v 1.4738 -0.0879 -1.2985
v 1.4738 -0.1986 -1.2985
v 1.4178 -0.1986 -1.3545
v 1.4178 -0.0879 -1.3545
v 1.4274 -0.0879 -1.349
v 1.4274 -0.1986 -1.349
v 1.3508 -0.1986 -1.3695
v 1.3508 -0.0879 -1.3695
v 1.362 -0.0879 -1.3694
v 1.362 -0.1986 -1.3694
v 1.2854 -0.1986 -1.3489
v 1.2854 -0.0879 -1.3489
v 1.2951 -0.0879 -1.3544
v 1.2951 -0.1986 -1.3544
v 1.239 -0.1986 -1.2984
v 1.239 -0.0879 -1.2984
v 1.2446 -0.0879 -1.3081
v 1.2446 -0.1986 -1.3081
v 1.2241 -0.1986 -1.2315
v 1.2241 -0.0879 -1.2315
v 1.224 -0.0879 -1.2426
v 1.224 -0.1986 -1.2426
v 1.2445 -0.1986 -1.1661
v 1.2445 -0.0879 -1.1661
v 1.239 -0.0879 -1.1757
v 1.239 -0.1986 -1.1757
v 1.2951 -0.1986 -1.1197
v 1.2951 -0.0879 -1.1197
v 1.2854 -0.0879 -1.1253
v 1.2854 -0.1986 -1.1253
v 1.3619 -0.1986 -1.1047
v 1.3619 -0.0879 -1.1047
v 1.3508 -0.0879 -1.1047
v 1.3508 -0.1986 -1.1047
v 1.4274 -0.1986 -1.1252
v 1.4274 -0.0879 -1.1252
v 1.4177 -0.0879 -1.1197
v 1.4177 -0.1986 -1.1197
v 1.4738 -0.1986 -1.1757
v 1.4738 -0.0879 -1.1757
v 1.4682 -0.0879 -1.166
v 1.4682 -0.1986 -1.166
v 1.4887 -0.1986 -1.2427
v 1.4887 -0.0879 -1.2427
v 1.4888 -0.0879 -1.2315
v 1.4888 -0.1986 -1.2315
v 1.3225 -0.2215 -1.0306
v 1.3225 -0.065 -1.0306
v 1.3281 -0.065 -1.1312
v 1.3564 -0.065 -1.1274
v 1.3848 -0.065 -1.1312
v 1.3904 -0.065 -1.0307
v 1.3904 -0.2215 -1.0307
v 1.3848 -0.2215 -1.1312
v 1.3564 -0.2215 -1.1274
v 1.3281 -0.2215 -1.1312
v 1.4302 -0.2215 -1.0413
v 1.4302 -0.065 -1.0413
v 1.4112 -0.065 -1.1421
v 1.434 -0.065 -1.1595
v 1.4891 -0.065 -1.0752
v 1.4891 -0.2215 -1.0752
v 1.434 -0.2215 -1.1595
v 1.4112 -0.2215 -1.1421
v 1.5183 -0.2215 -1.1044
v 1.5183 -0.065 -1.1044
v 1.4514 -0.065 -1.1822
v 1.4624 -0.065 -1.2086
v 1.5521 -0.065 -1.1632
v 1.5521 -0.2215 -1.1632
v 1.4624 -0.2215 -1.2086
v 1.4514 -0.2215 -1.1822
v 1.5628 -0.2215 -1.2032
v 1.5628 -0.065 -1.2032
v 1.4661 -0.065 -1.2371
v 1.4623 -0.065 -1.2655
v 1.5629 -0.065 -1.2711
v 1.5629 -0.2215 -1.2711
v 1.4623 -0.2215 -1.2655
v 1.4661 -0.2215 -1.2371
v 1.5522 -0.2215 -1.3109
v 1.5522 -0.065 -1.3109
v 1.4514 -0.065 -1.292
v 1.434 -0.065 -1.3147
v 1.5183 -0.065 -1.3697
v 1.5183 -0.2215 -1.3697
v 1.434 -0.2215 -1.3147
v 1.4514 -0.2215 -1.292
v 1.489 -0.2215 -1.3989
v 1.489 -0.065 -1.3989
v 1.4113 -0.065 -1.332
v 1.3848 -0.065 -1.3431
v 1.4303 -0.065 -1.4329
v 1.4303 -0.2215 -1.4329
v 1.3848 -0.2215 -1.3431
v 1.4113 -0.2215 -1.332
v 1.3904 -0.2215 -1.4436
v 1.3904 -0.065 -1.4436
v 1.3564 -0.065 -1.3467
v 1.3281 -0.065 -1.3431
v 1.3224 -0.065 -1.4436
v 1.3224 -0.2215 -1.4436
v 1.3281 -0.2215 -1.3431
v 1.3564 -0.2215 -1.3467
v 1.2826 -0.2215 -1.433
v 1.2826 -0.065 -1.433
v 1.3016 -0.065 -1.3321
v 1.2788 -0.065 -1.3147
v 1.2238 -0.065 -1.3989
v 1.2238 -0.2215 -1.3989
v 1.2788 -0.2215 -1.3147
v 1.3016 -0.2215 -1.3321
v 1.1946 -0.2215 -1.3698
v 1.1946 -0.065 -1.3698
v 1.2614 -0.065 -1.2919
v 1.2504 -0.065 -1.2655
v 1.1607 -0.065 -1.3109
v 1.1607 -0.2215 -1.3109
v 1.2504 -0.2215 -1.2655
v 1.2614 -0.2215 -1.2919
v 1.1499 -0.065 -1.2031
v 1.1499 -0.2215 -1.2031
v 1.2504 -0.2215 -1.2087
v 1.2467 -0.2215 -1.2371
v 1.1499 -0.2215 -1.271
v 1.1499 -0.065 -1.271
v 1.2467 -0.065 -1.2371
v 1.2504 -0.065 -1.2087
v 1.1606 -0.2215 -1.1633
v 1.1606 -0.065 -1.1633
v 1.2614 -0.065 -1.1822
v 1.2789 -0.065 -1.1595
v 1.1946 -0.065 -1.1044
v 1.1946 -0.2215 -1.1044
v 1.2789 -0.2215 -1.1595
v 1.2614 -0.2215 -1.1822
v 1.2238 -0.2215 -1.0752
v 1.2238 -0.065 -1.0752
v 1.3016 -0.065 -1.142
v 1.2826 -0.065 -1.0413
v 1.2826 -0.2215 -1.0413
v 1.3016 -0.2215 -1.142
v 1.5133 -0.221 -1.3367
v 1.5133 -0.0656 -1.3367
v 1.5212 -0.0656 -1.3232
v 1.5212 -0.221 -1.3232
v 1.4426 -0.221 -1.4019
v 1.4426 -0.0656 -1.4019
v 1.4561 -0.0656 -1.3941
v 1.4561 -0.221 -1.3941
v 1.3486 -0.221 -1.4229
v 1.3486 -0.0656 -1.4229
v 1.3642 -0.0656 -1.4229
v 1.3642 -0.221 -1.4229
v 1.2568 -0.221 -1.3941
v 1.2568 -0.0656 -1.3941
v 1.2703 -0.0656 -1.4018
v 1.2703 -0.221 -1.4018
v 1.1917 -0.221 -1.3232
v 1.1917 -0.0656 -1.3232
v 1.1995 -0.0656 -1.3368
v 1.1995 -0.221 -1.3368
v 1.1707 -0.221 -1.2292
v 1.1707 -0.0656 -1.2292
v 1.1707 -0.0656 -1.2449
v 1.1707 -0.221 -1.2449
v 1.1995 -0.221 -1.1374
v 1.1995 -0.0656 -1.1374
v 1.1916 -0.0656 -1.1509
v 1.1916 -0.221 -1.1509
v 1.2703 -0.221 -1.0723
v 1.2703 -0.0656 -1.0723
v 1.2568 -0.0656 -1.0801
v 1.2568 -0.221 -1.0801
v 1.3642 -0.221 -1.0513
v 1.3642 -0.0656 -1.0513
v 1.3485 -0.0656 -1.0513
v 1.3485 -0.221 -1.0513
v 1.456 -0.221 -1.0801
v 1.456 -0.0656 -1.0801
v 1.4425 -0.0656 -1.0723
v 1.4425 -0.221 -1.0723
v 1.5212 -0.221 -1.151
v 1.5212 -0.0656 -1.151
v 1.5134 -0.0656 -1.1374
v 1.5134 -0.221 -1.1374
v 1.5422 -0.221 -1.245
v 1.5422 -0.0656 -1.245
v 1.5422 -0.0656 -1.2293
v 1.5422 -0.221 -1.2293

g name29 
f 6622 6623 6695 6694
f 6623 6624 6696 6695
f 6624 6625 6697 6696
f 6625 6626 6698 6697
f 6626 6627 6699 6698
f 6627 6628 6700 6699
f 6628 6629 6701 6700
f 6629 6630 6702 6701
f 6630 6631 6703 6702
f 6631 6632 6704 6703
f 6632 6633 6705 6704
f 6633 6634 6706 6705
f 6634 6635 6707 6706
f 6635 6636 6708 6707
f 6636 6637 6709 6708
f 6637 6638 6710 6709
f 6638 6639 6711 6710
f 6639 6640 6712 6711
f 6640 6641 6713 6712
f 6641 6642 6714 6713
f 6642 6643 6715 6714
f 6643 6644 6716 6715
f 6644 6645 6717 6716
f 6645 6622 6694 6717
f 6719 6718 6675
f 6721 6720 6651
f 6723 6722 6673
f 6725 6724 6649
f 6727 6726 6671
f 6729 6728 6647
f 6731 6730 6693
f 6733 6732 6669
f 6735 6734 6691
f 6737 6736 6667
f 6739 6738 6689
f 6741 6740 6665
f 6743 6742 6687
f 6745 6744 6663
f 6747 6746 6685
f 6749 6748 6661
f 6751 6750 6683
f 6753 6752 6659
f 6755 6754 6657
f 6757 6756 6681
f 6759 6758 6679
f 6761 6760 6655
f 6763 6762 6677
f 6765 6764 6653
f 6718 6839 6838 6651
f 6841 6840 6839 6718 6719
f 6842 6841 6719 6675 6843
f 6843 6675 6720 6844
f 6844 6720 6721 6846 6845
f 6721 6651 6838 6847 6846
f 6722 6849 6848 6649
f 6850 6842 6849 6722 6723
f 6851 6850 6723 6673 6852
f 6852 6673 6724 6853
f 6853 6724 6725 6855 6854
f 6725 6649 6848 6845 6855
f 6726 6857 6856 6647
f 6858 6851 6857 6726 6727
f 6859 6858 6727 6671 6860
f 6860 6671 6728 6861
f 6861 6728 6729 6863 6862
f 6729 6647 6856 6854 6863
f 6730 6865 6864 6669
f 6866 6859 6865 6730 6731
f 6867 6866 6731 6693 6868
f 6868 6693 6732 6869
f 6869 6732 6733 6871 6870
f 6733 6669 6864 6862 6871
f 6734 6873 6872 6667
f 6874 6867 6873 6734 6735
f 6875 6874 6735 6691 6876
f 6876 6691 6736 6877
f 6877 6736 6737 6879 6878
f 6737 6667 6872 6870 6879
f 6738 6881 6880 6665
f 6882 6875 6881 6738 6739
f 6883 6882 6739 6689 6884
f 6884 6689 6740 6885
f 6885 6740 6741 6887 6886
f 6741 6665 6880 6878 6887
f 6742 6889 6888 6663
f 6890 6883 6889 6742 6743
f 6891 6890 6743 6687 6892
f 6892 6687 6744 6893
f 6893 6744 6745 6895 6894
f 6745 6663 6888 6886 6895
f 6746 6897 6896 6661
f 6898 6891 6897 6746 6747
f 6899 6898 6747 6685 6900
f 6900 6685 6748 6901
f 6901 6748 6749 6903 6902
f 6749 6661 6896 6894 6903
f 6750 6905 6904 6659
f 6906 6899 6905 6750 6751
f 6907 6906 6751 6683 6908
f 6908 6683 6752 6909
f 6909 6752 6753 6911 6910
f 6753 6659 6904 6902 6911
f 6912 6681 6754 6913
f 6913 6754 6755 6915 6914
f 6755 6657 6916 6910 6915
f 6756 6917 6916 6657
f 6918 6907 6917 6756 6757
f 6919 6918 6757 6681 6912
f 6758 6921 6920 6655
f 6922 6919 6921 6758 6759
f 6923 6922 6759 6679 6924
f 6924 6679 6760 6925
f 6925 6760 6761 6927 6926
f 6761 6655 6920 6914 6927
f 6762 6929 6928 6653
f 6930 6923 6929 6762 6763
f 6840 6930 6763 6677 6931
f 6931 6677 6764 6932
f 6932 6764 6765 6933 6847
f 6765 6653 6928 6926 6933
f 6935 6934 6736 6691
f 6936 6935 6691 6734
f 6937 6936 6734 6667
f 6934 6937 6667 6736
f 6939 6938 6740 6689
f 6940 6939 6689 6738
f 6941 6940 6738 6665
f 6938 6941 6665 6740
f 6943 6942 6744 6687
f 6944 6943 6687 6742
f 6945 6944 6742 6663
f 6942 6945 6663 6744
f 6947 6946 6748 6685
f 6948 6947 6685 6746
f 6949 6948 6746 6661
f 6946 6949 6661 6748
f 6951 6950 6752 6683
f 6952 6951 6683 6750
f 6953 6952 6750 6659
f 6950 6953 6659 6752
f 6955 6954 6754 6681
f 6956 6955 6681 6756
f 6957 6956 6756 6657
f 6954 6957 6657 6754
f 6959 6958 6760 6679
f 6960 6959 6679 6758
f 6961 6960 6758 6655
f 6958 6961 6655 6760
f 6963 6962 6764 6677
f 6964 6963 6677 6762
f 6965 6964 6762 6653
f 6962 6965 6653 6764
f 6967 6966 6720 6675
f 6968 6967 6675 6718
f 6969 6968 6718 6651
f 6966 6969 6651 6720
f 6971 6970 6724 6673
f 6972 6971 6673 6722
f 6973 6972 6722 6649
f 6970 6973 6649 6724
f 6975 6974 6728 6671
f 6976 6975 6671 6726
f 6977 6976 6726 6647
f 6974 6977 6647 6728
f 6979 6978 6732 6693
f 6980 6979 6693 6730
f 6981 6980 6730 6669
f 6978 6981 6669 6732
f 6676 6652 6838 6839
f 6700 6676 6839 6840
f 6699 6700 6840 6841
f 6698 6699 6841 6842
f 6674 6698 6842 6843
f 6650 6674 6843 6844
f 6627 6626 6845 6846
f 6626 6650 6844 6845
f 6628 6627 6846 6847
f 6652 6628 6847 6838
f 6785 6784 6848 6849
f 6698 6785 6849 6842
f 6697 6698 6842 6850
f 6696 6697 6850 6851
f 6672 6696 6851 6852
f 6648 6672 6852 6853
f 6625 6624 6854 6855
f 6624 6648 6853 6854
f 6626 6625 6855 6845
f 6784 6626 6845 6848
f 6783 6782 6856 6857
f 6696 6783 6857 6851
f 6695 6696 6851 6858
f 6694 6695 6858 6859
f 6670 6694 6859 6860
f 6646 6670 6860 6861
f 6623 6622 6862 6863
f 6622 6646 6861 6862
f 6624 6623 6863 6854
f 6782 6624 6854 6856
f 6781 6780 6864 6865
f 6694 6781 6865 6859
f 6717 6694 6859 6866
f 6716 6717 6866 6867
f 6692 6716 6867 6868
f 6668 6692 6868 6869
f 6645 6644 6870 6871
f 6644 6668 6869 6870
f 6622 6645 6871 6862
f 6780 6622 6862 6864
f 6779 6778 6872 6873
f 6716 6779 6873 6867
f 6715 6716 6867 6874
f 6714 6715 6874 6875
f 6690 6714 6875 6876
f 6666 6690 6876 6877
f 6643 6642 6878 6879
f 6642 6666 6877 6878
f 6644 6643 6879 6870
f 6778 6644 6870 6872
f 6777 6776 6880 6881
f 6714 6777 6881 6875
f 6713 6714 6875 6882
f 6712 6713 6882 6883
f 6688 6712 6883 6884
f 6664 6688 6884 6885
f 6641 6640 6886 6887
f 6640 6664 6885 6886
f 6642 6641 6887 6878
f 6776 6642 6878 6880
f 6775 6774 6888 6889
f 6712 6775 6889 6883
f 6711 6712 6883 6890
f 6710 6711 6890 6891
f 6686 6710 6891 6892
f 6662 6686 6892 6893
f 6639 6638 6894 6895
f 6638 6662 6893 6894
f 6640 6639 6895 6886
f 6774 6640 6886 6888
f 6773 6772 6896 6897
f 6710 6773 6897 6891
f 6709 6710 6891 6898
f 6708 6709 6898 6899
f 6684 6708 6899 6900
f 6660 6684 6900 6901
f 6637 6636 6902 6903
f 6636 6660 6901 6902
f 6638 6637 6903 6894
f 6772 6638 6894 6896
f 6771 6770 6904 6905
f 6708 6771 6905 6899
f 6707 6708 6899 6906
f 6706 6707 6906 6907
f 6682 6706 6907 6908
f 6658 6682 6908 6909
f 6635 6634 6910 6911
f 6634 6658 6909 6910
f 6636 6635 6911 6902
f 6770 6636 6902 6904
f 6656 6680 6912 6913
f 6633 6632 6914 6915
f 6632 6656 6913 6914
f 6634 6633 6915 6910
f 6768 6634 6910 6916
f 6769 6768 6916 6917
f 6706 6769 6917 6907
f 6705 6706 6907 6918
f 6704 6705 6918 6919
f 6680 6704 6919 6912
f 6767 6766 6920 6921
f 6704 6767 6921 6919
f 6703 6704 6919 6922
f 6702 6703 6922 6923
f 6678 6702 6923 6924
f 6654 6678 6924 6925
f 6631 6630 6926 6927
f 6630 6654 6925 6926
f 6632 6631 6927 6914
f 6766 6632 6914 6920
f 6789 6788 6928 6929
f 6702 6789 6929 6923
f 6701 6702 6923 6930
f 6700 6701 6930 6840
f 6786 6700 6840 6931
f 6787 6786 6931 6932
f 6629 6628 6847 6933
f 6628 6787 6932 6847
f 6630 6629 6933 6926
f 6788 6630 6926 6928
f 6791 6790 6934 6935
f 6792 6791 6935 6936
f 6793 6792 6936 6937
f 6790 6793 6937 6934
f 6795 6794 6938 6939
f 6796 6795 6939 6940
f 6797 6796 6940 6941
f 6794 6797 6941 6938
f 6799 6798 6942 6943
f 6800 6799 6943 6944
f 6801 6800 6944 6945
f 6798 6801 6945 6942
f 6803 6802 6946 6947
f 6804 6803 6947 6948
f 6805 6804 6948 6949
f 6802 6805 6949 6946
f 6807 6806 6950 6951
f 6808 6807 6951 6952
f 6809 6808 6952 6953
f 6806 6809 6953 6950
f 6811 6810 6954 6955
f 6812 6811 6955 6956
f 6813 6812 6956 6957
f 6810 6813 6957 6954
f 6815 6814 6958 6959
f 6816 6815 6959 6960
f 6817 6816 6960 6961
f 6814 6817 6961 6958
f 6819 6818 6962 6963
f 6820 6819 6963 6964
f 6821 6820 6964 6965
f 6818 6821 6965 6962
f 6823 6822 6966 6967
f 6824 6823 6967 6968
f 6825 6824 6968 6969
f 6822 6825 6969 6966
f 6827 6826 6970 6971
f 6828 6827 6971 6972
f 6829 6828 6972 6973
f 6826 6829 6973 6970
f 6831 6830 6974 6975
f 6832 6831 6975 6976
f 6833 6832 6976 6977
f 6830 6833 6977 6974
f 6835 6834 6978 6979
f 6836 6835 6979 6980
f 6837 6836 6980 6981
f 6834 6837 6981 6978

g 
v 1.3626 -0.1318 1.2415
v 1.3626 -0.1318 1.3438
v 1.3976 -0.1318 1.3377
v 1.4283 -0.1318 1.3199
v 1.4512 -0.1318 1.2927
v 1.4634 -0.1318 1.2593
v 1.4634 -0.1318 1.2236
v 1.4512 -0.1318 1.1902
v 1.4283 -0.1318 1.163
v 1.3976 -0.1318 1.1452
v 1.3626 -0.1318 1.1391
v 1.3275 -0.1318 1.1452
v 1.2968 -0.1318 1.163
v 1.2739 -0.1318 1.1902
v 1.2617 -0.1318 1.2236
v 1.2617 -0.1318 1.2593
v 1.2739 -0.1318 1.2927
v 1.2968 -0.1318 1.3199
v 1.3275 -0.1318 1.3377
v 1.3626 -0.0707 1.3438
v 1.3976 -0.0707 1.3377
v 1.4283 -0.0707 1.3199
v 1.4512 -0.0707 1.2927
v 1.4634 -0.0707 1.2593
v 1.4634 -0.0707 1.2236
v 1.4512 -0.0707 1.1902
v 1.4283 -0.0707 1.163
v 1.3976 -0.0707 1.1452
v 1.3626 -0.0707 1.1391
v 1.3275 -0.0707 1.1452
v 1.2968 -0.0707 1.163
v 1.2739 -0.0707 1.1902
v 1.2617 -0.0707 1.2236
v 1.2617 -0.0707 1.2593
v 1.2739 -0.0707 1.2927
v 1.2968 -0.0707 1.3199
v 1.3275 -0.0707 1.3377
v 1.3626 -0.0707 1.2415

g name30 
f 6982 6984 6983
f 6983 6984 7002 7001
f 7001 7002 7019
f 6982 6985 6984
f 6984 6985 7003 7002
f 7002 7003 7019
f 6982 6986 6985
f 6985 6986 7004 7003
f 7003 7004 7019
f 6982 6987 6986
f 6986 6987 7005 7004
f 7004 7005 7019
f 6982 6988 6987
f 6987 6988 7006 7005
f 7005 7006 7019
f 6982 6989 6988
f 6988 6989 7007 7006
f 7006 7007 7019
f 6982 6990 6989
f 6989 6990 7008 7007
f 7007 7008 7019
f 6982 6991 6990
f 6990 6991 7009 7008
f 7008 7009 7019
f 6982 6992 6991
f 6991 6992 7010 7009
f 7009 7010 7019
f 6982 6993 6992
f 6992 6993 7011 7010
f 7010 7011 7019
f 6982 6994 6993
f 6993 6994 7012 7011
f 7011 7012 7019
f 6982 6995 6994
f 6994 6995 7013 7012
f 7012 7013 7019
f 6982 6996 6995
f 6995 6996 7014 7013
f 7013 7014 7019
f 6982 6997 6996
f 6996 6997 7015 7014
f 7014 7015 7019
f 6982 6998 6997
f 6997 6998 7016 7015
f 7015 7016 7019
f 6982 6999 6998
f 6998 6999 7017 7016
f 7016 7017 7019
f 6982 7000 6999
f 6999 7000 7018 7017
f 7017 7018 7019
f 6982 6983 7000
f 7000 6983 7001 7018
f 7018 7001 7019

g 
v 1.3634 -0.1691 1.2439
v 1.3633 -0.1752 1.2736
v 1.3734 -0.1752 1.2719
v 1.3824 -0.1752 1.2667
v 1.3891 -0.1752 1.2588
v 1.3926 -0.1752 1.2489
v 1.3926 -0.1752 1.2387
v 1.3891 -0.1752 1.2288
v 1.3824 -0.1752 1.2209
v 1.3734 -0.1752 1.2159
v 1.3631 -0.1752 1.214
v 1.3531 -0.1752 1.2159
v 1.3441 -0.1752 1.2209
v 1.3374 -0.1752 1.2288
v 1.3339 -0.1752 1.2387
v 1.3339 -0.1752 1.2489
v 1.3374 -0.1752 1.2588
v 1.3441 -0.1752 1.2667
v 1.3531 -0.1752 1.2719
v 1.3633 0.1165 1.2736
v 1.3734 0.1165 1.2719
v 1.3824 0.1165 1.2667
v 1.3891 0.1165 1.2588
v 1.3926 0.1165 1.2489
v 1.3926 0.1165 1.2387
v 1.3891 0.1165 1.2288
v 1.3824 0.1165 1.2209
v 1.3734 0.1165 1.2159
v 1.3631 0.1165 1.214
v 1.3531 0.1165 1.2159
v 1.3441 0.1165 1.2209
v 1.3374 0.1165 1.2288
v 1.3339 0.1165 1.2387
v 1.3339 0.1165 1.2489
v 1.3374 0.1165 1.2588
v 1.3441 0.1165 1.2667
v 1.3531 0.1165 1.2719
v 1.3633 0.1771 1.2439
v 1.337 0.1104 1.2392
v 1.337 0.1104 1.2484
v 1.3401 0.1104 1.2572
v 1.3461 0.1104 1.2643
v 1.3542 0.1104 1.269
v 1.3633 0.1104 1.2705
v 1.3723 0.1104 1.269
v 1.3804 0.1104 1.2643
v 1.3864 0.1104 1.2572
v 1.3895 0.1104 1.2484
v 1.3895 0.1104 1.2392
v 1.3864 0.1104 1.2304
v 1.3804 0.1104 1.2233
v 1.3723 0.1104 1.2188
v 1.3632 0.1104 1.2171
v 1.3542 0.1104 1.2188
v 1.3461 0.1104 1.2233
v 1.3401 0.1104 1.2304
v 1.337 0.1771 1.2392
v 1.337 0.1771 1.2484
v 1.3401 0.1771 1.2572
v 1.3461 0.1771 1.2643
v 1.3542 0.1771 1.269
v 1.3633 0.1771 1.2705
v 1.3723 0.1771 1.269
v 1.3804 0.1771 1.2643
v 1.3864 0.1771 1.2572
v 1.3895 0.1771 1.2484
v 1.3895 0.1771 1.2392
v 1.3864 0.1771 1.2304
v 1.3804 0.1771 1.2233
v 1.3723 0.1771 1.2188
v 1.3632 0.1771 1.2171
v 1.3542 0.1771 1.2188
v 1.3461 0.1771 1.2233
v 1.3401 0.1771 1.2304

g name31 
f 7020 7022 7021
f 7021 7022 7040 7039
f 7081 7082 7057
f 7020 7023 7022
f 7022 7023 7041 7040
f 7082 7083 7057
f 7020 7024 7023
f 7023 7024 7042 7041
f 7083 7084 7057
f 7020 7025 7024
f 7024 7025 7043 7042
f 7084 7085 7057
f 7020 7026 7025
f 7025 7026 7044 7043
f 7085 7086 7057
f 7020 7027 7026
f 7026 7027 7045 7044
f 7086 7087 7057
f 7020 7028 7027
f 7027 7028 7046 7045
f 7087 7088 7057
f 7020 7029 7028
f 7028 7029 7047 7046
f 7088 7089 7057
f 7020 7030 7029
f 7029 7030 7048 7047
f 7089 7090 7057
f 7020 7031 7030
f 7030 7031 7049 7048
f 7090 7091 7057
f 7020 7032 7031
f 7031 7032 7050 7049
f 7091 7092 7057
f 7020 7033 7032
f 7032 7033 7051 7050
f 7092 7093 7057
f 7020 7034 7033
f 7033 7034 7052 7051
f 7093 7076 7057
f 7020 7035 7034
f 7034 7035 7053 7052
f 7076 7077 7057
f 7020 7036 7035
f 7035 7036 7054 7053
f 7077 7078 7057
f 7020 7037 7036
f 7036 7037 7055 7054
f 7078 7079 7057
f 7020 7038 7037
f 7037 7038 7056 7055
f 7079 7080 7057
f 7020 7021 7038
f 7038 7021 7039 7056
f 7080 7081 7057
f 7059 7058 7052 7053
f 7060 7059 7053 7054
f 7061 7060 7054 7055
f 7062 7061 7055 7056
f 7063 7062 7056 7039
f 7064 7063 7039 7040
f 7065 7064 7040 7041
f 7066 7065 7041 7042
f 7067 7066 7042 7043
f 7068 7067 7043 7044
f 7069 7068 7044 7045
f 7070 7069 7045 7046
f 7071 7070 7046 7047
f 7072 7071 7047 7048
f 7073 7072 7048 7049
f 7074 7073 7049 7050
f 7075 7074 7050 7051
f 7058 7075 7051 7052
f 7077 7076 7058 7059
f 7078 7077 7059 7060
f 7079 7078 7060 7061
f 7080 7079 7061 7062
f 7081 7080 7062 7063
f 7082 7081 7063 7064
f 7083 7082 7064 7065
f 7084 7083 7065 7066
f 7085 7084 7066 7067
f 7086 7085 7067 7068
f 7087 7086 7068 7069
f 7088 7087 7069 7070
f 7089 7088 7070 7071
f 7090 7089 7071 7072
f 7091 7090 7072 7073
f 7092 7091 7073 7074
f 7093 7092 7074 7075
f 7076 7093 7075 7058

g 
v 1.3934 0.1154 1.2437
v 1.3924 0.1154 1.2515
v 1.3894 0.1154 1.2587
v 1.3846 0.1154 1.265
v 1.3784 0.1154 1.2697
v 1.3711 0.1154 1.2727
v 1.3633 0.1154 1.2738
v 1.3556 0.1154 1.2727
v 1.3483 0.1154 1.2697
v 1.3421 0.1154 1.265
v 1.3373 0.1154 1.2587
v 1.3343 0.1154 1.2515
v 1.3333 0.1154 1.2437
v 1.3343 0.1154 1.2359
v 1.3373 0.1154 1.2287
v 1.3421 0.1154 1.2224
v 1.3483 0.1154 1.2177
v 1.3556 0.1154 1.2147
v 1.3633 0.1154 1.2136
v 1.3711 0.1154 1.2147
v 1.3784 0.1154 1.2177
v 1.3846 0.1154 1.2224
v 1.3894 0.1154 1.2287
v 1.3924 0.1154 1.2359
v 1.4212 0.1154 1.2437
v 1.4192 0.1154 1.2587
v 1.4134 0.1154 1.2726
v 1.4042 0.1154 1.2846
v 1.3922 0.1154 1.2938
v 1.3783 0.1154 1.2996
v 1.3633 0.1154 1.3015
v 1.3484 0.1154 1.2996
v 1.3344 0.1154 1.2938
v 1.3225 0.1154 1.2846
v 1.3133 0.1154 1.2726
v 1.3075 0.1154 1.2587
v 1.3055 0.1154 1.2437
v 1.3075 0.1154 1.2287
v 1.3133 0.1154 1.2148
v 1.3225 0.1154 1.2028
v 1.3344 0.1154 1.1936
v 1.3484 0.1154 1.1879
v 1.3633 0.1154 1.1859
v 1.3783 0.1154 1.1879
v 1.3922 0.1154 1.1936
v 1.4042 0.1154 1.2028
v 1.4134 0.1154 1.2148
v 1.4192 0.1154 1.2287
v 1.4212 0.1205 1.2437
v 1.4192 0.1205 1.2587
v 1.4134 0.1205 1.2726
v 1.4042 0.1205 1.2846
v 1.3922 0.1205 1.2938
v 1.3783 0.1205 1.2996
v 1.3633 0.1205 1.3015
v 1.3484 0.1205 1.2996
v 1.3344 0.1205 1.2938
v 1.3225 0.1205 1.2846
v 1.3133 0.1205 1.2726
v 1.3075 0.1205 1.2587
v 1.3055 0.1205 1.2437
v 1.3075 0.1205 1.2287
v 1.3133 0.1205 1.2148
v 1.3225 0.1205 1.2028
v 1.3344 0.1205 1.1936
v 1.3484 0.1205 1.1879
v 1.3633 0.1205 1.1859
v 1.3783 0.1205 1.1879
v 1.3922 0.1205 1.1936
v 1.4042 0.1205 1.2028
v 1.4134 0.1205 1.2148
v 1.4192 0.1205 1.2287
v 1.3934 0.1205 1.2437
v 1.3924 0.1205 1.2515
v 1.3894 0.1205 1.2587
v 1.3846 0.1205 1.265
v 1.3784 0.1205 1.2697
v 1.3711 0.1205 1.2727
v 1.3633 0.1205 1.2738
v 1.3556 0.1205 1.2727
v 1.3483 0.1205 1.2697
v 1.3421 0.1205 1.265
v 1.3373 0.1205 1.2587
v 1.3343 0.1205 1.2515
v 1.3333 0.1205 1.2437
v 1.3343 0.1205 1.2359
v 1.3373 0.1205 1.2287
v 1.3421 0.1205 1.2224
v 1.3483 0.1205 1.2177
v 1.3556 0.1205 1.2147
v 1.3633 0.1205 1.2136
v 1.3711 0.1205 1.2147
v 1.3784 0.1205 1.2177
v 1.3846 0.1205 1.2224
v 1.3894 0.1205 1.2287
v 1.3924 0.1205 1.2359

g name32 
f 7118 7119 7095 7094
f 7142 7143 7119 7118
f 7166 7167 7143 7142
f 7094 7095 7167 7166
f 7119 7120 7096 7095
f 7143 7144 7120 7119
f 7167 7168 7144 7143
f 7095 7096 7168 7167
f 7120 7121 7097 7096
f 7144 7145 7121 7120
f 7168 7169 7145 7144
f 7096 7097 7169 7168
f 7121 7122 7098 7097
f 7145 7146 7122 7121
f 7169 7170 7146 7145
f 7097 7098 7170 7169
f 7122 7123 7099 7098
f 7146 7147 7123 7122
f 7170 7171 7147 7146
f 7098 7099 7171 7170
f 7123 7124 7100 7099
f 7147 7148 7124 7123
f 7171 7172 7148 7147
f 7099 7100 7172 7171
f 7124 7125 7101 7100
f 7148 7149 7125 7124
f 7172 7173 7149 7148
f 7100 7101 7173 7172
f 7125 7126 7102 7101
f 7149 7150 7126 7125
f 7173 7174 7150 7149
f 7101 7102 7174 7173
f 7126 7127 7103 7102
f 7150 7151 7127 7126
f 7174 7175 7151 7150
f 7102 7103 7175 7174
f 7127 7128 7104 7103
f 7151 7152 7128 7127
f 7175 7176 7152 7151
f 7103 7104 7176 7175
f 7128 7129 7105 7104
f 7152 7153 7129 7128
f 7176 7177 7153 7152
f 7104 7105 7177 7176
f 7129 7130 7106 7105
f 7153 7154 7130 7129
f 7177 7178 7154 7153
f 7105 7106 7178 7177
f 7130 7131 7107 7106
f 7154 7155 7131 7130
f 7178 7179 7155 7154
f 7106 7107 7179 7178
f 7131 7132 7108 7107
f 7155 7156 7132 7131
f 7179 7180 7156 7155
f 7107 7108 7180 7179
f 7132 7133 7109 7108
f 7156 7157 7133 7132
f 7180 7181 7157 7156
f 7108 7109 7181 7180
f 7133 7134 7110 7109
f 7157 7158 7134 7133
f 7181 7182 7158 7157
f 7109 7110 7182 7181
f 7134 7135 7111 7110
f 7158 7159 7135 7134
f 7182 7183 7159 7158
f 7110 7111 7183 7182
f 7135 7136 7112 7111
f 7159 7160 7136 7135
f 7183 7184 7160 7159
f 7111 7112 7184 7183
f 7136 7137 7113 7112
f 7160 7161 7137 7136
f 7184 7185 7161 7160
f 7112 7113 7185 7184
f 7137 7138 7114 7113
f 7161 7162 7138 7137
f 7185 7186 7162 7161
f 7113 7114 7186 7185
f 7138 7139 7115 7114
f 7162 7163 7139 7138
f 7186 7187 7163 7162
f 7114 7115 7187 7186
f 7139 7140 7116 7115
f 7163 7164 7140 7139
f 7187 7188 7164 7163
f 7115 7116 7188 7187
f 7140 7141 7117 7116
f 7164 7165 7141 7140
f 7188 7189 7165 7164
f 7116 7117 7189 7188
f 7141 7118 7094 7117
f 7165 7142 7118 7141
f 7189 7166 7142 7165
f 7117 7094 7166 7189

g 
v 1.3962 0.1403 1.2437
v 1.3798 0.1403 1.2722
v 1.3469 0.1403 1.2722
v 1.3304 0.1403 1.2437
v 1.3469 0.1403 1.2152
v 1.3798 0.1403 1.2152
v 1.4266 0.1403 1.2437
v 1.395 0.1403 1.2985
v 1.3317 0.1403 1.2985
v 1.3 0.1403 1.2437
v 1.3317 0.1403 1.1889
v 1.395 0.1403 1.1889
v 1.4266 0.177 1.2437
v 1.395 0.177 1.2985
v 1.3317 0.177 1.2985
v 1.3 0.177 1.2437
v 1.3317 0.177 1.1889
v 1.395 0.177 1.1889
v 1.3962 0.177 1.2437
v 1.3798 0.177 1.2722
v 1.3469 0.177 1.2722
v 1.3304 0.177 1.2437
v 1.3469 0.177 1.2152
v 1.3798 0.177 1.2152

g name33 
f 7196 7197 7191 7190
f 7202 7203 7197 7196
f 7208 7209 7203 7202
f 7190 7191 7209 7208
f 7197 7198 7192 7191
f 7203 7204 7198 7197
f 7209 7210 7204 7203
f 7191 7192 7210 7209
f 7198 7199 7193 7192
f 7204 7205 7199 7198
f 7210 7211 7205 7204
f 7192 7193 7211 7210
f 7199 7200 7194 7193
f 7205 7206 7200 7199
f 7211 7212 7206 7205
f 7193 7194 7212 7211
f 7200 7201 7195 7194
f 7206 7207 7201 7200
f 7212 7213 7207 7206
f 7194 7195 7213 7212
f 7201 7196 7190 7195
f 7207 7202 7196 7201
f 7213 7208 7202 7207
f 7195 7190 7208 7213

g 
v 1.3934 0.1357 1.2437
v 1.3924 0.1357 1.2515
v 1.3894 0.1357 1.2587
v 1.3846 0.1357 1.265
v 1.3784 0.1357 1.2697
v 1.3711 0.1357 1.2727
v 1.3633 0.1357 1.2738
v 1.3556 0.1357 1.2727
v 1.3483 0.1357 1.2697
v 1.3421 0.1357 1.265
v 1.3373 0.1357 1.2587
v 1.3343 0.1357 1.2515
v 1.3333 0.1357 1.2437
v 1.3343 0.1357 1.2359
v 1.3373 0.1357 1.2287
v 1.3421 0.1357 1.2224
v 1.3483 0.1357 1.2177
v 1.3556 0.1357 1.2147
v 1.3633 0.1357 1.2136
v 1.3711 0.1357 1.2147
v 1.3784 0.1357 1.2177
v 1.3846 0.1357 1.2224
v 1.3894 0.1357 1.2287
v 1.3924 0.1357 1.2359
v 1.4212 0.1357 1.2437
v 1.4192 0.1357 1.2587
v 1.4134 0.1357 1.2726
v 1.4042 0.1357 1.2846
v 1.3922 0.1357 1.2938
v 1.3783 0.1357 1.2996
v 1.3633 0.1357 1.3015
v 1.3484 0.1357 1.2996
v 1.3344 0.1357 1.2938
v 1.3225 0.1357 1.2846
v 1.3133 0.1357 1.2726
v 1.3075 0.1357 1.2587
v 1.3055 0.1357 1.2437
v 1.3075 0.1357 1.2287
v 1.3133 0.1357 1.2148
v 1.3225 0.1357 1.2028
v 1.3344 0.1357 1.1936
v 1.3484 0.1357 1.1879
v 1.3633 0.1357 1.1859
v 1.3783 0.1357 1.1879
v 1.3922 0.1357 1.1936
v 1.4042 0.1357 1.2028
v 1.4134 0.1357 1.2148
v 1.4192 0.1357 1.2287
v 1.4212 0.1409 1.2437
v 1.4192 0.1409 1.2587
v 1.4134 0.1409 1.2726
v 1.4042 0.1409 1.2846
v 1.3922 0.1409 1.2938
v 1.3783 0.1409 1.2996
v 1.3633 0.1409 1.3015
v 1.3484 0.1409 1.2996
v 1.3344 0.1409 1.2938
v 1.3225 0.1409 1.2846
v 1.3133 0.1409 1.2726
v 1.3075 0.1409 1.2587
v 1.3055 0.1409 1.2437
v 1.3075 0.1409 1.2287
v 1.3133 0.1409 1.2148
v 1.3225 0.1409 1.2028
v 1.3344 0.1409 1.1936
v 1.3484 0.1409 1.1879
v 1.3633 0.1409 1.1859
v 1.3783 0.1409 1.1879
v 1.3922 0.1409 1.1936
v 1.4042 0.1409 1.2028
v 1.4134 0.1409 1.2148
v 1.4192 0.1409 1.2287
v 1.3934 0.1409 1.2437
v 1.3924 0.1409 1.2515
v 1.3894 0.1409 1.2587
v 1.3846 0.1409 1.265
v 1.3784 0.1409 1.2697
v 1.3711 0.1409 1.2727
v 1.3633 0.1409 1.2738
v 1.3556 0.1409 1.2727
v 1.3483 0.1409 1.2697
v 1.3421 0.1409 1.265
v 1.3373 0.1409 1.2587
v 1.3343 0.1409 1.2515
v 1.3333 0.1409 1.2437
v 1.3343 0.1409 1.2359
v 1.3373 0.1409 1.2287
v 1.3421 0.1409 1.2224
v 1.3483 0.1409 1.2177
v 1.3556 0.1409 1.2147
v 1.3633 0.1409 1.2136
v 1.3711 0.1409 1.2147
v 1.3784 0.1409 1.2177
v 1.3846 0.1409 1.2224
v 1.3894 0.1409 1.2287
v 1.3924 0.1409 1.2359

g name34 
f 7238 7239 7215 7214
f 7262 7263 7239 7238
f 7286 7287 7263 7262
f 7214 7215 7287 7286
f 7239 7240 7216 7215
f 7263 7264 7240 7239
f 7287 7288 7264 7263
f 7215 7216 7288 7287
f 7240 7241 7217 7216
f 7264 7265 7241 7240
f 7288 7289 7265 7264
f 7216 7217 7289 7288
f 7241 7242 7218 7217
f 7265 7266 7242 7241
f 7289 7290 7266 7265
f 7217 7218 7290 7289
f 7242 7243 7219 7218
f 7266 7267 7243 7242
f 7290 7291 7267 7266
f 7218 7219 7291 7290
f 7243 7244 7220 7219
f 7267 7268 7244 7243
f 7291 7292 7268 7267
f 7219 7220 7292 7291
f 7244 7245 7221 7220
f 7268 7269 7245 7244
f 7292 7293 7269 7268
f 7220 7221 7293 7292
f 7245 7246 7222 7221
f 7269 7270 7246 7245
f 7293 7294 7270 7269
f 7221 7222 7294 7293
f 7246 7247 7223 7222
f 7270 7271 7247 7246
f 7294 7295 7271 7270
f 7222 7223 7295 7294
f 7247 7248 7224 7223
f 7271 7272 7248 7247
f 7295 7296 7272 7271
f 7223 7224 7296 7295
f 7248 7249 7225 7224
f 7272 7273 7249 7248
f 7296 7297 7273 7272
f 7224 7225 7297 7296
f 7249 7250 7226 7225
f 7273 7274 7250 7249
f 7297 7298 7274 7273
f 7225 7226 7298 7297
f 7250 7251 7227 7226
f 7274 7275 7251 7250
f 7298 7299 7275 7274
f 7226 7227 7299 7298
f 7251 7252 7228 7227
f 7275 7276 7252 7251
f 7299 7300 7276 7275
f 7227 7228 7300 7299
f 7252 7253 7229 7228
f 7276 7277 7253 7252
f 7300 7301 7277 7276
f 7228 7229 7301 7300
f 7253 7254 7230 7229
f 7277 7278 7254 7253
f 7301 7302 7278 7277
f 7229 7230 7302 7301
f 7254 7255 7231 7230
f 7278 7279 7255 7254
f 7302 7303 7279 7278
f 7230 7231 7303 7302
f 7255 7256 7232 7231
f 7279 7280 7256 7255
f 7303 7304 7280 7279
f 7231 7232 7304 7303
f 7256 7257 7233 7232
f 7280 7281 7257 7256
f 7304 7305 7281 7280
f 7232 7233 7305 7304
f 7257 7258 7234 7233
f 7281 7282 7258 7257
f 7305 7306 7282 7281
f 7233 7234 7306 7305
f 7258 7259 7235 7234
f 7282 7283 7259 7258
f 7306 7307 7283 7282
f 7234 7235 7307 7306
f 7259 7260 7236 7235
f 7283 7284 7260 7259
f 7307 7308 7284 7283
f 7235 7236 7308 7307
f 7260 7261 7237 7236
f 7284 7285 7261 7260
f 7308 7309 7285 7284
f 7236 7237 7309 7308
f 7261 7238 7214 7237
f 7285 7262 7238 7261
f 7309 7286 7262 7285
f 7237 7214 7286 7309

g 
v 1.5953 -0.2212 1.2671
v 1.5795 -0.2212 1.328
v 1.5486 -0.2212 1.3828
v 1.5044 -0.2212 1.4276
v 1.4502 -0.2212 1.4596
v 1.3897 -0.2212 1.4764
v 1.3267 -0.2212 1.4769
v 1.2658 -0.2212 1.4612
v 1.211 -0.2212 1.4302
v 1.1661 -0.2212 1.3861
v 1.1342 -0.2212 1.3319
v 1.1174 -0.2212 1.2713
v 1.1169 -0.2212 1.2083
v 1.1327 -0.2212 1.1475
v 1.1636 -0.2212 1.0927
v 1.2077 -0.2212 1.0478
v 1.262 -0.2212 1.0159
v 1.3226 -0.2212 0.999
v 1.3855 -0.2212 0.9985
v 1.4464 -0.2212 1.0142
v 1.5012 -0.2212 1.0452
v 1.546 -0.2212 1.0893
v 1.578 -0.2212 1.1436
v 1.5948 -0.2212 1.2042
v 1.6346 -0.2211 1.2719
v 1.6163 -0.2211 1.3428
v 1.5802 -0.2211 1.4066
v 1.5289 -0.2211 1.4589
v 1.4657 -0.2211 1.4961
v 1.3952 -0.2211 1.5157
v 1.3219 -0.2211 1.5163
v 1.2509 -0.2211 1.4979
v 1.1871 -0.2211 1.4618
v 1.135 -0.2211 1.4105
v 1.0977 -0.2211 1.3474
v 1.0781 -0.2211 1.2768
v 1.0775 -0.2211 1.2035
v 1.0958 -0.2211 1.1326
v 1.132 -0.2211 1.0688
v 1.1833 -0.2211 1.0165
v 1.2465 -0.2211 0.9793
v 1.3171 -0.2211 0.9598
v 1.3903 -0.2211 0.9591
v 1.4612 -0.2211 0.9775
v 1.525 -0.2211 1.0136
v 1.5773 -0.2211 1.0649
v 1.6145 -0.2211 1.128
v 1.634 -0.2211 1.1987
v 1.6346 -0.0377 1.2719
v 1.6163 -0.0377 1.3428
v 1.5802 -0.0377 1.4066
v 1.5289 -0.0377 1.4589
v 1.4657 -0.0377 1.4961
v 1.3952 -0.0377 1.5157
v 1.3219 -0.0377 1.5163
v 1.2509 -0.0377 1.4979
v 1.1871 -0.0377 1.4618
v 1.135 -0.0377 1.4105
v 1.0977 -0.0377 1.3474
v 1.0781 -0.0377 1.2768
v 1.0775 -0.0377 1.2035
v 1.0958 -0.0377 1.1326
v 1.132 -0.0377 1.0688
v 1.1833 -0.0377 1.0165
v 1.2465 -0.0377 0.9793
v 1.3171 -0.0377 0.9598
v 1.3903 -0.0377 0.9591
v 1.4612 -0.0377 0.9775
v 1.525 -0.0377 1.0136
v 1.5773 -0.0377 1.0649
v 1.6145 -0.0377 1.128
v 1.634 -0.0377 1.1987
v 1.5885 -0.046 1.2663
v 1.5732 -0.046 1.3254
v 1.543 -0.046 1.3786
v 1.5002 -0.046 1.4222
v 1.4476 -0.046 1.4532
v 1.3887 -0.046 1.4696
v 1.3276 -0.046 1.4701
v 1.2684 -0.046 1.4549
v 1.2152 -0.046 1.4247
v 1.1715 -0.046 1.3818
v 1.1405 -0.046 1.3292
v 1.1242 -0.046 1.2703
v 1.1237 -0.046 1.2092
v 1.139 -0.046 1.15
v 1.1691 -0.046 1.0968
v 1.212 -0.046 1.0532
v 1.2646 -0.046 1.0222
v 1.3235 -0.046 1.0058
v 1.3846 -0.046 1.0053
v 1.4438 -0.046 1.0206
v 1.497 -0.046 1.0507
v 1.5406 -0.046 1.0936
v 1.5716 -0.046 1.1462
v 1.588 -0.046 1.2051
v 1.4315 -0.0465 1.247
v 1.4265 -0.0465 1.2662
v 1.4168 -0.0465 1.2834
v 1.4028 -0.0465 1.2976
v 1.3858 -0.0465 1.3076
v 1.3667 -0.0465 1.3129
v 1.3468 -0.0465 1.3131
v 1.3276 -0.0465 1.3081
v 1.3104 -0.0465 1.2984
v 1.2963 -0.0465 1.2845
v 1.2862 -0.0465 1.2674
v 1.2809 -0.0465 1.2483
v 1.2807 -0.0465 1.2285
v 1.2857 -0.0465 1.2093
v 1.2955 -0.0465 1.192
v 1.3093 -0.0465 1.1779
v 1.3265 -0.0465 1.1678
v 1.3456 -0.0465 1.1625
v 1.3654 -0.0465 1.1623
v 1.3846 -0.0465 1.1673
v 1.4018 -0.0465 1.1771
v 1.4159 -0.0465 1.191
v 1.426 -0.0465 1.208
v 1.4313 -0.0465 1.2271
v 1.5885 -0.0374 1.2663
v 1.5732 -0.0374 1.3254
v 1.543 -0.0374 1.3786
v 1.5002 -0.0374 1.4222
v 1.4476 -0.0374 1.4532
v 1.3887 -0.0374 1.4696
v 1.3276 -0.0374 1.4701
v 1.2684 -0.0374 1.4549
v 1.2152 -0.0374 1.4247
v 1.1715 -0.0374 1.3818
v 1.1405 -0.0374 1.3292
v 1.1242 -0.0374 1.2703
v 1.1237 -0.0374 1.2092
v 1.139 -0.0374 1.15
v 1.1691 -0.0374 1.0968
v 1.212 -0.0374 1.0532
v 1.2646 -0.0374 1.0222
v 1.3235 -0.0374 1.0058
v 1.3846 -0.0374 1.0053
v 1.4438 -0.0374 1.0206
v 1.497 -0.0374 1.0507
v 1.5406 -0.0374 1.0936
v 1.5716 -0.0374 1.1462
v 1.588 -0.0374 1.2051
v 1.3953 -0.0549 1.2425
v 1.3927 -0.0549 1.2525
v 1.3877 -0.0549 1.2615
v 1.3804 -0.0549 1.2688
v 1.3715 -0.0549 1.2741
v 1.3616 -0.0549 1.2768
v 1.3513 -0.0549 1.2769
v 1.3413 -0.0549 1.2743
v 1.3323 -0.0549 1.2693
v 1.325 -0.0549 1.262
v 1.3197 -0.0549 1.2531
v 1.317 -0.0549 1.2432
v 1.3169 -0.0549 1.2329
v 1.3195 -0.0549 1.2229
v 1.3246 -0.0549 1.214
v 1.3317 -0.0549 1.2066
v 1.3407 -0.0549 1.2013
v 1.3506 -0.0549 1.1986
v 1.3609 -0.0549 1.1985
v 1.3709 -0.0549 1.2011
v 1.3799 -0.0549 1.2062
v 1.3872 -0.0549 1.2134
v 1.3925 -0.0549 1.2223
v 1.3952 -0.0549 1.2322
v 1.4315 -0.0543 1.247
v 1.4265 -0.0543 1.2662
v 1.4168 -0.0543 1.2834
v 1.4028 -0.0543 1.2976
v 1.3858 -0.0543 1.3076
v 1.3667 -0.0543 1.3129
v 1.3468 -0.0543 1.3131
v 1.3276 -0.0543 1.3081
v 1.3104 -0.0543 1.2984
v 1.2963 -0.0543 1.2845
v 1.2862 -0.0543 1.2674
v 1.2809 -0.0543 1.2483
v 1.2807 -0.0543 1.2285
v 1.2857 -0.0543 1.2093
v 1.2955 -0.0543 1.192
v 1.3093 -0.0543 1.1779
v 1.3265 -0.0543 1.1678
v 1.3456 -0.0543 1.1625
v 1.3654 -0.0543 1.1623
v 1.3846 -0.0543 1.1673
v 1.4018 -0.0543 1.1771
v 1.4159 -0.0543 1.191
v 1.426 -0.0543 1.208
v 1.4313 -0.0543 1.2271
v 1.4315 -0.0384 1.247
v 1.4265 -0.0384 1.2662
v 1.4168 -0.0384 1.2834
v 1.4028 -0.0384 1.2976
v 1.3858 -0.0384 1.3076
v 1.3667 -0.0384 1.3129
v 1.3468 -0.0384 1.3131
v 1.3276 -0.0384 1.3081
v 1.3104 -0.0384 1.2984
v 1.2963 -0.0384 1.2845
v 1.2862 -0.0384 1.2674
v 1.2809 -0.0384 1.2483
v 1.2807 -0.0384 1.2285
v 1.2857 -0.0384 1.2093
v 1.2955 -0.0384 1.192
v 1.3093 -0.0384 1.1779
v 1.3265 -0.0384 1.1678
v 1.3456 -0.0384 1.1625
v 1.3654 -0.0384 1.1623
v 1.3846 -0.0384 1.1673
v 1.4018 -0.0384 1.1771
v 1.4159 -0.0384 1.191
v 1.426 -0.0384 1.208
v 1.4313 -0.0384 1.2271
v 1.3953 -0.0384 1.2425
v 1.3927 -0.0384 1.2525
v 1.3877 -0.0384 1.2615
v 1.3804 -0.0384 1.2688
v 1.3715 -0.0384 1.2741
v 1.3616 -0.0384 1.2768
v 1.3513 -0.0384 1.2769
v 1.3413 -0.0384 1.2743
v 1.3323 -0.0384 1.2693
v 1.325 -0.0384 1.262
v 1.3197 -0.0384 1.2531
v 1.317 -0.0384 1.2432
v 1.3169 -0.0384 1.2329
v 1.3195 -0.0384 1.2229
v 1.3246 -0.0384 1.214
v 1.3317 -0.0384 1.2066
v 1.3407 -0.0384 1.2013
v 1.3506 -0.0384 1.1986
v 1.3609 -0.0384 1.1985
v 1.3709 -0.0384 1.2011
v 1.3799 -0.0384 1.2062
v 1.3872 -0.0384 1.2134
v 1.3925 -0.0384 1.2223
v 1.3952 -0.0384 1.2322
v 1.5953 -0.2126 1.2671
v 1.5795 -0.2126 1.328
v 1.5486 -0.2126 1.3828
v 1.5044 -0.2126 1.4276
v 1.4502 -0.2126 1.4596
v 1.3897 -0.2126 1.4764
v 1.3267 -0.2126 1.4769
v 1.2658 -0.2126 1.4612
v 1.211 -0.2126 1.4302
v 1.1661 -0.2126 1.3861
v 1.1342 -0.2126 1.3319
v 1.1174 -0.2126 1.2713
v 1.1169 -0.2126 1.2083
v 1.1327 -0.2126 1.1475
v 1.1636 -0.2126 1.0927
v 1.2077 -0.2126 1.0478
v 1.262 -0.2126 1.0159
v 1.3226 -0.2126 0.999
v 1.3855 -0.2126 0.9985
v 1.4464 -0.2126 1.0142
v 1.5012 -0.2126 1.0452
v 1.546 -0.2126 1.0893
v 1.578 -0.2126 1.1436
v 1.5948 -0.2126 1.2042
v 1.5885 -0.0537 1.2663
v 1.5732 -0.0537 1.3254
v 1.543 -0.0537 1.3786
v 1.5002 -0.0537 1.4222
v 1.4476 -0.0537 1.4533
v 1.3887 -0.0537 1.4696
v 1.3276 -0.0537 1.4701
v 1.2684 -0.0537 1.4549
v 1.2152 -0.0537 1.4247
v 1.1715 -0.0537 1.3818
v 1.1405 -0.0537 1.3292
v 1.1242 -0.0537 1.2703
v 1.1237 -0.0537 1.2092
v 1.139 -0.0537 1.15
v 1.1691 -0.0537 1.0968
v 1.212 -0.0537 1.0532
v 1.2646 -0.0537 1.0222
v 1.3235 -0.0537 1.0058
v 1.3846 -0.0537 1.0053
v 1.4438 -0.0537 1.0206
v 1.497 -0.0537 1.0507
v 1.5406 -0.0537 1.0936
v 1.5716 -0.0537 1.1462
v 1.588 -0.0537 1.2051
v 1.4315 -0.0528 1.247
v 1.4265 -0.0528 1.2662
v 1.4168 -0.0528 1.2834
v 1.4028 -0.0528 1.2976
v 1.3858 -0.0528 1.3076
v 1.3667 -0.0528 1.3129
v 1.3468 -0.0528 1.3131
v 1.3276 -0.0528 1.3081
v 1.3104 -0.0528 1.2984
v 1.2963 -0.0528 1.2845
v 1.2862 -0.0528 1.2674
v 1.2809 -0.0528 1.2483
v 1.2807 -0.0528 1.2285
v 1.2857 -0.0528 1.2093
v 1.2955 -0.0528 1.192
v 1.3093 -0.0528 1.1779
v 1.3265 -0.0528 1.1678
v 1.3456 -0.0528 1.1625
v 1.3654 -0.0528 1.1623
v 1.3846 -0.0528 1.1673
v 1.4018 -0.0528 1.1771
v 1.4159 -0.0528 1.191
v 1.426 -0.0528 1.208
v 1.4313 -0.0528 1.2271
v 1.3953 -0.0469 1.2425
v 1.3927 -0.0469 1.2525
v 1.3877 -0.0469 1.2615
v 1.3804 -0.0469 1.2688
v 1.3715 -0.0469 1.2741
v 1.3616 -0.0469 1.2768
v 1.3513 -0.0469 1.2769
v 1.3413 -0.0469 1.2743
v 1.3323 -0.0469 1.2693
v 1.325 -0.0469 1.262
v 1.3197 -0.0469 1.2531
v 1.317 -0.0469 1.2432
v 1.3169 -0.0469 1.2329
v 1.3195 -0.0469 1.2229
v 1.3246 -0.0469 1.214
v 1.3317 -0.0469 1.2066
v 1.3407 -0.0469 1.2013
v 1.3506 -0.0469 1.1986
v 1.3609 -0.0469 1.1985
v 1.3709 -0.0469 1.2011
v 1.3799 -0.0469 1.2062
v 1.3872 -0.0469 1.2134
v 1.3925 -0.0469 1.2223
v 1.3952 -0.0469 1.2322
v 1.6426 -0.0442 1.2729
v 1.6237 -0.0442 1.3458
v 1.6237 -0.2146 1.3458
v 1.6426 -0.2146 1.2729
v 1.6419 -0.0442 1.1976
v 1.6419 -0.2146 1.1976
v 1.6217 -0.0442 1.1249
v 1.6217 -0.2146 1.1249
v 1.5835 -0.0442 1.06
v 1.5835 -0.2146 1.06
v 1.5298 -0.0442 1.0072
v 1.5298 -0.2146 1.0072
v 1.4642 -0.0442 0.9701
v 1.4642 -0.2146 0.9701
v 1.3912 -0.0442 0.9512
v 1.3912 -0.2146 0.9512
v 1.316 -0.0442 0.9519
v 1.316 -0.2146 0.9519
v 1.0905 -0.0442 1.3505
v 1.0703 -0.0442 1.2779
v 1.0703 -0.2146 1.2779
v 1.0905 -0.2146 1.3505
v 1.0696 -0.0442 1.2025
v 1.0696 -0.2146 1.2025
v 1.0885 -0.0442 1.1296
v 1.0885 -0.2146 1.1296
v 1.1256 -0.0442 1.064
v 1.1256 -0.2146 1.064
v 1.1784 -0.0442 1.0103
v 1.1784 -0.2146 1.0103
v 1.2433 -0.0442 0.972
v 1.2433 -0.2146 0.972
v 1.1286 -0.0442 1.4154
v 1.1286 -0.2146 1.4154
v 1.1824 -0.0442 1.4682
v 1.1824 -0.2146 1.4682
v 1.2479 -0.0442 1.5053
v 1.2479 -0.2146 1.5053
v 1.3209 -0.0442 1.5242
v 1.3209 -0.2146 1.5242
v 1.3962 -0.0442 1.5235
v 1.3962 -0.2146 1.5235
v 1.4688 -0.0442 1.5034
v 1.4688 -0.2146 1.5034
v 1.5338 -0.0442 1.4652
v 1.5338 -0.2146 1.4652
v 1.5866 -0.0442 1.4114
v 1.5866 -0.2146 1.4114

g name35 
f 7334 7335 7311 7310
f 7646 7647 7648 7649
f 7430 7431 7359 7358
f 7310 7311 7383 7382
f 7335 7336 7312 7311
f 7647 7692 7693 7648
f 7431 7432 7360 7359
f 7311 7312 7384 7383
f 7336 7337 7313 7312
f 7692 7690 7691 7693
f 7432 7433 7361 7360
f 7312 7313 7385 7384
f 7337 7338 7314 7313
f 7690 7688 7689 7691
f 7433 7434 7362 7361
f 7313 7314 7386 7385
f 7338 7339 7315 7314
f 7688 7686 7687 7689
f 7434 7435 7363 7362
f 7314 7315 7387 7386
f 7339 7340 7316 7315
f 7686 7684 7685 7687
f 7435 7436 7364 7363
f 7315 7316 7388 7387
f 7340 7341 7317 7316
f 7684 7682 7683 7685
f 7436 7437 7365 7364
f 7316 7317 7389 7388
f 7341 7342 7318 7317
f 7682 7680 7681 7683
f 7437 7438 7366 7365
f 7317 7318 7390 7389
f 7342 7343 7319 7318
f 7680 7678 7679 7681
f 7438 7439 7367 7366
f 7318 7319 7391 7390
f 7343 7344 7320 7319
f 7678 7664 7667 7679
f 7439 7440 7368 7367
f 7319 7320 7392 7391
f 7344 7345 7321 7320
f 7664 7665 7666 7667
f 7440 7441 7369 7368
f 7320 7321 7393 7392
f 7345 7346 7322 7321
f 7665 7668 7669 7666
f 7441 7442 7370 7369
f 7321 7322 7394 7393
f 7346 7347 7323 7322
f 7668 7670 7671 7669
f 7442 7443 7371 7370
f 7322 7323 7395 7394
f 7347 7348 7324 7323
f 7670 7672 7673 7671
f 7443 7444 7372 7371
f 7323 7324 7396 7395
f 7348 7349 7325 7324
f 7672 7674 7675 7673
f 7444 7445 7373 7372
f 7324 7325 7397 7396
f 7349 7350 7326 7325
f 7674 7676 7677 7675
f 7445 7446 7374 7373
f 7325 7326 7398 7397
f 7350 7351 7327 7326
f 7676 7662 7663 7677
f 7446 7447 7375 7374
f 7326 7327 7399 7398
f 7351 7352 7328 7327
f 7662 7660 7661 7663
f 7447 7448 7376 7375
f 7327 7328 7400 7399
f 7352 7353 7329 7328
f 7660 7658 7659 7661
f 7448 7449 7377 7376
f 7328 7329 7401 7400
f 7353 7354 7330 7329
f 7658 7656 7657 7659
f 7449 7450 7378 7377
f 7329 7330 7402 7401
f 7354 7355 7331 7330
f 7656 7654 7655 7657
f 7450 7451 7379 7378
f 7330 7331 7403 7402
f 7355 7356 7332 7331
f 7654 7652 7653 7655
f 7451 7452 7380 7379
f 7331 7332 7404 7403
f 7356 7357 7333 7332
f 7652 7650 7651 7653
f 7452 7453 7381 7380
f 7332 7333 7405 7404
f 7357 7334 7310 7333
f 7650 7646 7649 7651
f 7453 7430 7358 7381
f 7333 7310 7382 7405
f 7383 7382 7406 7407
f 7405 7404 7428 7429
f 7403 7402 7426 7427
f 7401 7400 7424 7425
f 7399 7398 7422 7423
f 7397 7396 7420 7421
f 7395 7394 7418 7419
f 7385 7384 7408 7409
f 7387 7386 7410 7411
f 7389 7388 7412 7413
f 7391 7390 7414 7415
f 7393 7392 7416 7417
f 7431 7430 7382 7383
f 7432 7431 7383 7384
f 7433 7432 7384 7385
f 7434 7433 7385 7386
f 7435 7434 7386 7387
f 7436 7435 7387 7388
f 7437 7436 7388 7389
f 7438 7437 7389 7390
f 7439 7438 7390 7391
f 7440 7439 7391 7392
f 7441 7440 7392 7393
f 7442 7441 7393 7394
f 7443 7442 7394 7395
f 7444 7443 7395 7396
f 7445 7444 7396 7397
f 7446 7445 7397 7398
f 7447 7446 7398 7399
f 7448 7447 7399 7400
f 7449 7448 7400 7401
f 7450 7449 7401 7402
f 7451 7450 7402 7403
f 7452 7451 7403 7404
f 7453 7452 7404 7405
f 7430 7453 7405 7382
f 7478 7479 7455 7454
f 7526 7527 7503 7502
f 7454 7455 7527 7526
f 7479 7480 7456 7455
f 7527 7528 7504 7503
f 7455 7456 7528 7527
f 7480 7481 7457 7456
f 7528 7529 7505 7504
f 7456 7457 7529 7528
f 7481 7482 7458 7457
f 7529 7530 7506 7505
f 7457 7458 7530 7529
f 7482 7483 7459 7458
f 7530 7531 7507 7506
f 7458 7459 7531 7530
f 7483 7484 7460 7459
f 7531 7532 7508 7507
f 7459 7460 7532 7531
f 7484 7485 7461 7460
f 7532 7533 7509 7508
f 7460 7461 7533 7532
f 7485 7486 7462 7461
f 7533 7534 7510 7509
f 7461 7462 7534 7533
f 7486 7487 7463 7462
f 7534 7535 7511 7510
f 7462 7463 7535 7534
f 7487 7488 7464 7463
f 7535 7536 7512 7511
f 7463 7464 7536 7535
f 7488 7489 7465 7464
f 7536 7537 7513 7512
f 7464 7465 7537 7536
f 7489 7490 7466 7465
f 7537 7538 7514 7513
f 7465 7466 7538 7537
f 7490 7491 7467 7466
f 7538 7539 7515 7514
f 7466 7467 7539 7538
f 7491 7492 7468 7467
f 7539 7540 7516 7515
f 7467 7468 7540 7539
f 7492 7493 7469 7468
f 7540 7541 7517 7516
f 7468 7469 7541 7540
f 7493 7494 7470 7469
f 7541 7542 7518 7517
f 7469 7470 7542 7541
f 7494 7495 7471 7470
f 7542 7543 7519 7518
f 7470 7471 7543 7542
f 7495 7496 7472 7471
f 7543 7544 7520 7519
f 7471 7472 7544 7543
f 7496 7497 7473 7472
f 7544 7545 7521 7520
f 7472 7473 7545 7544
f 7497 7498 7474 7473
f 7545 7546 7522 7521
f 7473 7474 7546 7545
f 7498 7499 7475 7474
f 7546 7547 7523 7522
f 7474 7475 7547 7546
f 7499 7500 7476 7475
f 7547 7548 7524 7523
f 7475 7476 7548 7547
f 7500 7501 7477 7476
f 7548 7549 7525 7524
f 7476 7477 7549 7548
f 7501 7478 7454 7477
f 7549 7526 7502 7525
f 7477 7454 7526 7549
f 7406 7502 7503 7407
f 7407 7479 7478 7406
f 7407 7503 7504 7408
f 7408 7480 7479 7407
f 7408 7504 7505 7409
f 7409 7481 7480 7408
f 7409 7505 7506 7410
f 7410 7482 7481 7409
f 7410 7506 7507 7411
f 7411 7483 7482 7410
f 7411 7507 7508 7412
f 7412 7484 7483 7411
f 7412 7508 7509 7413
f 7413 7485 7484 7412
f 7413 7509 7510 7414
f 7414 7486 7485 7413
f 7414 7510 7511 7415
f 7415 7487 7486 7414
f 7415 7511 7512 7416
f 7416 7488 7487 7415
f 7416 7512 7513 7417
f 7417 7489 7488 7416
f 7417 7513 7514 7418
f 7418 7490 7489 7417
f 7418 7514 7515 7419
f 7419 7491 7490 7418
f 7419 7515 7516 7420
f 7420 7492 7491 7419
f 7420 7516 7517 7421
f 7421 7493 7492 7420
f 7421 7517 7518 7422
f 7422 7494 7493 7421
f 7422 7518 7519 7423
f 7423 7495 7494 7422
f 7423 7519 7520 7424
f 7424 7496 7495 7423
f 7424 7520 7521 7425
f 7425 7497 7496 7424
f 7425 7521 7522 7426
f 7426 7498 7497 7425
f 7426 7522 7523 7427
f 7427 7499 7498 7426
f 7427 7523 7524 7428
f 7428 7500 7499 7427
f 7428 7524 7525 7429
f 7429 7501 7500 7428
f 7406 7478 7501 7429
f 7429 7525 7502 7406
f 7550 7551 7335 7334
f 7334 7335 7359 7358
f 7358 7359 7383 7382
f 7574 7575 7551 7550
f 7551 7552 7336 7335
f 7335 7336 7360 7359
f 7359 7360 7384 7383
f 7575 7576 7552 7551
f 7552 7553 7337 7336
f 7336 7337 7361 7360
f 7360 7361 7385 7384
f 7576 7577 7553 7552
f 7553 7554 7338 7337
f 7337 7338 7362 7361
f 7361 7362 7386 7385
f 7577 7578 7554 7553
f 7554 7555 7339 7338
f 7338 7339 7363 7362
f 7362 7363 7387 7386
f 7578 7579 7555 7554
f 7555 7556 7340 7339
f 7339 7340 7364 7363
f 7363 7364 7388 7387
f 7579 7580 7556 7555
f 7556 7557 7341 7340
f 7340 7341 7365 7364
f 7364 7365 7389 7388
f 7580 7581 7557 7556
f 7557 7558 7342 7341
f 7341 7342 7366 7365
f 7365 7366 7390 7389
f 7581 7582 7558 7557
f 7558 7559 7343 7342
f 7342 7343 7367 7366
f 7366 7367 7391 7390
f 7582 7583 7559 7558
f 7559 7560 7344 7343
f 7343 7344 7368 7367
f 7367 7368 7392 7391
f 7583 7584 7560 7559
f 7560 7561 7345 7344
f 7344 7345 7369 7368
f 7368 7369 7393 7392
f 7584 7585 7561 7560
f 7561 7562 7346 7345
f 7345 7346 7370 7369
f 7369 7370 7394 7393
f 7585 7586 7562 7561
f 7562 7563 7347 7346
f 7346 7347 7371 7370
f 7370 7371 7395 7394
f 7586 7587 7563 7562
f 7563 7564 7348 7347
f 7347 7348 7372 7371
f 7371 7372 7396 7395
f 7587 7588 7564 7563
f 7564 7565 7349 7348
f 7348 7349 7373 7372
f 7372 7373 7397 7396
f 7588 7589 7565 7564
f 7565 7566 7350 7349
f 7349 7350 7374 7373
f 7373 7374 7398 7397
f 7589 7590 7566 7565
f 7566 7567 7351 7350
f 7350 7351 7375 7374
f 7374 7375 7399 7398
f 7590 7591 7567 7566
f 7567 7568 7352 7351
f 7351 7352 7376 7375
f 7375 7376 7400 7399
f 7591 7592 7568 7567
f 7568 7569 7353 7352
f 7352 7353 7377 7376
f 7376 7377 7401 7400
f 7592 7593 7569 7568
f 7569 7570 7354 7353
f 7353 7354 7378 7377
f 7377 7378 7402 7401
f 7593 7594 7570 7569
f 7570 7571 7355 7354
f 7354 7355 7379 7378
f 7378 7379 7403 7402
f 7594 7595 7571 7570
f 7571 7572 7356 7355
f 7355 7356 7380 7379
f 7379 7380 7404 7403
f 7595 7596 7572 7571
f 7572 7573 7357 7356
f 7356 7357 7381 7380
f 7380 7381 7405 7404
f 7596 7597 7573 7572
f 7573 7550 7334 7357
f 7357 7334 7358 7381
f 7381 7358 7382 7405
f 7597 7574 7550 7573
f 7479 7478 7574 7575
f 7501 7500 7596 7597
f 7499 7498 7594 7595
f 7497 7496 7592 7593
f 7495 7494 7590 7591
f 7493 7492 7588 7589
f 7491 7490 7586 7587
f 7481 7480 7576 7577
f 7483 7482 7578 7579
f 7485 7484 7580 7581
f 7487 7486 7582 7583
f 7489 7488 7584 7585
f 7575 7574 7382 7383
f 7576 7575 7383 7384
f 7577 7576 7384 7385
f 7578 7577 7385 7386
f 7579 7578 7386 7387
f 7580 7579 7387 7388
f 7581 7580 7388 7389
f 7582 7581 7389 7390
f 7583 7582 7390 7391
f 7584 7583 7391 7392
f 7585 7584 7392 7393
f 7586 7585 7393 7394
f 7587 7586 7394 7395
f 7588 7587 7395 7396
f 7589 7588 7396 7397
f 7590 7589 7397 7398
f 7591 7590 7398 7399
f 7592 7591 7399 7400
f 7593 7592 7400 7401
f 7594 7593 7401 7402
f 7595 7594 7402 7403
f 7596 7595 7403 7404
f 7597 7596 7404 7405
f 7574 7597 7405 7382
f 7454 7455 7599 7598
f 7406 7407 7623 7622
f 7622 7623 7455 7454
f 7455 7456 7600 7599
f 7407 7408 7624 7623
f 7623 7624 7456 7455
f 7456 7457 7601 7600
f 7408 7409 7625 7624
f 7624 7625 7457 7456
f 7457 7458 7602 7601
f 7409 7410 7626 7625
f 7625 7626 7458 7457
f 7458 7459 7603 7602
f 7410 7411 7627 7626
f 7626 7627 7459 7458
f 7459 7460 7604 7603
f 7411 7412 7628 7627
f 7627 7628 7460 7459
f 7460 7461 7605 7604
f 7412 7413 7629 7628
f 7628 7629 7461 7460
f 7461 7462 7606 7605
f 7413 7414 7630 7629
f 7629 7630 7462 7461
f 7462 7463 7607 7606
f 7414 7415 7631 7630
f 7630 7631 7463 7462
f 7463 7464 7608 7607
f 7415 7416 7632 7631
f 7631 7632 7464 7463
f 7464 7465 7609 7608
f 7416 7417 7633 7632
f 7632 7633 7465 7464
f 7465 7466 7610 7609
f 7417 7418 7634 7633
f 7633 7634 7466 7465
f 7466 7467 7611 7610
f 7418 7419 7635 7634
f 7634 7635 7467 7466
f 7467 7468 7612 7611
f 7419 7420 7636 7635
f 7635 7636 7468 7467
f 7468 7469 7613 7612
f 7420 7421 7637 7636
f 7636 7637 7469 7468
f 7469 7470 7614 7613
f 7421 7422 7638 7637
f 7637 7638 7470 7469
f 7470 7471 7615 7614
f 7422 7423 7639 7638
f 7638 7639 7471 7470
f 7471 7472 7616 7615
f 7423 7424 7640 7639
f 7639 7640 7472 7471
f 7472 7473 7617 7616
f 7424 7425 7641 7640
f 7640 7641 7473 7472
f 7473 7474 7618 7617
f 7425 7426 7642 7641
f 7641 7642 7474 7473
f 7474 7475 7619 7618
f 7426 7427 7643 7642
f 7642 7643 7475 7474
f 7475 7476 7620 7619
f 7427 7428 7644 7643
f 7643 7644 7476 7475
f 7476 7477 7621 7620
f 7428 7429 7645 7644
f 7644 7645 7477 7476
f 7477 7454 7598 7621
f 7429 7406 7622 7645
f 7645 7622 7454 7477
f 7479 7407 7406 7478
f 7478 7598 7599 7479
f 7480 7408 7407 7479
f 7479 7599 7600 7480
f 7481 7409 7408 7480
f 7480 7600 7601 7481
f 7482 7410 7409 7481
f 7481 7601 7602 7482
f 7483 7411 7410 7482
f 7482 7602 7603 7483
f 7484 7412 7411 7483
f 7483 7603 7604 7484
f 7485 7413 7412 7484
f 7484 7604 7605 7485
f 7486 7414 7413 7485
f 7485 7605 7606 7486
f 7487 7415 7414 7486
f 7486 7606 7607 7487
f 7488 7416 7415 7487
f 7487 7607 7608 7488
f 7489 7417 7416 7488
f 7488 7608 7609 7489
f 7490 7418 7417 7489
f 7489 7609 7610 7490
f 7491 7419 7418 7490
f 7490 7610 7611 7491
f 7492 7420 7419 7491
f 7491 7611 7612 7492
f 7493 7421 7420 7492
f 7492 7612 7613 7493
f 7494 7422 7421 7493
f 7493 7613 7614 7494
f 7495 7423 7422 7494
f 7494 7614 7615 7495
f 7496 7424 7423 7495
f 7495 7615 7616 7496
f 7497 7425 7424 7496
f 7496 7616 7617 7497
f 7498 7426 7425 7497
f 7497 7617 7618 7498
f 7499 7427 7426 7498
f 7498 7618 7619 7499
f 7500 7428 7427 7499
f 7499 7619 7620 7500
f 7501 7429 7428 7500
f 7500 7620 7621 7501
f 7501 7621 7598 7478
f 7478 7406 7429 7501
f 7574 7478 7406 7382
f 7479 7575 7383 7407
f 7596 7500 7428 7404
f 7501 7597 7405 7429
f 7594 7498 7426 7402
f 7499 7595 7403 7427
f 7592 7496 7424 7400
f 7497 7593 7401 7425
f 7590 7494 7422 7398
f 7495 7591 7399 7423
f 7588 7492 7420 7396
f 7493 7589 7397 7421
f 7586 7490 7418 7394
f 7491 7587 7395 7419
f 7576 7480 7408 7384
f 7481 7577 7385 7409
f 7578 7482 7410 7386
f 7483 7579 7387 7411
f 7580 7484 7412 7388
f 7485 7581 7389 7413
f 7582 7486 7414 7390
f 7487 7583 7391 7415
f 7584 7488 7416 7392
f 7489 7585 7393 7417
f 7647 7646 7358 7359
f 7649 7648 7335 7334
f 7646 7650 7381 7358
f 7651 7649 7334 7357
f 7650 7652 7380 7381
f 7653 7651 7357 7356
f 7652 7654 7379 7380
f 7655 7653 7356 7355
f 7654 7656 7378 7379
f 7657 7655 7355 7354
f 7656 7658 7377 7378
f 7659 7657 7354 7353
f 7658 7660 7376 7377
f 7661 7659 7353 7352
f 7660 7662 7375 7376
f 7663 7661 7352 7351
f 7665 7664 7368 7369
f 7667 7666 7345 7344
f 7668 7665 7369 7370
f 7666 7669 7346 7345
f 7670 7668 7370 7371
f 7669 7671 7347 7346
f 7672 7670 7371 7372
f 7671 7673 7348 7347
f 7674 7672 7372 7373
f 7673 7675 7349 7348
f 7676 7674 7373 7374
f 7675 7677 7350 7349
f 7662 7676 7374 7375
f 7677 7663 7351 7350
f 7664 7678 7367 7368
f 7679 7667 7344 7343
f 7678 7680 7366 7367
f 7681 7679 7343 7342
f 7680 7682 7365 7366
f 7683 7681 7342 7341
f 7682 7684 7364 7365
f 7685 7683 7341 7340
f 7684 7686 7363 7364
f 7687 7685 7340 7339
f 7686 7688 7362 7363
f 7689 7687 7339 7338
f 7688 7690 7361 7362
f 7691 7689 7338 7337
f 7690 7692 7360 7361
f 7693 7691 7337 7336
f 7692 7647 7359 7360
f 7648 7693 7336 7335

g 
v 1.4424 -0.2333 1.2836
v 1.4514 -0.2333 1.2597
v 1.4539 -0.2333 1.2343
v 1.4496 -0.2333 1.2091
v 1.439 -0.2333 1.1859
v 1.4228 -0.2333 1.1662
v 1.402 -0.2333 1.1513
v 1.3781 -0.2333 1.1424
v 1.3526 -0.2333 1.1399
v 1.3276 -0.2333 1.1442
v 1.3042 -0.2333 1.1547
v 1.2846 -0.2333 1.171
v 1.2697 -0.2333 1.1918
v 1.2607 -0.2333 1.2157
v 1.2583 -0.2333 1.2411
v 1.2625 -0.2333 1.2663
v 1.2731 -0.2333 1.2895
v 1.2894 -0.2333 1.3093
v 1.3102 -0.2333 1.3241
v 1.3341 -0.2333 1.333
v 1.3595 -0.2333 1.3355
v 1.3847 -0.2333 1.3313
v 1.4079 -0.2333 1.3207
v 1.4276 -0.2333 1.3044
v 1.4697 -0.2333 1.2981
v 1.4815 -0.2333 1.2666
v 1.4847 -0.2333 1.2332
v 1.4792 -0.2333 1.2001
v 1.4653 -0.2333 1.1695
v 1.4439 -0.2333 1.1435
v 1.4165 -0.2333 1.1241
v 1.3851 -0.2333 1.1123
v 1.3516 -0.2333 1.1091
v 1.3184 -0.2333 1.1146
v 1.2879 -0.2333 1.1285
v 1.262 -0.2333 1.1499
v 1.2424 -0.2333 1.1773
v 1.2306 -0.2333 1.2088
v 1.2274 -0.2333 1.2422
v 1.233 -0.2333 1.2753
v 1.2469 -0.2333 1.3059
v 1.2683 -0.2333 1.3319
v 1.2957 -0.2333 1.3514
v 1.3271 -0.2333 1.3631
v 1.3606 -0.2333 1.3664
v 1.3937 -0.2333 1.3608
v 1.4243 -0.2333 1.3469
v 1.4502 -0.2333 1.3255
v 1.4697 -0.0552 1.2981
v 1.4815 -0.0552 1.2666
v 1.4847 -0.0552 1.2332
v 1.4792 -0.0552 1.2001
v 1.4653 -0.0552 1.1695
v 1.4439 -0.0552 1.1435
v 1.4165 -0.0552 1.1241
v 1.3851 -0.0552 1.1123
v 1.3516 -0.0552 1.1091
v 1.3184 -0.0552 1.1146
v 1.2879 -0.0552 1.1285
v 1.262 -0.0552 1.1499
v 1.2424 -0.0552 1.1773
v 1.2306 -0.0552 1.2088
v 1.2274 -0.0552 1.2422
v 1.233 -0.0552 1.2753
v 1.2469 -0.0552 1.3059
v 1.2683 -0.0552 1.3319
v 1.2957 -0.0552 1.3514
v 1.3271 -0.0552 1.3631
v 1.3606 -0.0552 1.3664
v 1.3937 -0.0552 1.3608
v 1.4243 -0.0552 1.3469
v 1.4502 -0.0552 1.3255
v 1.4424 -0.0552 1.2836
v 1.4514 -0.0552 1.2597
v 1.4539 -0.0552 1.2343
v 1.4496 -0.0552 1.2091
v 1.439 -0.0552 1.1859
v 1.4228 -0.0552 1.1662
v 1.402 -0.0552 1.1513
v 1.3781 -0.0552 1.1424
v 1.3526 -0.0552 1.1399
v 1.3276 -0.0552 1.1442
v 1.3042 -0.0552 1.1547
v 1.2846 -0.0552 1.171
v 1.2697 -0.0552 1.1918
v 1.2607 -0.0552 1.2157
v 1.2583 -0.0552 1.2411
v 1.2625 -0.0552 1.2663
v 1.2731 -0.0552 1.2895
v 1.2894 -0.0552 1.3093
v 1.3102 -0.0552 1.3241
v 1.3341 -0.0552 1.333
v 1.3595 -0.0552 1.3355
v 1.3847 -0.0552 1.3313
v 1.4079 -0.0552 1.3207
v 1.4276 -0.0552 1.3044
v 1.6346 0.3252 1.2719
v 1.6163 0.3252 1.3428
v 1.5802 0.3252 1.4066
v 1.5289 0.3252 1.4589
v 1.4657 0.3252 1.4961
v 1.3952 0.3252 1.5157
v 1.3219 0.3252 1.5163
v 1.2509 0.3252 1.4979
v 1.1871 0.3252 1.4618
v 1.135 0.3252 1.4105
v 1.0977 0.3252 1.3474
v 1.0781 0.3252 1.2768
v 1.0775 0.3252 1.2035
v 1.0958 0.3252 1.1326
v 1.132 0.3252 1.0688
v 1.1833 0.3252 1.0165
v 1.2465 0.3252 0.9793
v 1.3171 0.3252 0.9598
v 1.3903 0.3252 0.9591
v 1.4612 0.3252 0.9775
v 1.525 0.3252 1.0136
v 1.5773 0.3252 1.0649
v 1.6145 0.3252 1.128
v 1.634 0.3252 1.1987

g name36 
f 7694 7695 7719 7718
f 7718 7719 7743 7742
f 7742 7743 7767 7766
f 7766 7767 7695 7694
f 7695 7696 7720 7719
f 7719 7720 7744 7743
f 7743 7744 7768 7767
f 7767 7768 7696 7695
f 7696 7697 7721 7720
f 7720 7721 7745 7744
f 7744 7745 7769 7768
f 7768 7769 7697 7696
f 7697 7698 7722 7721
f 7721 7722 7746 7745
f 7745 7746 7770 7769
f 7769 7770 7698 7697
f 7698 7699 7723 7722
f 7722 7723 7747 7746
f 7746 7747 7771 7770
f 7770 7771 7699 7698
f 7699 7700 7724 7723
f 7723 7724 7748 7747
f 7747 7748 7772 7771
f 7771 7772 7700 7699
f 7700 7701 7725 7724
f 7724 7725 7749 7748
f 7748 7749 7773 7772
f 7772 7773 7701 7700
f 7701 7702 7726 7725
f 7725 7726 7750 7749
f 7749 7750 7774 7773
f 7773 7774 7702 7701
f 7702 7703 7727 7726
f 7726 7727 7751 7750
f 7750 7751 7775 7774
f 7774 7775 7703 7702
f 7703 7704 7728 7727
f 7727 7728 7752 7751
f 7751 7752 7776 7775
f 7775 7776 7704 7703
f 7704 7705 7729 7728
f 7728 7729 7753 7752
f 7752 7753 7777 7776
f 7776 7777 7705 7704
f 7705 7706 7730 7729
f 7729 7730 7754 7753
f 7753 7754 7778 7777
f 7777 7778 7706 7705
f 7706 7707 7731 7730
f 7730 7731 7755 7754
f 7754 7755 7779 7778
f 7778 7779 7707 7706
f 7707 7708 7732 7731
f 7731 7732 7756 7755
f 7755 7756 7780 7779
f 7779 7780 7708 7707
f 7708 7709 7733 7732
f 7732 7733 7757 7756
f 7756 7757 7781 7780
f 7780 7781 7709 7708
f 7709 7710 7734 7733
f 7733 7734 7758 7757
f 7757 7758 7782 7781
f 7781 7782 7710 7709
f 7710 7711 7735 7734
f 7734 7735 7759 7758
f 7758 7759 7783 7782
f 7782 7783 7711 7710
f 7711 7712 7736 7735
f 7735 7736 7760 7759
f 7759 7760 7784 7783
f 7783 7784 7712 7711
f 7712 7713 7737 7736
f 7736 7737 7761 7760
f 7760 7761 7785 7784
f 7784 7785 7713 7712
f 7713 7714 7738 7737
f 7737 7738 7762 7761
f 7761 7762 7786 7785
f 7785 7786 7714 7713
f 7714 7715 7739 7738
f 7738 7739 7763 7762
f 7762 7763 7787 7786
f 7786 7787 7715 7714
f 7715 7716 7740 7739
f 7739 7740 7764 7763
f 7763 7764 7788 7787
f 7787 7788 7716 7715
f 7716 7717 7741 7740
f 7740 7741 7765 7764
f 7764 7765 7789 7788
f 7788 7789 7717 7716
f 7717 7694 7718 7741
f 7741 7718 7742 7765
f 7765 7742 7766 7789
f 7789 7766 7694 7717

g 
v 1.4251 -0.199 1.2744
v 1.4322 -0.199 1.2553
v 1.4341 -0.199 1.235
v 1.4308 -0.199 1.2149
v 1.4223 -0.199 1.1963
v 1.4094 -0.199 1.1806
v 1.3928 -0.199 1.1687
v 1.3737 -0.199 1.1616
v 1.3534 -0.199 1.1596
v 1.3332 -0.199 1.163
v 1.3147 -0.199 1.1715
v 1.299 -0.199 1.1844
v 1.2871 -0.199 1.201
v 1.2799 -0.199 1.2201
v 1.278 -0.199 1.2404
v 1.2813 -0.199 1.2606
v 1.2898 -0.199 1.2791
v 1.3028 -0.199 1.2949
v 1.3194 -0.199 1.3067
v 1.3385 -0.199 1.3138
v 1.3588 -0.199 1.3158
v 1.3789 -0.199 1.3125
v 1.3975 -0.199 1.304
v 1.4132 -0.199 1.291
v 1.494 -0.199 1.2944
v 1.5624 -0.2215 1.2763
v 1.5039 -0.199 1.2178
v 1.5541 -0.2215 1.168
v 1.474 -0.199 1.1466
v 1.4927 -0.2215 1.0782
v 1.4387 -0.199 1.1136
v 1.3946 -0.2215 1.0313
v 1.3362 -0.199 1.0899
v 1.2863 -0.2215 1.0397
v 1.265 -0.199 1.1197
v 1.1966 -0.2215 1.1011
v 1.2181 -0.199 1.1811
v 1.1497 -0.2215 1.1991
v 1.2083 -0.199 1.2576
v 1.1581 -0.2215 1.3075
v 1.2381 -0.199 1.3288
v 1.2195 -0.2215 1.3972
v 1.2995 -0.199 1.3756
v 1.3175 -0.2215 1.4441
v 1.376 -0.199 1.3855
v 1.4258 -0.2215 1.4358
v 1.4472 -0.199 1.3557
v 1.5155 -0.2215 1.3743
v 1.494 -0.0875 1.2944
v 1.5585 -0.065 1.2935
v 1.5039 -0.0875 1.2178
v 1.5593 -0.065 1.1848
v 1.474 -0.0875 1.1466
v 1.5056 -0.065 1.0903
v 1.4387 -0.0875 1.1136
v 1.4119 -0.065 1.0353
v 1.3362 -0.0875 1.0899
v 1.3032 -0.065 1.0345
v 1.265 -0.0875 1.1197
v 1.2087 -0.065 1.0882
v 1.2181 -0.0875 1.1811
v 1.1536 -0.065 1.1819
v 1.2083 -0.0875 1.2576
v 1.1529 -0.065 1.2906
v 1.2381 -0.0875 1.3288
v 1.2065 -0.065 1.3851
v 1.2995 -0.0875 1.3756
v 1.3003 -0.065 1.4401
v 1.376 -0.0875 1.3855
v 1.409 -0.065 1.4409
v 1.4472 -0.0875 1.3557
v 1.5035 -0.065 1.3872
v 1.4251 -0.0875 1.2744
v 1.4322 -0.0875 1.2553
v 1.4341 -0.0875 1.235
v 1.4308 -0.0875 1.2149
v 1.4223 -0.0875 1.1963
v 1.4094 -0.0875 1.1806
v 1.3928 -0.0875 1.1687
v 1.3737 -0.0875 1.1616
v 1.3534 -0.0875 1.1596
v 1.3332 -0.0875 1.163
v 1.3147 -0.0875 1.1715
v 1.299 -0.0875 1.1844
v 1.2871 -0.0875 1.201
v 1.2799 -0.0875 1.2201
v 1.278 -0.0875 1.2404
v 1.2813 -0.0875 1.2606
v 1.2898 -0.0875 1.2791
v 1.3028 -0.0875 1.2949
v 1.3194 -0.0875 1.3067
v 1.3385 -0.0875 1.3138
v 1.3588 -0.0875 1.3158
v 1.3789 -0.0875 1.3125
v 1.3975 -0.0875 1.304
v 1.4132 -0.0875 1.291
v 1.4927 -0.065 1.0782
v 1.4939 -0.065 1.0899
v 1.5056 -0.2215 1.0903
v 1.4939 -0.2215 1.0899
v 1.5541 -0.065 1.168
v 1.5493 -0.065 1.1786
v 1.5593 -0.2215 1.1848
v 1.5493 -0.2215 1.1786
v 1.5624 -0.065 1.2763
v 1.5529 -0.065 1.2831
v 1.5585 -0.2215 1.2935
v 1.5529 -0.2215 1.2831
v 1.5155 -0.065 1.3743
v 1.5039 -0.065 1.3755
v 1.5035 -0.2215 1.3872
v 1.5039 -0.2215 1.3755
v 1.4258 -0.065 1.4358
v 1.4151 -0.065 1.4309
v 1.409 -0.2215 1.4409
v 1.4151 -0.2215 1.4309
v 1.3175 -0.065 1.4441
v 1.3106 -0.065 1.4346
v 1.3003 -0.2215 1.4401
v 1.3106 -0.2215 1.4346
v 1.2195 -0.065 1.3972
v 1.2183 -0.065 1.3855
v 1.2065 -0.2215 1.3851
v 1.2183 -0.2215 1.3855
v 1.1581 -0.065 1.3075
v 1.1628 -0.065 1.2968
v 1.1529 -0.2215 1.2906
v 1.1628 -0.2215 1.2968
v 1.1497 -0.065 1.1991
v 1.1592 -0.065 1.1923
v 1.1536 -0.2215 1.1819
v 1.1592 -0.2215 1.1923
v 1.2087 -0.2215 1.0882
v 1.2083 -0.2215 1.0999
v 1.1966 -0.065 1.1011
v 1.2083 -0.065 1.0999
v 1.2863 -0.065 1.0397
v 1.297 -0.065 1.0445
v 1.3032 -0.2215 1.0345
v 1.297 -0.2215 1.0445
v 1.3946 -0.065 1.0313
v 1.4015 -0.065 1.0408
v 1.4119 -0.2215 1.0353
v 1.4015 -0.2215 1.0408
v 1.2899 -0.199 1.1041
v 1.2899 -0.0875 1.1041
v 1.232 -0.199 1.1551
v 1.232 -0.0875 1.1551
v 1.2073 -0.199 1.2282
v 1.2073 -0.0875 1.2282
v 1.2224 -0.199 1.3039
v 1.2224 -0.0875 1.3039
v 1.2735 -0.199 1.3618
v 1.2735 -0.0875 1.3618
v 1.3465 -0.199 1.3865
v 1.3465 -0.0875 1.3865
v 1.4222 -0.199 1.3713
v 1.4222 -0.0875 1.3713
v 1.4802 -0.199 1.3204
v 1.4802 -0.0875 1.3204
v 1.5049 -0.199 1.2472
v 1.5049 -0.0875 1.2472
v 1.4897 -0.199 1.1716
v 1.4897 -0.0875 1.1716
v 1.4127 -0.0875 1.0998
v 1.4127 -0.199 1.0998
v 1.3657 -0.199 1.0889
v 1.3657 -0.0875 1.0889
v 1.3894 -0.1986 1.3659
v 1.3894 -0.0879 1.3659
v 1.4001 -0.0879 1.3627
v 1.4001 -0.1986 1.3627
v 1.3209 -0.1986 1.3654
v 1.3209 -0.0879 1.3654
v 1.3317 -0.0879 1.368
v 1.3317 -0.1986 1.368
v 1.2617 -0.1986 1.3307
v 1.2617 -0.0879 1.3307
v 1.2699 -0.0879 1.3383
v 1.2699 -0.1986 1.3383
v 1.2279 -0.1986 1.2711
v 1.2279 -0.0879 1.2711
v 1.2312 -0.0879 1.2817
v 1.2312 -0.1986 1.2817
v 1.2284 -0.1986 1.2025
v 1.2284 -0.0879 1.2025
v 1.2259 -0.0879 1.2134
v 1.2259 -0.1986 1.2134
v 1.2631 -0.1986 1.1434
v 1.2631 -0.0879 1.1434
v 1.2555 -0.0879 1.1515
v 1.2555 -0.1986 1.1515
v 1.3227 -0.1986 1.1095
v 1.3227 -0.0879 1.1095
v 1.3121 -0.0879 1.1128
v 1.3121 -0.1986 1.1128
v 1.3913 -0.1986 1.11
v 1.3913 -0.0879 1.11
v 1.3804 -0.0879 1.1075
v 1.3804 -0.1986 1.1075
v 1.4504 -0.1986 1.1447
v 1.4504 -0.0879 1.1447
v 1.4423 -0.0879 1.1371
v 1.4423 -0.1986 1.1371
v 1.4843 -0.1986 1.2043
v 1.4843 -0.0879 1.2043
v 1.481 -0.0879 1.1937
v 1.481 -0.1986 1.1937
v 1.4838 -0.1986 1.2729
v 1.4838 -0.0879 1.2729
v 1.4863 -0.0879 1.262
v 1.4863 -0.1986 1.262
v 1.449 -0.1986 1.332
v 1.449 -0.0879 1.332
v 1.4567 -0.0879 1.3239
v 1.4567 -0.1986 1.3239
v 1.4721 -0.2215 1.0636
v 1.4721 -0.065 1.0636
v 1.4076 -0.065 1.1409
v 1.4309 -0.065 1.1575
v 1.4491 -0.065 1.1796
v 1.5217 -0.065 1.1099
v 1.5217 -0.2215 1.1099
v 1.4491 -0.2215 1.1796
v 1.4309 -0.2215 1.1575
v 1.4076 -0.2215 1.1409
v 1.5436 -0.2215 1.1449
v 1.5436 -0.065 1.1449
v 1.4609 -0.065 1.2056
v 1.4658 -0.065 1.2339
v 1.5635 -0.065 1.2098
v 1.5635 -0.2215 1.2098
v 1.4658 -0.2215 1.2339
v 1.4609 -0.2215 1.2056
v 1.565 -0.2215 1.2511
v 1.565 -0.065 1.2511
v 1.463 -0.065 1.2624
v 1.453 -0.065 1.2892
v 1.5496 -0.065 1.3172
v 1.5496 -0.2215 1.3172
v 1.453 -0.2215 1.2892
v 1.463 -0.2215 1.2624
v 1.5302 -0.2215 1.3537
v 1.5302 -0.065 1.3537
v 1.4363 -0.065 1.3125
v 1.4142 -0.065 1.3307
v 1.4839 -0.065 1.4034
v 1.4839 -0.2215 1.4034
v 1.4142 -0.2215 1.3307
v 1.4363 -0.2215 1.3125
v 1.4489 -0.2215 1.4252
v 1.4489 -0.065 1.4252
v 1.3881 -0.065 1.3426
v 1.3599 -0.065 1.3474
v 1.384 -0.065 1.4451
v 1.384 -0.2215 1.4451
v 1.3599 -0.2215 1.3474
v 1.3881 -0.2215 1.3426
v 1.3427 -0.2215 1.4465
v 1.3427 -0.065 1.4465
v 1.3315 -0.065 1.3446
v 1.3046 -0.065 1.3346
v 1.2766 -0.065 1.4313
v 1.2766 -0.2215 1.4313
v 1.3046 -0.2215 1.3346
v 1.3315 -0.2215 1.3446
v 1.2401 -0.2215 1.4119
v 1.2401 -0.065 1.4119
v 1.2813 -0.065 1.3179
v 1.2631 -0.065 1.2959
v 1.1904 -0.065 1.3656
v 1.1904 -0.2215 1.3656
v 1.2631 -0.2215 1.2959
v 1.2813 -0.2215 1.3179
v 1.1685 -0.2215 1.3306
v 1.1685 -0.065 1.3306
v 1.2512 -0.065 1.2698
v 1.2464 -0.065 1.2415
v 1.1487 -0.065 1.2656
v 1.1487 -0.2215 1.2656
v 1.2464 -0.2215 1.2415
v 1.2512 -0.2215 1.2698
v 1.1472 -0.2215 1.2244
v 1.1472 -0.065 1.2244
v 1.2492 -0.065 1.213
v 1.2592 -0.065 1.1862
v 1.1626 -0.065 1.1582
v 1.1626 -0.2215 1.1582
v 1.2592 -0.2215 1.1862
v 1.2492 -0.2215 1.213
v 1.2282 -0.065 1.072
v 1.2282 -0.2215 1.072
v 1.2979 -0.2215 1.1447
v 1.2759 -0.2215 1.1629
v 1.1819 -0.2215 1.1217
v 1.1819 -0.065 1.1217
v 1.2759 -0.065 1.1629
v 1.2979 -0.065 1.1447
v 1.2632 -0.2215 1.0502
v 1.2632 -0.065 1.0502
v 1.324 -0.065 1.1328
v 1.3523 -0.065 1.1281
v 1.3282 -0.065 1.0303
v 1.3282 -0.2215 1.0303
v 1.3523 -0.2215 1.1281
v 1.324 -0.2215 1.1328
v 1.3695 -0.2215 1.0289
v 1.3695 -0.065 1.0289
v 1.3808 -0.065 1.1308
v 1.4356 -0.065 1.0442
v 1.4356 -0.2215 1.0442
v 1.3808 -0.2215 1.1308
v 1.4029 -0.221 1.4176
v 1.4029 -0.0656 1.4176
v 1.4179 -0.0656 1.4131
v 1.4179 -0.221 1.4131
v 1.3067 -0.221 1.417
v 1.3067 -0.0656 1.417
v 1.3219 -0.0656 1.4205
v 1.3219 -0.221 1.4205
v 1.2237 -0.221 1.3683
v 1.2237 -0.0656 1.3683
v 1.2351 -0.0656 1.3789
v 1.2351 -0.221 1.3789
v 1.1762 -0.221 1.2846
v 1.1762 -0.0656 1.2846
v 1.1808 -0.0656 1.2995
v 1.1808 -0.221 1.2995
v 1.1769 -0.221 1.1883
v 1.1769 -0.0656 1.1883
v 1.1733 -0.0656 1.2036
v 1.1733 -0.221 1.2036
v 1.2256 -0.221 1.1053
v 1.2256 -0.0656 1.1053
v 1.2149 -0.0656 1.1168
v 1.2149 -0.221 1.1168
v 1.3093 -0.221 1.0578
v 1.3093 -0.0656 1.0578
v 1.2943 -0.0656 1.0623
v 1.2943 -0.221 1.0623
v 1.4055 -0.221 1.0585
v 1.4055 -0.0656 1.0585
v 1.3903 -0.0656 1.0549
v 1.3903 -0.221 1.0549
v 1.4885 -0.221 1.1072
v 1.4885 -0.0656 1.1072
v 1.477 -0.0656 1.0965
v 1.477 -0.221 1.0965
v 1.536 -0.221 1.1908
v 1.536 -0.0656 1.1908
v 1.5314 -0.0656 1.1759
v 1.5314 -0.221 1.1759
v 1.5353 -0.221 1.2871
v 1.5353 -0.0656 1.2871
v 1.5389 -0.0656 1.2719
v 1.5389 -0.221 1.2719
v 1.4866 -0.221 1.3702
v 1.4866 -0.0656 1.3702
v 1.4973 -0.0656 1.3587
v 1.4973 -0.221 1.3587

g name37 
f 7886 7887 7815 7814
f 7887 7888 7816 7815
f 7888 7889 7817 7816
f 7889 7890 7818 7817
f 7890 7891 7819 7818
f 7891 7892 7820 7819
f 7892 7893 7821 7820
f 7893 7894 7822 7821
f 7894 7895 7823 7822
f 7895 7896 7824 7823
f 7896 7897 7825 7824
f 7897 7898 7826 7825
f 7898 7899 7827 7826
f 7899 7900 7828 7827
f 7900 7901 7829 7828
f 7901 7902 7830 7829
f 7902 7903 7831 7830
f 7903 7904 7832 7831
f 7904 7905 7833 7832
f 7905 7906 7834 7833
f 7906 7907 7835 7834
f 7907 7908 7836 7835
f 7908 7909 7837 7836
f 7909 7886 7814 7837
f 7867 7910 7911
f 7843 7912 7913
f 7865 7914 7915
f 7841 7916 7917
f 7863 7918 7919
f 7839 7920 7921
f 7885 7922 7923
f 7861 7924 7925
f 7883 7926 7927
f 7859 7928 7929
f 7881 7930 7931
f 7857 7932 7933
f 7879 7934 7935
f 7855 7936 7937
f 7877 7938 7939
f 7853 7940 7941
f 7875 7942 7943
f 7851 7944 7945
f 7849 7946 7947
f 7873 7948 7949
f 7871 7950 7951
f 7847 7952 7953
f 7869 7954 7955
f 7845 7956 7957
f 7843 8030 8031 7910
f 7911 7910 8031 8032 8033
f 8035 7867 7911 8033 8034
f 8036 7912 7867 8035
f 8037 8038 7913 7912 8036
f 8038 8039 8030 7843 7913
f 7841 8040 8041 7914
f 7915 7914 8041 8034 8042
f 8044 7865 7915 8042 8043
f 8045 7916 7865 8044
f 8046 8047 7917 7916 8045
f 8047 8037 8040 7841 7917
f 7839 8048 8049 7918
f 7919 7918 8049 8043 8050
f 8052 7863 7919 8050 8051
f 8053 7920 7863 8052
f 8054 8055 7921 7920 8053
f 8055 8046 8048 7839 7921
f 7861 8056 8057 7922
f 7923 7922 8057 8051 8058
f 8060 7885 7923 8058 8059
f 8061 7924 7885 8060
f 8062 8063 7925 7924 8061
f 8063 8054 8056 7861 7925
f 7859 8064 8065 7926
f 7927 7926 8065 8059 8066
f 8068 7883 7927 8066 8067
f 8069 7928 7883 8068
f 8070 8071 7929 7928 8069
f 8071 8062 8064 7859 7929
f 7857 8072 8073 7930
f 7931 7930 8073 8067 8074
f 8076 7881 7931 8074 8075
f 8077 7932 7881 8076
f 8078 8079 7933 7932 8077
f 8079 8070 8072 7857 7933
f 7855 8080 8081 7934
f 7935 7934 8081 8075 8082
f 8084 7879 7935 8082 8083
f 8085 7936 7879 8084
f 8086 8087 7937 7936 8085
f 8087 8078 8080 7855 7937
f 7853 8088 8089 7938
f 7939 7938 8089 8083 8090
f 8092 7877 7939 8090 8091
f 8093 7940 7877 8092
f 8094 8095 7941 7940 8093
f 8095 8086 8088 7853 7941
f 7851 8096 8097 7942
f 7943 7942 8097 8091 8098
f 8100 7875 7943 8098 8099
f 8101 7944 7875 8100
f 8102 8103 7945 7944 8101
f 8103 8094 8096 7851 7945
f 8105 7946 7873 8104
f 8106 8107 7947 7946 8105
f 8107 8102 8108 7849 7947
f 7849 8108 8109 7948
f 7949 7948 8109 8099 8110
f 8104 7873 7949 8110 8111
f 7847 8112 8113 7950
f 7951 7950 8113 8111 8114
f 8116 7871 7951 8114 8115
f 8117 7952 7871 8116
f 8118 8119 7953 7952 8117
f 8119 8106 8112 7847 7953
f 7845 8120 8121 7954
f 7955 7954 8121 8115 8122
f 8123 7869 7955 8122 8032
f 8124 7956 7869 8123
f 8039 8125 7957 7956 8124
f 8125 8118 8120 7845 7957
f 7883 7928 8126 8127
f 7926 7883 8127 8128
f 7859 7926 8128 8129
f 7928 7859 8129 8126
f 7881 7932 8130 8131
f 7930 7881 8131 8132
f 7857 7930 8132 8133
f 7932 7857 8133 8130
f 7879 7936 8134 8135
f 7934 7879 8135 8136
f 7855 7934 8136 8137
f 7936 7855 8137 8134
f 7877 7940 8138 8139
f 7938 7877 8139 8140
f 7853 7938 8140 8141
f 7940 7853 8141 8138
f 7875 7944 8142 8143
f 7942 7875 8143 8144
f 7851 7942 8144 8145
f 7944 7851 8145 8142
f 7873 7946 8146 8147
f 7948 7873 8147 8148
f 7849 7948 8148 8149
f 7946 7849 8149 8146
f 7871 7952 8150 8151
f 7950 7871 8151 8152
f 7847 7950 8152 8153
f 7952 7847 8153 8150
f 7869 7956 8154 8155
f 7954 7869 8155 8156
f 7845 7954 8156 8157
f 7956 7845 8157 8154
f 7867 7912 8158 8159
f 7910 7867 8159 8160
f 7843 7910 8160 8161
f 7912 7843 8161 8158
f 7865 7916 8162 8163
f 7914 7865 8163 8164
f 7841 7914 8164 8165
f 7916 7841 8165 8162
f 7863 7920 8166 8167
f 7918 7863 8167 8168
f 7839 7918 8168 8169
f 7920 7839 8169 8166
f 7885 7924 8170 8171
f 7922 7885 8171 8172
f 7861 7922 8172 8173
f 7924 7861 8173 8170
f 8031 8030 7844 7868
f 8032 8031 7868 7892
f 8033 8032 7892 7891
f 8034 8033 7891 7890
f 8035 8034 7890 7866
f 8036 8035 7866 7842
f 8038 8037 7818 7819
f 8037 8036 7842 7818
f 8039 8038 7819 7820
f 8030 8039 7820 7844
f 8041 8040 7976 7977
f 8034 8041 7977 7890
f 8042 8034 7890 7889
f 8043 8042 7889 7888
f 8044 8043 7888 7864
f 8045 8044 7864 7840
f 8047 8046 7816 7817
f 8046 8045 7840 7816
f 8037 8047 7817 7818
f 8040 8037 7818 7976
f 8049 8048 7974 7975
f 8043 8049 7975 7888
f 8050 8043 7888 7887
f 8051 8050 7887 7886
f 8052 8051 7886 7862
f 8053 8052 7862 7838
f 8055 8054 7814 7815
f 8054 8053 7838 7814
f 8046 8055 7815 7816
f 8048 8046 7816 7974
f 8057 8056 7972 7973
f 8051 8057 7973 7886
f 8058 8051 7886 7909
f 8059 8058 7909 7908
f 8060 8059 7908 7884
f 8061 8060 7884 7860
f 8063 8062 7836 7837
f 8062 8061 7860 7836
f 8054 8063 7837 7814
f 8056 8054 7814 7972
f 8065 8064 7970 7971
f 8059 8065 7971 7908
f 8066 8059 7908 7907
f 8067 8066 7907 7906
f 8068 8067 7906 7882
f 8069 8068 7882 7858
f 8071 8070 7834 7835
f 8070 8069 7858 7834
f 8062 8071 7835 7836
f 8064 8062 7836 7970
f 8073 8072 7968 7969
f 8067 8073 7969 7906
f 8074 8067 7906 7905
f 8075 8074 7905 7904
f 8076 8075 7904 7880
f 8077 8076 7880 7856
f 8079 8078 7832 7833
f 8078 8077 7856 7832
f 8070 8079 7833 7834
f 8072 8070 7834 7968
f 8081 8080 7966 7967
f 8075 8081 7967 7904
f 8082 8075 7904 7903
f 8083 8082 7903 7902
f 8084 8083 7902 7878
f 8085 8084 7878 7854
f 8087 8086 7830 7831
f 8086 8085 7854 7830
f 8078 8087 7831 7832
f 8080 8078 7832 7966
f 8089 8088 7964 7965
f 8083 8089 7965 7902
f 8090 8083 7902 7901
f 8091 8090 7901 7900
f 8092 8091 7900 7876
f 8093 8092 7876 7852
f 8095 8094 7828 7829
f 8094 8093 7852 7828
f 8086 8095 7829 7830
f 8088 8086 7830 7964
f 8097 8096 7962 7963
f 8091 8097 7963 7900
f 8098 8091 7900 7899
f 8099 8098 7899 7898
f 8100 8099 7898 7874
f 8101 8100 7874 7850
f 8103 8102 7826 7827
f 8102 8101 7850 7826
f 8094 8103 7827 7828
f 8096 8094 7828 7962
f 8105 8104 7872 7848
f 8107 8106 7824 7825
f 8106 8105 7848 7824
f 8102 8107 7825 7826
f 8108 8102 7826 7960
f 8109 8108 7960 7961
f 8099 8109 7961 7898
f 8110 8099 7898 7897
f 8111 8110 7897 7896
f 8104 8111 7896 7872
f 8113 8112 7958 7959
f 8111 8113 7959 7896
f 8114 8111 7896 7895
f 8115 8114 7895 7894
f 8116 8115 7894 7870
f 8117 8116 7870 7846
f 8119 8118 7822 7823
f 8118 8117 7846 7822
f 8106 8119 7823 7824
f 8112 8106 7824 7958
f 8121 8120 7980 7981
f 8115 8121 7981 7894
f 8122 8115 7894 7893
f 8032 8122 7893 7892
f 8123 8032 7892 7978
f 8124 8123 7978 7979
f 8125 8039 7820 7821
f 8039 8124 7979 7820
f 8118 8125 7821 7822
f 8120 8118 7822 7980
f 8127 8126 7982 7983
f 8128 8127 7983 7984
f 8129 8128 7984 7985
f 8126 8129 7985 7982
f 8131 8130 7986 7987
f 8132 8131 7987 7988
f 8133 8132 7988 7989
f 8130 8133 7989 7986
f 8135 8134 7990 7991
f 8136 8135 7991 7992
f 8137 8136 7992 7993
f 8134 8137 7993 7990
f 8139 8138 7994 7995
f 8140 8139 7995 7996
f 8141 8140 7996 7997
f 8138 8141 7997 7994
f 8143 8142 7998 7999
f 8144 8143 7999 8000
f 8145 8144 8000 8001
f 8142 8145 8001 7998
f 8147 8146 8002 8003
f 8148 8147 8003 8004
f 8149 8148 8004 8005
f 8146 8149 8005 8002
f 8151 8150 8006 8007
f 8152 8151 8007 8008
f 8153 8152 8008 8009
f 8150 8153 8009 8006
f 8155 8154 8010 8011
f 8156 8155 8011 8012
f 8157 8156 8012 8013
f 8154 8157 8013 8010
f 8159 8158 8014 8015
f 8160 8159 8015 8016
f 8161 8160 8016 8017
f 8158 8161 8017 8014
f 8163 8162 8018 8019
f 8164 8163 8019 8020
f 8165 8164 8020 8021
f 8162 8165 8021 8018
f 8167 8166 8022 8023
f 8168 8167 8023 8024
f 8169 8168 8024 8025
f 8166 8169 8025 8022
f 8171 8170 8026 8027
f 8172 8171 8027 8028
f 8173 8172 8028 8029
f 8170 8173 8029 8026

g 
v -1.8882 -0.1318 -1.2383
v -1.8882 -0.1318 -1.3406
v -1.9232 -0.1318 -1.3345
v -1.9539 -0.1318 -1.3167
v -1.9768 -0.1318 -1.2895
v -1.989 -0.1318 -1.2561
v -1.989 -0.1318 -1.2204
v -1.9768 -0.1318 -1.187
v -1.9539 -0.1318 -1.1598
v -1.9232 -0.1318 -1.142
v -1.8882 -0.1318 -1.1359
v -1.8531 -0.1318 -1.142
v -1.8224 -0.1318 -1.1598
v -1.7995 -0.1318 -1.187
v -1.7873 -0.1318 -1.2204
v -1.7873 -0.1318 -1.2561
v -1.7995 -0.1318 -1.2895
v -1.8224 -0.1318 -1.3167
v -1.8531 -0.1318 -1.3345
v -1.8882 -0.0707 -1.3406
v -1.9232 -0.0707 -1.3345
v -1.9539 -0.0707 -1.3167
v -1.9768 -0.0707 -1.2895
v -1.989 -0.0707 -1.2561
v -1.989 -0.0707 -1.2204
v -1.9768 -0.0707 -1.187
v -1.9539 -0.0707 -1.1598
v -1.9232 -0.0707 -1.142
v -1.8882 -0.0707 -1.1359
v -1.8531 -0.0707 -1.142
v -1.8224 -0.0707 -1.1598
v -1.7995 -0.0707 -1.187
v -1.7873 -0.0707 -1.2204
v -1.7873 -0.0707 -1.2561
v -1.7995 -0.0707 -1.2895
v -1.8224 -0.0707 -1.3167
v -1.8531 -0.0707 -1.3345
v -1.8882 -0.0707 -1.2383

g name38 
f 8174 8176 8175
f 8175 8176 8194 8193
f 8193 8194 8211
f 8174 8177 8176
f 8176 8177 8195 8194
f 8194 8195 8211
f 8174 8178 8177
f 8177 8178 8196 8195
f 8195 8196 8211
f 8174 8179 8178
f 8178 8179 8197 8196
f 8196 8197 8211
f 8174 8180 8179
f 8179 8180 8198 8197
f 8197 8198 8211
f 8174 8181 8180
f 8180 8181 8199 8198
f 8198 8199 8211
f 8174 8182 8181
f 8181 8182 8200 8199
f 8199 8200 8211
f 8174 8183 8182
f 8182 8183 8201 8200
f 8200 8201 8211
f 8174 8184 8183
f 8183 8184 8202 8201
f 8201 8202 8211
f 8174 8185 8184
f 8184 8185 8203 8202
f 8202 8203 8211
f 8174 8186 8185
f 8185 8186 8204 8203
f 8203 8204 8211
f 8174 8187 8186
f 8186 8187 8205 8204
f 8204 8205 8211
f 8174 8188 8187
f 8187 8188 8206 8205
f 8205 8206 8211
f 8174 8189 8188
f 8188 8189 8207 8206
f 8206 8207 8211
f 8174 8190 8189
f 8189 8190 8208 8207
f 8207 8208 8211
f 8174 8191 8190
f 8190 8191 8209 8208
f 8208 8209 8211
f 8174 8192 8191
f 8191 8192 8210 8209
f 8209 8210 8211
f 8174 8175 8192
f 8192 8175 8193 8210
f 8210 8193 8211

g 
v -1.889 -0.1691 -1.2407
v -1.8889 -0.1752 -1.2704
v -1.899 -0.1752 -1.2687
v -1.908 -0.1752 -1.2635
v -1.9147 -0.1752 -1.2556
v -1.9182 -0.1752 -1.2457
v -1.9182 -0.1752 -1.2355
v -1.9147 -0.1752 -1.2256
v -1.908 -0.1752 -1.2177
v -1.899 -0.1752 -1.2127
v -1.8887 -0.1752 -1.2108
v -1.8787 -0.1752 -1.2127
v -1.8697 -0.1752 -1.2177
v -1.863 -0.1752 -1.2256
v -1.8595 -0.1752 -1.2355
v -1.8595 -0.1752 -1.2457
v -1.863 -0.1752 -1.2556
v -1.8697 -0.1752 -1.2635
v -1.8787 -0.1752 -1.2687
v -1.8889 0.1165 -1.2704
v -1.899 0.1165 -1.2687
v -1.908 0.1165 -1.2635
v -1.9147 0.1165 -1.2556
v -1.9182 0.1165 -1.2457
v -1.9182 0.1165 -1.2355
v -1.9147 0.1165 -1.2256
v -1.908 0.1165 -1.2177
v -1.899 0.1165 -1.2127
v -1.8887 0.1165 -1.2108
v -1.8787 0.1165 -1.2127
v -1.8697 0.1165 -1.2177
v -1.863 0.1165 -1.2256
v -1.8595 0.1165 -1.2355
v -1.8595 0.1165 -1.2457
v -1.863 0.1165 -1.2556
v -1.8697 0.1165 -1.2635
v -1.8787 0.1165 -1.2687
v -1.8889 0.1771 -1.2407
v -1.8626 0.1104 -1.236
v -1.8626 0.1104 -1.2452
v -1.8657 0.1104 -1.254
v -1.8717 0.1104 -1.2611
v -1.8798 0.1104 -1.2658
v -1.8889 0.1104 -1.2673
v -1.8979 0.1104 -1.2658
v -1.906 0.1104 -1.2611
v -1.912 0.1104 -1.254
v -1.9151 0.1104 -1.2452
v -1.9151 0.1104 -1.236
v -1.912 0.1104 -1.2272
v -1.906 0.1104 -1.2201
v -1.8979 0.1104 -1.2156
v -1.8888 0.1104 -1.2139
v -1.8798 0.1104 -1.2156
v -1.8717 0.1104 -1.2201
v -1.8657 0.1104 -1.2272
v -1.8626 0.1771 -1.236
v -1.8626 0.1771 -1.2452
v -1.8657 0.1771 -1.254
v -1.8717 0.1771 -1.2611
v -1.8798 0.1771 -1.2658
v -1.8889 0.1771 -1.2673
v -1.8979 0.1771 -1.2658
v -1.906 0.1771 -1.2611
v -1.912 0.1771 -1.254
v -1.9151 0.1771 -1.2452
v -1.9151 0.1771 -1.236
v -1.912 0.1771 -1.2272
v -1.906 0.1771 -1.2201
v -1.8979 0.1771 -1.2156
v -1.8888 0.1771 -1.2139
v -1.8798 0.1771 -1.2156
v -1.8717 0.1771 -1.2201
v -1.8657 0.1771 -1.2272

g name39 
f 8212 8214 8213
f 8213 8214 8232 8231
f 8273 8274 8249
f 8212 8215 8214
f 8214 8215 8233 8232
f 8274 8275 8249
f 8212 8216 8215
f 8215 8216 8234 8233
f 8275 8276 8249
f 8212 8217 8216
f 8216 8217 8235 8234
f 8276 8277 8249
f 8212 8218 8217
f 8217 8218 8236 8235
f 8277 8278 8249
f 8212 8219 8218
f 8218 8219 8237 8236
f 8278 8279 8249
f 8212 8220 8219
f 8219 8220 8238 8237
f 8279 8280 8249
f 8212 8221 8220
f 8220 8221 8239 8238
f 8280 8281 8249
f 8212 8222 8221
f 8221 8222 8240 8239
f 8281 8282 8249
f 8212 8223 8222
f 8222 8223 8241 8240
f 8282 8283 8249
f 8212 8224 8223
f 8223 8224 8242 8241
f 8283 8284 8249
f 8212 8225 8224
f 8224 8225 8243 8242
f 8284 8285 8249
f 8212 8226 8225
f 8225 8226 8244 8243
f 8285 8268 8249
f 8212 8227 8226
f 8226 8227 8245 8244
f 8268 8269 8249
f 8212 8228 8227
f 8227 8228 8246 8245
f 8269 8270 8249
f 8212 8229 8228
f 8228 8229 8247 8246
f 8270 8271 8249
f 8212 8230 8229
f 8229 8230 8248 8247
f 8271 8272 8249
f 8212 8213 8230
f 8230 8213 8231 8248
f 8272 8273 8249
f 8251 8250 8244 8245
f 8252 8251 8245 8246
f 8253 8252 8246 8247
f 8254 8253 8247 8248
f 8255 8254 8248 8231
f 8256 8255 8231 8232
f 8257 8256 8232 8233
f 8258 8257 8233 8234
f 8259 8258 8234 8235
f 8260 8259 8235 8236
f 8261 8260 8236 8237
f 8262 8261 8237 8238
f 8263 8262 8238 8239
f 8264 8263 8239 8240
f 8265 8264 8240 8241
f 8266 8265 8241 8242
f 8267 8266 8242 8243
f 8250 8267 8243 8244
f 8269 8268 8250 8251
f 8270 8269 8251 8252
f 8271 8270 8252 8253
f 8272 8271 8253 8254
f 8273 8272 8254 8255
f 8274 8273 8255 8256
f 8275 8274 8256 8257
f 8276 8275 8257 8258
f 8277 8276 8258 8259
f 8278 8277 8259 8260
f 8279 8278 8260 8261
f 8280 8279 8261 8262
f 8281 8280 8262 8263
f 8282 8281 8263 8264
f 8283 8282 8264 8265
f 8284 8283 8265 8266
f 8285 8284 8266 8267
f 8268 8285 8267 8250

g 
v -1.919 0.1154 -1.2405
v -1.918 0.1154 -1.2483
v -1.915 0.1154 -1.2555
v -1.9102 0.1154 -1.2618
v -1.904 0.1154 -1.2665
v -1.8967 0.1154 -1.2695
v -1.8889 0.1154 -1.2706
v -1.8812 0.1154 -1.2695
v -1.8739 0.1154 -1.2665
v -1.8677 0.1154 -1.2618
v -1.8629 0.1154 -1.2555
v -1.8599 0.1154 -1.2483
v -1.8589 0.1154 -1.2405
v -1.8599 0.1154 -1.2327
v -1.8629 0.1154 -1.2255
v -1.8677 0.1154 -1.2192
v -1.8739 0.1154 -1.2145
v -1.8812 0.1154 -1.2115
v -1.8889 0.1154 -1.2104
v -1.8967 0.1154 -1.2115
v -1.904 0.1154 -1.2145
v -1.9102 0.1154 -1.2192
v -1.915 0.1154 -1.2255
v -1.918 0.1154 -1.2327
v -1.9468 0.1154 -1.2405
v -1.9448 0.1154 -1.2555
v -1.939 0.1154 -1.2694
v -1.9298 0.1154 -1.2814
v -1.9178 0.1154 -1.2906
v -1.9039 0.1154 -1.2964
v -1.8889 0.1154 -1.2983
v -1.874 0.1154 -1.2964
v -1.86 0.1154 -1.2906
v -1.8481 0.1154 -1.2814
v -1.8389 0.1154 -1.2694
v -1.8331 0.1154 -1.2555
v -1.8311 0.1154 -1.2405
v -1.8331 0.1154 -1.2255
v -1.8389 0.1154 -1.2116
v -1.8481 0.1154 -1.1996
v -1.86 0.1154 -1.1904
v -1.874 0.1154 -1.1847
v -1.8889 0.1154 -1.1827
v -1.9039 0.1154 -1.1847
v -1.9178 0.1154 -1.1904
v -1.9298 0.1154 -1.1996
v -1.939 0.1154 -1.2116
v -1.9448 0.1154 -1.2255
v -1.9468 0.1205 -1.2405
v -1.9448 0.1205 -1.2555
v -1.939 0.1205 -1.2694
v -1.9298 0.1205 -1.2814
v -1.9178 0.1205 -1.2906
v -1.9039 0.1205 -1.2964
v -1.8889 0.1205 -1.2983
v -1.874 0.1205 -1.2964
v -1.86 0.1205 -1.2906
v -1.8481 0.1205 -1.2814
v -1.8389 0.1205 -1.2694
v -1.8331 0.1205 -1.2555
v -1.8311 0.1205 -1.2405
v -1.8331 0.1205 -1.2255
v -1.8389 0.1205 -1.2116
v -1.8481 0.1205 -1.1996
v -1.86 0.1205 -1.1904
v -1.874 0.1205 -1.1847
v -1.8889 0.1205 -1.1827
v -1.9039 0.1205 -1.1847
v -1.9178 0.1205 -1.1904
v -1.9298 0.1205 -1.1996
v -1.939 0.1205 -1.2116
v -1.9448 0.1205 -1.2255
v -1.919 0.1205 -1.2405
v -1.918 0.1205 -1.2483
v -1.915 0.1205 -1.2555
v -1.9102 0.1205 -1.2618
v -1.904 0.1205 -1.2665
v -1.8967 0.1205 -1.2695
v -1.8889 0.1205 -1.2706
v -1.8812 0.1205 -1.2695
v -1.8739 0.1205 -1.2665
v -1.8677 0.1205 -1.2618
v -1.8629 0.1205 -1.2555
v -1.8599 0.1205 -1.2483
v -1.8589 0.1205 -1.2405
v -1.8599 0.1205 -1.2327
v -1.8629 0.1205 -1.2255
v -1.8677 0.1205 -1.2192
v -1.8739 0.1205 -1.2145
v -1.8812 0.1205 -1.2115
v -1.8889 0.1205 -1.2104
v -1.8967 0.1205 -1.2115
v -1.904 0.1205 -1.2145
v -1.9102 0.1205 -1.2192
v -1.915 0.1205 -1.2255
v -1.918 0.1205 -1.2327

g name40 
f 8310 8311 8287 8286
f 8334 8335 8311 8310
f 8358 8359 8335 8334
f 8286 8287 8359 8358
f 8311 8312 8288 8287
f 8335 8336 8312 8311
f 8359 8360 8336 8335
f 8287 8288 8360 8359
f 8312 8313 8289 8288
f 8336 8337 8313 8312
f 8360 8361 8337 8336
f 8288 8289 8361 8360
f 8313 8314 8290 8289
f 8337 8338 8314 8313
f 8361 8362 8338 8337
f 8289 8290 8362 8361
f 8314 8315 8291 8290
f 8338 8339 8315 8314
f 8362 8363 8339 8338
f 8290 8291 8363 8362
f 8315 8316 8292 8291
f 8339 8340 8316 8315
f 8363 8364 8340 8339
f 8291 8292 8364 8363
f 8316 8317 8293 8292
f 8340 8341 8317 8316
f 8364 8365 8341 8340
f 8292 8293 8365 8364
f 8317 8318 8294 8293
f 8341 8342 8318 8317
f 8365 8366 8342 8341
f 8293 8294 8366 8365
f 8318 8319 8295 8294
f 8342 8343 8319 8318
f 8366 8367 8343 8342
f 8294 8295 8367 8366
f 8319 8320 8296 8295
f 8343 8344 8320 8319
f 8367 8368 8344 8343
f 8295 8296 8368 8367
f 8320 8321 8297 8296
f 8344 8345 8321 8320
f 8368 8369 8345 8344
f 8296 8297 8369 8368
f 8321 8322 8298 8297
f 8345 8346 8322 8321
f 8369 8370 8346 8345
f 8297 8298 8370 8369
f 8322 8323 8299 8298
f 8346 8347 8323 8322
f 8370 8371 8347 8346
f 8298 8299 8371 8370
f 8323 8324 8300 8299
f 8347 8348 8324 8323
f 8371 8372 8348 8347
f 8299 8300 8372 8371
f 8324 8325 8301 8300
f 8348 8349 8325 8324
f 8372 8373 8349 8348
f 8300 8301 8373 8372
f 8325 8326 8302 8301
f 8349 8350 8326 8325
f 8373 8374 8350 8349
f 8301 8302 8374 8373
f 8326 8327 8303 8302
f 8350 8351 8327 8326
f 8374 8375 8351 8350
f 8302 8303 8375 8374
f 8327 8328 8304 8303
f 8351 8352 8328 8327
f 8375 8376 8352 8351
f 8303 8304 8376 8375
f 8328 8329 8305 8304
f 8352 8353 8329 8328
f 8376 8377 8353 8352
f 8304 8305 8377 8376
f 8329 8330 8306 8305
f 8353 8354 8330 8329
f 8377 8378 8354 8353
f 8305 8306 8378 8377
f 8330 8331 8307 8306
f 8354 8355 8331 8330
f 8378 8379 8355 8354
f 8306 8307 8379 8378
f 8331 8332 8308 8307
f 8355 8356 8332 8331
f 8379 8380 8356 8355
f 8307 8308 8380 8379
f 8332 8333 8309 8308
f 8356 8357 8333 8332
f 8380 8381 8357 8356
f 8308 8309 8381 8380
f 8333 8310 8286 8309
f 8357 8334 8310 8333
f 8381 8358 8334 8357
f 8309 8286 8358 8381

g 
v -1.9218 0.1403 -1.2405
v -1.9054 0.1403 -1.269
v -1.8725 0.1403 -1.269
v -1.856 0.1403 -1.2405
v -1.8725 0.1403 -1.212
v -1.9054 0.1403 -1.212
v -1.9522 0.1403 -1.2405
v -1.9206 0.1403 -1.2953
v -1.8573 0.1403 -1.2953
v -1.8256 0.1403 -1.2405
v -1.8573 0.1403 -1.1857
v -1.9206 0.1403 -1.1857
v -1.9522 0.177 -1.2405
v -1.9206 0.177 -1.2953
v -1.8573 0.177 -1.2953
v -1.8256 0.177 -1.2405
v -1.8573 0.177 -1.1857
v -1.9206 0.177 -1.1857
v -1.9218 0.177 -1.2405
v -1.9054 0.177 -1.269
v -1.8725 0.177 -1.269
v -1.856 0.177 -1.2405
v -1.8725 0.177 -1.212
v -1.9054 0.177 -1.212

g name41 
f 8388 8389 8383 8382
f 8394 8395 8389 8388
f 8400 8401 8395 8394
f 8382 8383 8401 8400
f 8389 8390 8384 8383
f 8395 8396 8390 8389
f 8401 8402 8396 8395
f 8383 8384 8402 8401
f 8390 8391 8385 8384
f 8396 8397 8391 8390
f 8402 8403 8397 8396
f 8384 8385 8403 8402
f 8391 8392 8386 8385
f 8397 8398 8392 8391
f 8403 8404 8398 8397
f 8385 8386 8404 8403
f 8392 8393 8387 8386
f 8398 8399 8393 8392
f 8404 8405 8399 8398
f 8386 8387 8405 8404
f 8393 8388 8382 8387
f 8399 8394 8388 8393
f 8405 8400 8394 8399
f 8387 8382 8400 8405

g 
v -1.919 0.1357 -1.2405
v -1.918 0.1357 -1.2483
v -1.915 0.1357 -1.2555
v -1.9102 0.1357 -1.2618
v -1.904 0.1357 -1.2665
v -1.8967 0.1357 -1.2695
v -1.8889 0.1357 -1.2706
v -1.8812 0.1357 -1.2695
v -1.8739 0.1357 -1.2665
v -1.8677 0.1357 -1.2618
v -1.8629 0.1357 -1.2555
v -1.8599 0.1357 -1.2483
v -1.8589 0.1357 -1.2405
v -1.8599 0.1357 -1.2327
v -1.8629 0.1357 -1.2255
v -1.8677 0.1357 -1.2192
v -1.8739 0.1357 -1.2145
v -1.8812 0.1357 -1.2115
v -1.8889 0.1357 -1.2104
v -1.8967 0.1357 -1.2115
v -1.904 0.1357 -1.2145
v -1.9102 0.1357 -1.2192
v -1.915 0.1357 -1.2255
v -1.918 0.1357 -1.2327
v -1.9468 0.1357 -1.2405
v -1.9448 0.1357 -1.2555
v -1.939 0.1357 -1.2694
v -1.9298 0.1357 -1.2814
v -1.9178 0.1357 -1.2906
v -1.9039 0.1357 -1.2964
v -1.8889 0.1357 -1.2983
v -1.874 0.1357 -1.2964
v -1.86 0.1357 -1.2906
v -1.8481 0.1357 -1.2814
v -1.8389 0.1357 -1.2694
v -1.8331 0.1357 -1.2555
v -1.8311 0.1357 -1.2405
v -1.8331 0.1357 -1.2255
v -1.8389 0.1357 -1.2116
v -1.8481 0.1357 -1.1996
v -1.86 0.1357 -1.1904
v -1.874 0.1357 -1.1847
v -1.8889 0.1357 -1.1827
v -1.9039 0.1357 -1.1847
v -1.9178 0.1357 -1.1904
v -1.9298 0.1357 -1.1996
v -1.939 0.1357 -1.2116
v -1.9448 0.1357 -1.2255
v -1.9468 0.1409 -1.2405
v -1.9448 0.1409 -1.2555
v -1.939 0.1409 -1.2694
v -1.9298 0.1409 -1.2814
v -1.9178 0.1409 -1.2906
v -1.9039 0.1409 -1.2964
v -1.8889 0.1409 -1.2983
v -1.874 0.1409 -1.2964
v -1.86 0.1409 -1.2906
v -1.8481 0.1409 -1.2814
v -1.8389 0.1409 -1.2694
v -1.8331 0.1409 -1.2555
v -1.8311 0.1409 -1.2405
v -1.8331 0.1409 -1.2255
v -1.8389 0.1409 -1.2116
v -1.8481 0.1409 -1.1996
v -1.86 0.1409 -1.1904
v -1.874 0.1409 -1.1847
v -1.8889 0.1409 -1.1827
v -1.9039 0.1409 -1.1847
v -1.9178 0.1409 -1.1904
v -1.9298 0.1409 -1.1996
v -1.939 0.1409 -1.2116
v -1.9448 0.1409 -1.2255
v -1.919 0.1409 -1.2405
v -1.918 0.1409 -1.2483
v -1.915 0.1409 -1.2555
v -1.9102 0.1409 -1.2618
v -1.904 0.1409 -1.2665
v -1.8967 0.1409 -1.2695
v -1.8889 0.1409 -1.2706
v -1.8812 0.1409 -1.2695
v -1.8739 0.1409 -1.2665
v -1.8677 0.1409 -1.2618
v -1.8629 0.1409 -1.2555
v -1.8599 0.1409 -1.2483
v -1.8589 0.1409 -1.2405
v -1.8599 0.1409 -1.2327
v -1.8629 0.1409 -1.2255
v -1.8677 0.1409 -1.2192
v -1.8739 0.1409 -1.2145
v -1.8812 0.1409 -1.2115
v -1.8889 0.1409 -1.2104
v -1.8967 0.1409 -1.2115
v -1.904 0.1409 -1.2145
v -1.9102 0.1409 -1.2192
v -1.915 0.1409 -1.2255
v -1.918 0.1409 -1.2327

g name42 
f 8430 8431 8407 8406
f 8454 8455 8431 8430
f 8478 8479 8455 8454
f 8406 8407 8479 8478
f 8431 8432 8408 8407
f 8455 8456 8432 8431
f 8479 8480 8456 8455
f 8407 8408 8480 8479
f 8432 8433 8409 8408
f 8456 8457 8433 8432
f 8480 8481 8457 8456
f 8408 8409 8481 8480
f 8433 8434 8410 8409
f 8457 8458 8434 8433
f 8481 8482 8458 8457
f 8409 8410 8482 8481
f 8434 8435 8411 8410
f 8458 8459 8435 8434
f 8482 8483 8459 8458
f 8410 8411 8483 8482
f 8435 8436 8412 8411
f 8459 8460 8436 8435
f 8483 8484 8460 8459
f 8411 8412 8484 8483
f 8436 8437 8413 8412
f 8460 8461 8437 8436
f 8484 8485 8461 8460
f 8412 8413 8485 8484
f 8437 8438 8414 8413
f 8461 8462 8438 8437
f 8485 8486 8462 8461
f 8413 8414 8486 8485
f 8438 8439 8415 8414
f 8462 8463 8439 8438
f 8486 8487 8463 8462
f 8414 8415 8487 8486
f 8439 8440 8416 8415
f 8463 8464 8440 8439
f 8487 8488 8464 8463
f 8415 8416 8488 8487
f 8440 8441 8417 8416
f 8464 8465 8441 8440
f 8488 8489 8465 8464
f 8416 8417 8489 8488
f 8441 8442 8418 8417
f 8465 8466 8442 8441
f 8489 8490 8466 8465
f 8417 8418 8490 8489
f 8442 8443 8419 8418
f 8466 8467 8443 8442
f 8490 8491 8467 8466
f 8418 8419 8491 8490
f 8443 8444 8420 8419
f 8467 8468 8444 8443
f 8491 8492 8468 8467
f 8419 8420 8492 8491
f 8444 8445 8421 8420
f 8468 8469 8445 8444
f 8492 8493 8469 8468
f 8420 8421 8493 8492
f 8445 8446 8422 8421
f 8469 8470 8446 8445
f 8493 8494 8470 8469
f 8421 8422 8494 8493
f 8446 8447 8423 8422
f 8470 8471 8447 8446
f 8494 8495 8471 8470
f 8422 8423 8495 8494
f 8447 8448 8424 8423
f 8471 8472 8448 8447
f 8495 8496 8472 8471
f 8423 8424 8496 8495
f 8448 8449 8425 8424
f 8472 8473 8449 8448
f 8496 8497 8473 8472
f 8424 8425 8497 8496
f 8449 8450 8426 8425
f 8473 8474 8450 8449
f 8497 8498 8474 8473
f 8425 8426 8498 8497
f 8450 8451 8427 8426
f 8474 8475 8451 8450
f 8498 8499 8475 8474
f 8426 8427 8499 8498
f 8451 8452 8428 8427
f 8475 8476 8452 8451
f 8499 8500 8476 8475
f 8427 8428 8500 8499
f 8452 8453 8429 8428
f 8476 8477 8453 8452
f 8500 8501 8477 8476
f 8428 8429 8501 8500
f 8453 8430 8406 8429
f 8477 8454 8430 8453
f 8501 8478 8454 8477
f 8429 8406 8478 8501

g 
v -2.1209 -0.2212 -1.2639
v -2.1051 -0.2212 -1.3248
v -2.0742 -0.2212 -1.3796
v -2.03 -0.2212 -1.4244
v -1.9758 -0.2212 -1.4564
v -1.9153 -0.2212 -1.4732
v -1.8523 -0.2212 -1.4737
v -1.7914 -0.2212 -1.458
v -1.7366 -0.2212 -1.427
v -1.6917 -0.2212 -1.3829
v -1.6598 -0.2212 -1.3287
v -1.643 -0.2212 -1.2681
v -1.6425 -0.2212 -1.2051
v -1.6583 -0.2212 -1.1443
v -1.6892 -0.2212 -1.0895
v -1.7333 -0.2212 -1.0446
v -1.7876 -0.2212 -1.0127
v -1.8482 -0.2212 -0.9958
v -1.9111 -0.2212 -0.9953
v -1.972 -0.2212 -1.011
v -2.0268 -0.2212 -1.042
v -2.0716 -0.2212 -1.0861
v -2.1036 -0.2212 -1.1404
v -2.1204 -0.2212 -1.201
v -2.1602 -0.2211 -1.2687
v -2.1419 -0.2211 -1.3396
v -2.1058 -0.2211 -1.4034
v -2.0545 -0.2211 -1.4557
v -1.9913 -0.2211 -1.4929
v -1.9208 -0.2211 -1.5125
v -1.8475 -0.2211 -1.5131
v -1.7765 -0.2211 -1.4947
v -1.7127 -0.2211 -1.4586
v -1.6606 -0.2211 -1.4073
v -1.6233 -0.2211 -1.3442
v -1.6037 -0.2211 -1.2736
v -1.6031 -0.2211 -1.2003
v -1.6214 -0.2211 -1.1294
v -1.6576 -0.2211 -1.0656
v -1.7089 -0.2211 -1.0133
v -1.7721 -0.2211 -0.9761
v -1.8427 -0.2211 -0.9566
v -1.9159 -0.2211 -0.9559
v -1.9868 -0.2211 -0.9743
v -2.0506 -0.2211 -1.0104
v -2.1029 -0.2211 -1.0617
v -2.1401 -0.2211 -1.1248
v -2.1596 -0.2211 -1.1955
v -2.1602 -0.0377 -1.2687
v -2.1419 -0.0377 -1.3396
v -2.1058 -0.0377 -1.4034
v -2.0545 -0.0377 -1.4557
v -1.9913 -0.0377 -1.4929
v -1.9208 -0.0377 -1.5125
v -1.8475 -0.0377 -1.5131
v -1.7765 -0.0377 -1.4947
v -1.7127 -0.0377 -1.4586
v -1.6606 -0.0377 -1.4073
v -1.6233 -0.0377 -1.3442
v -1.6037 -0.0377 -1.2736
v -1.6031 -0.0377 -1.2003
v -1.6214 -0.0377 -1.1294
v -1.6576 -0.0377 -1.0656
v -1.7089 -0.0377 -1.0133
v -1.7721 -0.0377 -0.9761
v -1.8427 -0.0377 -0.9566
v -1.9159 -0.0377 -0.9559
v -1.9868 -0.0377 -0.9743
v -2.0506 -0.0377 -1.0104
v -2.1029 -0.0377 -1.0617
v -2.1401 -0.0377 -1.1248
v -2.1596 -0.0377 -1.1955
v -2.1141 -0.046 -1.2631
v -2.0988 -0.046 -1.3222
v -2.0686 -0.046 -1.3754
v -2.0258 -0.046 -1.419
v -1.9732 -0.046 -1.45
v -1.9143 -0.046 -1.4664
v -1.8532 -0.046 -1.4669
v -1.794 -0.046 -1.4517
v -1.7408 -0.046 -1.4215
v -1.6971 -0.046 -1.3786
v -1.6661 -0.046 -1.326
v -1.6498 -0.046 -1.2671
v -1.6493 -0.046 -1.206
v -1.6646 -0.046 -1.1468
v -1.6947 -0.046 -1.0936
v -1.7376 -0.046 -1.05
v -1.7902 -0.046 -1.019
v -1.8491 -0.046 -1.0026
v -1.9102 -0.046 -1.0021
v -1.9694 -0.046 -1.0174
v -2.0226 -0.046 -1.0475
v -2.0662 -0.046 -1.0904
v -2.0972 -0.046 -1.143
v -2.1136 -0.046 -1.2019
v -1.9571 -0.0465 -1.2438
v -1.9521 -0.0465 -1.263
v -1.9424 -0.0465 -1.2802
v -1.9284 -0.0465 -1.2944
v -1.9114 -0.0465 -1.3044
v -1.8923 -0.0465 -1.3097
v -1.8724 -0.0465 -1.3099
v -1.8532 -0.0465 -1.3049
v -1.836 -0.0465 -1.2952
v -1.8219 -0.0465 -1.2813
v -1.8118 -0.0465 -1.2642
v -1.8065 -0.0465 -1.2451
v -1.8063 -0.0465 -1.2253
v -1.8113 -0.0465 -1.2061
v -1.8211 -0.0465 -1.1888
v -1.8349 -0.0465 -1.1747
v -1.8521 -0.0465 -1.1646
v -1.8712 -0.0465 -1.1593
v -1.891 -0.0465 -1.1591
v -1.9102 -0.0465 -1.1641
v -1.9274 -0.0465 -1.1739
v -1.9415 -0.0465 -1.1878
v -1.9516 -0.0465 -1.2048
v -1.9569 -0.0465 -1.2239
v -2.1141 -0.0374 -1.2631
v -2.0988 -0.0374 -1.3222
v -2.0686 -0.0374 -1.3754
v -2.0258 -0.0374 -1.419
v -1.9732 -0.0374 -1.45
v -1.9143 -0.0374 -1.4664
v -1.8532 -0.0374 -1.4669
v -1.794 -0.0374 -1.4517
v -1.7408 -0.0374 -1.4215
v -1.6971 -0.0374 -1.3786
v -1.6661 -0.0374 -1.326
v -1.6498 -0.0374 -1.2671
v -1.6493 -0.0374 -1.206
v -1.6646 -0.0374 -1.1468
v -1.6947 -0.0374 -1.0936
v -1.7376 -0.0374 -1.05
v -1.7902 -0.0374 -1.019
v -1.8491 -0.0374 -1.0026
v -1.9102 -0.0374 -1.0021
v -1.9694 -0.0374 -1.0174
v -2.0226 -0.0374 -1.0475
v -2.0662 -0.0374 -1.0904
v -2.0972 -0.0374 -1.143
v -2.1136 -0.0374 -1.2019
v -1.9209 -0.0549 -1.2393
v -1.9183 -0.0549 -1.2493
v -1.9133 -0.0549 -1.2583
v -1.906 -0.0549 -1.2656
v -1.8971 -0.0549 -1.2709
v -1.8872 -0.0549 -1.2736
v -1.8769 -0.0549 -1.2737
v -1.8669 -0.0549 -1.2711
v -1.8579 -0.0549 -1.2661
v -1.8506 -0.0549 -1.2588
v -1.8453 -0.0549 -1.2499
v -1.8426 -0.0549 -1.24
v -1.8425 -0.0549 -1.2297
v -1.8451 -0.0549 -1.2197
v -1.8502 -0.0549 -1.2108
v -1.8573 -0.0549 -1.2034
v -1.8663 -0.0549 -1.1981
v -1.8762 -0.0549 -1.1954
v -1.8865 -0.0549 -1.1953
v -1.8965 -0.0549 -1.1979
v -1.9055 -0.0549 -1.203
v -1.9128 -0.0549 -1.2102
v -1.9181 -0.0549 -1.2191
v -1.9208 -0.0549 -1.229
v -1.9571 -0.0543 -1.2438
v -1.9521 -0.0543 -1.263
v -1.9424 -0.0543 -1.2802
v -1.9284 -0.0543 -1.2944
v -1.9114 -0.0543 -1.3044
v -1.8923 -0.0543 -1.3097
v -1.8724 -0.0543 -1.3099
v -1.8532 -0.0543 -1.3049
v -1.836 -0.0543 -1.2952
v -1.8219 -0.0543 -1.2813
v -1.8118 -0.0543 -1.2642
v -1.8065 -0.0543 -1.2451
v -1.8063 -0.0543 -1.2253
v -1.8113 -0.0543 -1.2061
v -1.8211 -0.0543 -1.1888
v -1.8349 -0.0543 -1.1747
v -1.8521 -0.0543 -1.1646
v -1.8712 -0.0543 -1.1593
v -1.891 -0.0543 -1.1591
v -1.9102 -0.0543 -1.1641
v -1.9274 -0.0543 -1.1739
v -1.9415 -0.0543 -1.1878
v -1.9516 -0.0543 -1.2048
v -1.9569 -0.0543 -1.2239
v -1.9571 -0.0384 -1.2438
v -1.9521 -0.0384 -1.263
v -1.9424 -0.0384 -1.2802
v -1.9284 -0.0384 -1.2944
v -1.9114 -0.0384 -1.3044
v -1.8923 -0.0384 -1.3097
v -1.8724 -0.0384 -1.3099
v -1.8532 -0.0384 -1.3049
v -1.836 -0.0384 -1.2952
v -1.8219 -0.0384 -1.2813
v -1.8118 -0.0384 -1.2642
v -1.8065 -0.0384 -1.2451
v -1.8063 -0.0384 -1.2253
v -1.8113 -0.0384 -1.2061
v -1.8211 -0.0384 -1.1888
v -1.8349 -0.0384 -1.1747
v -1.8521 -0.0384 -1.1646
v -1.8712 -0.0384 -1.1593
v -1.891 -0.0384 -1.1591
v -1.9102 -0.0384 -1.1641
v -1.9274 -0.0384 -1.1739
v -1.9415 -0.0384 -1.1878
v -1.9516 -0.0384 -1.2048
v -1.9569 -0.0384 -1.2239
v -1.9209 -0.0384 -1.2393
v -1.9183 -0.0384 -1.2493
v -1.9133 -0.0384 -1.2583
v -1.906 -0.0384 -1.2656
v -1.8971 -0.0384 -1.2709
v -1.8872 -0.0384 -1.2736
v -1.8769 -0.0384 -1.2737
v -1.8669 -0.0384 -1.2711
v -1.8579 -0.0384 -1.2661
v -1.8506 -0.0384 -1.2588
v -1.8453 -0.0384 -1.2499
v -1.8426 -0.0384 -1.24
v -1.8425 -0.0384 -1.2297
v -1.8451 -0.0384 -1.2197
v -1.8502 -0.0384 -1.2108
v -1.8573 -0.0384 -1.2034
v -1.8663 -0.0384 -1.1981
v -1.8762 -0.0384 -1.1954
v -1.8865 -0.0384 -1.1953
v -1.8965 -0.0384 -1.1979
v -1.9055 -0.0384 -1.203
v -1.9128 -0.0384 -1.2102
v -1.9181 -0.0384 -1.2191
v -1.9208 -0.0384 -1.229
v -2.1209 -0.2126 -1.2639
v -2.1051 -0.2126 -1.3248
v -2.0742 -0.2126 -1.3796
v -2.03 -0.2126 -1.4244
v -1.9758 -0.2126 -1.4564
v -1.9153 -0.2126 -1.4732
v -1.8523 -0.2126 -1.4737
v -1.7914 -0.2126 -1.458
v -1.7366 -0.2126 -1.427
v -1.6917 -0.2126 -1.3829
v -1.6598 -0.2126 -1.3287
v -1.643 -0.2126 -1.2681
v -1.6425 -0.2126 -1.2051
v -1.6583 -0.2126 -1.1443
v -1.6892 -0.2126 -1.0895
v -1.7333 -0.2126 -1.0446
v -1.7876 -0.2126 -1.0127
v -1.8482 -0.2126 -0.9958
v -1.9111 -0.2126 -0.9953
v -1.972 -0.2126 -1.011
v -2.0268 -0.2126 -1.042
v -2.0716 -0.2126 -1.0861
v -2.1036 -0.2126 -1.1404
v -2.1204 -0.2126 -1.201
v -2.1141 -0.0537 -1.2631
v -2.0988 -0.0537 -1.3222
v -2.0686 -0.0537 -1.3754
v -2.0258 -0.0537 -1.419
v -1.9732 -0.0537 -1.4501
v -1.9143 -0.0537 -1.4664
v -1.8532 -0.0537 -1.4669
v -1.794 -0.0537 -1.4517
v -1.7408 -0.0537 -1.4215
v -1.6971 -0.0537 -1.3786
v -1.6661 -0.0537 -1.326
v -1.6498 -0.0537 -1.2671
v -1.6493 -0.0537 -1.206
v -1.6646 -0.0537 -1.1468
v -1.6947 -0.0537 -1.0936
v -1.7376 -0.0537 -1.05
v -1.7902 -0.0537 -1.019
v -1.8491 -0.0537 -1.0026
v -1.9102 -0.0537 -1.0021
v -1.9694 -0.0537 -1.0174
v -2.0226 -0.0537 -1.0475
v -2.0662 -0.0537 -1.0904
v -2.0972 -0.0537 -1.143
v -2.1136 -0.0537 -1.2019
v -1.9571 -0.0528 -1.2438
v -1.9521 -0.0528 -1.263
v -1.9424 -0.0528 -1.2802
v -1.9284 -0.0528 -1.2944
v -1.9114 -0.0528 -1.3044
v -1.8923 -0.0528 -1.3097
v -1.8724 -0.0528 -1.3099
v -1.8532 -0.0528 -1.3049
v -1.836 -0.0528 -1.2952
v -1.8219 -0.0528 -1.2813
v -1.8118 -0.0528 -1.2642
v -1.8065 -0.0528 -1.2451
v -1.8063 -0.0528 -1.2253
v -1.8113 -0.0528 -1.2061
v -1.8211 -0.0528 -1.1888
v -1.8349 -0.0528 -1.1747
v -1.8521 -0.0528 -1.1646
v -1.8712 -0.0528 -1.1593
v -1.891 -0.0528 -1.1591
v -1.9102 -0.0528 -1.1641
v -1.9274 -0.0528 -1.1739
v -1.9415 -0.0528 -1.1878
v -1.9516 -0.0528 -1.2048
v -1.9569 -0.0528 -1.2239
v -1.9209 -0.0469 -1.2393
v -1.9183 -0.0469 -1.2493
v -1.9133 -0.0469 -1.2583
v -1.906 -0.0469 -1.2656
v -1.8971 -0.0469 -1.2709
v -1.8872 -0.0469 -1.2736
v -1.8769 -0.0469 -1.2737
v -1.8669 -0.0469 -1.2711
v -1.8579 -0.0469 -1.2661
v -1.8506 -0.0469 -1.2588
v -1.8453 -0.0469 -1.2499
v -1.8426 -0.0469 -1.24
v -1.8425 -0.0469 -1.2297
v -1.8451 -0.0469 -1.2197
v -1.8502 -0.0469 -1.2108
v -1.8573 -0.0469 -1.2034
v -1.8663 -0.0469 -1.1981
v -1.8762 -0.0469 -1.1954
v -1.8865 -0.0469 -1.1953
v -1.8965 -0.0469 -1.1979
v -1.9055 -0.0469 -1.203
v -1.9128 -0.0469 -1.2102
v -1.9181 -0.0469 -1.2191
v -1.9208 -0.0469 -1.229
v -2.1682 -0.0442 -1.2697
v -2.1493 -0.0442 -1.3426
v -2.1493 -0.2146 -1.3426
v -2.1682 -0.2146 -1.2697
v -2.1675 -0.0442 -1.1944
v -2.1675 -0.2146 -1.1944
v -2.1473 -0.0442 -1.1217
v -2.1473 -0.2146 -1.1217
v -2.1091 -0.0442 -1.0568
v -2.1091 -0.2146 -1.0568
v -2.0554 -0.0442 -1.004
v -2.0554 -0.2146 -1.004
v -1.9898 -0.0442 -0.9669
v -1.9898 -0.2146 -0.9669
v -1.9168 -0.0442 -0.948
v -1.9168 -0.2146 -0.948
v -1.8416 -0.0442 -0.9487
v -1.8416 -0.2146 -0.9487
v -1.6161 -0.0442 -1.3473
v -1.5959 -0.0442 -1.2747
v -1.5959 -0.2146 -1.2747
v -1.6161 -0.2146 -1.3473
v -1.5952 -0.0442 -1.1993
v -1.5952 -0.2146 -1.1993
v -1.6141 -0.0442 -1.1264
v -1.6141 -0.2146 -1.1264
v -1.6512 -0.0442 -1.0608
v -1.6512 -0.2146 -1.0608
v -1.704 -0.0442 -1.0071
v -1.704 -0.2146 -1.0071
v -1.7689 -0.0442 -0.9688
v -1.7689 -0.2146 -0.9688
v -1.6542 -0.0442 -1.4122
v -1.6542 -0.2146 -1.4122
v -1.708 -0.0442 -1.465
v -1.708 -0.2146 -1.465
v -1.7735 -0.0442 -1.5021
v -1.7735 -0.2146 -1.5021
v -1.8465 -0.0442 -1.521
v -1.8465 -0.2146 -1.521
v -1.9218 -0.0442 -1.5203
v -1.9218 -0.2146 -1.5203
v -1.9944 -0.0442 -1.5002
v -1.9944 -0.2146 -1.5002
v -2.0594 -0.0442 -1.462
v -2.0594 -0.2146 -1.462
v -2.1122 -0.0442 -1.4082
v -2.1122 -0.2146 -1.4082

g name43 
f 8526 8527 8503 8502
f 8838 8839 8840 8841
f 8622 8623 8551 8550
f 8502 8503 8575 8574
f 8527 8528 8504 8503
f 8839 8884 8885 8840
f 8623 8624 8552 8551
f 8503 8504 8576 8575
f 8528 8529 8505 8504
f 8884 8882 8883 8885
f 8624 8625 8553 8552
f 8504 8505 8577 8576
f 8529 8530 8506 8505
f 8882 8880 8881 8883
f 8625 8626 8554 8553
f 8505 8506 8578 8577
f 8530 8531 8507 8506
f 8880 8878 8879 8881
f 8626 8627 8555 8554
f 8506 8507 8579 8578
f 8531 8532 8508 8507
f 8878 8876 8877 8879
f 8627 8628 8556 8555
f 8507 8508 8580 8579
f 8532 8533 8509 8508
f 8876 8874 8875 8877
f 8628 8629 8557 8556
f 8508 8509 8581 8580
f 8533 8534 8510 8509
f 8874 8872 8873 8875
f 8629 8630 8558 8557
f 8509 8510 8582 8581
f 8534 8535 8511 8510
f 8872 8870 8871 8873
f 8630 8631 8559 8558
f 8510 8511 8583 8582
f 8535 8536 8512 8511
f 8870 8856 8859 8871
f 8631 8632 8560 8559
f 8511 8512 8584 8583
f 8536 8537 8513 8512
f 8856 8857 8858 8859
f 8632 8633 8561 8560
f 8512 8513 8585 8584
f 8537 8538 8514 8513
f 8857 8860 8861 8858
f 8633 8634 8562 8561
f 8513 8514 8586 8585
f 8538 8539 8515 8514
f 8860 8862 8863 8861
f 8634 8635 8563 8562
f 8514 8515 8587 8586
f 8539 8540 8516 8515
f 8862 8864 8865 8863
f 8635 8636 8564 8563
f 8515 8516 8588 8587
f 8540 8541 8517 8516
f 8864 8866 8867 8865
f 8636 8637 8565 8564
f 8516 8517 8589 8588
f 8541 8542 8518 8517
f 8866 8868 8869 8867
f 8637 8638 8566 8565
f 8517 8518 8590 8589
f 8542 8543 8519 8518
f 8868 8854 8855 8869
f 8638 8639 8567 8566
f 8518 8519 8591 8590
f 8543 8544 8520 8519
f 8854 8852 8853 8855
f 8639 8640 8568 8567
f 8519 8520 8592 8591
f 8544 8545 8521 8520
f 8852 8850 8851 8853
f 8640 8641 8569 8568
f 8520 8521 8593 8592
f 8545 8546 8522 8521
f 8850 8848 8849 8851
f 8641 8642 8570 8569
f 8521 8522 8594 8593
f 8546 8547 8523 8522
f 8848 8846 8847 8849
f 8642 8643 8571 8570
f 8522 8523 8595 8594
f 8547 8548 8524 8523
f 8846 8844 8845 8847
f 8643 8644 8572 8571
f 8523 8524 8596 8595
f 8548 8549 8525 8524
f 8844 8842 8843 8845
f 8644 8645 8573 8572
f 8524 8525 8597 8596
f 8549 8526 8502 8525
f 8842 8838 8841 8843
f 8645 8622 8550 8573
f 8525 8502 8574 8597
f 8575 8574 8598 8599
f 8597 8596 8620 8621
f 8595 8594 8618 8619
f 8593 8592 8616 8617
f 8591 8590 8614 8615
f 8589 8588 8612 8613
f 8587 8586 8610 8611
f 8577 8576 8600 8601
f 8579 8578 8602 8603
f 8581 8580 8604 8605
f 8583 8582 8606 8607
f 8585 8584 8608 8609
f 8623 8622 8574 8575
f 8624 8623 8575 8576
f 8625 8624 8576 8577
f 8626 8625 8577 8578
f 8627 8626 8578 8579
f 8628 8627 8579 8580
f 8629 8628 8580 8581
f 8630 8629 8581 8582
f 8631 8630 8582 8583
f 8632 8631 8583 8584
f 8633 8632 8584 8585
f 8634 8633 8585 8586
f 8635 8634 8586 8587
f 8636 8635 8587 8588
f 8637 8636 8588 8589
f 8638 8637 8589 8590
f 8639 8638 8590 8591
f 8640 8639 8591 8592
f 8641 8640 8592 8593
f 8642 8641 8593 8594
f 8643 8642 8594 8595
f 8644 8643 8595 8596
f 8645 8644 8596 8597
f 8622 8645 8597 8574
f 8670 8671 8647 8646
f 8718 8719 8695 8694
f 8646 8647 8719 8718
f 8671 8672 8648 8647
f 8719 8720 8696 8695
f 8647 8648 8720 8719
f 8672 8673 8649 8648
f 8720 8721 8697 8696
f 8648 8649 8721 8720
f 8673 8674 8650 8649
f 8721 8722 8698 8697
f 8649 8650 8722 8721
f 8674 8675 8651 8650
f 8722 8723 8699 8698
f 8650 8651 8723 8722
f 8675 8676 8652 8651
f 8723 8724 8700 8699
f 8651 8652 8724 8723
f 8676 8677 8653 8652
f 8724 8725 8701 8700
f 8652 8653 8725 8724
f 8677 8678 8654 8653
f 8725 8726 8702 8701
f 8653 8654 8726 8725
f 8678 8679 8655 8654
f 8726 8727 8703 8702
f 8654 8655 8727 8726
f 8679 8680 8656 8655
f 8727 8728 8704 8703
f 8655 8656 8728 8727
f 8680 8681 8657 8656
f 8728 8729 8705 8704
f 8656 8657 8729 8728
f 8681 8682 8658 8657
f 8729 8730 8706 8705
f 8657 8658 8730 8729
f 8682 8683 8659 8658
f 8730 8731 8707 8706
f 8658 8659 8731 8730
f 8683 8684 8660 8659
f 8731 8732 8708 8707
f 8659 8660 8732 8731
f 8684 8685 8661 8660
f 8732 8733 8709 8708
f 8660 8661 8733 8732
f 8685 8686 8662 8661
f 8733 8734 8710 8709
f 8661 8662 8734 8733
f 8686 8687 8663 8662
f 8734 8735 8711 8710
f 8662 8663 8735 8734
f 8687 8688 8664 8663
f 8735 8736 8712 8711
f 8663 8664 8736 8735
f 8688 8689 8665 8664
f 8736 8737 8713 8712
f 8664 8665 8737 8736
f 8689 8690 8666 8665
f 8737 8738 8714 8713
f 8665 8666 8738 8737
f 8690 8691 8667 8666
f 8738 8739 8715 8714
f 8666 8667 8739 8738
f 8691 8692 8668 8667
f 8739 8740 8716 8715
f 8667 8668 8740 8739
f 8692 8693 8669 8668
f 8740 8741 8717 8716
f 8668 8669 8741 8740
f 8693 8670 8646 8669
f 8741 8718 8694 8717
f 8669 8646 8718 8741
f 8598 8694 8695 8599
f 8599 8671 8670 8598
f 8599 8695 8696 8600
f 8600 8672 8671 8599
f 8600 8696 8697 8601
f 8601 8673 8672 8600
f 8601 8697 8698 8602
f 8602 8674 8673 8601
f 8602 8698 8699 8603
f 8603 8675 8674 8602
f 8603 8699 8700 8604
f 8604 8676 8675 8603
f 8604 8700 8701 8605
f 8605 8677 8676 8604
f 8605 8701 8702 8606
f 8606 8678 8677 8605
f 8606 8702 8703 8607
f 8607 8679 8678 8606
f 8607 8703 8704 8608
f 8608 8680 8679 8607
f 8608 8704 8705 8609
f 8609 8681 8680 8608
f 8609 8705 8706 8610
f 8610 8682 8681 8609
f 8610 8706 8707 8611
f 8611 8683 8682 8610
f 8611 8707 8708 8612
f 8612 8684 8683 8611
f 8612 8708 8709 8613
f 8613 8685 8684 8612
f 8613 8709 8710 8614
f 8614 8686 8685 8613
f 8614 8710 8711 8615
f 8615 8687 8686 8614
f 8615 8711 8712 8616
f 8616 8688 8687 8615
f 8616 8712 8713 8617
f 8617 8689 8688 8616
f 8617 8713 8714 8618
f 8618 8690 8689 8617
f 8618 8714 8715 8619
f 8619 8691 8690 8618
f 8619 8715 8716 8620
f 8620 8692 8691 8619
f 8620 8716 8717 8621
f 8621 8693 8692 8620
f 8598 8670 8693 8621
f 8621 8717 8694 8598
f 8742 8743 8527 8526
f 8526 8527 8551 8550
f 8550 8551 8575 8574
f 8766 8767 8743 8742
f 8743 8744 8528 8527
f 8527 8528 8552 8551
f 8551 8552 8576 8575
f 8767 8768 8744 8743
f 8744 8745 8529 8528
f 8528 8529 8553 8552
f 8552 8553 8577 8576
f 8768 8769 8745 8744
f 8745 8746 8530 8529
f 8529 8530 8554 8553
f 8553 8554 8578 8577
f 8769 8770 8746 8745
f 8746 8747 8531 8530
f 8530 8531 8555 8554
f 8554 8555 8579 8578
f 8770 8771 8747 8746
f 8747 8748 8532 8531
f 8531 8532 8556 8555
f 8555 8556 8580 8579
f 8771 8772 8748 8747
f 8748 8749 8533 8532
f 8532 8533 8557 8556
f 8556 8557 8581 8580
f 8772 8773 8749 8748
f 8749 8750 8534 8533
f 8533 8534 8558 8557
f 8557 8558 8582 8581
f 8773 8774 8750 8749
f 8750 8751 8535 8534
f 8534 8535 8559 8558
f 8558 8559 8583 8582
f 8774 8775 8751 8750
f 8751 8752 8536 8535
f 8535 8536 8560 8559
f 8559 8560 8584 8583
f 8775 8776 8752 8751
f 8752 8753 8537 8536
f 8536 8537 8561 8560
f 8560 8561 8585 8584
f 8776 8777 8753 8752
f 8753 8754 8538 8537
f 8537 8538 8562 8561
f 8561 8562 8586 8585
f 8777 8778 8754 8753
f 8754 8755 8539 8538
f 8538 8539 8563 8562
f 8562 8563 8587 8586
f 8778 8779 8755 8754
f 8755 8756 8540 8539
f 8539 8540 8564 8563
f 8563 8564 8588 8587
f 8779 8780 8756 8755
f 8756 8757 8541 8540
f 8540 8541 8565 8564
f 8564 8565 8589 8588
f 8780 8781 8757 8756
f 8757 8758 8542 8541
f 8541 8542 8566 8565
f 8565 8566 8590 8589
f 8781 8782 8758 8757
f 8758 8759 8543 8542
f 8542 8543 8567 8566
f 8566 8567 8591 8590
f 8782 8783 8759 8758
f 8759 8760 8544 8543
f 8543 8544 8568 8567
f 8567 8568 8592 8591
f 8783 8784 8760 8759
f 8760 8761 8545 8544
f 8544 8545 8569 8568
f 8568 8569 8593 8592
f 8784 8785 8761 8760
f 8761 8762 8546 8545
f 8545 8546 8570 8569
f 8569 8570 8594 8593
f 8785 8786 8762 8761
f 8762 8763 8547 8546
f 8546 8547 8571 8570
f 8570 8571 8595 8594
f 8786 8787 8763 8762
f 8763 8764 8548 8547
f 8547 8548 8572 8571
f 8571 8572 8596 8595
f 8787 8788 8764 8763
f 8764 8765 8549 8548
f 8548 8549 8573 8572
f 8572 8573 8597 8596
f 8788 8789 8765 8764
f 8765 8742 8526 8549
f 8549 8526 8550 8573
f 8573 8550 8574 8597
f 8789 8766 8742 8765
f 8671 8670 8766 8767
f 8693 8692 8788 8789
f 8691 8690 8786 8787
f 8689 8688 8784 8785
f 8687 8686 8782 8783
f 8685 8684 8780 8781
f 8683 8682 8778 8779
f 8673 8672 8768 8769
f 8675 8674 8770 8771
f 8677 8676 8772 8773
f 8679 8678 8774 8775
f 8681 8680 8776 8777
f 8767 8766 8574 8575
f 8768 8767 8575 8576
f 8769 8768 8576 8577
f 8770 8769 8577 8578
f 8771 8770 8578 8579
f 8772 8771 8579 8580
f 8773 8772 8580 8581
f 8774 8773 8581 8582
f 8775 8774 8582 8583
f 8776 8775 8583 8584
f 8777 8776 8584 8585
f 8778 8777 8585 8586
f 8779 8778 8586 8587
f 8780 8779 8587 8588
f 8781 8780 8588 8589
f 8782 8781 8589 8590
f 8783 8782 8590 8591
f 8784 8783 8591 8592
f 8785 8784 8592 8593
f 8786 8785 8593 8594
f 8787 8786 8594 8595
f 8788 8787 8595 8596
f 8789 8788 8596 8597
f 8766 8789 8597 8574
f 8646 8647 8791 8790
f 8598 8599 8815 8814
f 8814 8815 8647 8646
f 8647 8648 8792 8791
f 8599 8600 8816 8815
f 8815 8816 8648 8647
f 8648 8649 8793 8792
f 8600 8601 8817 8816
f 8816 8817 8649 8648
f 8649 8650 8794 8793
f 8601 8602 8818 8817
f 8817 8818 8650 8649
f 8650 8651 8795 8794
f 8602 8603 8819 8818
f 8818 8819 8651 8650
f 8651 8652 8796 8795
f 8603 8604 8820 8819
f 8819 8820 8652 8651
f 8652 8653 8797 8796
f 8604 8605 8821 8820
f 8820 8821 8653 8652
f 8653 8654 8798 8797
f 8605 8606 8822 8821
f 8821 8822 8654 8653
f 8654 8655 8799 8798
f 8606 8607 8823 8822
f 8822 8823 8655 8654
f 8655 8656 8800 8799
f 8607 8608 8824 8823
f 8823 8824 8656 8655
f 8656 8657 8801 8800
f 8608 8609 8825 8824
f 8824 8825 8657 8656
f 8657 8658 8802 8801
f 8609 8610 8826 8825
f 8825 8826 8658 8657
f 8658 8659 8803 8802
f 8610 8611 8827 8826
f 8826 8827 8659 8658
f 8659 8660 8804 8803
f 8611 8612 8828 8827
f 8827 8828 8660 8659
f 8660 8661 8805 8804
f 8612 8613 8829 8828
f 8828 8829 8661 8660
f 8661 8662 8806 8805
f 8613 8614 8830 8829
f 8829 8830 8662 8661
f 8662 8663 8807 8806
f 8614 8615 8831 8830
f 8830 8831 8663 8662
f 8663 8664 8808 8807
f 8615 8616 8832 8831
f 8831 8832 8664 8663
f 8664 8665 8809 8808
f 8616 8617 8833 8832
f 8832 8833 8665 8664
f 8665 8666 8810 8809
f 8617 8618 8834 8833
f 8833 8834 8666 8665
f 8666 8667 8811 8810
f 8618 8619 8835 8834
f 8834 8835 8667 8666
f 8667 8668 8812 8811
f 8619 8620 8836 8835
f 8835 8836 8668 8667
f 8668 8669 8813 8812
f 8620 8621 8837 8836
f 8836 8837 8669 8668
f 8669 8646 8790 8813
f 8621 8598 8814 8837
f 8837 8814 8646 8669
f 8671 8599 8598 8670
f 8670 8790 8791 8671
f 8672 8600 8599 8671
f 8671 8791 8792 8672
f 8673 8601 8600 8672
f 8672 8792 8793 8673
f 8674 8602 8601 8673
f 8673 8793 8794 8674
f 8675 8603 8602 8674
f 8674 8794 8795 8675
f 8676 8604 8603 8675
f 8675 8795 8796 8676
f 8677 8605 8604 8676
f 8676 8796 8797 8677
f 8678 8606 8605 8677
f 8677 8797 8798 8678
f 8679 8607 8606 8678
f 8678 8798 8799 8679
f 8680 8608 8607 8679
f 8679 8799 8800 8680
f 8681 8609 8608 8680
f 8680 8800 8801 8681
f 8682 8610 8609 8681
f 8681 8801 8802 8682
f 8683 8611 8610 8682
f 8682 8802 8803 8683
f 8684 8612 8611 8683
f 8683 8803 8804 8684
f 8685 8613 8612 8684
f 8684 8804 8805 8685
f 8686 8614 8613 8685
f 8685 8805 8806 8686
f 8687 8615 8614 8686
f 8686 8806 8807 8687
f 8688 8616 8615 8687
f 8687 8807 8808 8688
f 8689 8617 8616 8688
f 8688 8808 8809 8689
f 8690 8618 8617 8689
f 8689 8809 8810 8690
f 8691 8619 8618 8690
f 8690 8810 8811 8691
f 8692 8620 8619 8691
f 8691 8811 8812 8692
f 8693 8621 8620 8692
f 8692 8812 8813 8693
f 8693 8813 8790 8670
f 8670 8598 8621 8693
f 8766 8670 8598 8574
f 8671 8767 8575 8599
f 8788 8692 8620 8596
f 8693 8789 8597 8621
f 8786 8690 8618 8594
f 8691 8787 8595 8619
f 8784 8688 8616 8592
f 8689 8785 8593 8617
f 8782 8686 8614 8590
f 8687 8783 8591 8615
f 8780 8684 8612 8588
f 8685 8781 8589 8613
f 8778 8682 8610 8586
f 8683 8779 8587 8611
f 8768 8672 8600 8576
f 8673 8769 8577 8601
f 8770 8674 8602 8578
f 8675 8771 8579 8603
f 8772 8676 8604 8580
f 8677 8773 8581 8605
f 8774 8678 8606 8582
f 8679 8775 8583 8607
f 8776 8680 8608 8584
f 8681 8777 8585 8609
f 8839 8838 8550 8551
f 8841 8840 8527 8526
f 8838 8842 8573 8550
f 8843 8841 8526 8549
f 8842 8844 8572 8573
f 8845 8843 8549 8548
f 8844 8846 8571 8572
f 8847 8845 8548 8547
f 8846 8848 8570 8571
f 8849 8847 8547 8546
f 8848 8850 8569 8570
f 8851 8849 8546 8545
f 8850 8852 8568 8569
f 8853 8851 8545 8544
f 8852 8854 8567 8568
f 8855 8853 8544 8543
f 8857 8856 8560 8561
f 8859 8858 8537 8536
f 8860 8857 8561 8562
f 8858 8861 8538 8537
f 8862 8860 8562 8563
f 8861 8863 8539 8538
f 8864 8862 8563 8564
f 8863 8865 8540 8539
f 8866 8864 8564 8565
f 8865 8867 8541 8540
f 8868 8866 8565 8566
f 8867 8869 8542 8541
f 8854 8868 8566 8567
f 8869 8855 8543 8542
f 8856 8870 8559 8560
f 8871 8859 8536 8535
f 8870 8872 8558 8559
f 8873 8871 8535 8534
f 8872 8874 8557 8558
f 8875 8873 8534 8533
f 8874 8876 8556 8557
f 8877 8875 8533 8532
f 8876 8878 8555 8556
f 8879 8877 8532 8531
f 8878 8880 8554 8555
f 8881 8879 8531 8530
f 8880 8882 8553 8554
f 8883 8881 8530 8529
f 8882 8884 8552 8553
f 8885 8883 8529 8528
f 8884 8839 8551 8552
f 8840 8885 8528 8527

g 
v -1.968 -0.2333 -1.2804
v -1.977 -0.2333 -1.2565
v -1.9795 -0.2333 -1.2311
v -1.9752 -0.2333 -1.2059
v -1.9646 -0.2333 -1.1827
v -1.9484 -0.2333 -1.163
v -1.9276 -0.2333 -1.1481
v -1.9037 -0.2333 -1.1392
v -1.8782 -0.2333 -1.1367
v -1.8532 -0.2333 -1.141
v -1.8298 -0.2333 -1.1515
v -1.8102 -0.2333 -1.1678
v -1.7953 -0.2333 -1.1886
v -1.7863 -0.2333 -1.2125
v -1.7839 -0.2333 -1.2379
v -1.7881 -0.2333 -1.2631
v -1.7987 -0.2333 -1.2863
v -1.815 -0.2333 -1.3061
v -1.8358 -0.2333 -1.3209
v -1.8597 -0.2333 -1.3298
v -1.8851 -0.2333 -1.3323
v -1.9103 -0.2333 -1.3281
v -1.9335 -0.2333 -1.3175
v -1.9532 -0.2333 -1.3012
v -1.9953 -0.2333 -1.2949
v -2.0071 -0.2333 -1.2634
v -2.0103 -0.2333 -1.23
v -2.0048 -0.2333 -1.1969
v -1.9909 -0.2333 -1.1663
v -1.9695 -0.2333 -1.1403
v -1.9421 -0.2333 -1.1209
v -1.9107 -0.2333 -1.1091
v -1.8772 -0.2333 -1.1059
v -1.844 -0.2333 -1.1114
v -1.8135 -0.2333 -1.1253
v -1.7876 -0.2333 -1.1467
v -1.768 -0.2333 -1.1741
v -1.7562 -0.2333 -1.2056
v -1.753 -0.2333 -1.239
v -1.7586 -0.2333 -1.2721
v -1.7725 -0.2333 -1.3027
v -1.7939 -0.2333 -1.3287
v -1.8213 -0.2333 -1.3482
v -1.8527 -0.2333 -1.3599
v -1.8862 -0.2333 -1.3632
v -1.9193 -0.2333 -1.3576
v -1.9499 -0.2333 -1.3437
v -1.9758 -0.2333 -1.3223
v -1.9953 -0.0552 -1.2949
v -2.0071 -0.0552 -1.2634
v -2.0103 -0.0552 -1.23
v -2.0048 -0.0552 -1.1969
v -1.9909 -0.0552 -1.1663
v -1.9695 -0.0552 -1.1403
v -1.9421 -0.0552 -1.1209
v -1.9107 -0.0552 -1.1091
v -1.8772 -0.0552 -1.1059
v -1.844 -0.0552 -1.1114
v -1.8135 -0.0552 -1.1253
v -1.7876 -0.0552 -1.1467
v -1.768 -0.0552 -1.1741
v -1.7562 -0.0552 -1.2056
v -1.753 -0.0552 -1.239
v -1.7586 -0.0552 -1.2721
v -1.7725 -0.0552 -1.3027
v -1.7939 -0.0552 -1.3287
v -1.8213 -0.0552 -1.3482
v -1.8527 -0.0552 -1.3599
v -1.8862 -0.0552 -1.3632
v -1.9193 -0.0552 -1.3576
v -1.9499 -0.0552 -1.3437
v -1.9758 -0.0552 -1.3223
v -1.968 -0.0552 -1.2804
v -1.977 -0.0552 -1.2565
v -1.9795 -0.0552 -1.2311
v -1.9752 -0.0552 -1.2059
v -1.9646 -0.0552 -1.1827
v -1.9484 -0.0552 -1.163
v -1.9276 -0.0552 -1.1481
v -1.9037 -0.0552 -1.1392
v -1.8782 -0.0552 -1.1367
v -1.8532 -0.0552 -1.141
v -1.8298 -0.0552 -1.1515
v -1.8102 -0.0552 -1.1678
v -1.7953 -0.0552 -1.1886
v -1.7863 -0.0552 -1.2125
v -1.7839 -0.0552 -1.2379
v -1.7881 -0.0552 -1.2631
v -1.7987 -0.0552 -1.2863
v -1.815 -0.0552 -1.3061
v -1.8358 -0.0552 -1.3209
v -1.8597 -0.0552 -1.3298
v -1.8851 -0.0552 -1.3323
v -1.9103 -0.0552 -1.3281
v -1.9335 -0.0552 -1.3175
v -1.9532 -0.0552 -1.3012
v -2.1602 0.3252 -1.2687
v -2.1419 0.3252 -1.3396
v -2.1058 0.3252 -1.4034
v -2.0545 0.3252 -1.4557
v -1.9913 0.3252 -1.4929
v -1.9208 0.3252 -1.5125
v -1.8475 0.3252 -1.5131
v -1.7765 0.3252 -1.4947
v -1.7127 0.3252 -1.4586
v -1.6606 0.3252 -1.4073
v -1.6233 0.3252 -1.3442
v -1.6037 0.3252 -1.2736
v -1.6031 0.3252 -1.2003
v -1.6214 0.3252 -1.1294
v -1.6576 0.3252 -1.0656
v -1.7089 0.3252 -1.0133
v -1.7721 0.3252 -0.9761
v -1.8427 0.3252 -0.9566
v -1.9159 0.3252 -0.9559
v -1.9868 0.3252 -0.9743
v -2.0506 0.3252 -1.0104
v -2.1029 0.3252 -1.0617
v -2.1401 0.3252 -1.1248
v -2.1596 0.3252 -1.1955

g name44 
f 8886 8887 8911 8910
f 8910 8911 8935 8934
f 8934 8935 8959 8958
f 8958 8959 8887 8886
f 8887 8888 8912 8911
f 8911 8912 8936 8935
f 8935 8936 8960 8959
f 8959 8960 8888 8887
f 8888 8889 8913 8912
f 8912 8913 8937 8936
f 8936 8937 8961 8960
f 8960 8961 8889 8888
f 8889 8890 8914 8913
f 8913 8914 8938 8937
f 8937 8938 8962 8961
f 8961 8962 8890 8889
f 8890 8891 8915 8914
f 8914 8915 8939 8938
f 8938 8939 8963 8962
f 8962 8963 8891 8890
f 8891 8892 8916 8915
f 8915 8916 8940 8939
f 8939 8940 8964 8963
f 8963 8964 8892 8891
f 8892 8893 8917 8916
f 8916 8917 8941 8940
f 8940 8941 8965 8964
f 8964 8965 8893 8892
f 8893 8894 8918 8917
f 8917 8918 8942 8941
f 8941 8942 8966 8965
f 8965 8966 8894 8893
f 8894 8895 8919 8918
f 8918 8919 8943 8942
f 8942 8943 8967 8966
f 8966 8967 8895 8894
f 8895 8896 8920 8919
f 8919 8920 8944 8943
f 8943 8944 8968 8967
f 8967 8968 8896 8895
f 8896 8897 8921 8920
f 8920 8921 8945 8944
f 8944 8945 8969 8968
f 8968 8969 8897 8896
f 8897 8898 8922 8921
f 8921 8922 8946 8945
f 8945 8946 8970 8969
f 8969 8970 8898 8897
f 8898 8899 8923 8922
f 8922 8923 8947 8946
f 8946 8947 8971 8970
f 8970 8971 8899 8898
f 8899 8900 8924 8923
f 8923 8924 8948 8947
f 8947 8948 8972 8971
f 8971 8972 8900 8899
f 8900 8901 8925 8924
f 8924 8925 8949 8948
f 8948 8949 8973 8972
f 8972 8973 8901 8900
f 8901 8902 8926 8925
f 8925 8926 8950 8949
f 8949 8950 8974 8973
f 8973 8974 8902 8901
f 8902 8903 8927 8926
f 8926 8927 8951 8950
f 8950 8951 8975 8974
f 8974 8975 8903 8902
f 8903 8904 8928 8927
f 8927 8928 8952 8951
f 8951 8952 8976 8975
f 8975 8976 8904 8903
f 8904 8905 8929 8928
f 8928 8929 8953 8952
f 8952 8953 8977 8976
f 8976 8977 8905 8904
f 8905 8906 8930 8929
f 8929 8930 8954 8953
f 8953 8954 8978 8977
f 8977 8978 8906 8905
f 8906 8907 8931 8930
f 8930 8931 8955 8954
f 8954 8955 8979 8978
f 8978 8979 8907 8906
f 8907 8908 8932 8931
f 8931 8932 8956 8955
f 8955 8956 8980 8979
f 8979 8980 8908 8907
f 8908 8909 8933 8932
f 8932 8933 8957 8956
f 8956 8957 8981 8980
f 8980 8981 8909 8908
f 8909 8886 8910 8933
f 8933 8910 8934 8957
f 8957 8934 8958 8981
f 8981 8958 8886 8909

g 
v -1.9507 -0.199 -1.2712
v -1.9578 -0.199 -1.2521
v -1.9597 -0.199 -1.2318
v -1.9564 -0.199 -1.2117
v -1.9479 -0.199 -1.1931
v -1.935 -0.199 -1.1774
v -1.9184 -0.199 -1.1655
v -1.8993 -0.199 -1.1584
v -1.879 -0.199 -1.1564
v -1.8588 -0.199 -1.1598
v -1.8403 -0.199 -1.1683
v -1.8246 -0.199 -1.1812
v -1.8127 -0.199 -1.1978
v -1.8055 -0.199 -1.2169
v -1.8036 -0.199 -1.2372
v -1.8069 -0.199 -1.2574
v -1.8154 -0.199 -1.2759
v -1.8284 -0.199 -1.2917
v -1.845 -0.199 -1.3035
v -1.8641 -0.199 -1.3106
v -1.8844 -0.199 -1.3126
v -1.9045 -0.199 -1.3093
v -1.9231 -0.199 -1.3008
v -1.9388 -0.199 -1.2878
v -2.0196 -0.199 -1.2912
v -2.088 -0.2215 -1.2731
v -2.0295 -0.199 -1.2146
v -2.0797 -0.2215 -1.1648
v -1.9996 -0.199 -1.1434
v -2.0183 -0.2215 -1.075
v -1.9643 -0.199 -1.1104
v -1.9202 -0.2215 -1.0281
v -1.8618 -0.199 -1.0867
v -1.8119 -0.2215 -1.0365
v -1.7906 -0.199 -1.1165
v -1.7222 -0.2215 -1.0979
v -1.7437 -0.199 -1.1779
v -1.6753 -0.2215 -1.1959
v -1.7339 -0.199 -1.2544
v -1.6837 -0.2215 -1.3043
v -1.7637 -0.199 -1.3256
v -1.7451 -0.2215 -1.394
v -1.8251 -0.199 -1.3724
v -1.8431 -0.2215 -1.4409
v -1.9016 -0.199 -1.3823
v -1.9514 -0.2215 -1.4326
v -1.9728 -0.199 -1.3525
v -2.0411 -0.2215 -1.3711
v -2.0196 -0.0875 -1.2912
v -2.0841 -0.065 -1.2903
v -2.0295 -0.0875 -1.2146
v -2.0849 -0.065 -1.1816
v -1.9996 -0.0875 -1.1434
v -2.0312 -0.065 -1.0871
v -1.9643 -0.0875 -1.1104
v -1.9375 -0.065 -1.0321
v -1.8618 -0.0875 -1.0867
v -1.8288 -0.065 -1.0313
v -1.7906 -0.0875 -1.1165
v -1.7343 -0.065 -1.085
v -1.7437 -0.0875 -1.1779
v -1.6792 -0.065 -1.1787
v -1.7339 -0.0875 -1.2544
v -1.6785 -0.065 -1.2874
v -1.7637 -0.0875 -1.3256
v -1.7321 -0.065 -1.3819
v -1.8251 -0.0875 -1.3724
v -1.8259 -0.065 -1.4369
v -1.9016 -0.0875 -1.3823
v -1.9346 -0.065 -1.4377
v -1.9728 -0.0875 -1.3525
v -2.0291 -0.065 -1.384
v -1.9507 -0.0875 -1.2712
v -1.9578 -0.0875 -1.2521
v -1.9597 -0.0875 -1.2318
v -1.9564 -0.0875 -1.2117
v -1.9479 -0.0875 -1.1931
v -1.935 -0.0875 -1.1774
v -1.9184 -0.0875 -1.1655
v -1.8993 -0.0875 -1.1584
v -1.879 -0.0875 -1.1564
v -1.8588 -0.0875 -1.1598
v -1.8403 -0.0875 -1.1683
v -1.8246 -0.0875 -1.1812
v -1.8127 -0.0875 -1.1978
v -1.8055 -0.0875 -1.2169
v -1.8036 -0.0875 -1.2372
v -1.8069 -0.0875 -1.2574
v -1.8154 -0.0875 -1.2759
v -1.8284 -0.0875 -1.2917
v -1.845 -0.0875 -1.3035
v -1.8641 -0.0875 -1.3106
v -1.8844 -0.0875 -1.3126
v -1.9045 -0.0875 -1.3093
v -1.9231 -0.0875 -1.3008
v -1.9388 -0.0875 -1.2878
v -2.0183 -0.065 -1.075
v -2.0195 -0.065 -1.0867
v -2.0312 -0.2215 -1.0871
v -2.0195 -0.2215 -1.0867
v -2.0797 -0.065 -1.1648
v -2.0749 -0.065 -1.1754
v -2.0849 -0.2215 -1.1816
v -2.0749 -0.2215 -1.1754
v -2.088 -0.065 -1.2731
v -2.0785 -0.065 -1.2799
v -2.0841 -0.2215 -1.2903
v -2.0785 -0.2215 -1.2799
v -2.0411 -0.065 -1.3711
v -2.0295 -0.065 -1.3723
v -2.0291 -0.2215 -1.384
v -2.0295 -0.2215 -1.3723
v -1.9514 -0.065 -1.4326
v -1.9407 -0.065 -1.4277
v -1.9346 -0.2215 -1.4377
v -1.9407 -0.2215 -1.4277
v -1.8431 -0.065 -1.4409
v -1.8362 -0.065 -1.4314
v -1.8259 -0.2215 -1.4369
v -1.8362 -0.2215 -1.4314
v -1.7451 -0.065 -1.394
v -1.7439 -0.065 -1.3823
v -1.7321 -0.2215 -1.3819
v -1.7439 -0.2215 -1.3823
v -1.6837 -0.065 -1.3043
v -1.6884 -0.065 -1.2936
v -1.6785 -0.2215 -1.2874
v -1.6884 -0.2215 -1.2936
v -1.6753 -0.065 -1.1959
v -1.6848 -0.065 -1.1891
v -1.6792 -0.2215 -1.1787
v -1.6848 -0.2215 -1.1891
v -1.7343 -0.2215 -1.085
v -1.7339 -0.2215 -1.0967
v -1.7222 -0.065 -1.0979
v -1.7339 -0.065 -1.0967
v -1.8119 -0.065 -1.0365
v -1.8226 -0.065 -1.0413
v -1.8288 -0.2215 -1.0313
v -1.8226 -0.2215 -1.0413
v -1.9202 -0.065 -1.0281
v -1.9271 -0.065 -1.0376
v -1.9375 -0.2215 -1.0321
v -1.9271 -0.2215 -1.0376
v -1.8155 -0.199 -1.1009
v -1.8155 -0.0875 -1.1009
v -1.7576 -0.199 -1.1519
v -1.7576 -0.0875 -1.1519
v -1.7329 -0.199 -1.225
v -1.7329 -0.0875 -1.225
v -1.748 -0.199 -1.3007
v -1.748 -0.0875 -1.3007
v -1.7991 -0.199 -1.3586
v -1.7991 -0.0875 -1.3586
v -1.8721 -0.199 -1.3833
v -1.8721 -0.0875 -1.3833
v -1.9478 -0.199 -1.3681
v -1.9478 -0.0875 -1.3681
v -2.0058 -0.199 -1.3172
v -2.0058 -0.0875 -1.3172
v -2.0305 -0.199 -1.244
v -2.0305 -0.0875 -1.244
v -2.0153 -0.199 -1.1684
v -2.0153 -0.0875 -1.1684
v -1.9383 -0.0875 -1.0966
v -1.9383 -0.199 -1.0966
v -1.8913 -0.199 -1.0857
v -1.8913 -0.0875 -1.0857
v -1.915 -0.1986 -1.3627
v -1.915 -0.0879 -1.3627
v -1.9257 -0.0879 -1.3595
v -1.9257 -0.1986 -1.3595
v -1.8465 -0.1986 -1.3622
v -1.8465 -0.0879 -1.3622
v -1.8573 -0.0879 -1.3648
v -1.8573 -0.1986 -1.3648
v -1.7873 -0.1986 -1.3275
v -1.7873 -0.0879 -1.3275
v -1.7955 -0.0879 -1.3351
v -1.7955 -0.1986 -1.3351
v -1.7535 -0.1986 -1.2679
v -1.7535 -0.0879 -1.2679
v -1.7568 -0.0879 -1.2785
v -1.7568 -0.1986 -1.2785
v -1.754 -0.1986 -1.1993
v -1.754 -0.0879 -1.1993
v -1.7515 -0.0879 -1.2102
v -1.7515 -0.1986 -1.2102
v -1.7887 -0.1986 -1.1402
v -1.7887 -0.0879 -1.1402
v -1.7811 -0.0879 -1.1483
v -1.7811 -0.1986 -1.1483
v -1.8483 -0.1986 -1.1063
v -1.8483 -0.0879 -1.1063
v -1.8377 -0.0879 -1.1096
v -1.8377 -0.1986 -1.1096
v -1.9169 -0.1986 -1.1068
v -1.9169 -0.0879 -1.1068
v -1.906 -0.0879 -1.1043
v -1.906 -0.1986 -1.1043
v -1.976 -0.1986 -1.1415
v -1.976 -0.0879 -1.1415
v -1.9679 -0.0879 -1.1339
v -1.9679 -0.1986 -1.1339
v -2.0099 -0.1986 -1.2011
v -2.0099 -0.0879 -1.2011
v -2.0066 -0.0879 -1.1905
v -2.0066 -0.1986 -1.1905
v -2.0094 -0.1986 -1.2697
v -2.0094 -0.0879 -1.2697
v -2.0119 -0.0879 -1.2588
v -2.0119 -0.1986 -1.2588
v -1.9746 -0.1986 -1.3288
v -1.9746 -0.0879 -1.3288
v -1.9823 -0.0879 -1.3207
v -1.9823 -0.1986 -1.3207
v -1.9977 -0.2215 -1.0604
v -1.9977 -0.065 -1.0604
v -1.9332 -0.065 -1.1377
v -1.9565 -0.065 -1.1543
v -1.9747 -0.065 -1.1764
v -2.0473 -0.065 -1.1067
v -2.0473 -0.2215 -1.1067
v -1.9747 -0.2215 -1.1764
v -1.9565 -0.2215 -1.1543
v -1.9332 -0.2215 -1.1377
v -2.0692 -0.2215 -1.1417
v -2.0692 -0.065 -1.1417
v -1.9865 -0.065 -1.2024
v -1.9914 -0.065 -1.2307
v -2.0891 -0.065 -1.2066
v -2.0891 -0.2215 -1.2066
v -1.9914 -0.2215 -1.2307
v -1.9865 -0.2215 -1.2024
v -2.0906 -0.2215 -1.2479
v -2.0906 -0.065 -1.2479
v -1.9886 -0.065 -1.2592
v -1.9786 -0.065 -1.286
v -2.0752 -0.065 -1.314
v -2.0752 -0.2215 -1.314
v -1.9786 -0.2215 -1.286
v -1.9886 -0.2215 -1.2592
v -2.0558 -0.2215 -1.3505
v -2.0558 -0.065 -1.3505
v -1.9619 -0.065 -1.3093
v -1.9398 -0.065 -1.3275
v -2.0095 -0.065 -1.4002
v -2.0095 -0.2215 -1.4002
v -1.9398 -0.2215 -1.3275
v -1.9619 -0.2215 -1.3093
v -1.9745 -0.2215 -1.422
v -1.9745 -0.065 -1.422
v -1.9137 -0.065 -1.3394
v -1.8855 -0.065 -1.3442
v -1.9096 -0.065 -1.4419
v -1.9096 -0.2215 -1.4419
v -1.8855 -0.2215 -1.3442
v -1.9137 -0.2215 -1.3394
v -1.8683 -0.2215 -1.4433
v -1.8683 -0.065 -1.4433
v -1.8571 -0.065 -1.3414
v -1.8302 -0.065 -1.3314
v -1.8022 -0.065 -1.4281
v -1.8022 -0.2215 -1.4281
v -1.8302 -0.2215 -1.3314
v -1.8571 -0.2215 -1.3414
v -1.7657 -0.2215 -1.4087
v -1.7657 -0.065 -1.4087
v -1.8069 -0.065 -1.3147
v -1.7887 -0.065 -1.2927
v -1.716 -0.065 -1.3624
v -1.716 -0.2215 -1.3624
v -1.7887 -0.2215 -1.2927
v -1.8069 -0.2215 -1.3147
v -1.6941 -0.2215 -1.3274
v -1.6941 -0.065 -1.3274
v -1.7768 -0.065 -1.2666
v -1.772 -0.065 -1.2383
v -1.6743 -0.065 -1.2624
v -1.6743 -0.2215 -1.2624
v -1.772 -0.2215 -1.2383
v -1.7768 -0.2215 -1.2666
v -1.6728 -0.2215 -1.2212
v -1.6728 -0.065 -1.2212
v -1.7748 -0.065 -1.2098
v -1.7848 -0.065 -1.183
v -1.6882 -0.065 -1.155
v -1.6882 -0.2215 -1.155
v -1.7848 -0.2215 -1.183
v -1.7748 -0.2215 -1.2098
v -1.7538 -0.065 -1.0688
v -1.7538 -0.2215 -1.0688
v -1.8235 -0.2215 -1.1415
v -1.8015 -0.2215 -1.1597
v -1.7075 -0.2215 -1.1185
v -1.7075 -0.065 -1.1185
v -1.8015 -0.065 -1.1597
v -1.8235 -0.065 -1.1415
v -1.7888 -0.2215 -1.047
v -1.7888 -0.065 -1.047
v -1.8496 -0.065 -1.1296
v -1.8779 -0.065 -1.1249
v -1.8538 -0.065 -1.0271
v -1.8538 -0.2215 -1.0271
v -1.8779 -0.2215 -1.1249
v -1.8496 -0.2215 -1.1296
v -1.8951 -0.2215 -1.0257
v -1.8951 -0.065 -1.0257
v -1.9064 -0.065 -1.1276
v -1.9612 -0.065 -1.041
v -1.9612 -0.2215 -1.041
v -1.9064 -0.2215 -1.1276
v -1.9285 -0.221 -1.4144
v -1.9285 -0.0656 -1.4144
v -1.9435 -0.0656 -1.4099
v -1.9435 -0.221 -1.4099
v -1.8323 -0.221 -1.4138
v -1.8323 -0.0656 -1.4138
v -1.8475 -0.0656 -1.4173
v -1.8475 -0.221 -1.4173
v -1.7493 -0.221 -1.3651
v -1.7493 -0.0656 -1.3651
v -1.7607 -0.0656 -1.3757
v -1.7607 -0.221 -1.3757
v -1.7018 -0.221 -1.2814
v -1.7018 -0.0656 -1.2814
v -1.7064 -0.0656 -1.2963
v -1.7064 -0.221 -1.2963
v -1.7025 -0.221 -1.1851
v -1.7025 -0.0656 -1.1851
v -1.6989 -0.0656 -1.2004
v -1.6989 -0.221 -1.2004
v -1.7512 -0.221 -1.1021
v -1.7512 -0.0656 -1.1021
v -1.7405 -0.0656 -1.1136
v -1.7405 -0.221 -1.1136
v -1.8349 -0.221 -1.0546
v -1.8349 -0.0656 -1.0546
v -1.8199 -0.0656 -1.0591
v -1.8199 -0.221 -1.0591
v -1.9311 -0.221 -1.0553
v -1.9311 -0.0656 -1.0553
v -1.9159 -0.0656 -1.0517
v -1.9159 -0.221 -1.0517
v -2.0141 -0.221 -1.104
v -2.0141 -0.0656 -1.104
v -2.0026 -0.0656 -1.0933
v -2.0026 -0.221 -1.0933
v -2.0616 -0.221 -1.1876
v -2.0616 -0.0656 -1.1876
v -2.057 -0.0656 -1.1727
v -2.057 -0.221 -1.1727
v -2.0609 -0.221 -1.2839
v -2.0609 -0.0656 -1.2839
v -2.0645 -0.0656 -1.2687
v -2.0645 -0.221 -1.2687
v -2.0122 -0.221 -1.367
v -2.0122 -0.0656 -1.367
v -2.0229 -0.0656 -1.3555
v -2.0229 -0.221 -1.3555

g name45 
f 9078 9079 9007 9006
f 9079 9080 9008 9007
f 9080 9081 9009 9008
f 9081 9082 9010 9009
f 9082 9083 9011 9010
f 9083 9084 9012 9011
f 9084 9085 9013 9012
f 9085 9086 9014 9013
f 9086 9087 9015 9014
f 9087 9088 9016 9015
f 9088 9089 9017 9016
f 9089 9090 9018 9017
f 9090 9091 9019 9018
f 9091 9092 9020 9019
f 9092 9093 9021 9020
f 9093 9094 9022 9021
f 9094 9095 9023 9022
f 9095 9096 9024 9023
f 9096 9097 9025 9024
f 9097 9098 9026 9025
f 9098 9099 9027 9026
f 9099 9100 9028 9027
f 9100 9101 9029 9028
f 9101 9078 9006 9029
f 9059 9102 9103
f 9035 9104 9105
f 9057 9106 9107
f 9033 9108 9109
f 9055 9110 9111
f 9031 9112 9113
f 9077 9114 9115
f 9053 9116 9117
f 9075 9118 9119
f 9051 9120 9121
f 9073 9122 9123
f 9049 9124 9125
f 9071 9126 9127
f 9047 9128 9129
f 9069 9130 9131
f 9045 9132 9133
f 9067 9134 9135
f 9043 9136 9137
f 9041 9138 9139
f 9065 9140 9141
f 9063 9142 9143
f 9039 9144 9145
f 9061 9146 9147
f 9037 9148 9149
f 9035 9222 9223 9102
f 9103 9102 9223 9224 9225
f 9227 9059 9103 9225 9226
f 9228 9104 9059 9227
f 9229 9230 9105 9104 9228
f 9230 9231 9222 9035 9105
f 9033 9232 9233 9106
f 9107 9106 9233 9226 9234
f 9236 9057 9107 9234 9235
f 9237 9108 9057 9236
f 9238 9239 9109 9108 9237
f 9239 9229 9232 9033 9109
f 9031 9240 9241 9110
f 9111 9110 9241 9235 9242
f 9244 9055 9111 9242 9243
f 9245 9112 9055 9244
f 9246 9247 9113 9112 9245
f 9247 9238 9240 9031 9113
f 9053 9248 9249 9114
f 9115 9114 9249 9243 9250
f 9252 9077 9115 9250 9251
f 9253 9116 9077 9252
f 9254 9255 9117 9116 9253
f 9255 9246 9248 9053 9117
f 9051 9256 9257 9118
f 9119 9118 9257 9251 9258
f 9260 9075 9119 9258 9259
f 9261 9120 9075 9260
f 9262 9263 9121 9120 9261
f 9263 9254 9256 9051 9121
f 9049 9264 9265 9122
f 9123 9122 9265 9259 9266
f 9268 9073 9123 9266 9267
f 9269 9124 9073 9268
f 9270 9271 9125 9124 9269
f 9271 9262 9264 9049 9125
f 9047 9272 9273 9126
f 9127 9126 9273 9267 9274
f 9276 9071 9127 9274 9275
f 9277 9128 9071 9276
f 9278 9279 9129 9128 9277
f 9279 9270 9272 9047 9129
f 9045 9280 9281 9130
f 9131 9130 9281 9275 9282
f 9284 9069 9131 9282 9283
f 9285 9132 9069 9284
f 9286 9287 9133 9132 9285
f 9287 9278 9280 9045 9133
f 9043 9288 9289 9134
f 9135 9134 9289 9283 9290
f 9292 9067 9135 9290 9291
f 9293 9136 9067 9292
f 9294 9295 9137 9136 9293
f 9295 9286 9288 9043 9137
f 9297 9138 9065 9296
f 9298 9299 9139 9138 9297
f 9299 9294 9300 9041 9139
f 9041 9300 9301 9140
f 9141 9140 9301 9291 9302
f 9296 9065 9141 9302 9303
f 9039 9304 9305 9142
f 9143 9142 9305 9303 9306
f 9308 9063 9143 9306 9307
f 9309 9144 9063 9308
f 9310 9311 9145 9144 9309
f 9311 9298 9304 9039 9145
f 9037 9312 9313 9146
f 9147 9146 9313 9307 9314
f 9315 9061 9147 9314 9224
f 9316 9148 9061 9315
f 9231 9317 9149 9148 9316
f 9317 9310 9312 9037 9149
f 9075 9120 9318 9319
f 9118 9075 9319 9320
f 9051 9118 9320 9321
f 9120 9051 9321 9318
f 9073 9124 9322 9323
f 9122 9073 9323 9324
f 9049 9122 9324 9325
f 9124 9049 9325 9322
f 9071 9128 9326 9327
f 9126 9071 9327 9328
f 9047 9126 9328 9329
f 9128 9047 9329 9326
f 9069 9132 9330 9331
f 9130 9069 9331 9332
f 9045 9130 9332 9333
f 9132 9045 9333 9330
f 9067 9136 9334 9335
f 9134 9067 9335 9336
f 9043 9134 9336 9337
f 9136 9043 9337 9334
f 9065 9138 9338 9339
f 9140 9065 9339 9340
f 9041 9140 9340 9341
f 9138 9041 9341 9338
f 9063 9144 9342 9343
f 9142 9063 9343 9344
f 9039 9142 9344 9345
f 9144 9039 9345 9342
f 9061 9148 9346 9347
f 9146 9061 9347 9348
f 9037 9146 9348 9349
f 9148 9037 9349 9346
f 9059 9104 9350 9351
f 9102 9059 9351 9352
f 9035 9102 9352 9353
f 9104 9035 9353 9350
f 9057 9108 9354 9355
f 9106 9057 9355 9356
f 9033 9106 9356 9357
f 9108 9033 9357 9354
f 9055 9112 9358 9359
f 9110 9055 9359 9360
f 9031 9110 9360 9361
f 9112 9031 9361 9358
f 9077 9116 9362 9363
f 9114 9077 9363 9364
f 9053 9114 9364 9365
f 9116 9053 9365 9362
f 9223 9222 9036 9060
f 9224 9223 9060 9084
f 9225 9224 9084 9083
f 9226 9225 9083 9082
f 9227 9226 9082 9058
f 9228 9227 9058 9034
f 9230 9229 9010 9011
f 9229 9228 9034 9010
f 9231 9230 9011 9012
f 9222 9231 9012 9036
f 9233 9232 9168 9169
f 9226 9233 9169 9082
f 9234 9226 9082 9081
f 9235 9234 9081 9080
f 9236 9235 9080 9056
f 9237 9236 9056 9032
f 9239 9238 9008 9009
f 9238 9237 9032 9008
f 9229 9239 9009 9010
f 9232 9229 9010 9168
f 9241 9240 9166 9167
f 9235 9241 9167 9080
f 9242 9235 9080 9079
f 9243 9242 9079 9078
f 9244 9243 9078 9054
f 9245 9244 9054 9030
f 9247 9246 9006 9007
f 9246 9245 9030 9006
f 9238 9247 9007 9008
f 9240 9238 9008 9166
f 9249 9248 9164 9165
f 9243 9249 9165 9078
f 9250 9243 9078 9101
f 9251 9250 9101 9100
f 9252 9251 9100 9076
f 9253 9252 9076 9052
f 9255 9254 9028 9029
f 9254 9253 9052 9028
f 9246 9255 9029 9006
f 9248 9246 9006 9164
f 9257 9256 9162 9163
f 9251 9257 9163 9100
f 9258 9251 9100 9099
f 9259 9258 9099 9098
f 9260 9259 9098 9074
f 9261 9260 9074 9050
f 9263 9262 9026 9027
f 9262 9261 9050 9026
f 9254 9263 9027 9028
f 9256 9254 9028 9162
f 9265 9264 9160 9161
f 9259 9265 9161 9098
f 9266 9259 9098 9097
f 9267 9266 9097 9096
f 9268 9267 9096 9072
f 9269 9268 9072 9048
f 9271 9270 9024 9025
f 9270 9269 9048 9024
f 9262 9271 9025 9026
f 9264 9262 9026 9160
f 9273 9272 9158 9159
f 9267 9273 9159 9096
f 9274 9267 9096 9095
f 9275 9274 9095 9094
f 9276 9275 9094 9070
f 9277 9276 9070 9046
f 9279 9278 9022 9023
f 9278 9277 9046 9022
f 9270 9279 9023 9024
f 9272 9270 9024 9158
f 9281 9280 9156 9157
f 9275 9281 9157 9094
f 9282 9275 9094 9093
f 9283 9282 9093 9092
f 9284 9283 9092 9068
f 9285 9284 9068 9044
f 9287 9286 9020 9021
f 9286 9285 9044 9020
f 9278 9287 9021 9022
f 9280 9278 9022 9156
f 9289 9288 9154 9155
f 9283 9289 9155 9092
f 9290 9283 9092 9091
f 9291 9290 9091 9090
f 9292 9291 9090 9066
f 9293 9292 9066 9042
f 9295 9294 9018 9019
f 9294 9293 9042 9018
f 9286 9295 9019 9020
f 9288 9286 9020 9154
f 9297 9296 9064 9040
f 9299 9298 9016 9017
f 9298 9297 9040 9016
f 9294 9299 9017 9018
f 9300 9294 9018 9152
f 9301 9300 9152 9153
f 9291 9301 9153 9090
f 9302 9291 9090 9089
f 9303 9302 9089 9088
f 9296 9303 9088 9064
f 9305 9304 9150 9151
f 9303 9305 9151 9088
f 9306 9303 9088 9087
f 9307 9306 9087 9086
f 9308 9307 9086 9062
f 9309 9308 9062 9038
f 9311 9310 9014 9015
f 9310 9309 9038 9014
f 9298 9311 9015 9016
f 9304 9298 9016 9150
f 9313 9312 9172 9173
f 9307 9313 9173 9086
f 9314 9307 9086 9085
f 9224 9314 9085 9084
f 9315 9224 9084 9170
f 9316 9315 9170 9171
f 9317 9231 9012 9013
f 9231 9316 9171 9012
f 9310 9317 9013 9014
f 9312 9310 9014 9172
f 9319 9318 9174 9175
f 9320 9319 9175 9176
f 9321 9320 9176 9177
f 9318 9321 9177 9174
f 9323 9322 9178 9179
f 9324 9323 9179 9180
f 9325 9324 9180 9181
f 9322 9325 9181 9178
f 9327 9326 9182 9183
f 9328 9327 9183 9184
f 9329 9328 9184 9185
f 9326 9329 9185 9182
f 9331 9330 9186 9187
f 9332 9331 9187 9188
f 9333 9332 9188 9189
f 9330 9333 9189 9186
f 9335 9334 9190 9191
f 9336 9335 9191 9192
f 9337 9336 9192 9193
f 9334 9337 9193 9190
f 9339 9338 9194 9195
f 9340 9339 9195 9196
f 9341 9340 9196 9197
f 9338 9341 9197 9194
f 9343 9342 9198 9199
f 9344 9343 9199 9200
f 9345 9344 9200 9201
f 9342 9345 9201 9198
f 9347 9346 9202 9203
f 9348 9347 9203 9204
f 9349 9348 9204 9205
f 9346 9349 9205 9202
f 9351 9350 9206 9207
f 9352 9351 9207 9208
f 9353 9352 9208 9209
f 9350 9353 9209 9206
f 9355 9354 9210 9211
f 9356 9355 9211 9212
f 9357 9356 9212 9213
f 9354 9357 9213 9210
f 9359 9358 9214 9215
f 9360 9359 9215 9216
f 9361 9360 9216 9217
f 9358 9361 9217 9214
f 9363 9362 9218 9219
f 9364 9363 9219 9220
f 9365 9364 9220 9221
f 9362 9365 9221 9218

g 
v -1.8882 -0.1318 1.2415
v -1.8882 -0.1318 1.3438
v -1.9232 -0.1318 1.3377
v -1.9539 -0.1318 1.3199
v -1.9768 -0.1318 1.2927
v -1.989 -0.1318 1.2593
v -1.989 -0.1318 1.2236
v -1.9768 -0.1318 1.1902
v -1.9539 -0.1318 1.163
v -1.9232 -0.1318 1.1452
v -1.8882 -0.1318 1.1391
v -1.8531 -0.1318 1.1452
v -1.8224 -0.1318 1.163
v -1.7995 -0.1318 1.1902
v -1.7873 -0.1318 1.2236
v -1.7873 -0.1318 1.2593
v -1.7995 -0.1318 1.2927
v -1.8224 -0.1318 1.3199
v -1.8531 -0.1318 1.3377
v -1.8882 -0.0707 1.3438
v -1.9232 -0.0707 1.3377
v -1.9539 -0.0707 1.3199
v -1.9768 -0.0707 1.2927
v -1.989 -0.0707 1.2593
v -1.989 -0.0707 1.2236
v -1.9768 -0.0707 1.1902
v -1.9539 -0.0707 1.163
v -1.9232 -0.0707 1.1452
v -1.8882 -0.0707 1.1391
v -1.8531 -0.0707 1.1452
v -1.8224 -0.0707 1.163
v -1.7995 -0.0707 1.1902
v -1.7873 -0.0707 1.2236
v -1.7873 -0.0707 1.2593
v -1.7995 -0.0707 1.2927
v -1.8224 -0.0707 1.3199
v -1.8531 -0.0707 1.3377
v -1.8882 -0.0707 1.2415

g name46 
f 9367 9368 9366
f 9385 9386 9368 9367
f 9403 9386 9385
f 9368 9369 9366
f 9386 9387 9369 9368
f 9403 9387 9386
f 9369 9370 9366
f 9387 9388 9370 9369
f 9403 9388 9387
f 9370 9371 9366
f 9388 9389 9371 9370
f 9403 9389 9388
f 9371 9372 9366
f 9389 9390 9372 9371
f 9403 9390 9389
f 9372 9373 9366
f 9390 9391 9373 9372
f 9403 9391 9390
f 9373 9374 9366
f 9391 9392 9374 9373
f 9403 9392 9391
f 9374 9375 9366
f 9392 9393 9375 9374
f 9403 9393 9392
f 9375 9376 9366
f 9393 9394 9376 9375
f 9403 9394 9393
f 9376 9377 9366
f 9394 9395 9377 9376
f 9403 9395 9394
f 9377 9378 9366
f 9395 9396 9378 9377
f 9403 9396 9395
f 9378 9379 9366
f 9396 9397 9379 9378
f 9403 9397 9396
f 9379 9380 9366
f 9397 9398 9380 9379
f 9403 9398 9397
f 9380 9381 9366
f 9398 9399 9381 9380
f 9403 9399 9398
f 9381 9382 9366
f 9399 9400 9382 9381
f 9403 9400 9399
f 9382 9383 9366
f 9400 9401 9383 9382
f 9403 9401 9400
f 9383 9384 9366
f 9401 9402 9384 9383
f 9403 9402 9401
f 9384 9367 9366
f 9402 9385 9367 9384
f 9403 9385 9402

g 
v -1.889 -0.1691 1.2439
v -1.8889 -0.1752 1.2736
v -1.899 -0.1752 1.2719
v -1.908 -0.1752 1.2667
v -1.9147 -0.1752 1.2588
v -1.9182 -0.1752 1.2489
v -1.9182 -0.1752 1.2387
v -1.9147 -0.1752 1.2288
v -1.908 -0.1752 1.2209
v -1.899 -0.1752 1.2159
v -1.8887 -0.1752 1.214
v -1.8787 -0.1752 1.2159
v -1.8697 -0.1752 1.2209
v -1.863 -0.1752 1.2288
v -1.8595 -0.1752 1.2387
v -1.8595 -0.1752 1.2489
v -1.863 -0.1752 1.2588
v -1.8697 -0.1752 1.2667
v -1.8787 -0.1752 1.2719
v -1.8889 0.1165 1.2736
v -1.899 0.1165 1.2719
v -1.908 0.1165 1.2667
v -1.9147 0.1165 1.2588
v -1.9182 0.1165 1.2489
v -1.9182 0.1165 1.2387
v -1.9147 0.1165 1.2288
v -1.908 0.1165 1.2209
v -1.899 0.1165 1.2159
v -1.8887 0.1165 1.214
v -1.8787 0.1165 1.2159
v -1.8697 0.1165 1.2209
v -1.863 0.1165 1.2288
v -1.8595 0.1165 1.2387
v -1.8595 0.1165 1.2489
v -1.863 0.1165 1.2588
v -1.8697 0.1165 1.2667
v -1.8787 0.1165 1.2719
v -1.8889 0.1771 1.2439
v -1.8626 0.1104 1.2392
v -1.8626 0.1104 1.2484
v -1.8657 0.1104 1.2572
v -1.8717 0.1104 1.2643
v -1.8798 0.1104 1.269
v -1.8889 0.1104 1.2705
v -1.8979 0.1104 1.269
v -1.906 0.1104 1.2643
v -1.912 0.1104 1.2572
v -1.9151 0.1104 1.2484
v -1.9151 0.1104 1.2392
v -1.912 0.1104 1.2304
v -1.906 0.1104 1.2233
v -1.8979 0.1104 1.2188
v -1.8888 0.1104 1.2171
v -1.8798 0.1104 1.2188
v -1.8717 0.1104 1.2233
v -1.8657 0.1104 1.2304
v -1.8626 0.1771 1.2392
v -1.8626 0.1771 1.2484
v -1.8657 0.1771 1.2572
v -1.8717 0.1771 1.2643
v -1.8798 0.1771 1.269
v -1.8889 0.1771 1.2705
v -1.8979 0.1771 1.269
v -1.906 0.1771 1.2643
v -1.912 0.1771 1.2572
v -1.9151 0.1771 1.2484
v -1.9151 0.1771 1.2392
v -1.912 0.1771 1.2304
v -1.906 0.1771 1.2233
v -1.8979 0.1771 1.2188
v -1.8888 0.1771 1.2171
v -1.8798 0.1771 1.2188
v -1.8717 0.1771 1.2233
v -1.8657 0.1771 1.2304

g name47 
f 9405 9406 9404
f 9423 9424 9406 9405
f 9441 9466 9465
f 9406 9407 9404
f 9424 9425 9407 9406
f 9441 9467 9466
f 9407 9408 9404
f 9425 9426 9408 9407
f 9441 9468 9467
f 9408 9409 9404
f 9426 9427 9409 9408
f 9441 9469 9468
f 9409 9410 9404
f 9427 9428 9410 9409
f 9441 9470 9469
f 9410 9411 9404
f 9428 9429 9411 9410
f 9441 9471 9470
f 9411 9412 9404
f 9429 9430 9412 9411
f 9441 9472 9471
f 9412 9413 9404
f 9430 9431 9413 9412
f 9441 9473 9472
f 9413 9414 9404
f 9431 9432 9414 9413
f 9441 9474 9473
f 9414 9415 9404
f 9432 9433 9415 9414
f 9441 9475 9474
f 9415 9416 9404
f 9433 9434 9416 9415
f 9441 9476 9475
f 9416 9417 9404
f 9434 9435 9417 9416
f 9441 9477 9476
f 9417 9418 9404
f 9435 9436 9418 9417
f 9441 9460 9477
f 9418 9419 9404
f 9436 9437 9419 9418
f 9441 9461 9460
f 9419 9420 9404
f 9437 9438 9420 9419
f 9441 9462 9461
f 9420 9421 9404
f 9438 9439 9421 9420
f 9441 9463 9462
f 9421 9422 9404
f 9439 9440 9422 9421
f 9441 9464 9463
f 9422 9405 9404
f 9440 9423 9405 9422
f 9441 9465 9464
f 9437 9436 9442 9443
f 9438 9437 9443 9444
f 9439 9438 9444 9445
f 9440 9439 9445 9446
f 9423 9440 9446 9447
f 9424 9423 9447 9448
f 9425 9424 9448 9449
f 9426 9425 9449 9450
f 9427 9426 9450 9451
f 9428 9427 9451 9452
f 9429 9428 9452 9453
f 9430 9429 9453 9454
f 9431 9430 9454 9455
f 9432 9431 9455 9456
f 9433 9432 9456 9457
f 9434 9433 9457 9458
f 9435 9434 9458 9459
f 9436 9435 9459 9442
f 9443 9442 9460 9461
f 9444 9443 9461 9462
f 9445 9444 9462 9463
f 9446 9445 9463 9464
f 9447 9446 9464 9465
f 9448 9447 9465 9466
f 9449 9448 9466 9467
f 9450 9449 9467 9468
f 9451 9450 9468 9469
f 9452 9451 9469 9470
f 9453 9452 9470 9471
f 9454 9453 9471 9472
f 9455 9454 9472 9473
f 9456 9455 9473 9474
f 9457 9456 9474 9475
f 9458 9457 9475 9476
f 9459 9458 9476 9477
f 9442 9459 9477 9460

g 
v -1.919 0.1154 1.2437
v -1.918 0.1154 1.2515
v -1.915 0.1154 1.2587
v -1.9102 0.1154 1.265
v -1.904 0.1154 1.2697
v -1.8967 0.1154 1.2727
v -1.8889 0.1154 1.2738
v -1.8812 0.1154 1.2727
v -1.8739 0.1154 1.2697
v -1.8677 0.1154 1.265
v -1.8629 0.1154 1.2587
v -1.8599 0.1154 1.2515
v -1.8589 0.1154 1.2437
v -1.8599 0.1154 1.2359
v -1.8629 0.1154 1.2287
v -1.8677 0.1154 1.2224
v -1.8739 0.1154 1.2177
v -1.8812 0.1154 1.2147
v -1.8889 0.1154 1.2136
v -1.8967 0.1154 1.2147
v -1.904 0.1154 1.2177
v -1.9102 0.1154 1.2224
v -1.915 0.1154 1.2287
v -1.918 0.1154 1.2359
v -1.9468 0.1154 1.2437
v -1.9448 0.1154 1.2587
v -1.939 0.1154 1.2726
v -1.9298 0.1154 1.2846
v -1.9178 0.1154 1.2938
v -1.9039 0.1154 1.2996
v -1.8889 0.1154 1.3015
v -1.874 0.1154 1.2996
v -1.86 0.1154 1.2938
v -1.8481 0.1154 1.2846
v -1.8389 0.1154 1.2726
v -1.8331 0.1154 1.2587
v -1.8311 0.1154 1.2437
v -1.8331 0.1154 1.2287
v -1.8389 0.1154 1.2148
v -1.8481 0.1154 1.2028
v -1.86 0.1154 1.1936
v -1.874 0.1154 1.1879
v -1.8889 0.1154 1.1859
v -1.9039 0.1154 1.1879
v -1.9178 0.1154 1.1936
v -1.9298 0.1154 1.2028
v -1.939 0.1154 1.2148
v -1.9448 0.1154 1.2287
v -1.9468 0.1205 1.2437
v -1.9448 0.1205 1.2587
v -1.939 0.1205 1.2726
v -1.9298 0.1205 1.2846
v -1.9178 0.1205 1.2938
v -1.9039 0.1205 1.2996
v -1.8889 0.1205 1.3015
v -1.874 0.1205 1.2996
v -1.86 0.1205 1.2938
v -1.8481 0.1205 1.2846
v -1.8389 0.1205 1.2726
v -1.8331 0.1205 1.2587
v -1.8311 0.1205 1.2437
v -1.8331 0.1205 1.2287
v -1.8389 0.1205 1.2148
v -1.8481 0.1205 1.2028
v -1.86 0.1205 1.1936
v -1.874 0.1205 1.1879
v -1.8889 0.1205 1.1859
v -1.9039 0.1205 1.1879
v -1.9178 0.1205 1.1936
v -1.9298 0.1205 1.2028
v -1.939 0.1205 1.2148
v -1.9448 0.1205 1.2287
v -1.919 0.1205 1.2437
v -1.918 0.1205 1.2515
v -1.915 0.1205 1.2587
v -1.9102 0.1205 1.265
v -1.904 0.1205 1.2697
v -1.8967 0.1205 1.2727
v -1.8889 0.1205 1.2738
v -1.8812 0.1205 1.2727
v -1.8739 0.1205 1.2697
v -1.8677 0.1205 1.265
v -1.8629 0.1205 1.2587
v -1.8599 0.1205 1.2515
v -1.8589 0.1205 1.2437
v -1.8599 0.1205 1.2359
v -1.8629 0.1205 1.2287
v -1.8677 0.1205 1.2224
v -1.8739 0.1205 1.2177
v -1.8812 0.1205 1.2147
v -1.8889 0.1205 1.2136
v -1.8967 0.1205 1.2147
v -1.904 0.1205 1.2177
v -1.9102 0.1205 1.2224
v -1.915 0.1205 1.2287
v -1.918 0.1205 1.2359

g name48 
f 9478 9479 9503 9502
f 9502 9503 9527 9526
f 9526 9527 9551 9550
f 9550 9551 9479 9478
f 9479 9480 9504 9503
f 9503 9504 9528 9527
f 9527 9528 9552 9551
f 9551 9552 9480 9479
f 9480 9481 9505 9504
f 9504 9505 9529 9528
f 9528 9529 9553 9552
f 9552 9553 9481 9480
f 9481 9482 9506 9505
f 9505 9506 9530 9529
f 9529 9530 9554 9553
f 9553 9554 9482 9481
f 9482 9483 9507 9506
f 9506 9507 9531 9530
f 9530 9531 9555 9554
f 9554 9555 9483 9482
f 9483 9484 9508 9507
f 9507 9508 9532 9531
f 9531 9532 9556 9555
f 9555 9556 9484 9483
f 9484 9485 9509 9508
f 9508 9509 9533 9532
f 9532 9533 9557 9556
f 9556 9557 9485 9484
f 9485 9486 9510 9509
f 9509 9510 9534 9533
f 9533 9534 9558 9557
f 9557 9558 9486 9485
f 9486 9487 9511 9510
f 9510 9511 9535 9534
f 9534 9535 9559 9558
f 9558 9559 9487 9486
f 9487 9488 9512 9511
f 9511 9512 9536 9535
f 9535 9536 9560 9559
f 9559 9560 9488 9487
f 9488 9489 9513 9512
f 9512 9513 9537 9536
f 9536 9537 9561 9560
f 9560 9561 9489 9488
f 9489 9490 9514 9513
f 9513 9514 9538 9537
f 9537 9538 9562 9561
f 9561 9562 9490 9489
f 9490 9491 9515 9514
f 9514 9515 9539 9538
f 9538 9539 9563 9562
f 9562 9563 9491 9490
f 9491 9492 9516 9515
f 9515 9516 9540 9539
f 9539 9540 9564 9563
f 9563 9564 9492 9491
f 9492 9493 9517 9516
f 9516 9517 9541 9540
f 9540 9541 9565 9564
f 9564 9565 9493 9492
f 9493 9494 9518 9517
f 9517 9518 9542 9541
f 9541 9542 9566 9565
f 9565 9566 9494 9493
f 9494 9495 9519 9518
f 9518 9519 9543 9542
f 9542 9543 9567 9566
f 9566 9567 9495 9494
f 9495 9496 9520 9519
f 9519 9520 9544 9543
f 9543 9544 9568 9567
f 9567 9568 9496 9495
f 9496 9497 9521 9520
f 9520 9521 9545 9544
f 9544 9545 9569 9568
f 9568 9569 9497 9496
f 9497 9498 9522 9521
f 9521 9522 9546 9545
f 9545 9546 9570 9569
f 9569 9570 9498 9497
f 9498 9499 9523 9522
f 9522 9523 9547 9546
f 9546 9547 9571 9570
f 9570 9571 9499 9498
f 9499 9500 9524 9523
f 9523 9524 9548 9547
f 9547 9548 9572 9571
f 9571 9572 9500 9499
f 9500 9501 9525 9524
f 9524 9525 9549 9548
f 9548 9549 9573 9572
f 9572 9573 9501 9500
f 9501 9478 9502 9525
f 9525 9502 9526 9549
f 9549 9526 9550 9573
f 9573 9550 9478 9501

g 
v -1.9218 0.1403 1.2437
v -1.9054 0.1403 1.2722
v -1.8725 0.1403 1.2722
v -1.856 0.1403 1.2437
v -1.8725 0.1403 1.2152
v -1.9054 0.1403 1.2152
v -1.9522 0.1403 1.2437
v -1.9206 0.1403 1.2985
v -1.8573 0.1403 1.2985
v -1.8256 0.1403 1.2437
v -1.8573 0.1403 1.1889
v -1.9206 0.1403 1.1889
v -1.9522 0.177 1.2437
v -1.9206 0.177 1.2985
v -1.8573 0.177 1.2985
v -1.8256 0.177 1.2437
v -1.8573 0.177 1.1889
v -1.9206 0.177 1.1889
v -1.9218 0.177 1.2437
v -1.9054 0.177 1.2722
v -1.8725 0.177 1.2722
v -1.856 0.177 1.2437
v -1.8725 0.177 1.2152
v -1.9054 0.177 1.2152

g name49 
f 9574 9575 9581 9580
f 9580 9581 9587 9586
f 9586 9587 9593 9592
f 9592 9593 9575 9574
f 9575 9576 9582 9581
f 9581 9582 9588 9587
f 9587 9588 9594 9593
f 9593 9594 9576 9575
f 9576 9577 9583 9582
f 9582 9583 9589 9588
f 9588 9589 9595 9594
f 9594 9595 9577 9576
f 9577 9578 9584 9583
f 9583 9584 9590 9589
f 9589 9590 9596 9595
f 9595 9596 9578 9577
f 9578 9579 9585 9584
f 9584 9585 9591 9590
f 9590 9591 9597 9596
f 9596 9597 9579 9578
f 9579 9574 9580 9585
f 9585 9580 9586 9591
f 9591 9586 9592 9597
f 9597 9592 9574 9579

g 
v -1.919 0.1357 1.2437
v -1.918 0.1357 1.2515
v -1.915 0.1357 1.2587
v -1.9102 0.1357 1.265
v -1.904 0.1357 1.2697
v -1.8967 0.1357 1.2727
v -1.8889 0.1357 1.2738
v -1.8812 0.1357 1.2727
v -1.8739 0.1357 1.2697
v -1.8677 0.1357 1.265
v -1.8629 0.1357 1.2587
v -1.8599 0.1357 1.2515
v -1.8589 0.1357 1.2437
v -1.8599 0.1357 1.2359
v -1.8629 0.1357 1.2287
v -1.8677 0.1357 1.2224
v -1.8739 0.1357 1.2177
v -1.8812 0.1357 1.2147
v -1.8889 0.1357 1.2136
v -1.8967 0.1357 1.2147
v -1.904 0.1357 1.2177
v -1.9102 0.1357 1.2224
v -1.915 0.1357 1.2287
v -1.918 0.1357 1.2359
v -1.9468 0.1357 1.2437
v -1.9448 0.1357 1.2587
v -1.939 0.1357 1.2726
v -1.9298 0.1357 1.2846
v -1.9178 0.1357 1.2938
v -1.9039 0.1357 1.2996
v -1.8889 0.1357 1.3015
v -1.874 0.1357 1.2996
v -1.86 0.1357 1.2938
v -1.8481 0.1357 1.2846
v -1.8389 0.1357 1.2726
v -1.8331 0.1357 1.2587
v -1.8311 0.1357 1.2437
v -1.8331 0.1357 1.2287
v -1.8389 0.1357 1.2148
v -1.8481 0.1357 1.2028
v -1.86 0.1357 1.1936
v -1.874 0.1357 1.1879
v -1.8889 0.1357 1.1859
v -1.9039 0.1357 1.1879
v -1.9178 0.1357 1.1936
v -1.9298 0.1357 1.2028
v -1.939 0.1357 1.2148
v -1.9448 0.1357 1.2287
v -1.9468 0.1409 1.2437
v -1.9448 0.1409 1.2587
v -1.939 0.1409 1.2726
v -1.9298 0.1409 1.2846
v -1.9178 0.1409 1.2938
v -1.9039 0.1409 1.2996
v -1.8889 0.1409 1.3015
v -1.874 0.1409 1.2996
v -1.86 0.1409 1.2938
v -1.8481 0.1409 1.2846
v -1.8389 0.1409 1.2726
v -1.8331 0.1409 1.2587
v -1.8311 0.1409 1.2437
v -1.8331 0.1409 1.2287
v -1.8389 0.1409 1.2148
v -1.8481 0.1409 1.2028
v -1.86 0.1409 1.1936
v -1.874 0.1409 1.1879
v -1.8889 0.1409 1.1859
v -1.9039 0.1409 1.1879
v -1.9178 0.1409 1.1936
v -1.9298 0.1409 1.2028
v -1.939 0.1409 1.2148
v -1.9448 0.1409 1.2287
v -1.919 0.1409 1.2437
v -1.918 0.1409 1.2515
v -1.915 0.1409 1.2587
v -1.9102 0.1409 1.265
v -1.904 0.1409 1.2697
v -1.8967 0.1409 1.2727
v -1.8889 0.1409 1.2738
v -1.8812 0.1409 1.2727
v -1.8739 0.1409 1.2697
v -1.8677 0.1409 1.265
v -1.8629 0.1409 1.2587
v -1.8599 0.1409 1.2515
v -1.8589 0.1409 1.2437
v -1.8599 0.1409 1.2359
v -1.8629 0.1409 1.2287
v -1.8677 0.1409 1.2224
v -1.8739 0.1409 1.2177
v -1.8812 0.1409 1.2147
v -1.8889 0.1409 1.2136
v -1.8967 0.1409 1.2147
v -1.904 0.1409 1.2177
v -1.9102 0.1409 1.2224
v -1.915 0.1409 1.2287
v -1.918 0.1409 1.2359

g name50 
f 9598 9599 9623 9622
f 9622 9623 9647 9646
f 9646 9647 9671 9670
f 9670 9671 9599 9598
f 9599 9600 9624 9623
f 9623 9624 9648 9647
f 9647 9648 9672 9671
f 9671 9672 9600 9599
f 9600 9601 9625 9624
f 9624 9625 9649 9648
f 9648 9649 9673 9672
f 9672 9673 9601 9600
f 9601 9602 9626 9625
f 9625 9626 9650 9649
f 9649 9650 9674 9673
f 9673 9674 9602 9601
f 9602 9603 9627 9626
f 9626 9627 9651 9650
f 9650 9651 9675 9674
f 9674 9675 9603 9602
f 9603 9604 9628 9627
f 9627 9628 9652 9651
f 9651 9652 9676 9675
f 9675 9676 9604 9603
f 9604 9605 9629 9628
f 9628 9629 9653 9652
f 9652 9653 9677 9676
f 9676 9677 9605 9604
f 9605 9606 9630 9629
f 9629 9630 9654 9653
f 9653 9654 9678 9677
f 9677 9678 9606 9605
f 9606 9607 9631 9630
f 9630 9631 9655 9654
f 9654 9655 9679 9678
f 9678 9679 9607 9606
f 9607 9608 9632 9631
f 9631 9632 9656 9655
f 9655 9656 9680 9679
f 9679 9680 9608 9607
f 9608 9609 9633 9632
f 9632 9633 9657 9656
f 9656 9657 9681 9680
f 9680 9681 9609 9608
f 9609 9610 9634 9633
f 9633 9634 9658 9657
f 9657 9658 9682 9681
f 9681 9682 9610 9609
f 9610 9611 9635 9634
f 9634 9635 9659 9658
f 9658 9659 9683 9682
f 9682 9683 9611 9610
f 9611 9612 9636 9635
f 9635 9636 9660 9659
f 9659 9660 9684 9683
f 9683 9684 9612 9611
f 9612 9613 9637 9636
f 9636 9637 9661 9660
f 9660 9661 9685 9684
f 9684 9685 9613 9612
f 9613 9614 9638 9637
f 9637 9638 9662 9661
f 9661 9662 9686 9685
f 9685 9686 9614 9613
f 9614 9615 9639 9638
f 9638 9639 9663 9662
f 9662 9663 9687 9686
f 9686 9687 9615 9614
f 9615 9616 9640 9639
f 9639 9640 9664 9663
f 9663 9664 9688 9687
f 9687 9688 9616 9615
f 9616 9617 9641 9640
f 9640 9641 9665 9664
f 9664 9665 9689 9688
f 9688 9689 9617 9616
f 9617 9618 9642 9641
f 9641 9642 9666 9665
f 9665 9666 9690 9689
f 9689 9690 9618 9617
f 9618 9619 9643 9642
f 9642 9643 9667 9666
f 9666 9667 9691 9690
f 9690 9691 9619 9618
f 9619 9620 9644 9643
f 9643 9644 9668 9667
f 9667 9668 9692 9691
f 9691 9692 9620 9619
f 9620 9621 9645 9644
f 9644 9645 9669 9668
f 9668 9669 9693 9692
f 9692 9693 9621 9620
f 9621 9598 9622 9645
f 9645 9622 9646 9669
f 9669 9646 9670 9693
f 9693 9670 9598 9621

g 
v -2.1209 -0.2212 1.2671
v -2.1051 -0.2212 1.328
v -2.0742 -0.2212 1.3828
v -2.03 -0.2212 1.4276
v -1.9758 -0.2212 1.4596
v -1.9153 -0.2212 1.4764
v -1.8523 -0.2212 1.4769
v -1.7914 -0.2212 1.4612
v -1.7366 -0.2212 1.4302
v -1.6917 -0.2212 1.3861
v -1.6598 -0.2212 1.3319
v -1.643 -0.2212 1.2713
v -1.6425 -0.2212 1.2083
v -1.6583 -0.2212 1.1475
v -1.6892 -0.2212 1.0927
v -1.7333 -0.2212 1.0478
v -1.7876 -0.2212 1.0159
v -1.8482 -0.2212 0.999
v -1.9111 -0.2212 0.9985
v -1.972 -0.2212 1.0142
v -2.0268 -0.2212 1.0452
v -2.0716 -0.2212 1.0893
v -2.1036 -0.2212 1.1436
v -2.1204 -0.2212 1.2042
v -2.1602 -0.2211 1.2719
v -2.1419 -0.2211 1.3428
v -2.1058 -0.2211 1.4066
v -2.0545 -0.2211 1.4589
v -1.9913 -0.2211 1.4961
v -1.9208 -0.2211 1.5157
v -1.8475 -0.2211 1.5163
v -1.7765 -0.2211 1.4979
v -1.7127 -0.2211 1.4618
v -1.6606 -0.2211 1.4105
v -1.6233 -0.2211 1.3474
v -1.6037 -0.2211 1.2768
v -1.6031 -0.2211 1.2035
v -1.6214 -0.2211 1.1326
v -1.6576 -0.2211 1.0688
v -1.7089 -0.2211 1.0165
v -1.7721 -0.2211 0.9793
v -1.8427 -0.2211 0.9598
v -1.9159 -0.2211 0.9591
v -1.9868 -0.2211 0.9775
v -2.0506 -0.2211 1.0136
v -2.1029 -0.2211 1.0649
v -2.1401 -0.2211 1.128
v -2.1596 -0.2211 1.1987
v -2.1602 -0.0377 1.2719
v -2.1419 -0.0377 1.3428
v -2.1058 -0.0377 1.4066
v -2.0545 -0.0377 1.4589
v -1.9913 -0.0377 1.4961
v -1.9208 -0.0377 1.5157
v -1.8475 -0.0377 1.5163
v -1.7765 -0.0377 1.4979
v -1.7127 -0.0377 1.4618
v -1.6606 -0.0377 1.4105
v -1.6233 -0.0377 1.3474
v -1.6037 -0.0377 1.2768
v -1.6031 -0.0377 1.2035
v -1.6214 -0.0377 1.1326
v -1.6576 -0.0377 1.0688
v -1.7089 -0.0377 1.0165
v -1.7721 -0.0377 0.9793
v -1.8427 -0.0377 0.9598
v -1.9159 -0.0377 0.9591
v -1.9868 -0.0377 0.9775
v -2.0506 -0.0377 1.0136
v -2.1029 -0.0377 1.0649
v -2.1401 -0.0377 1.128
v -2.1596 -0.0377 1.1987
v -2.1141 -0.046 1.2663
v -2.0988 -0.046 1.3254
v -2.0686 -0.046 1.3786
v -2.0258 -0.046 1.4222
v -1.9732 -0.046 1.4532
v -1.9143 -0.046 1.4696
v -1.8532 -0.046 1.4701
v -1.794 -0.046 1.4549
v -1.7408 -0.046 1.4247
v -1.6971 -0.046 1.3818
v -1.6661 -0.046 1.3292
v -1.6498 -0.046 1.2703
v -1.6493 -0.046 1.2092
v -1.6646 -0.046 1.15
v -1.6947 -0.046 1.0968
v -1.7376 -0.046 1.0532
v -1.7902 -0.046 1.0222
v -1.8491 -0.046 1.0058
v -1.9102 -0.046 1.0053
v -1.9694 -0.046 1.0206
v -2.0226 -0.046 1.0507
v -2.0662 -0.046 1.0936
v -2.0972 -0.046 1.1462
v -2.1136 -0.046 1.2051
v -1.9571 -0.0465 1.247
v -1.9521 -0.0465 1.2662
v -1.9424 -0.0465 1.2834
v -1.9284 -0.0465 1.2976
v -1.9114 -0.0465 1.3076
v -1.8923 -0.0465 1.3129
v -1.8724 -0.0465 1.3131
v -1.8532 -0.0465 1.3081
v -1.836 -0.0465 1.2984
v -1.8219 -0.0465 1.2845
v -1.8118 -0.0465 1.2674
v -1.8065 -0.0465 1.2483
v -1.8063 -0.0465 1.2285
v -1.8113 -0.0465 1.2093
v -1.8211 -0.0465 1.192
v -1.8349 -0.0465 1.1779
v -1.8521 -0.0465 1.1678
v -1.8712 -0.0465 1.1625
v -1.891 -0.0465 1.1623
v -1.9102 -0.0465 1.1673
v -1.9274 -0.0465 1.1771
v -1.9415 -0.0465 1.191
v -1.9516 -0.0465 1.208
v -1.9569 -0.0465 1.2271
v -2.1141 -0.0374 1.2663
v -2.0988 -0.0374 1.3254
v -2.0686 -0.0374 1.3786
v -2.0258 -0.0374 1.4222
v -1.9732 -0.0374 1.4532
v -1.9143 -0.0374 1.4696
v -1.8532 -0.0374 1.4701
v -1.794 -0.0374 1.4549
v -1.7408 -0.0374 1.4247
v -1.6971 -0.0374 1.3818
v -1.6661 -0.0374 1.3292
v -1.6498 -0.0374 1.2703
v -1.6493 -0.0374 1.2092
v -1.6646 -0.0374 1.15
v -1.6947 -0.0374 1.0968
v -1.7376 -0.0374 1.0532
v -1.7902 -0.0374 1.0222
v -1.8491 -0.0374 1.0058
v -1.9102 -0.0374 1.0053
v -1.9694 -0.0374 1.0206
v -2.0226 -0.0374 1.0507
v -2.0662 -0.0374 1.0936
v -2.0972 -0.0374 1.1462
v -2.1136 -0.0374 1.2051
v -1.9209 -0.0549 1.2425
v -1.9183 -0.0549 1.2525
v -1.9133 -0.0549 1.2615
v -1.906 -0.0549 1.2688
v -1.8971 -0.0549 1.2741
v -1.8872 -0.0549 1.2768
v -1.8769 -0.0549 1.2769
v -1.8669 -0.0549 1.2743
v -1.8579 -0.0549 1.2693
v -1.8506 -0.0549 1.262
v -1.8453 -0.0549 1.2531
v -1.8426 -0.0549 1.2432
v -1.8425 -0.0549 1.2329
v -1.8451 -0.0549 1.2229
v -1.8502 -0.0549 1.214
v -1.8573 -0.0549 1.2066
v -1.8663 -0.0549 1.2013
v -1.8762 -0.0549 1.1986
v -1.8865 -0.0549 1.1985
v -1.8965 -0.0549 1.2011
v -1.9055 -0.0549 1.2062
v -1.9128 -0.0549 1.2134
v -1.9181 -0.0549 1.2223
v -1.9208 -0.0549 1.2322
v -1.9571 -0.0543 1.247
v -1.9521 -0.0543 1.2662
v -1.9424 -0.0543 1.2834
v -1.9284 -0.0543 1.2976
v -1.9114 -0.0543 1.3076
v -1.8923 -0.0543 1.3129
v -1.8724 -0.0543 1.3131
v -1.8532 -0.0543 1.3081
v -1.836 -0.0543 1.2984
v -1.8219 -0.0543 1.2845
v -1.8118 -0.0543 1.2674
v -1.8065 -0.0543 1.2483
v -1.8063 -0.0543 1.2285
v -1.8113 -0.0543 1.2093
v -1.8211 -0.0543 1.192
v -1.8349 -0.0543 1.1779
v -1.8521 -0.0543 1.1678
v -1.8712 -0.0543 1.1625
v -1.891 -0.0543 1.1623
v -1.9102 -0.0543 1.1673
v -1.9274 -0.0543 1.1771
v -1.9415 -0.0543 1.191
v -1.9516 -0.0543 1.208
v -1.9569 -0.0543 1.2271
v -1.9571 -0.0384 1.247
v -1.9521 -0.0384 1.2662
v -1.9424 -0.0384 1.2834
v -1.9284 -0.0384 1.2976
v -1.9114 -0.0384 1.3076
v -1.8923 -0.0384 1.3129
v -1.8724 -0.0384 1.3131
v -1.8532 -0.0384 1.3081
v -1.836 -0.0384 1.2984
v -1.8219 -0.0384 1.2845
v -1.8118 -0.0384 1.2674
v -1.8065 -0.0384 1.2483
v -1.8063 -0.0384 1.2285
v -1.8113 -0.0384 1.2093
v -1.8211 -0.0384 1.192
v -1.8349 -0.0384 1.1779
v -1.8521 -0.0384 1.1678
v -1.8712 -0.0384 1.1625
v -1.891 -0.0384 1.1623
v -1.9102 -0.0384 1.1673
v -1.9274 -0.0384 1.1771
v -1.9415 -0.0384 1.191
v -1.9516 -0.0384 1.208
v -1.9569 -0.0384 1.2271
v -1.9209 -0.0384 1.2425
v -1.9183 -0.0384 1.2525
v -1.9133 -0.0384 1.2615
v -1.906 -0.0384 1.2688
v -1.8971 -0.0384 1.2741
v -1.8872 -0.0384 1.2768
v -1.8769 -0.0384 1.2769
v -1.8669 -0.0384 1.2743
v -1.8579 -0.0384 1.2693
v -1.8506 -0.0384 1.262
v -1.8453 -0.0384 1.2531
v -1.8426 -0.0384 1.2432
v -1.8425 -0.0384 1.2329
v -1.8451 -0.0384 1.2229
v -1.8502 -0.0384 1.214
v -1.8573 -0.0384 1.2066
v -1.8663 -0.0384 1.2013
v -1.8762 -0.0384 1.1986
v -1.8865 -0.0384 1.1985
v -1.8965 -0.0384 1.2011
v -1.9055 -0.0384 1.2062
v -1.9128 -0.0384 1.2134
v -1.9181 -0.0384 1.2223
v -1.9208 -0.0384 1.2322
v -2.1209 -0.2126 1.2671
v -2.1051 -0.2126 1.328
v -2.0742 -0.2126 1.3828
v -2.03 -0.2126 1.4276
v -1.9758 -0.2126 1.4596
v -1.9153 -0.2126 1.4764
v -1.8523 -0.2126 1.4769
v -1.7914 -0.2126 1.4612
v -1.7366 -0.2126 1.4302
v -1.6917 -0.2126 1.3861
v -1.6598 -0.2126 1.3319
v -1.643 -0.2126 1.2713
v -1.6425 -0.2126 1.2083
v -1.6583 -0.2126 1.1475
v -1.6892 -0.2126 1.0927
v -1.7333 -0.2126 1.0478
v -1.7876 -0.2126 1.0159
v -1.8482 -0.2126 0.999
v -1.9111 -0.2126 0.9985
v -1.972 -0.2126 1.0142
v -2.0268 -0.2126 1.0452
v -2.0716 -0.2126 1.0893
v -2.1036 -0.2126 1.1436
v -2.1204 -0.2126 1.2042
v -2.1141 -0.0537 1.2663
v -2.0988 -0.0537 1.3254
v -2.0686 -0.0537 1.3786
v -2.0258 -0.0537 1.4222
v -1.9732 -0.0537 1.4533
v -1.9143 -0.0537 1.4696
v -1.8532 -0.0537 1.4701
v -1.794 -0.0537 1.4549
v -1.7408 -0.0537 1.4247
v -1.6971 -0.0537 1.3818
v -1.6661 -0.0537 1.3292
v -1.6498 -0.0537 1.2703
v -1.6493 -0.0537 1.2092
v -1.6646 -0.0537 1.15
v -1.6947 -0.0537 1.0968
v -1.7376 -0.0537 1.0532
v -1.7902 -0.0537 1.0222
v -1.8491 -0.0537 1.0058
v -1.9102 -0.0537 1.0053
v -1.9694 -0.0537 1.0206
v -2.0226 -0.0537 1.0507
v -2.0662 -0.0537 1.0936
v -2.0972 -0.0537 1.1462
v -2.1136 -0.0537 1.2051
v -1.9571 -0.0528 1.247
v -1.9521 -0.0528 1.2662
v -1.9424 -0.0528 1.2834
v -1.9284 -0.0528 1.2976
v -1.9114 -0.0528 1.3076
v -1.8923 -0.0528 1.3129
v -1.8724 -0.0528 1.3131
v -1.8532 -0.0528 1.3081
v -1.836 -0.0528 1.2984
v -1.8219 -0.0528 1.2845
v -1.8118 -0.0528 1.2674
v -1.8065 -0.0528 1.2483
v -1.8063 -0.0528 1.2285
v -1.8113 -0.0528 1.2093
v -1.8211 -0.0528 1.192
v -1.8349 -0.0528 1.1779
v -1.8521 -0.0528 1.1678
v -1.8712 -0.0528 1.1625
v -1.891 -0.0528 1.1623
v -1.9102 -0.0528 1.1673
v -1.9274 -0.0528 1.1771
v -1.9415 -0.0528 1.191
v -1.9516 -0.0528 1.208
v -1.9569 -0.0528 1.2271
v -1.9209 -0.0469 1.2425
v -1.9183 -0.0469 1.2525
v -1.9133 -0.0469 1.2615
v -1.906 -0.0469 1.2688
v -1.8971 -0.0469 1.2741
v -1.8872 -0.0469 1.2768
v -1.8769 -0.0469 1.2769
v -1.8669 -0.0469 1.2743
v -1.8579 -0.0469 1.2693
v -1.8506 -0.0469 1.262
v -1.8453 -0.0469 1.2531
v -1.8426 -0.0469 1.2432
v -1.8425 -0.0469 1.2329
v -1.8451 -0.0469 1.2229
v -1.8502 -0.0469 1.214
v -1.8573 -0.0469 1.2066
v -1.8663 -0.0469 1.2013
v -1.8762 -0.0469 1.1986
v -1.8865 -0.0469 1.1985
v -1.8965 -0.0469 1.2011
v -1.9055 -0.0469 1.2062
v -1.9128 -0.0469 1.2134
v -1.9181 -0.0469 1.2223
v -1.9208 -0.0469 1.2322
v -2.1682 -0.0442 1.2729
v -2.1493 -0.0442 1.3458
v -2.1493 -0.2146 1.3458
v -2.1682 -0.2146 1.2729
v -2.1675 -0.0442 1.1976
v -2.1675 -0.2146 1.1976
v -2.1473 -0.0442 1.1249
v -2.1473 -0.2146 1.1249
v -2.1091 -0.0442 1.06
v -2.1091 -0.2146 1.06
v -2.0554 -0.0442 1.0072
v -2.0554 -0.2146 1.0072
v -1.9898 -0.0442 0.9701
v -1.9898 -0.2146 0.9701
v -1.9168 -0.0442 0.9512
v -1.9168 -0.2146 0.9512
v -1.8416 -0.0442 0.9519
v -1.8416 -0.2146 0.9519
v -1.6161 -0.0442 1.3505
v -1.5959 -0.0442 1.2779
v -1.5959 -0.2146 1.2779
v -1.6161 -0.2146 1.3505
v -1.5952 -0.0442 1.2025
v -1.5952 -0.2146 1.2025
v -1.6141 -0.0442 1.1296
v -1.6141 -0.2146 1.1296
v -1.6512 -0.0442 1.064
v -1.6512 -0.2146 1.064
v -1.704 -0.0442 1.0103
v -1.704 -0.2146 1.0103
v -1.7689 -0.0442 0.972
v -1.7689 -0.2146 0.972
v -1.6542 -0.0442 1.4154
v -1.6542 -0.2146 1.4154
v -1.708 -0.0442 1.4682
v -1.708 -0.2146 1.4682
v -1.7735 -0.0442 1.5053
v -1.7735 -0.2146 1.5053
v -1.8465 -0.0442 1.5242
v -1.8465 -0.2146 1.5242
v -1.9218 -0.0442 1.5235
v -1.9218 -0.2146 1.5235
v -1.9944 -0.0442 1.5034
v -1.9944 -0.2146 1.5034
v -2.0594 -0.0442 1.4652
v -2.0594 -0.2146 1.4652
v -2.1122 -0.0442 1.4114
v -2.1122 -0.2146 1.4114

g name51 
f 9694 9695 9719 9718
f 10033 10032 10031 10030
f 9742 9743 9815 9814
f 9766 9767 9695 9694
f 9695 9696 9720 9719
f 10032 10077 10076 10031
f 9743 9744 9816 9815
f 9767 9768 9696 9695
f 9696 9697 9721 9720
f 10077 10075 10074 10076
f 9744 9745 9817 9816
f 9768 9769 9697 9696
f 9697 9698 9722 9721
f 10075 10073 10072 10074
f 9745 9746 9818 9817
f 9769 9770 9698 9697
f 9698 9699 9723 9722
f 10073 10071 10070 10072
f 9746 9747 9819 9818
f 9770 9771 9699 9698
f 9699 9700 9724 9723
f 10071 10069 10068 10070
f 9747 9748 9820 9819
f 9771 9772 9700 9699
f 9700 9701 9725 9724
f 10069 10067 10066 10068
f 9748 9749 9821 9820
f 9772 9773 9701 9700
f 9701 9702 9726 9725
f 10067 10065 10064 10066
f 9749 9750 9822 9821
f 9773 9774 9702 9701
f 9702 9703 9727 9726
f 10065 10063 10062 10064
f 9750 9751 9823 9822
f 9774 9775 9703 9702
f 9703 9704 9728 9727
f 10063 10051 10048 10062
f 9751 9752 9824 9823
f 9775 9776 9704 9703
f 9704 9705 9729 9728
f 10051 10050 10049 10048
f 9752 9753 9825 9824
f 9776 9777 9705 9704
f 9705 9706 9730 9729
f 10050 10053 10052 10049
f 9753 9754 9826 9825
f 9777 9778 9706 9705
f 9706 9707 9731 9730
f 10053 10055 10054 10052
f 9754 9755 9827 9826
f 9778 9779 9707 9706
f 9707 9708 9732 9731
f 10055 10057 10056 10054
f 9755 9756 9828 9827
f 9779 9780 9708 9707
f 9708 9709 9733 9732
f 10057 10059 10058 10056
f 9756 9757 9829 9828
f 9780 9781 9709 9708
f 9709 9710 9734 9733
f 10059 10061 10060 10058
f 9757 9758 9830 9829
f 9781 9782 9710 9709
f 9710 9711 9735 9734
f 10061 10047 10046 10060
f 9758 9759 9831 9830
f 9782 9783 9711 9710
f 9711 9712 9736 9735
f 10047 10045 10044 10046
f 9759 9760 9832 9831
f 9783 9784 9712 9711
f 9712 9713 9737 9736
f 10045 10043 10042 10044
f 9760 9761 9833 9832
f 9784 9785 9713 9712
f 9713 9714 9738 9737
f 10043 10041 10040 10042
f 9761 9762 9834 9833
f 9785 9786 9714 9713
f 9714 9715 9739 9738
f 10041 10039 10038 10040
f 9762 9763 9835 9834
f 9786 9787 9715 9714
f 9715 9716 9740 9739
f 10039 10037 10036 10038
f 9763 9764 9836 9835
f 9787 9788 9716 9715
f 9716 9717 9741 9740
f 10037 10035 10034 10036
f 9764 9765 9837 9836
f 9788 9789 9717 9716
f 9717 9694 9718 9741
f 10035 10033 10030 10034
f 9765 9742 9814 9837
f 9789 9766 9694 9717
f 9791 9790 9766 9767
f 9813 9812 9788 9789
f 9811 9810 9786 9787
f 9809 9808 9784 9785
f 9807 9806 9782 9783
f 9805 9804 9780 9781
f 9803 9802 9778 9779
f 9793 9792 9768 9769
f 9795 9794 9770 9771
f 9797 9796 9772 9773
f 9799 9798 9774 9775
f 9801 9800 9776 9777
f 9767 9766 9814 9815
f 9768 9767 9815 9816
f 9769 9768 9816 9817
f 9770 9769 9817 9818
f 9771 9770 9818 9819
f 9772 9771 9819 9820
f 9773 9772 9820 9821
f 9774 9773 9821 9822
f 9775 9774 9822 9823
f 9776 9775 9823 9824
f 9777 9776 9824 9825
f 9778 9777 9825 9826
f 9779 9778 9826 9827
f 9780 9779 9827 9828
f 9781 9780 9828 9829
f 9782 9781 9829 9830
f 9783 9782 9830 9831
f 9784 9783 9831 9832
f 9785 9784 9832 9833
f 9786 9785 9833 9834
f 9787 9786 9834 9835
f 9788 9787 9835 9836
f 9789 9788 9836 9837
f 9766 9789 9837 9814
f 9838 9839 9863 9862
f 9886 9887 9911 9910
f 9910 9911 9839 9838
f 9839 9840 9864 9863
f 9887 9888 9912 9911
f 9911 9912 9840 9839
f 9840 9841 9865 9864
f 9888 9889 9913 9912
f 9912 9913 9841 9840
f 9841 9842 9866 9865
f 9889 9890 9914 9913
f 9913 9914 9842 9841
f 9842 9843 9867 9866
f 9890 9891 9915 9914
f 9914 9915 9843 9842
f 9843 9844 9868 9867
f 9891 9892 9916 9915
f 9915 9916 9844 9843
f 9844 9845 9869 9868
f 9892 9893 9917 9916
f 9916 9917 9845 9844
f 9845 9846 9870 9869
f 9893 9894 9918 9917
f 9917 9918 9846 9845
f 9846 9847 9871 9870
f 9894 9895 9919 9918
f 9918 9919 9847 9846
f 9847 9848 9872 9871
f 9895 9896 9920 9919
f 9919 9920 9848 9847
f 9848 9849 9873 9872
f 9896 9897 9921 9920
f 9920 9921 9849 9848
f 9849 9850 9874 9873
f 9897 9898 9922 9921
f 9921 9922 9850 9849
f 9850 9851 9875 9874
f 9898 9899 9923 9922
f 9922 9923 9851 9850
f 9851 9852 9876 9875
f 9899 9900 9924 9923
f 9923 9924 9852 9851
f 9852 9853 9877 9876
f 9900 9901 9925 9924
f 9924 9925 9853 9852
f 9853 9854 9878 9877
f 9901 9902 9926 9925
f 9925 9926 9854 9853
f 9854 9855 9879 9878
f 9902 9903 9927 9926
f 9926 9927 9855 9854
f 9855 9856 9880 9879
f 9903 9904 9928 9927
f 9927 9928 9856 9855
f 9856 9857 9881 9880
f 9904 9905 9929 9928
f 9928 9929 9857 9856
f 9857 9858 9882 9881
f 9905 9906 9930 9929
f 9929 9930 9858 9857
f 9858 9859 9883 9882
f 9906 9907 9931 9930
f 9930 9931 9859 9858
f 9859 9860 9884 9883
f 9907 9908 9932 9931
f 9931 9932 9860 9859
f 9860 9861 9885 9884
f 9908 9909 9933 9932
f 9932 9933 9861 9860
f 9861 9838 9862 9885
f 9909 9886 9910 9933
f 9933 9910 9838 9861
f 9791 9887 9886 9790
f 9790 9862 9863 9791
f 9792 9888 9887 9791
f 9791 9863 9864 9792
f 9793 9889 9888 9792
f 9792 9864 9865 9793
f 9794 9890 9889 9793
f 9793 9865 9866 9794
f 9795 9891 9890 9794
f 9794 9866 9867 9795
f 9796 9892 9891 9795
f 9795 9867 9868 9796
f 9797 9893 9892 9796
f 9796 9868 9869 9797
f 9798 9894 9893 9797
f 9797 9869 9870 9798
f 9799 9895 9894 9798
f 9798 9870 9871 9799
f 9800 9896 9895 9799
f 9799 9871 9872 9800
f 9801 9897 9896 9800
f 9800 9872 9873 9801
f 9802 9898 9897 9801
f 9801 9873 9874 9802
f 9803 9899 9898 9802
f 9802 9874 9875 9803
f 9804 9900 9899 9803
f 9803 9875 9876 9804
f 9805 9901 9900 9804
f 9804 9876 9877 9805
f 9806 9902 9901 9805
f 9805 9877 9878 9806
f 9807 9903 9902 9806
f 9806 9878 9879 9807
f 9808 9904 9903 9807
f 9807 9879 9880 9808
f 9809 9905 9904 9808
f 9808 9880 9881 9809
f 9810 9906 9905 9809
f 9809 9881 9882 9810
f 9811 9907 9906 9810
f 9810 9882 9883 9811
f 9812 9908 9907 9811
f 9811 9883 9884 9812
f 9813 9909 9908 9812
f 9812 9884 9885 9813
f 9813 9885 9862 9790
f 9790 9886 9909 9813
f 9718 9719 9935 9934
f 9742 9743 9719 9718
f 9766 9767 9743 9742
f 9934 9935 9959 9958
f 9719 9720 9936 9935
f 9743 9744 9720 9719
f 9767 9768 9744 9743
f 9935 9936 9960 9959
f 9720 9721 9937 9936
f 9744 9745 9721 9720
f 9768 9769 9745 9744
f 9936 9937 9961 9960
f 9721 9722 9938 9937
f 9745 9746 9722 9721
f 9769 9770 9746 9745
f 9937 9938 9962 9961
f 9722 9723 9939 9938
f 9746 9747 9723 9722
f 9770 9771 9747 9746
f 9938 9939 9963 9962
f 9723 9724 9940 9939
f 9747 9748 9724 9723
f 9771 9772 9748 9747
f 9939 9940 9964 9963
f 9724 9725 9941 9940
f 9748 9749 9725 9724
f 9772 9773 9749 9748
f 9940 9941 9965 9964
f 9725 9726 9942 9941
f 9749 9750 9726 9725
f 9773 9774 9750 9749
f 9941 9942 9966 9965
f 9726 9727 9943 9942
f 9750 9751 9727 9726
f 9774 9775 9751 9750
f 9942 9943 9967 9966
f 9727 9728 9944 9943
f 9751 9752 9728 9727
f 9775 9776 9752 9751
f 9943 9944 9968 9967
f 9728 9729 9945 9944
f 9752 9753 9729 9728
f 9776 9777 9753 9752
f 9944 9945 9969 9968
f 9729 9730 9946 9945
f 9753 9754 9730 9729
f 9777 9778 9754 9753
f 9945 9946 9970 9969
f 9730 9731 9947 9946
f 9754 9755 9731 9730
f 9778 9779 9755 9754
f 9946 9947 9971 9970
f 9731 9732 9948 9947
f 9755 9756 9732 9731
f 9779 9780 9756 9755
f 9947 9948 9972 9971
f 9732 9733 9949 9948
f 9756 9757 9733 9732
f 9780 9781 9757 9756
f 9948 9949 9973 9972
f 9733 9734 9950 9949
f 9757 9758 9734 9733
f 9781 9782 9758 9757
f 9949 9950 9974 9973
f 9734 9735 9951 9950
f 9758 9759 9735 9734
f 9782 9783 9759 9758
f 9950 9951 9975 9974
f 9735 9736 9952 9951
f 9759 9760 9736 9735
f 9783 9784 9760 9759
f 9951 9952 9976 9975
f 9736 9737 9953 9952
f 9760 9761 9737 9736
f 9784 9785 9761 9760
f 9952 9953 9977 9976
f 9737 9738 9954 9953
f 9761 9762 9738 9737
f 9785 9786 9762 9761
f 9953 9954 9978 9977
f 9738 9739 9955 9954
f 9762 9763 9739 9738
f 9786 9787 9763 9762
f 9954 9955 9979 9978
f 9739 9740 9956 9955
f 9763 9764 9740 9739
f 9787 9788 9764 9763
f 9955 9956 9980 9979
f 9740 9741 9957 9956
f 9764 9765 9741 9740
f 9788 9789 9765 9764
f 9956 9957 9981 9980
f 9741 9718 9934 9957
f 9765 9742 9718 9741
f 9789 9766 9742 9765
f 9957 9934 9958 9981
f 9959 9958 9862 9863
f 9981 9980 9884 9885
f 9979 9978 9882 9883
f 9977 9976 9880 9881
f 9975 9974 9878 9879
f 9973 9972 9876 9877
f 9971 9970 9874 9875
f 9961 9960 9864 9865
f 9963 9962 9866 9867
f 9965 9964 9868 9869
f 9967 9966 9870 9871
f 9969 9968 9872 9873
f 9767 9766 9958 9959
f 9768 9767 9959 9960
f 9769 9768 9960 9961
f 9770 9769 9961 9962
f 9771 9770 9962 9963
f 9772 9771 9963 9964
f 9773 9772 9964 9965
f 9774 9773 9965 9966
f 9775 9774 9966 9967
f 9776 9775 9967 9968
f 9777 9776 9968 9969
f 9778 9777 9969 9970
f 9779 9778 9970 9971
f 9780 9779 9971 9972
f 9781 9780 9972 9973
f 9782 9781 9973 9974
f 9783 9782 9974 9975
f 9784 9783 9975 9976
f 9785 9784 9976 9977
f 9786 9785 9977 9978
f 9787 9786 9978 9979
f 9788 9787 9979 9980
f 9789 9788 9980 9981
f 9766 9789 9981 9958
f 9982 9983 9839 9838
f 10006 10007 9791 9790
f 9838 9839 10007 10006
f 9983 9984 9840 9839
f 10007 10008 9792 9791
f 9839 9840 10008 10007
f 9984 9985 9841 9840
f 10008 10009 9793 9792
f 9840 9841 10009 10008
f 9985 9986 9842 9841
f 10009 10010 9794 9793
f 9841 9842 10010 10009
f 9986 9987 9843 9842
f 10010 10011 9795 9794
f 9842 9843 10011 10010
f 9987 9988 9844 9843
f 10011 10012 9796 9795
f 9843 9844 10012 10011
f 9988 9989 9845 9844
f 10012 10013 9797 9796
f 9844 9845 10013 10012
f 9989 9990 9846 9845
f 10013 10014 9798 9797
f 9845 9846 10014 10013
f 9990 9991 9847 9846
f 10014 10015 9799 9798
f 9846 9847 10015 10014
f 9991 9992 9848 9847
f 10015 10016 9800 9799
f 9847 9848 10016 10015
f 9992 9993 9849 9848
f 10016 10017 9801 9800
f 9848 9849 10017 10016
f 9993 9994 9850 9849
f 10017 10018 9802 9801
f 9849 9850 10018 10017
f 9994 9995 9851 9850
f 10018 10019 9803 9802
f 9850 9851 10019 10018
f 9995 9996 9852 9851
f 10019 10020 9804 9803
f 9851 9852 10020 10019
f 9996 9997 9853 9852
f 10020 10021 9805 9804
f 9852 9853 10021 10020
f 9997 9998 9854 9853
f 10021 10022 9806 9805
f 9853 9854 10022 10021
f 9998 9999 9855 9854
f 10022 10023 9807 9806
f 9854 9855 10023 10022
f 9999 10000 9856 9855
f 10023 10024 9808 9807
f 9855 9856 10024 10023
f 10000 10001 9857 9856
f 10024 10025 9809 9808
f 9856 9857 10025 10024
f 10001 10002 9858 9857
f 10025 10026 9810 9809
f 9857 9858 10026 10025
f 10002 10003 9859 9858
f 10026 10027 9811 9810
f 9858 9859 10027 10026
f 10003 10004 9860 9859
f 10027 10028 9812 9811
f 9859 9860 10028 10027
f 10004 10005 9861 9860
f 10028 10029 9813 9812
f 9860 9861 10029 10028
f 10005 9982 9838 9861
f 10029 10006 9790 9813
f 9861 9838 10006 10029
f 9862 9790 9791 9863
f 9863 9983 9982 9862
f 9863 9791 9792 9864
f 9864 9984 9983 9863
f 9864 9792 9793 9865
f 9865 9985 9984 9864
f 9865 9793 9794 9866
f 9866 9986 9985 9865
f 9866 9794 9795 9867
f 9867 9987 9986 9866
f 9867 9795 9796 9868
f 9868 9988 9987 9867
f 9868 9796 9797 9869
f 9869 9989 9988 9868
f 9869 9797 9798 9870
f 9870 9990 9989 9869
f 9870 9798 9799 9871
f 9871 9991 9990 9870
f 9871 9799 9800 9872
f 9872 9992 9991 9871
f 9872 9800 9801 9873
f 9873 9993 9992 9872
f 9873 9801 9802 9874
f 9874 9994 9993 9873
f 9874 9802 9803 9875
f 9875 9995 9994 9874
f 9875 9803 9804 9876
f 9876 9996 9995 9875
f 9876 9804 9805 9877
f 9877 9997 9996 9876
f 9877 9805 9806 9878
f 9878 9998 9997 9877
f 9878 9806 9807 9879
f 9879 9999 9998 9878
f 9879 9807 9808 9880
f 9880 10000 9999 9879
f 9880 9808 9809 9881
f 9881 10001 10000 9880
f 9881 9809 9810 9882
f 9882 10002 10001 9881
f 9882 9810 9811 9883
f 9883 10003 10002 9882
f 9883 9811 9812 9884
f 9884 10004 10003 9883
f 9884 9812 9813 9885
f 9885 10005 10004 9884
f 9862 9982 10005 9885
f 9885 9813 9790 9862
f 9766 9790 9862 9958
f 9791 9767 9959 9863
f 9788 9812 9884 9980
f 9813 9789 9981 9885
f 9786 9810 9882 9978
f 9811 9787 9979 9883
f 9784 9808 9880 9976
f 9809 9785 9977 9881
f 9782 9806 9878 9974
f 9807 9783 9975 9879
f 9780 9804 9876 9972
f 9805 9781 9973 9877
f 9778 9802 9874 9970
f 9803 9779 9971 9875
f 9768 9792 9864 9960
f 9793 9769 9961 9865
f 9770 9794 9866 9962
f 9795 9771 9963 9867
f 9772 9796 9868 9964
f 9797 9773 9965 9869
f 9774 9798 9870 9966
f 9799 9775 9967 9871
f 9776 9800 9872 9968
f 9801 9777 9969 9873
f 9743 9742 10030 10031
f 9718 9719 10032 10033
f 9742 9765 10034 10030
f 9741 9718 10033 10035
f 9765 9764 10036 10034
f 9740 9741 10035 10037
f 9764 9763 10038 10036
f 9739 9740 10037 10039
f 9763 9762 10040 10038
f 9738 9739 10039 10041
f 9762 9761 10042 10040
f 9737 9738 10041 10043
f 9761 9760 10044 10042
f 9736 9737 10043 10045
f 9760 9759 10046 10044
f 9735 9736 10045 10047
f 9753 9752 10048 10049
f 9728 9729 10050 10051
f 9754 9753 10049 10052
f 9729 9730 10053 10050
f 9755 9754 10052 10054
f 9730 9731 10055 10053
f 9756 9755 10054 10056
f 9731 9732 10057 10055
f 9757 9756 10056 10058
f 9732 9733 10059 10057
f 9758 9757 10058 10060
f 9733 9734 10061 10059
f 9759 9758 10060 10046
f 9734 9735 10047 10061
f 9752 9751 10062 10048
f 9727 9728 10051 10063
f 9751 9750 10064 10062
f 9726 9727 10063 10065
f 9750 9749 10066 10064
f 9725 9726 10065 10067
f 9749 9748 10068 10066
f 9724 9725 10067 10069
f 9748 9747 10070 10068
f 9723 9724 10069 10071
f 9747 9746 10072 10070
f 9722 9723 10071 10073
f 9746 9745 10074 10072
f 9721 9722 10073 10075
f 9745 9744 10076 10074
f 9720 9721 10075 10077
f 9744 9743 10031 10076
f 9719 9720 10077 10032

g 
v -1.968 -0.2333 1.2836
v -1.977 -0.2333 1.2597
v -1.9795 -0.2333 1.2343
v -1.9752 -0.2333 1.2091
v -1.9646 -0.2333 1.1859
v -1.9484 -0.2333 1.1662
v -1.9276 -0.2333 1.1513
v -1.9037 -0.2333 1.1424
v -1.8782 -0.2333 1.1399
v -1.8532 -0.2333 1.1442
v -1.8298 -0.2333 1.1547
v -1.8102 -0.2333 1.171
v -1.7953 -0.2333 1.1918
v -1.7863 -0.2333 1.2157
v -1.7839 -0.2333 1.2411
v -1.7881 -0.2333 1.2663
v -1.7987 -0.2333 1.2895
v -1.815 -0.2333 1.3093
v -1.8358 -0.2333 1.3241
v -1.8597 -0.2333 1.333
v -1.8851 -0.2333 1.3355
v -1.9103 -0.2333 1.3313
v -1.9335 -0.2333 1.3207
v -1.9532 -0.2333 1.3044
v -1.9953 -0.2333 1.2981
v -2.0071 -0.2333 1.2666
v -2.0103 -0.2333 1.2332
v -2.0048 -0.2333 1.2001
v -1.9909 -0.2333 1.1695
v -1.9695 -0.2333 1.1435
v -1.9421 -0.2333 1.1241
v -1.9107 -0.2333 1.1123
v -1.8772 -0.2333 1.1091
v -1.844 -0.2333 1.1146
v -1.8135 -0.2333 1.1285
v -1.7876 -0.2333 1.1499
v -1.768 -0.2333 1.1773
v -1.7562 -0.2333 1.2088
v -1.753 -0.2333 1.2422
v -1.7586 -0.2333 1.2753
v -1.7725 -0.2333 1.3059
v -1.7939 -0.2333 1.3319
v -1.8213 -0.2333 1.3514
v -1.8527 -0.2333 1.3631
v -1.8862 -0.2333 1.3664
v -1.9193 -0.2333 1.3608
v -1.9499 -0.2333 1.3469
v -1.9758 -0.2333 1.3255
v -1.9953 -0.0552 1.2981
v -2.0071 -0.0552 1.2666
v -2.0103 -0.0552 1.2332
v -2.0048 -0.0552 1.2001
v -1.9909 -0.0552 1.1695
v -1.9695 -0.0552 1.1435
v -1.9421 -0.0552 1.1241
v -1.9107 -0.0552 1.1123
v -1.8772 -0.0552 1.1091
v -1.844 -0.0552 1.1146
v -1.8135 -0.0552 1.1285
v -1.7876 -0.0552 1.1499
v -1.768 -0.0552 1.1773
v -1.7562 -0.0552 1.2088
v -1.753 -0.0552 1.2422
v -1.7586 -0.0552 1.2753
v -1.7725 -0.0552 1.3059
v -1.7939 -0.0552 1.3319
v -1.8213 -0.0552 1.3514
v -1.8527 -0.0552 1.3631
v -1.8862 -0.0552 1.3664
v -1.9193 -0.0552 1.3608
v -1.9499 -0.0552 1.3469
v -1.9758 -0.0552 1.3255
v -1.968 -0.0552 1.2836
v -1.977 -0.0552 1.2597
v -1.9795 -0.0552 1.2343
v -1.9752 -0.0552 1.2091
v -1.9646 -0.0552 1.1859
v -1.9484 -0.0552 1.1662
v -1.9276 -0.0552 1.1513
v -1.9037 -0.0552 1.1424
v -1.8782 -0.0552 1.1399
v -1.8532 -0.0552 1.1442
v -1.8298 -0.0552 1.1547
v -1.8102 -0.0552 1.171
v -1.7953 -0.0552 1.1918
v -1.7863 -0.0552 1.2157
v -1.7839 -0.0552 1.2411
v -1.7881 -0.0552 1.2663
v -1.7987 -0.0552 1.2895
v -1.815 -0.0552 1.3093
v -1.8358 -0.0552 1.3241
v -1.8597 -0.0552 1.333
v -1.8851 -0.0552 1.3355
v -1.9103 -0.0552 1.3313
v -1.9335 -0.0552 1.3207
v -1.9532 -0.0552 1.3044
v -2.1602 0.3252 1.2719
v -2.1419 0.3252 1.3428
v -2.1058 0.3252 1.4066
v -2.0545 0.3252 1.4589
v -1.9913 0.3252 1.4961
v -1.9208 0.3252 1.5157
v -1.8475 0.3252 1.5163
v -1.7765 0.3252 1.4979
v -1.7127 0.3252 1.4618
v -1.6606 0.3252 1.4105
v -1.6233 0.3252 1.3474
v -1.6037 0.3252 1.2768
v -1.6031 0.3252 1.2035
v -1.6214 0.3252 1.1326
v -1.6576 0.3252 1.0688
v -1.7089 0.3252 1.0165
v -1.7721 0.3252 0.9793
v -1.8427 0.3252 0.9598
v -1.9159 0.3252 0.9591
v -1.9868 0.3252 0.9775
v -2.0506 0.3252 1.0136
v -2.1029 0.3252 1.0649
v -2.1401 0.3252 1.128
v -2.1596 0.3252 1.1987

g name52 
f 10102 10103 10079 10078
f 10126 10127 10103 10102
f 10150 10151 10127 10126
f 10078 10079 10151 10150
f 10103 10104 10080 10079
f 10127 10128 10104 10103
f 10151 10152 10128 10127
f 10079 10080 10152 10151
f 10104 10105 10081 10080
f 10128 10129 10105 10104
f 10152 10153 10129 10128
f 10080 10081 10153 10152
f 10105 10106 10082 10081
f 10129 10130 10106 10105
f 10153 10154 10130 10129
f 10081 10082 10154 10153
f 10106 10107 10083 10082
f 10130 10131 10107 10106
f 10154 10155 10131 10130
f 10082 10083 10155 10154
f 10107 10108 10084 10083
f 10131 10132 10108 10107
f 10155 10156 10132 10131
f 10083 10084 10156 10155
f 10108 10109 10085 10084
f 10132 10133 10109 10108
f 10156 10157 10133 10132
f 10084 10085 10157 10156
f 10109 10110 10086 10085
f 10133 10134 10110 10109
f 10157 10158 10134 10133
f 10085 10086 10158 10157
f 10110 10111 10087 10086
f 10134 10135 10111 10110
f 10158 10159 10135 10134
f 10086 10087 10159 10158
f 10111 10112 10088 10087
f 10135 10136 10112 10111
f 10159 10160 10136 10135
f 10087 10088 10160 10159
f 10112 10113 10089 10088
f 10136 10137 10113 10112
f 10160 10161 10137 10136
f 10088 10089 10161 10160
f 10113 10114 10090 10089
f 10137 10138 10114 10113
f 10161 10162 10138 10137
f 10089 10090 10162 10161
f 10114 10115 10091 10090
f 10138 10139 10115 10114
f 10162 10163 10139 10138
f 10090 10091 10163 10162
f 10115 10116 10092 10091
f 10139 10140 10116 10115
f 10163 10164 10140 10139
f 10091 10092 10164 10163
f 10116 10117 10093 10092
f 10140 10141 10117 10116
f 10164 10165 10141 10140
f 10092 10093 10165 10164
f 10117 10118 10094 10093
f 10141 10142 10118 10117
f 10165 10166 10142 10141
f 10093 10094 10166 10165
f 10118 10119 10095 10094
f 10142 10143 10119 10118
f 10166 10167 10143 10142
f 10094 10095 10167 10166
f 10119 10120 10096 10095
f 10143 10144 10120 10119
f 10167 10168 10144 10143
f 10095 10096 10168 10167
f 10120 10121 10097 10096
f 10144 10145 10121 10120
f 10168 10169 10145 10144
f 10096 10097 10169 10168
f 10121 10122 10098 10097
f 10145 10146 10122 10121
f 10169 10170 10146 10145
f 10097 10098 10170 10169
f 10122 10123 10099 10098
f 10146 10147 10123 10122
f 10170 10171 10147 10146
f 10098 10099 10171 10170
f 10123 10124 10100 10099
f 10147 10148 10124 10123
f 10171 10172 10148 10147
f 10099 10100 10172 10171
f 10124 10125 10101 10100
f 10148 10149 10125 10124
f 10172 10173 10149 10148
f 10100 10101 10173 10172
f 10125 10102 10078 10101
f 10149 10126 10102 10125
f 10173 10150 10126 10149
f 10101 10078 10150 10173

g 
v -1.9507 -0.199 1.2744
v -1.9578 -0.199 1.2553
v -1.9597 -0.199 1.235
v -1.9564 -0.199 1.2149
v -1.9479 -0.199 1.1963
v -1.935 -0.199 1.1806
v -1.9184 -0.199 1.1687
v -1.8993 -0.199 1.1616
v -1.879 -0.199 1.1596
v -1.8588 -0.199 1.163
v -1.8403 -0.199 1.1715
v -1.8246 -0.199 1.1844
v -1.8127 -0.199 1.201
v -1.8055 -0.199 1.2201
v -1.8036 -0.199 1.2404
v -1.8069 -0.199 1.2606
v -1.8154 -0.199 1.2791
v -1.8284 -0.199 1.2949
v -1.845 -0.199 1.3067
v -1.8641 -0.199 1.3138
v -1.8844 -0.199 1.3158
v -1.9045 -0.199 1.3125
v -1.9231 -0.199 1.304
v -1.9388 -0.199 1.291
v -2.0196 -0.199 1.2944
v -2.088 -0.2215 1.2763
v -2.0295 -0.199 1.2178
v -2.0797 -0.2215 1.168
v -1.9996 -0.199 1.1466
v -2.0183 -0.2215 1.0782
v -1.9643 -0.199 1.1136
v -1.9202 -0.2215 1.0313
v -1.8618 -0.199 1.0899
v -1.8119 -0.2215 1.0397
v -1.7906 -0.199 1.1197
v -1.7222 -0.2215 1.1011
v -1.7437 -0.199 1.1811
v -1.6753 -0.2215 1.1991
v -1.7339 -0.199 1.2576
v -1.6837 -0.2215 1.3075
v -1.7637 -0.199 1.3288
v -1.7451 -0.2215 1.3972
v -1.8251 -0.199 1.3756
v -1.8431 -0.2215 1.4441
v -1.9016 -0.199 1.3855
v -1.9514 -0.2215 1.4358
v -1.9728 -0.199 1.3557
v -2.0411 -0.2215 1.3743
v -2.0196 -0.0875 1.2944
v -2.0841 -0.065 1.2935
v -2.0295 -0.0875 1.2178
v -2.0849 -0.065 1.1848
v -1.9996 -0.0875 1.1466
v -2.0312 -0.065 1.0903
v -1.9643 -0.0875 1.1136
v -1.9375 -0.065 1.0353
v -1.8618 -0.0875 1.0899
v -1.8288 -0.065 1.0345
v -1.7906 -0.0875 1.1197
v -1.7343 -0.065 1.0882
v -1.7437 -0.0875 1.1811
v -1.6792 -0.065 1.1819
v -1.7339 -0.0875 1.2576
v -1.6785 -0.065 1.2906
v -1.7637 -0.0875 1.3288
v -1.7321 -0.065 1.3851
v -1.8251 -0.0875 1.3756
v -1.8259 -0.065 1.4401
v -1.9016 -0.0875 1.3855
v -1.9346 -0.065 1.4409
v -1.9728 -0.0875 1.3557
v -2.0291 -0.065 1.3872
v -1.9507 -0.0875 1.2744
v -1.9578 -0.0875 1.2553
v -1.9597 -0.0875 1.235
v -1.9564 -0.0875 1.2149
v -1.9479 -0.0875 1.1963
v -1.935 -0.0875 1.1806
v -1.9184 -0.0875 1.1687
v -1.8993 -0.0875 1.1616
v -1.879 -0.0875 1.1596
v -1.8588 -0.0875 1.163
v -1.8403 -0.0875 1.1715
v -1.8246 -0.0875 1.1844
v -1.8127 -0.0875 1.201
v -1.8055 -0.0875 1.2201
v -1.8036 -0.0875 1.2404
v -1.8069 -0.0875 1.2606
v -1.8154 -0.0875 1.2791
v -1.8284 -0.0875 1.2949
v -1.845 -0.0875 1.3067
v -1.8641 -0.0875 1.3138
v -1.8844 -0.0875 1.3158
v -1.9045 -0.0875 1.3125
v -1.9231 -0.0875 1.304
v -1.9388 -0.0875 1.291
v -2.0183 -0.065 1.0782
v -2.0195 -0.065 1.0899
v -2.0312 -0.2215 1.0903
v -2.0195 -0.2215 1.0899
v -2.0797 -0.065 1.168
v -2.0749 -0.065 1.1786
v -2.0849 -0.2215 1.1848
v -2.0749 -0.2215 1.1786
v -2.088 -0.065 1.2763
v -2.0785 -0.065 1.2831
v -2.0841 -0.2215 1.2935
v -2.0785 -0.2215 1.2831
v -2.0411 -0.065 1.3743
v -2.0295 -0.065 1.3755
v -2.0291 -0.2215 1.3872
v -2.0295 -0.2215 1.3755
v -1.9514 -0.065 1.4358
v -1.9407 -0.065 1.4309
v -1.9346 -0.2215 1.4409
v -1.9407 -0.2215 1.4309
v -1.8431 -0.065 1.4441
v -1.8362 -0.065 1.4346
v -1.8259 -0.2215 1.4401
v -1.8362 -0.2215 1.4346
v -1.7451 -0.065 1.3972
v -1.7439 -0.065 1.3855
v -1.7321 -0.2215 1.3851
v -1.7439 -0.2215 1.3855
v -1.6837 -0.065 1.3075
v -1.6884 -0.065 1.2968
v -1.6785 -0.2215 1.2906
v -1.6884 -0.2215 1.2968
v -1.6753 -0.065 1.1991
v -1.6848 -0.065 1.1923
v -1.6792 -0.2215 1.1819
v -1.6848 -0.2215 1.1923
v -1.7343 -0.2215 1.0882
v -1.7339 -0.2215 1.0999
v -1.7222 -0.065 1.1011
v -1.7339 -0.065 1.0999
v -1.8119 -0.065 1.0397
v -1.8226 -0.065 1.0445
v -1.8288 -0.2215 1.0345
v -1.8226 -0.2215 1.0445
v -1.9202 -0.065 1.0313
v -1.9271 -0.065 1.0408
v -1.9375 -0.2215 1.0353
v -1.9271 -0.2215 1.0408
v -1.8155 -0.199 1.1041
v -1.8155 -0.0875 1.1041
v -1.7576 -0.199 1.1551
v -1.7576 -0.0875 1.1551
v -1.7329 -0.199 1.2282
v -1.7329 -0.0875 1.2282
v -1.748 -0.199 1.3039
v -1.748 -0.0875 1.3039
v -1.7991 -0.199 1.3618
v -1.7991 -0.0875 1.3618
v -1.8721 -0.199 1.3865
v -1.8721 -0.0875 1.3865
v -1.9478 -0.199 1.3713
v -1.9478 -0.0875 1.3713
v -2.0058 -0.199 1.3204
v -2.0058 -0.0875 1.3204
v -2.0305 -0.199 1.2472
v -2.0305 -0.0875 1.2472
v -2.0153 -0.199 1.1716
v -2.0153 -0.0875 1.1716
v -1.9383 -0.0875 1.0998
v -1.9383 -0.199 1.0998
v -1.8913 -0.199 1.0889
v -1.8913 -0.0875 1.0889
v -1.915 -0.1986 1.3659
v -1.915 -0.0879 1.3659
v -1.9257 -0.0879 1.3627
v -1.9257 -0.1986 1.3627
v -1.8465 -0.1986 1.3654
v -1.8465 -0.0879 1.3654
v -1.8573 -0.0879 1.368
v -1.8573 -0.1986 1.368
v -1.7873 -0.1986 1.3307
v -1.7873 -0.0879 1.3307
v -1.7955 -0.0879 1.3383
v -1.7955 -0.1986 1.3383
v -1.7535 -0.1986 1.2711
v -1.7535 -0.0879 1.2711
v -1.7568 -0.0879 1.2817
v -1.7568 -0.1986 1.2817
v -1.754 -0.1986 1.2025
v -1.754 -0.0879 1.2025
v -1.7515 -0.0879 1.2134
v -1.7515 -0.1986 1.2134
v -1.7887 -0.1986 1.1434
v -1.7887 -0.0879 1.1434
v -1.7811 -0.0879 1.1515
v -1.7811 -0.1986 1.1515
v -1.8483 -0.1986 1.1095
v -1.8483 -0.0879 1.1095
v -1.8377 -0.0879 1.1128
v -1.8377 -0.1986 1.1128
v -1.9169 -0.1986 1.11
v -1.9169 -0.0879 1.11
v -1.906 -0.0879 1.1075
v -1.906 -0.1986 1.1075
v -1.976 -0.1986 1.1447
v -1.976 -0.0879 1.1447
v -1.9679 -0.0879 1.1371
v -1.9679 -0.1986 1.1371
v -2.0099 -0.1986 1.2043
v -2.0099 -0.0879 1.2043
v -2.0066 -0.0879 1.1937
v -2.0066 -0.1986 1.1937
v -2.0094 -0.1986 1.2729
v -2.0094 -0.0879 1.2729
v -2.0119 -0.0879 1.262
v -2.0119 -0.1986 1.262
v -1.9746 -0.1986 1.332
v -1.9746 -0.0879 1.332
v -1.9823 -0.0879 1.3239
v -1.9823 -0.1986 1.3239
v -1.9977 -0.2215 1.0636
v -1.9977 -0.065 1.0636
v -1.9332 -0.065 1.1409
v -1.9565 -0.065 1.1575
v -1.9747 -0.065 1.1796
v -2.0473 -0.065 1.1099
v -2.0473 -0.2215 1.1099
v -1.9747 -0.2215 1.1796
v -1.9565 -0.2215 1.1575
v -1.9332 -0.2215 1.1409
v -2.0692 -0.2215 1.1449
v -2.0692 -0.065 1.1449
v -1.9865 -0.065 1.2056
v -1.9914 -0.065 1.2339
v -2.0891 -0.065 1.2098
v -2.0891 -0.2215 1.2098
v -1.9914 -0.2215 1.2339
v -1.9865 -0.2215 1.2056
v -2.0906 -0.2215 1.2511
v -2.0906 -0.065 1.2511
v -1.9886 -0.065 1.2624
v -1.9786 -0.065 1.2892
v -2.0752 -0.065 1.3172
v -2.0752 -0.2215 1.3172
v -1.9786 -0.2215 1.2892
v -1.9886 -0.2215 1.2624
v -2.0558 -0.2215 1.3537
v -2.0558 -0.065 1.3537
v -1.9619 -0.065 1.3125
v -1.9398 -0.065 1.3307
v -2.0095 -0.065 1.4034
v -2.0095 -0.2215 1.4034
v -1.9398 -0.2215 1.3307
v -1.9619 -0.2215 1.3125
v -1.9745 -0.2215 1.4252
v -1.9745 -0.065 1.4252
v -1.9137 -0.065 1.3426
v -1.8855 -0.065 1.3474
v -1.9096 -0.065 1.4451
v -1.9096 -0.2215 1.4451
v -1.8855 -0.2215 1.3474
v -1.9137 -0.2215 1.3426
v -1.8683 -0.2215 1.4465
v -1.8683 -0.065 1.4465
v -1.8571 -0.065 1.3446
v -1.8302 -0.065 1.3346
v -1.8022 -0.065 1.4313
v -1.8022 -0.2215 1.4313
v -1.8302 -0.2215 1.3346
v -1.8571 -0.2215 1.3446
v -1.7657 -0.2215 1.4119
v -1.7657 -0.065 1.4119
v -1.8069 -0.065 1.3179
v -1.7887 -0.065 1.2959
v -1.716 -0.065 1.3656
v -1.716 -0.2215 1.3656
v -1.7887 -0.2215 1.2959
v -1.8069 -0.2215 1.3179
v -1.6941 -0.2215 1.3306
v -1.6941 -0.065 1.3306
v -1.7768 -0.065 1.2698
v -1.772 -0.065 1.2415
v -1.6743 -0.065 1.2656
v -1.6743 -0.2215 1.2656
v -1.772 -0.2215 1.2415
v -1.7768 -0.2215 1.2698
v -1.6728 -0.2215 1.2244
v -1.6728 -0.065 1.2244
v -1.7748 -0.065 1.213
v -1.7848 -0.065 1.1862
v -1.6882 -0.065 1.1582
v -1.6882 -0.2215 1.1582
v -1.7848 -0.2215 1.1862
v -1.7748 -0.2215 1.213
v -1.7538 -0.065 1.072
v -1.7538 -0.2215 1.072
v -1.8235 -0.2215 1.1447
v -1.8015 -0.2215 1.1629
v -1.7075 -0.2215 1.1217
v -1.7075 -0.065 1.1217
v -1.8015 -0.065 1.1629
v -1.8235 -0.065 1.1447
v -1.7888 -0.2215 1.0502
v -1.7888 -0.065 1.0502
v -1.8496 -0.065 1.1328
v -1.8779 -0.065 1.1281
v -1.8538 -0.065 1.0303
v -1.8538 -0.2215 1.0303
v -1.8779 -0.2215 1.1281
v -1.8496 -0.2215 1.1328
v -1.8951 -0.2215 1.0289
v -1.8951 -0.065 1.0289
v -1.9064 -0.065 1.1308
v -1.9612 -0.065 1.0442
v -1.9612 -0.2215 1.0442
v -1.9064 -0.2215 1.1308
v -1.9285 -0.221 1.4176
v -1.9285 -0.0656 1.4176
v -1.9435 -0.0656 1.4131
v -1.9435 -0.221 1.4131
v -1.8323 -0.221 1.417
v -1.8323 -0.0656 1.417
v -1.8475 -0.0656 1.4205
v -1.8475 -0.221 1.4205
v -1.7493 -0.221 1.3683
v -1.7493 -0.0656 1.3683
v -1.7607 -0.0656 1.3789
v -1.7607 -0.221 1.3789
v -1.7018 -0.221 1.2846
v -1.7018 -0.0656 1.2846
v -1.7064 -0.0656 1.2995
v -1.7064 -0.221 1.2995
v -1.7025 -0.221 1.1883
v -1.7025 -0.0656 1.1883
v -1.6989 -0.0656 1.2036
v -1.6989 -0.221 1.2036
v -1.7512 -0.221 1.1053
v -1.7512 -0.0656 1.1053
v -1.7405 -0.0656 1.1168
v -1.7405 -0.221 1.1168
v -1.8349 -0.221 1.0578
v -1.8349 -0.0656 1.0578
v -1.8199 -0.0656 1.0623
v -1.8199 -0.221 1.0623
v -1.9311 -0.221 1.0585
v -1.9311 -0.0656 1.0585
v -1.9159 -0.0656 1.0549
v -1.9159 -0.221 1.0549
v -2.0141 -0.221 1.1072
v -2.0141 -0.0656 1.1072
v -2.0026 -0.0656 1.0965
v -2.0026 -0.221 1.0965
v -2.0616 -0.221 1.1908
v -2.0616 -0.0656 1.1908
v -2.057 -0.0656 1.1759
v -2.057 -0.221 1.1759
v -2.0609 -0.221 1.2871
v -2.0609 -0.0656 1.2871
v -2.0645 -0.0656 1.2719
v -2.0645 -0.221 1.2719
v -2.0122 -0.221 1.3702
v -2.0122 -0.0656 1.3702
v -2.0229 -0.0656 1.3587
v -2.0229 -0.221 1.3587

g name53 
f 10198 10199 10271 10270
f 10199 10200 10272 10271
f 10200 10201 10273 10272
f 10201 10202 10274 10273
f 10202 10203 10275 10274
f 10203 10204 10276 10275
f 10204 10205 10277 10276
f 10205 10206 10278 10277
f 10206 10207 10279 10278
f 10207 10208 10280 10279
f 10208 10209 10281 10280
f 10209 10210 10282 10281
f 10210 10211 10283 10282
f 10211 10212 10284 10283
f 10212 10213 10285 10284
f 10213 10214 10286 10285
f 10214 10215 10287 10286
f 10215 10216 10288 10287
f 10216 10217 10289 10288
f 10217 10218 10290 10289
f 10218 10219 10291 10290
f 10219 10220 10292 10291
f 10220 10221 10293 10292
f 10221 10198 10270 10293
f 10295 10294 10251
f 10297 10296 10227
f 10299 10298 10249
f 10301 10300 10225
f 10303 10302 10247
f 10305 10304 10223
f 10307 10306 10269
f 10309 10308 10245
f 10311 10310 10267
f 10313 10312 10243
f 10315 10314 10265
f 10317 10316 10241
f 10319 10318 10263
f 10321 10320 10239
f 10323 10322 10261
f 10325 10324 10237
f 10327 10326 10259
f 10329 10328 10235
f 10331 10330 10233
f 10333 10332 10257
f 10335 10334 10255
f 10337 10336 10231
f 10339 10338 10253
f 10341 10340 10229
f 10294 10415 10414 10227
f 10417 10416 10415 10294 10295
f 10418 10417 10295 10251 10419
f 10419 10251 10296 10420
f 10420 10296 10297 10422 10421
f 10297 10227 10414 10423 10422
f 10298 10425 10424 10225
f 10426 10418 10425 10298 10299
f 10427 10426 10299 10249 10428
f 10428 10249 10300 10429
f 10429 10300 10301 10431 10430
f 10301 10225 10424 10421 10431
f 10302 10433 10432 10223
f 10434 10427 10433 10302 10303
f 10435 10434 10303 10247 10436
f 10436 10247 10304 10437
f 10437 10304 10305 10439 10438
f 10305 10223 10432 10430 10439
f 10306 10441 10440 10245
f 10442 10435 10441 10306 10307
f 10443 10442 10307 10269 10444
f 10444 10269 10308 10445
f 10445 10308 10309 10447 10446
f 10309 10245 10440 10438 10447
f 10310 10449 10448 10243
f 10450 10443 10449 10310 10311
f 10451 10450 10311 10267 10452
f 10452 10267 10312 10453
f 10453 10312 10313 10455 10454
f 10313 10243 10448 10446 10455
f 10314 10457 10456 10241
f 10458 10451 10457 10314 10315
f 10459 10458 10315 10265 10460
f 10460 10265 10316 10461
f 10461 10316 10317 10463 10462
f 10317 10241 10456 10454 10463
f 10318 10465 10464 10239
f 10466 10459 10465 10318 10319
f 10467 10466 10319 10263 10468
f 10468 10263 10320 10469
f 10469 10320 10321 10471 10470
f 10321 10239 10464 10462 10471
f 10322 10473 10472 10237
f 10474 10467 10473 10322 10323
f 10475 10474 10323 10261 10476
f 10476 10261 10324 10477
f 10477 10324 10325 10479 10478
f 10325 10237 10472 10470 10479
f 10326 10481 10480 10235
f 10482 10475 10481 10326 10327
f 10483 10482 10327 10259 10484
f 10484 10259 10328 10485
f 10485 10328 10329 10487 10486
f 10329 10235 10480 10478 10487
f 10488 10257 10330 10489
f 10489 10330 10331 10491 10490
f 10331 10233 10492 10486 10491
f 10332 10493 10492 10233
f 10494 10483 10493 10332 10333
f 10495 10494 10333 10257 10488
f 10334 10497 10496 10231
f 10498 10495 10497 10334 10335
f 10499 10498 10335 10255 10500
f 10500 10255 10336 10501
f 10501 10336 10337 10503 10502
f 10337 10231 10496 10490 10503
f 10338 10505 10504 10229
f 10506 10499 10505 10338 10339
f 10416 10506 10339 10253 10507
f 10507 10253 10340 10508
f 10508 10340 10341 10509 10423
f 10341 10229 10504 10502 10509
f 10511 10510 10312 10267
f 10512 10511 10267 10310
f 10513 10512 10310 10243
f 10510 10513 10243 10312
f 10515 10514 10316 10265
f 10516 10515 10265 10314
f 10517 10516 10314 10241
f 10514 10517 10241 10316
f 10519 10518 10320 10263
f 10520 10519 10263 10318
f 10521 10520 10318 10239
f 10518 10521 10239 10320
f 10523 10522 10324 10261
f 10524 10523 10261 10322
f 10525 10524 10322 10237
f 10522 10525 10237 10324
f 10527 10526 10328 10259
f 10528 10527 10259 10326
f 10529 10528 10326 10235
f 10526 10529 10235 10328
f 10531 10530 10330 10257
f 10532 10531 10257 10332
f 10533 10532 10332 10233
f 10530 10533 10233 10330
f 10535 10534 10336 10255
f 10536 10535 10255 10334
f 10537 10536 10334 10231
f 10534 10537 10231 10336
f 10539 10538 10340 10253
f 10540 10539 10253 10338
f 10541 10540 10338 10229
f 10538 10541 10229 10340
f 10543 10542 10296 10251
f 10544 10543 10251 10294
f 10545 10544 10294 10227
f 10542 10545 10227 10296
f 10547 10546 10300 10249
f 10548 10547 10249 10298
f 10549 10548 10298 10225
f 10546 10549 10225 10300
f 10551 10550 10304 10247
f 10552 10551 10247 10302
f 10553 10552 10302 10223
f 10550 10553 10223 10304
f 10555 10554 10308 10269
f 10556 10555 10269 10306
f 10557 10556 10306 10245
f 10554 10557 10245 10308
f 10252 10228 10414 10415
f 10276 10252 10415 10416
f 10275 10276 10416 10417
f 10274 10275 10417 10418
f 10250 10274 10418 10419
f 10226 10250 10419 10420
f 10203 10202 10421 10422
f 10202 10226 10420 10421
f 10204 10203 10422 10423
f 10228 10204 10423 10414
f 10361 10360 10424 10425
f 10274 10361 10425 10418
f 10273 10274 10418 10426
f 10272 10273 10426 10427
f 10248 10272 10427 10428
f 10224 10248 10428 10429
f 10201 10200 10430 10431
f 10200 10224 10429 10430
f 10202 10201 10431 10421
f 10360 10202 10421 10424
f 10359 10358 10432 10433
f 10272 10359 10433 10427
f 10271 10272 10427 10434
f 10270 10271 10434 10435
f 10246 10270 10435 10436
f 10222 10246 10436 10437
f 10199 10198 10438 10439
f 10198 10222 10437 10438
f 10200 10199 10439 10430
f 10358 10200 10430 10432
f 10357 10356 10440 10441
f 10270 10357 10441 10435
f 10293 10270 10435 10442
f 10292 10293 10442 10443
f 10268 10292 10443 10444
f 10244 10268 10444 10445
f 10221 10220 10446 10447
f 10220 10244 10445 10446
f 10198 10221 10447 10438
f 10356 10198 10438 10440
f 10355 10354 10448 10449
f 10292 10355 10449 10443
f 10291 10292 10443 10450
f 10290 10291 10450 10451
f 10266 10290 10451 10452
f 10242 10266 10452 10453
f 10219 10218 10454 10455
f 10218 10242 10453 10454
f 10220 10219 10455 10446
f 10354 10220 10446 10448
f 10353 10352 10456 10457
f 10290 10353 10457 10451
f 10289 10290 10451 10458
f 10288 10289 10458 10459
f 10264 10288 10459 10460
f 10240 10264 10460 10461
f 10217 10216 10462 10463
f 10216 10240 10461 10462
f 10218 10217 10463 10454
f 10352 10218 10454 10456
f 10351 10350 10464 10465
f 10288 10351 10465 10459
f 10287 10288 10459 10466
f 10286 10287 10466 10467
f 10262 10286 10467 10468
f 10238 10262 10468 10469
f 10215 10214 10470 10471
f 10214 10238 10469 10470
f 10216 10215 10471 10462
f 10350 10216 10462 10464
f 10349 10348 10472 10473
f 10286 10349 10473 10467
f 10285 10286 10467 10474
f 10284 10285 10474 10475
f 10260 10284 10475 10476
f 10236 10260 10476 10477
f 10213 10212 10478 10479
f 10212 10236 10477 10478
f 10214 10213 10479 10470
f 10348 10214 10470 10472
f 10347 10346 10480 10481
f 10284 10347 10481 10475
f 10283 10284 10475 10482
f 10282 10283 10482 10483
f 10258 10282 10483 10484
f 10234 10258 10484 10485
f 10211 10210 10486 10487
f 10210 10234 10485 10486
f 10212 10211 10487 10478
f 10346 10212 10478 10480
f 10232 10256 10488 10489
f 10209 10208 10490 10491
f 10208 10232 10489 10490
f 10210 10209 10491 10486
f 10344 10210 10486 10492
f 10345 10344 10492 10493
f 10282 10345 10493 10483
f 10281 10282 10483 10494
f 10280 10281 10494 10495
f 10256 10280 10495 10488
f 10343 10342 10496 10497
f 10280 10343 10497 10495
f 10279 10280 10495 10498
f 10278 10279 10498 10499
f 10254 10278 10499 10500
f 10230 10254 10500 10501
f 10207 10206 10502 10503
f 10206 10230 10501 10502
f 10208 10207 10503 10490
f 10342 10208 10490 10496
f 10365 10364 10504 10505
f 10278 10365 10505 10499
f 10277 10278 10499 10506
f 10276 10277 10506 10416
f 10362 10276 10416 10507
f 10363 10362 10507 10508
f 10205 10204 10423 10509
f 10204 10363 10508 10423
f 10206 10205 10509 10502
f 10364 10206 10502 10504
f 10367 10366 10510 10511
f 10368 10367 10511 10512
f 10369 10368 10512 10513
f 10366 10369 10513 10510
f 10371 10370 10514 10515
f 10372 10371 10515 10516
f 10373 10372 10516 10517
f 10370 10373 10517 10514
f 10375 10374 10518 10519
f 10376 10375 10519 10520
f 10377 10376 10520 10521
f 10374 10377 10521 10518
f 10379 10378 10522 10523
f 10380 10379 10523 10524
f 10381 10380 10524 10525
f 10378 10381 10525 10522
f 10383 10382 10526 10527
f 10384 10383 10527 10528
f 10385 10384 10528 10529
f 10382 10385 10529 10526
f 10387 10386 10530 10531
f 10388 10387 10531 10532
f 10389 10388 10532 10533
f 10386 10389 10533 10530
f 10391 10390 10534 10535
f 10392 10391 10535 10536
f 10393 10392 10536 10537
f 10390 10393 10537 10534
f 10395 10394 10538 10539
f 10396 10395 10539 10540
f 10397 10396 10540 10541
f 10394 10397 10541 10538
f 10399 10398 10542 10543
f 10400 10399 10543 10544
f 10401 10400 10544 10545
f 10398 10401 10545 10542
f 10403 10402 10546 10547
f 10404 10403 10547 10548
f 10405 10404 10548 10549
f 10402 10405 10549 10546
f 10407 10406 10550 10551
f 10408 10407 10551 10552
f 10409 10408 10552 10553
f 10406 10409 10553 10550
f 10411 10410 10554 10555
f 10412 10411 10555 10556
f 10413 10412 10556 10557
f 10410 10413 10557 10554

g 
v 1.4468 0.1321 1.0217
v 1.4824 0.1321 0.9359
v 1.5811 0.1324 0.6964
v 1.6272 0.1321 0.799
v 1.5809 0.1357 0.6943
v 1.626 0.1355 0.7961
v 1.4816 0.1357 0.933
v 1.446 0.1355 1.0198
v 1.4386 0.1319 1.0399
v 1.4375 0.1355 1.0371
v 1.6327 0.1319 0.8429
v 1.6323 0.1353 0.8408
v 1.4322 0.1319 1.0564
v 1.4311 0.1355 1.0532
v 1.6179 0.1319 0.8875
v 1.6181 0.1353 0.8869
v 1.3625 0.1326 1.1891
v 1.4105 0.1353 1.2117
v 1.2797 0.1321 1.4493
v 1.2426 0.1321 1.5345
v 1.1397 0.1324 1.7723
v 1.0954 0.1321 1.6691
v 1.1398 0.1357 1.7745
v 1.0965 0.1355 1.6719
v 1.2433 0.1357 1.5374
v 1.2805 0.1355 1.4512
v 1.2882 0.1319 1.4312
v 1.2893 0.1355 1.434
v 1.0907 0.1319 1.625
v 1.0911 0.1353 1.6271
v 1.2951 0.1319 1.4148
v 1.296 0.1355 1.4181
v 1.1063 0.1319 1.5807
v 1.1062 0.1353 1.5812
v 1.4092 0.1318 1.2115
v 1.3608 0.1361 1.1888
v 1.3194 0.1353 1.2602
v 1.3693 0.1361 1.2835
v 1.3207 0.1318 1.2605
v 1.3676 0.1326 1.283
v 1.3719 0.1344 1.2346
v 1.367 0.1343 1.2307
v 1.3579 0.1344 1.2375
v 1.3629 0.1343 1.2415
v 1.3624 0.1334 1.2304
v 1.369 0.1335 1.2315
v 1.3674 0.1334 1.2417
v 1.3609 0.1335 1.2406
v 1.3609 0.1343 1.2406
v 1.3375 0.1347 1.2507
v 1.3579 0.1333 1.2376
v 1.3378 0.1326 1.251
v 1.3676 0.1345 1.2417
v 1.3676 0.1353 1.265
v 1.3628 0.1335 1.2415
v 1.3668 0.133 1.265
v 1.369 0.1343 1.2316
v 1.3923 0.1347 1.2215
v 1.3719 0.1333 1.2346
v 1.392 0.1326 1.2211
v 1.3623 0.1345 1.2304
v 1.3624 0.1353 1.2072
v 1.3671 0.1335 1.2307
v 1.3632 0.133 1.207

g name54 
f 10558 10559 10560 10561
f 10561 10560 10562 10563
f 10563 10562 10564 10565
f 10565 10564 10559 10558
f 10565 10558 10566 10567
f 10558 10561 10568 10566
f 10561 10563 10569 10568
f 10563 10565 10567 10569
f 10567 10566 10570 10571
f 10566 10568 10572 10570
f 10568 10569 10573 10572
f 10569 10567 10571 10573
f 10571 10570 10574 10593
f 10570 10572 10592 10574
f 10572 10573 10575 10592
f 10573 10571 10593 10575
f 10564 10562 10560 10559
f 10576 10577 10578 10579
f 10579 10578 10580 10581
f 10581 10580 10582 10583
f 10583 10582 10577 10576
f 10583 10576 10584 10585
f 10576 10579 10586 10584
f 10579 10581 10587 10586
f 10581 10583 10585 10587
f 10585 10584 10588 10589
f 10584 10586 10590 10588
f 10586 10587 10591 10590
f 10587 10585 10589 10591
f 10589 10588 10597 10595
f 10588 10590 10596 10597
f 10590 10591 10594 10596
f 10591 10589 10595 10594
f 10582 10580 10578 10577
f 10593 10574 10596 10594
f 10592 10575 10595 10597
f 10608 10600 10606 10605
f 10612 10601 10610 10604
f 10614 10603 10616 10598
f 10620 10599 10618 10602
f 10607 10606 10600
f 10609 10608 10605
f 10611 10610 10601
f 10613 10612 10604
f 10615 10614 10598
f 10617 10616 10603
f 10619 10618 10599
f 10621 10620 10602
f 10612 10605 10606 10601
f 10611 10601 10606 10607 10594 10595
f 10607 10600 10618 10619 10593 10594
f 10608 10602 10618 10600
f 10621 10602 10608 10609 10596 10574
f 10609 10605 10612 10613 10597 10596
f 10616 10604 10610 10598
f 10615 10598 10610 10611 10595 10575
f 10613 10604 10616 10617 10592 10597
f 10620 10603 10614 10599
f 10619 10599 10614 10615 10575 10593
f 10617 10603 10620 10621 10574 10592

g 
v -1.9717 0.1321 -1.0217
v -2.0073 0.1321 -0.9359
v -2.106 0.1324 -0.6964
v -2.1521 0.1321 -0.799
v -2.1058 0.1357 -0.6943
v -2.1509 0.1355 -0.7961
v -2.0065 0.1357 -0.933
v -1.9709 0.1355 -1.0198
v -1.9635 0.1319 -1.0399
v -1.9624 0.1355 -1.0371
v -2.1576 0.1319 -0.8429
v -2.1572 0.1353 -0.8408
v -1.9571 0.1319 -1.0564
v -1.956 0.1355 -1.0532
v -2.1428 0.1319 -0.8875
v -2.143 0.1353 -0.8869
v -1.8874 0.1326 -1.1891
v -1.9354 0.1353 -1.2117
v -1.8046 0.1321 -1.4493
v -1.7675 0.1321 -1.5345
v -1.6646 0.1324 -1.7723
v -1.6203 0.1321 -1.6691
v -1.6647 0.1357 -1.7745
v -1.6214 0.1355 -1.6719
v -1.7682 0.1357 -1.5374
v -1.8054 0.1355 -1.4512
v -1.8131 0.1319 -1.4312
v -1.8142 0.1355 -1.434
v -1.6156 0.1319 -1.625
v -1.616 0.1353 -1.6271
v -1.82 0.1319 -1.4148
v -1.8209 0.1355 -1.4181
v -1.6312 0.1319 -1.5807
v -1.6311 0.1353 -1.5812
v -1.9341 0.1318 -1.2115
v -1.8857 0.1361 -1.1888
v -1.8443 0.1353 -1.2602
v -1.8942 0.1361 -1.2835
v -1.8456 0.1318 -1.2605
v -1.8925 0.1326 -1.283
v -1.8968 0.1344 -1.2346
v -1.8919 0.1343 -1.2307
v -1.8828 0.1344 -1.2375
v -1.8878 0.1343 -1.2415
v -1.8873 0.1334 -1.2304
v -1.8939 0.1335 -1.2315
v -1.8923 0.1334 -1.2417
v -1.8858 0.1335 -1.2406
v -1.8858 0.1343 -1.2406
v -1.8624 0.1347 -1.2507
v -1.8828 0.1333 -1.2376
v -1.8627 0.1326 -1.251
v -1.8925 0.1345 -1.2417
v -1.8925 0.1353 -1.265
v -1.8877 0.1335 -1.2415
v -1.8917 0.133 -1.265
v -1.8939 0.1343 -1.2316
v -1.9172 0.1347 -1.2215
v -1.8968 0.1333 -1.2346
v -1.9169 0.1326 -1.2211
v -1.8872 0.1345 -1.2304
v -1.8873 0.1353 -1.2072
v -1.892 0.1335 -1.2307
v -1.8881 0.133 -1.207

g name55 
f 10622 10623 10624 10625
f 10625 10624 10626 10627
f 10627 10626 10628 10629
f 10629 10628 10623 10622
f 10629 10622 10630 10631
f 10622 10625 10632 10630
f 10625 10627 10633 10632
f 10627 10629 10631 10633
f 10631 10630 10634 10635
f 10630 10632 10636 10634
f 10632 10633 10637 10636
f 10633 10631 10635 10637
f 10635 10634 10638 10657
f 10634 10636 10656 10638
f 10636 10637 10639 10656
f 10637 10635 10657 10639
f 10628 10626 10624 10623
f 10640 10641 10642 10643
f 10643 10642 10644 10645
f 10645 10644 10646 10647
f 10647 10646 10641 10640
f 10647 10640 10648 10649
f 10640 10643 10650 10648
f 10643 10645 10651 10650
f 10645 10647 10649 10651
f 10649 10648 10652 10653
f 10648 10650 10654 10652
f 10650 10651 10655 10654
f 10651 10649 10653 10655
f 10653 10652 10661 10659
f 10652 10654 10660 10661
f 10654 10655 10658 10660
f 10655 10653 10659 10658
f 10646 10644 10642 10641
f 10657 10638 10660 10658
f 10656 10639 10659 10661
f 10672 10664 10670 10669
f 10676 10665 10674 10668
f 10678 10667 10680 10662
f 10684 10663 10682 10666
f 10671 10670 10664
f 10673 10672 10669
f 10675 10674 10665
f 10677 10676 10668
f 10679 10678 10662
f 10681 10680 10667
f 10683 10682 10663
f 10685 10684 10666
f 10676 10669 10670 10665
f 10675 10665 10670 10671 10658 10659
f 10671 10664 10682 10683 10657 10658
f 10672 10666 10682 10664
f 10685 10666 10672 10673 10660 10638
f 10673 10669 10676 10677 10661 10660
f 10680 10668 10674 10662
f 10679 10662 10674 10675 10659 10639
f 10677 10668 10680 10681 10656 10661
f 10684 10667 10678 10663
f 10683 10663 10678 10679 10639 10657
f 10681 10667 10684 10685 10638 10656

g 
v -1.9717 0.1321 1.0217
v -2.0073 0.1321 0.9359
v -2.106 0.1324 0.6964
v -2.1521 0.1321 0.799
v -2.1058 0.1357 0.6943
v -2.1509 0.1355 0.7961
v -2.0065 0.1357 0.933
v -1.9709 0.1355 1.0198
v -1.9635 0.1319 1.0399
v -1.9624 0.1355 1.0371
v -2.1576 0.1319 0.8429
v -2.1572 0.1353 0.8408
v -1.9571 0.1319 1.0564
v -1.956 0.1355 1.0532
v -2.1428 0.1319 0.8875
v -2.143 0.1353 0.8869
v -1.8874 0.1326 1.1891
v -1.9354 0.1353 1.2117
v -1.8046 0.1321 1.4493
v -1.7675 0.1321 1.5345
v -1.6646 0.1324 1.7723
v -1.6203 0.1321 1.6691
v -1.6647 0.1357 1.7745
v -1.6214 0.1355 1.6719
v -1.7682 0.1357 1.5374
v -1.8054 0.1355 1.4512
v -1.8131 0.1319 1.4312
v -1.8142 0.1355 1.434
v -1.6156 0.1319 1.625
v -1.616 0.1353 1.6271
v -1.82 0.1319 1.4148
v -1.8209 0.1355 1.4181
v -1.6312 0.1319 1.5807
v -1.6311 0.1353 1.5812
v -1.9341 0.1318 1.2115
v -1.8857 0.1361 1.1888
v -1.8443 0.1353 1.2602
v -1.8942 0.1361 1.2835
v -1.8456 0.1318 1.2605
v -1.8925 0.1326 1.283
v -1.8968 0.1344 1.2346
v -1.8919 0.1343 1.2307
v -1.8828 0.1344 1.2375
v -1.8878 0.1343 1.2415
v -1.8873 0.1334 1.2304
v -1.8939 0.1335 1.2315
v -1.8923 0.1334 1.2417
v -1.8858 0.1335 1.2406
v -1.8858 0.1343 1.2406
v -1.8624 0.1347 1.2507
v -1.8828 0.1333 1.2376
v -1.8627 0.1326 1.251
v -1.8925 0.1345 1.2417
v -1.8925 0.1353 1.265
v -1.8877 0.1335 1.2415
v -1.8917 0.133 1.265
v -1.8939 0.1343 1.2316
v -1.9172 0.1347 1.2215
v -1.8968 0.1333 1.2346
v -1.9169 0.1326 1.2211
v -1.8872 0.1345 1.2304
v -1.8873 0.1353 1.2072
v -1.892 0.1335 1.2307
v -1.8881 0.133 1.207

g name56 
f 10689 10688 10687 10686
f 10691 10690 10688 10689
f 10693 10692 10690 10691
f 10686 10687 10692 10693
f 10695 10694 10686 10693
f 10694 10696 10689 10686
f 10696 10697 10691 10689
f 10697 10695 10693 10691
f 10699 10698 10694 10695
f 10698 10700 10696 10694
f 10700 10701 10697 10696
f 10701 10699 10695 10697
f 10721 10702 10698 10699
f 10702 10720 10700 10698
f 10720 10703 10701 10700
f 10703 10721 10699 10701
f 10687 10688 10690 10692
f 10707 10706 10705 10704
f 10709 10708 10706 10707
f 10711 10710 10708 10709
f 10704 10705 10710 10711
f 10713 10712 10704 10711
f 10712 10714 10707 10704
f 10714 10715 10709 10707
f 10715 10713 10711 10709
f 10717 10716 10712 10713
f 10716 10718 10714 10712
f 10718 10719 10715 10714
f 10719 10717 10713 10715
f 10723 10725 10716 10717
f 10725 10724 10718 10716
f 10724 10722 10719 10718
f 10722 10723 10717 10719
f 10705 10706 10708 10710
f 10722 10724 10702 10721
f 10725 10723 10703 10720
f 10733 10734 10728 10736
f 10732 10738 10729 10740
f 10726 10744 10731 10742
f 10730 10746 10727 10748
f 10728 10734 10735
f 10733 10736 10737
f 10729 10738 10739
f 10732 10740 10741
f 10726 10742 10743
f 10731 10744 10745
f 10727 10746 10747
f 10730 10748 10749
f 10729 10734 10733 10740
f 10723 10722 10735 10734 10729 10739
f 10722 10721 10747 10746 10728 10735
f 10728 10746 10730 10736
f 10702 10724 10737 10736 10730 10749
f 10724 10725 10741 10740 10733 10737
f 10726 10738 10732 10744
f 10703 10723 10739 10738 10726 10743
f 10725 10720 10745 10744 10732 10741
f 10727 10742 10731 10748
f 10721 10703 10743 10742 10727 10747
f 10720 10702 10749 10748 10731 10745

g 
v -1.5686 -0.0972 -1.4036
v -1.5686 -0.0972 -1.3341
v -1.5686 -0.1454 -1.4036
v -1.5686 -0.1454 -1.3341
v 1.047 -0.1541 -1.4036
v 1.047 -0.1541 -1.3341
v 1.0645 -0.0972 -1.4036
v 1.0645 -0.0972 -1.3341
v -1.5511 -0.1541 -1.4036
v -1.5511 -0.1454 -1.4131
v -1.5511 -0.1454 -1.3246
v -1.5511 -0.1541 -1.3341
v -1.5511 -0.0886 -1.3341
v -1.5511 -0.0972 -1.3246
v -1.5511 -0.0972 -1.4131
v -1.5511 -0.0886 -1.4036
v 1.0645 -0.1454 -1.4036
v 1.047 -0.1454 -1.4131
v 1.047 -0.1454 -1.3246
v 1.0645 -0.1454 -1.3341
v 1.047 -0.0886 -1.4036
v 1.047 -0.0972 -1.4131
v 1.047 -0.0972 -1.3246
v 1.047 -0.0886 -1.3341

g name57 
f 10752 10753 10751 10750
f 10754 10755 10761 10758
f 10756 10757 10769 10766
f 10765 10762 10773 10770
f 10767 10759 10764 10771
f 10760 10768 10772 10763
f 10753 10752 10758 10761
f 10751 10753 10760 10763
f 10750 10751 10762 10765
f 10752 10750 10764 10759
f 10755 10754 10766 10769
f 10761 10755 10768 10760
f 10754 10758 10759 10767
f 10757 10756 10770 10773
f 10769 10757 10772 10768
f 10756 10766 10767 10771
f 10773 10762 10763 10772
f 10765 10770 10771 10764
f 10759 10758 10752
f 10761 10760 10753
f 10763 10762 10751
f 10765 10764 10750
f 10767 10766 10754
f 10769 10768 10755
f 10771 10770 10756
f 10773 10772 10757

g 
v -1.5686 -0.0986 -1.151
v -1.5686 -0.0986 -1.0844
v -1.5686 -0.1441 -1.151
v -1.5686 -0.1441 -1.0844
v 1.0443 -0.1541 -1.151
v 1.0443 -0.1541 -1.0844
v 1.0645 -0.0986 -1.151
v 1.0645 -0.0986 -1.0844
v -1.5483 -0.1541 -1.151
v -1.5483 -0.1441 -1.162
v -1.5483 -0.1441 -1.0734
v -1.5483 -0.1541 -1.0844
v -1.5483 -0.0886 -1.0844
v -1.5483 -0.0986 -1.0734
v -1.5483 -0.0986 -1.162
v -1.5483 -0.0886 -1.151
v 1.0645 -0.1441 -1.151
v 1.0443 -0.1441 -1.162
v 1.0443 -0.1441 -1.0734
v 1.0645 -0.1441 -1.0844
v 1.0443 -0.0886 -1.151
v 1.0443 -0.0986 -1.162
v 1.0443 -0.0986 -1.0734
v 1.0443 -0.0886 -1.0844

g name58 
f 10776 10777 10775 10774
f 10778 10779 10785 10782
f 10780 10781 10793 10790
f 10789 10786 10797 10794
f 10791 10783 10788 10795
f 10784 10792 10796 10787
f 10777 10776 10782 10785
f 10775 10777 10784 10787
f 10774 10775 10786 10789
f 10776 10774 10788 10783
f 10779 10778 10790 10793
f 10785 10779 10792 10784
f 10778 10782 10783 10791
f 10781 10780 10794 10797
f 10793 10781 10796 10792
f 10780 10790 10791 10795
f 10797 10786 10787 10796
f 10789 10794 10795 10788
f 10783 10782 10776
f 10785 10784 10777
f 10787 10786 10775
f 10789 10788 10774
f 10791 10790 10778
f 10793 10792 10779
f 10795 10794 10780
f 10797 10796 10781

g 
v -1.5686 -0.0972 1.4036
v -1.5686 -0.0972 1.3341
v -1.5686 -0.1454 1.4036
v -1.5686 -0.1454 1.3341
v 1.047 -0.1541 1.4036
v 1.047 -0.1541 1.3341
v 1.0645 -0.0972 1.4036
v 1.0645 -0.0972 1.3341
v -1.5511 -0.1541 1.4036
v -1.5511 -0.1454 1.4131
v -1.5511 -0.1454 1.3246
v -1.5511 -0.1541 1.3341
v -1.5511 -0.0886 1.3341
v -1.5511 -0.0972 1.3246
v -1.5511 -0.0972 1.4131
v -1.5511 -0.0886 1.4036
v 1.0645 -0.1454 1.4036
v 1.047 -0.1454 1.4131
v 1.047 -0.1454 1.3246
v 1.0645 -0.1454 1.3341
v 1.047 -0.0886 1.4036
v 1.047 -0.0972 1.4131
v 1.047 -0.0972 1.3246
v 1.047 -0.0886 1.3341

g name59 
f 10798 10799 10801 10800
f 10806 10809 10803 10802
f 10814 10817 10805 10804
f 10818 10821 10810 10813
f 10819 10812 10807 10815
f 10811 10820 10816 10808
f 10809 10806 10800 10801
f 10811 10808 10801 10799
f 10813 10810 10799 10798
f 10807 10812 10798 10800
f 10817 10814 10802 10803
f 10808 10816 10803 10809
f 10815 10807 10806 10802
f 10821 10818 10804 10805
f 10816 10820 10805 10817
f 10819 10815 10814 10804
f 10820 10811 10810 10821
f 10812 10819 10818 10813
f 10800 10806 10807
f 10801 10808 10809
f 10799 10810 10811
f 10798 10812 10813
f 10802 10814 10815
f 10803 10816 10817
f 10804 10818 10819
f 10805 10820 10821

g 
v -1.5686 -0.0986 1.151
v -1.5686 -0.0986 1.0844
v -1.5686 -0.1441 1.151
v -1.5686 -0.1441 1.0844
v 1.0443 -0.1541 1.151
v 1.0443 -0.1541 1.0844
v 1.0645 -0.0986 1.151
v 1.0645 -0.0986 1.0844
v -1.5483 -0.1541 1.151
v -1.5483 -0.1441 1.162
v -1.5483 -0.1441 1.0734
v -1.5483 -0.1541 1.0844
v -1.5483 -0.0886 1.0844
v -1.5483 -0.0986 1.0734
v -1.5483 -0.0986 1.162
v -1.5483 -0.0886 1.151
v 1.0645 -0.1441 1.151
v 1.0443 -0.1441 1.162
v 1.0443 -0.1441 1.0734
v 1.0645 -0.1441 1.0844
v 1.0443 -0.0886 1.151
v 1.0443 -0.0986 1.162
v 1.0443 -0.0986 1.0734
v 1.0443 -0.0886 1.0844

g name60 
f 10822 10823 10825 10824
f 10830 10833 10827 10826
f 10838 10841 10829 10828
f 10842 10845 10834 10837
f 10843 10836 10831 10839
f 10835 10844 10840 10832
f 10833 10830 10824 10825
f 10835 10832 10825 10823
f 10837 10834 10823 10822
f 10831 10836 10822 10824
f 10841 10838 10826 10827
f 10832 10840 10827 10833
f 10839 10831 10830 10826
f 10845 10842 10828 10829
f 10840 10844 10829 10841
f 10843 10839 10838 10828
f 10844 10835 10834 10845
f 10836 10843 10842 10837
f 10824 10830 10831
f 10825 10832 10833
f 10823 10834 10835
f 10822 10836 10837
f 10826 10838 10839
f 10827 10840 10841
f 10828 10842 10843
f 10829 10844 10845
