
g 
v 10.427 8.0341 -23.1155
v -8.9057 8.288 -23.1022
v -9.0481 -1.2373 -23.1026
v -4.6948 -3.4129 -23.1055
v 5.2282 -3.478 -23.1121
v 10.0841 -1.2508 -23.1153
v 10.4254 8.0341 -23.1446
v -9.2427 8.288 -23.1312
v -9.0497 -1.2248 -23.1316
v -4.6964 -3.4129 -23.1345
v 5.2266 -3.478 -23.1411
v 10.0825 -1.4772 -23.1443
v 7.5663 -0.4999 -23.1136
v 3.9741 -1.98 -23.1112
v -3.3665 -1.9318 -23.1064
v -6.5869 -0.1649 -23.1042
v -7.0014 6.4605 -23.1039
v 7.82 6.5361 -23.1138
v 7.5664 -0.4999 -22.7624
v 3.9742 -1.98 -22.76
v -3.3664 -1.9318 -22.7552
v -6.5867 -0.1649 -22.753
v -7.0013 6.4605 -22.7528
v 7.8201 6.5361 -22.7626
v 7.2517 -0.4023 -31.7253
v 3.8174 -1.8173 -31.723
v -3.2003 -1.7713 -31.7184
v -6.279 -0.0821 -31.7163
v -6.6754 6.252 -31.7161
v 7.4942 6.3243 -31.7255

g name0 
f 25 26 27 28 29 30
f 7 8 9 10 11 12
f 12 11 5 6
f 11 10 4 5
f 10 9 3 4
f 9 8 2 3
f 8 7 1 2
f 7 12 6 1
f 14 13 6 5
f 15 14 5 4
f 16 15 4 3
f 17 16 3 2
f 18 17 2 1
f 13 18 1 6
f 20 19 13 14
f 21 20 14 15
f 22 21 15 16
f 23 22 16 17
f 24 23 17 18
f 19 24 18 13
f 26 25 19 20
f 27 26 20 21
f 28 27 21 22
f 29 28 22 23
f 30 29 23 24
f 25 30 24 19

g 
v -36.8909 3.3971 -21.7482
v -38.5715 3.3971 -19.9833
v -43.2425 3.4062 -15.0483
v -43.3347 3.3971 -18.022
v -43.2602 3.5326 -14.9943
v -43.3346 3.5233 -17.9409
v -38.5804 3.5326 -19.9021
v -36.8909 3.5233 -21.6941
v -36.5205 3.388 -22.1174
v -36.5204 3.5233 -22.0363
v -43.0368 3.388 -19.1572
v -43.0464 3.5145 -19.1032
v -36.2045 3.388 -22.4597
v -36.2132 3.5233 -22.3695
v -42.2511 3.388 -20.1119
v -42.2601 3.5145 -20.0991
v -33.2617 3.4196 -25.0484
v -34.1765 3.5089 -26.0732
v -28.7651 3.3971 -30.6468
v -27.054 3.3971 -32.3822
v -22.2974 3.4062 -37.235
v -22.2569 3.3971 -34.2603
v -22.2782 3.5326 -37.2887
v -22.2557 3.5233 -34.3413
v -27.0433 3.5326 -32.4632
v -28.764 3.5233 -30.7009
v -29.1419 3.388 -30.2841
v -29.1404 3.5233 -30.3652
v -22.5742 3.388 -33.1305
v -22.5646 3.5145 -33.1845
v -29.4641 3.388 -29.9475
v -29.4535 3.5233 -30.0374
v -23.3771 3.388 -32.1897
v -23.3676 3.5145 -32.2023
v -34.1486 3.4196 -26.0535
v -33.2262 3.5089 -25.021
v -31.5464 3.5089 -26.3774
v -32.5017 3.5089 -27.4378
v -31.5749 3.4196 -26.3966
v -32.4668 3.4196 -27.4102
v -33.0983 3.5089 -26.2708
v -32.9657 3.5089 -26.0712
v -32.7118 3.5089 -26.1335
v -32.7452 3.5089 -26.414
v -32.8186 3.4196 -26.0491
v -33.0339 3.4196 -26.143
v -32.8675 3.4196 -26.4553
v -32.6762 3.4196 -26.3406
v -32.6762 3.5089 -26.3364
v -32.0711 3.5089 -26.3181
v -32.7125 3.4196 -26.1356
v -32.0721 3.4196 -26.3295
v -32.8731 3.5089 -26.4568
v -32.6419 3.5089 -26.9653
v -32.7397 3.4196 -26.4122
v -32.6226 3.4196 -26.9597
v -33.0337 3.5089 -26.1471
v -33.651 3.5089 -26.1353
v -33.0978 3.4196 -26.2669
v -33.6497 3.4196 -26.1242
v -32.8161 3.5089 -26.0488
v -33.0834 3.5089 -25.4933
v -32.9713 3.4196 -26.0721
v -33.1035 3.4196 -25.4972
v -33.0061 3.2611 -26.2701
v -33.0043 3.2611 -26.2024
v -32.9748 3.2611 -26.1426
v -32.9222 3.2611 -26.1026
v -32.8582 3.2611 -26.09
v -32.795 3.2611 -26.1077
v -32.7446 3.2611 -26.1519
v -32.7179 3.2611 -26.214
v -32.7196 3.2611 -26.2816
v -32.7495 3.2611 -26.3414
v -32.8013 3.2611 -26.3815
v -32.8658 3.2611 -26.394
v -32.9292 3.2611 -26.3764
v -32.9791 3.2611 -26.3321
v -33.0622 3.2611 -26.2809
v -33.0598 3.2611 -26.187
v -33.0183 3.2611 -26.1041
v -32.946 3.2611 -26.0483
v -32.8568 3.2611 -26.0309
v -32.7689 3.2611 -26.0555
v -32.699 3.2611 -26.1169
v -32.6617 3.2611 -26.203
v -32.6639 3.2611 -26.297
v -32.7057 3.2611 -26.3801
v -32.7783 3.2611 -26.4358
v -32.867 3.2611 -26.4531
v -32.9552 3.2611 -26.4286
v -33.0248 3.2611 -26.3672
v -33.0622 3.669 -26.2809
v -33.0598 3.669 -26.187
v -33.0183 3.669 -26.1041
v -32.946 3.669 -26.0483
v -32.8568 3.669 -26.0309
v -32.7689 3.669 -26.0555
v -32.699 3.669 -26.1169
v -32.6617 3.669 -26.203
v -32.6639 3.669 -26.297
v -32.7057 3.669 -26.3801
v -32.7783 3.669 -26.4358
v -32.867 3.669 -26.4531
v -32.9552 3.669 -26.4286
v -33.0248 3.669 -26.3672
v -33.0061 3.669 -26.2701
v -33.0043 3.669 -26.2024
v -32.9748 3.669 -26.1426
v -32.9222 3.669 -26.1026
v -32.8582 3.669 -26.09
v -32.795 3.669 -26.1077
v -32.7446 3.669 -26.1519
v -32.7179 3.669 -26.214
v -32.7196 3.669 -26.2816
v -32.7495 3.669 -26.3414
v -32.8013 3.669 -26.3815
v -32.8658 3.669 -26.394
v -32.9292 3.669 -26.3764
v -32.9791 3.669 -26.3321

g name1 
f 31 32 33 34
f 34 33 35 36
f 36 35 37 38
f 38 37 32 31
f 38 31 39 40
f 31 34 41 39
f 34 36 42 41
f 36 38 40 42
f 40 39 43 44
f 39 41 45 43
f 41 42 46 45
f 42 40 44 46
f 44 43 47 66
f 43 45 65 47
f 45 46 48 65
f 46 44 66 48
f 37 35 33 32
f 49 50 51 52
f 52 51 53 54
f 54 53 55 56
f 56 55 50 49
f 56 49 57 58
f 49 52 59 57
f 52 54 60 59
f 54 56 58 60
f 58 57 61 62
f 57 59 63 61
f 59 60 64 63
f 60 58 62 64
f 62 61 70 68
f 61 63 69 70
f 63 64 67 69
f 64 62 68 67
f 55 53 51 50
f 66 47 69 67
f 65 48 68 70
f 81 73 79 78
f 85 74 83 77
f 87 76 89 71
f 93 72 91 75
f 80 79 73
f 82 81 78
f 84 83 74
f 86 85 77
f 88 87 71
f 90 89 76
f 92 91 72
f 94 93 75
f 85 78 79 74
f 84 74 79 80 67 68
f 80 73 91 92 66 67
f 81 75 91 73
f 94 75 81 82 69 47
f 82 78 85 86 70 69
f 89 77 83 71
f 88 71 83 84 68 48
f 86 77 89 90 65 70
f 93 76 87 72
f 92 72 87 88 48 66
f 90 76 93 94 47 65
f 95 96 110 109
f 109 110 124 123
f 123 124 138 137
f 137 138 96 95
f 96 97 111 110
f 110 111 125 124
f 124 125 139 138
f 138 139 97 96
f 97 98 112 111
f 111 112 126 125
f 125 126 140 139
f 139 140 98 97
f 98 99 113 112
f 112 113 127 126
f 126 127 141 140
f 140 141 99 98
f 99 100 114 113
f 113 114 128 127
f 127 128 142 141
f 141 142 100 99
f 100 101 115 114
f 114 115 129 128
f 128 129 143 142
f 142 143 101 100
f 101 102 116 115
f 115 116 130 129
f 129 130 144 143
f 143 144 102 101
f 102 103 117 116
f 116 117 131 130
f 130 131 145 144
f 144 145 103 102
f 103 104 118 117
f 117 118 132 131
f 131 132 146 145
f 145 146 104 103
f 104 105 119 118
f 118 119 133 132
f 132 133 147 146
f 146 147 105 104
f 105 106 120 119
f 119 120 134 133
f 133 134 148 147
f 147 148 106 105
f 106 107 121 120
f 120 121 135 134
f 134 135 149 148
f 148 149 107 106
f 107 108 122 121
f 121 122 136 135
f 135 136 150 149
f 149 150 108 107
f 108 95 109 122
f 122 109 123 136
f 136 123 137 150
f 150 137 95 108

g 
v -37.2509 3.3971 31.7516
v -38.9079 3.3971 30.01
v -43.5129 3.4062 25.1396
v -43.6452 3.3971 28.1149
v -43.5302 3.5326 25.0858
v -43.6442 3.5233 28.0337
v -38.9154 3.5326 29.929
v -37.25 3.5233 31.6976
v -36.8855 3.388 32.1158
v -36.8843 3.5233 32.0347
v -43.363 3.388 29.246
v -43.3712 3.5145 29.1921
v -36.5737 3.388 32.4536
v -36.5815 3.5233 32.3635
v -42.5899 3.388 30.1898
v -42.5986 3.5145 30.1772
v -33.6658 3.4196 35.0017
v -34.5947 3.5089 36.0392
v -29.2444 3.3971 40.5379
v -27.5564 3.3971 42.2498
v -22.8645 3.4062 47.0366
v -22.784 3.3971 44.0611
v -22.8462 3.5326 47.09
v -22.784 3.5233 44.1421
v -27.5468 3.5326 42.3306
v -29.2442 3.5233 40.592
v -29.6164 3.388 40.1804
v -29.6159 3.5233 40.2615
v -23.0864 3.388 42.9356
v -23.0771 3.5145 42.9894
v -29.9337 3.388 39.8483
v -29.9245 3.5233 39.9382
v -23.8765 3.388 42.0058
v -23.8674 3.5145 42.0183
v -34.5663 3.4196 36.0192
v -33.63 3.5089 34.9738
v -31.9686 3.5089 36.3067
v -32.938 3.5089 37.3807
v -31.9974 3.4196 36.3266
v -32.9028 3.4196 37.3525
v -33.519 3.5089 36.222
v -33.3837 3.5089 36.0203
v -33.1309 3.5089 36.0791
v -33.168 3.5089 36.3602
v -33.2363 3.4196 35.9962
v -33.4529 3.4196 36.0932
v -33.2909 3.4196 36.4032
v -33.0978 3.4196 36.2858
v -33.0974 3.5089 36.2815
v -32.4919 3.5089 36.2549
v -33.131 3.4196 36.0811
v -32.4932 3.4196 36.2663
v -33.2961 3.5089 36.4046
v -33.0721 3.5089 36.91
v -33.1624 3.4196 36.3583
v -33.0524 3.4196 36.9042
v -33.4529 3.5089 36.0974
v -34.07 3.5089 36.094
v -33.5185 3.4196 36.2179
v -34.0679 3.4196 36.0829
v -33.2336 3.5089 35.9959
v -33.494 3.5089 35.444
v -33.3894 3.4196 36.0214
v -33.5135 3.4196 35.4482
v -33.4268 3.2611 36.2198
v -33.424 3.2611 36.1521
v -33.3935 3.2611 36.092
v -33.3405 3.2611 36.0512
v -33.2764 3.2611 36.0378
v -33.2129 3.2611 36.0546
v -33.1637 3.2611 36.0979
v -33.1378 3.2611 36.1597
v -33.1403 3.2611 36.2275
v -33.1712 3.2611 36.2876
v -33.2237 3.2611 36.3285
v -33.2879 3.2611 36.3419
v -33.3511 3.2611 36.3251
v -33.4003 3.2611 36.2814
v -33.4828 3.2611 36.2315
v -33.4793 3.2611 36.1375
v -33.4366 3.2611 36.0539
v -33.3634 3.2611 35.9972
v -33.2743 3.2611 35.9786
v -33.1866 3.2611 36.0019
v -33.1174 3.2611 36.0624
v -33.0816 3.2611 36.148
v -33.0852 3.2611 36.242
v -33.1279 3.2611 36.3256
v -33.201 3.2611 36.3824
v -33.2906 3.2611 36.401
v -33.3782 3.2611 36.3776
v -33.447 3.2611 36.3172
v -33.4828 3.669 36.2315
v -33.4793 3.669 36.1375
v -33.4366 3.669 36.0539
v -33.3634 3.669 35.9972
v -33.2743 3.669 35.9786
v -33.1866 3.669 36.0019
v -33.1174 3.669 36.0624
v -33.0816 3.669 36.148
v -33.0852 3.669 36.242
v -33.1279 3.669 36.3256
v -33.201 3.669 36.3824
v -33.2906 3.669 36.401
v -33.3782 3.669 36.3776
v -33.447 3.669 36.3172
v -33.4268 3.669 36.2198
v -33.424 3.669 36.1521
v -33.3935 3.669 36.092
v -33.3405 3.669 36.0512
v -33.2764 3.669 36.0378
v -33.2129 3.669 36.0546
v -33.1637 3.669 36.0979
v -33.1378 3.669 36.1597
v -33.1403 3.669 36.2275
v -33.1712 3.669 36.2876
v -33.2237 3.669 36.3285
v -33.2879 3.669 36.3419
v -33.3511 3.669 36.3251
v -33.4003 3.669 36.2814

g name2 
f 154 153 152 151
f 156 155 153 154
f 158 157 155 156
f 151 152 157 158
f 160 159 151 158
f 159 161 154 151
f 161 162 156 154
f 162 160 158 156
f 164 163 159 160
f 163 165 161 159
f 165 166 162 161
f 166 164 160 162
f 186 167 163 164
f 167 185 165 163
f 185 168 166 165
f 168 186 164 166
f 152 153 155 157
f 172 171 170 169
f 174 173 171 172
f 176 175 173 174
f 169 170 175 176
f 178 177 169 176
f 177 179 172 169
f 179 180 174 172
f 180 178 176 174
f 182 181 177 178
f 181 183 179 177
f 183 184 180 179
f 184 182 178 180
f 188 190 181 182
f 190 189 183 181
f 189 187 184 183
f 187 188 182 184
f 170 171 173 175
f 187 189 167 186
f 190 188 168 185
f 198 199 193 201
f 197 203 194 205
f 191 209 196 207
f 195 211 192 213
f 193 199 200
f 198 201 202
f 194 203 204
f 197 205 206
f 191 207 208
f 196 209 210
f 192 211 212
f 195 213 214
f 194 199 198 205
f 188 187 200 199 194 204
f 187 186 212 211 193 200
f 193 211 195 201
f 167 189 202 201 195 214
f 189 190 206 205 198 202
f 191 203 197 209
f 168 188 204 203 191 208
f 190 185 210 209 197 206
f 192 207 196 213
f 186 168 208 207 192 212
f 185 167 214 213 196 210
f 229 230 216 215
f 243 244 230 229
f 257 258 244 243
f 215 216 258 257
f 230 231 217 216
f 244 245 231 230
f 258 259 245 244
f 216 217 259 258
f 231 232 218 217
f 245 246 232 231
f 259 260 246 245
f 217 218 260 259
f 232 233 219 218
f 246 247 233 232
f 260 261 247 246
f 218 219 261 260
f 233 234 220 219
f 247 248 234 233
f 261 262 248 247
f 219 220 262 261
f 234 235 221 220
f 248 249 235 234
f 262 263 249 248
f 220 221 263 262
f 235 236 222 221
f 249 250 236 235
f 263 264 250 249
f 221 222 264 263
f 236 237 223 222
f 250 251 237 236
f 264 265 251 250
f 222 223 265 264
f 237 238 224 223
f 251 252 238 237
f 265 266 252 251
f 223 224 266 265
f 238 239 225 224
f 252 253 239 238
f 266 267 253 252
f 224 225 267 266
f 239 240 226 225
f 253 254 240 239
f 267 268 254 253
f 225 226 268 267
f 240 241 227 226
f 254 255 241 240
f 268 269 255 254
f 226 227 269 268
f 241 242 228 227
f 255 256 242 241
f 269 270 256 255
f 227 228 270 269
f 242 229 215 228
f 256 243 229 242
f 270 257 243 256
f 228 215 257 270

g 
v 37.2573 3.3971 -22.2645
v 38.9144 3.3971 -20.5229
v 43.5187 3.4062 -15.6524
v 43.6512 3.3971 -18.6278
v 43.5362 3.5326 -15.5987
v 43.65 3.5233 -18.5467
v 38.9217 3.5326 -20.4418
v 37.2564 3.5233 -22.2104
v 36.8916 3.388 -22.6286
v 36.8902 3.5233 -22.5475
v 43.3686 3.388 -19.7589
v 43.3771 3.5145 -19.705
v 36.5801 3.388 -22.9664
v 36.5877 3.5233 -22.8764
v 42.5959 3.388 -20.7027
v 42.6044 3.5145 -20.6901
v 33.6717 3.4196 -25.5145
v 34.601 3.5089 -26.552
v 29.2502 3.3971 -31.0508
v 27.5622 3.3971 -32.7625
v 22.8707 3.4062 -37.5494
v 22.7906 3.3971 -34.5741
v 22.8523 3.5326 -37.6029
v 22.79 3.5233 -34.655
v 27.553 3.5326 -32.8433
v 29.2501 3.5233 -31.1049
v 29.6222 3.388 -30.6932
v 29.622 3.5233 -30.7744
v 23.0926 3.388 -33.4483
v 23.0833 3.5145 -33.5024
v 29.9402 3.388 -30.3613
v 29.9306 3.5233 -30.451
v 23.8824 3.388 -32.5186
v 23.8732 3.5145 -32.5312
v 34.5724 3.4196 -26.532
v 33.6362 3.5089 -25.4867
v 31.9746 3.5089 -26.8197
v 32.9439 3.5089 -27.8935
v 32.0033 3.4196 -26.8394
v 32.909 3.4196 -27.8654
v 33.5252 3.5089 -26.7347
v 33.3901 3.5089 -26.5332
v 33.1367 3.5089 -26.592
v 33.174 3.5089 -26.873
v 33.242 3.4196 -26.509
v 33.4589 3.4196 -26.606
v 33.2966 3.4196 -26.9161
v 33.1037 3.4196 -26.7987
v 33.1037 3.5089 -26.7944
v 32.4982 3.5089 -26.7677
v 33.1367 3.4196 -26.5941
v 32.4993 3.4196 -26.7792
v 33.302 3.5089 -26.9176
v 33.0779 3.5089 -27.423
v 33.1684 3.4196 -26.8712
v 33.0583 3.4196 -27.4171
v 33.4589 3.5089 -26.6101
v 34.0757 3.5089 -26.607
v 33.525 3.4196 -26.7308
v 34.0746 3.4196 -26.5958
v 33.2393 3.5089 -26.5087
v 33.4996 3.5089 -25.957
v 33.3956 3.4196 -26.5342
v 33.5196 3.4196 -25.9611
v 33.4329 3.2611 -26.7327
v 33.4304 3.2611 -26.665
v 33.3994 3.2611 -26.6049
v 33.3469 3.2611 -26.5639
v 33.2827 3.2611 -26.5506
v 33.2196 3.2611 -26.5674
v 33.1698 3.2611 -26.6109
v 33.144 3.2611 -26.6727
v 33.1462 3.2611 -26.7403
v 33.1771 3.2611 -26.8005
v 33.2296 3.2611 -26.8413
v 33.2941 3.2611 -26.8547
v 33.3574 3.2611 -26.838
v 33.4065 3.2611 -26.7944
v 33.4891 3.2611 -26.7444
v 33.4857 3.2611 -26.6504
v 33.4429 3.2611 -26.5669
v 33.3696 3.2611 -26.5101
v 33.2802 3.2611 -26.4914
v 33.1926 3.2611 -26.5148
v 33.1239 3.2611 -26.5753
v 33.0876 3.2611 -26.6609
v 33.0911 3.2611 -26.7548
v 33.1336 3.2611 -26.8386
v 33.2068 3.2611 -26.8953
v 33.2962 3.2611 -26.9138
v 33.3841 3.2611 -26.8905
v 33.4531 3.2611 -26.8301
v 33.4891 3.669 -26.7444
v 33.4857 3.669 -26.6504
v 33.4429 3.669 -26.5669
v 33.3696 3.669 -26.5101
v 33.2802 3.669 -26.4914
v 33.1926 3.669 -26.5148
v 33.1239 3.669 -26.5753
v 33.0876 3.669 -26.6609
v 33.0911 3.669 -26.7548
v 33.1336 3.669 -26.8386
v 33.2068 3.669 -26.8953
v 33.2962 3.669 -26.9138
v 33.3841 3.669 -26.8905
v 33.4531 3.669 -26.8301
v 33.4329 3.669 -26.7327
v 33.4304 3.669 -26.665
v 33.3994 3.669 -26.6049
v 33.3469 3.669 -26.5639
v 33.2827 3.669 -26.5506
v 33.2196 3.669 -26.5674
v 33.1698 3.669 -26.6109
v 33.144 3.669 -26.6727
v 33.1462 3.669 -26.7403
v 33.1771 3.669 -26.8005
v 33.2296 3.669 -26.8413
v 33.2941 3.669 -26.8547
v 33.3574 3.669 -26.838
v 33.4065 3.669 -26.7944

g name3 
f 274 273 272 271
f 276 275 273 274
f 278 277 275 276
f 271 272 277 278
f 280 279 271 278
f 279 281 274 271
f 281 282 276 274
f 282 280 278 276
f 284 283 279 280
f 283 285 281 279
f 285 286 282 281
f 286 284 280 282
f 306 287 283 284
f 287 305 285 283
f 305 288 286 285
f 288 306 284 286
f 272 273 275 277
f 292 291 290 289
f 294 293 291 292
f 296 295 293 294
f 289 290 295 296
f 298 297 289 296
f 297 299 292 289
f 299 300 294 292
f 300 298 296 294
f 302 301 297 298
f 301 303 299 297
f 303 304 300 299
f 304 302 298 300
f 308 310 301 302
f 310 309 303 301
f 309 307 304 303
f 307 308 302 304
f 290 291 293 295
f 307 309 287 306
f 310 308 288 305
f 318 319 313 321
f 317 323 314 325
f 311 329 316 327
f 315 331 312 333
f 313 319 320
f 318 321 322
f 314 323 324
f 317 325 326
f 311 327 328
f 316 329 330
f 312 331 332
f 315 333 334
f 314 319 318 325
f 308 307 320 319 314 324
f 307 306 332 331 313 320
f 313 331 315 321
f 287 309 322 321 315 334
f 309 310 326 325 318 322
f 311 323 317 329
f 288 308 324 323 311 328
f 310 305 330 329 317 326
f 312 327 316 333
f 306 288 328 327 312 332
f 305 287 334 333 316 330
f 349 350 336 335
f 363 364 350 349
f 377 378 364 363
f 335 336 378 377
f 350 351 337 336
f 364 365 351 350
f 378 379 365 364
f 336 337 379 378
f 351 352 338 337
f 365 366 352 351
f 379 380 366 365
f 337 338 380 379
f 352 353 339 338
f 366 367 353 352
f 380 381 367 366
f 338 339 381 380
f 353 354 340 339
f 367 368 354 353
f 381 382 368 367
f 339 340 382 381
f 354 355 341 340
f 368 369 355 354
f 382 383 369 368
f 340 341 383 382
f 355 356 342 341
f 369 370 356 355
f 383 384 370 369
f 341 342 384 383
f 356 357 343 342
f 370 371 357 356
f 384 385 371 370
f 342 343 385 384
f 357 358 344 343
f 371 372 358 357
f 385 386 372 371
f 343 344 386 385
f 358 359 345 344
f 372 373 359 358
f 386 387 373 372
f 344 345 387 386
f 359 360 346 345
f 373 374 360 359
f 387 388 374 373
f 345 346 388 387
f 360 361 347 346
f 374 375 361 360
f 388 389 375 374
f 346 347 389 388
f 361 362 348 347
f 375 376 362 361
f 389 390 376 375
f 347 348 390 389
f 362 349 335 348
f 376 363 349 362
f 390 377 363 376
f 348 335 377 390

g 
v 36.8971 3.3971 31.2353
v 38.5774 3.3971 29.4704
v 43.248 3.4062 24.5354
v 43.3406 3.3971 27.5091
v 43.2662 3.5326 24.4814
v 43.3406 3.5233 27.428
v 38.5861 3.5326 29.3894
v 36.8966 3.5233 31.1812
v 36.5265 3.388 31.6045
v 36.5265 3.5233 31.5235
v 43.043 3.388 28.6444
v 43.0522 3.5145 28.5904
v 36.2101 3.388 31.9467
v 36.2193 3.5233 31.8566
v 42.257 3.388 29.599
v 42.2661 3.5145 29.5862
v 33.2674 3.4196 34.5355
v 34.1824 3.5089 35.5603
v 28.771 3.3971 40.1339
v 27.06 3.3971 41.8694
v 22.3035 3.4062 46.7221
v 22.2631 3.3971 43.7474
v 22.2845 3.5326 46.7757
v 22.2616 3.5233 43.8284
v 27.0497 3.5326 41.9504
v 28.77 3.5233 40.188
v 29.148 3.388 39.7712
v 29.1465 3.5233 39.8523
v 22.5807 3.388 42.6176
v 22.5706 3.5145 42.6716
v 29.4701 3.388 39.4346
v 29.4595 3.5233 39.5246
v 23.3831 3.388 41.6768
v 23.3736 3.5145 41.6894
v 34.1544 3.4196 35.5407
v 33.2323 3.5089 34.5082
v 31.5529 3.5089 35.8644
v 32.5075 3.5089 36.925
v 31.581 3.4196 35.8839
v 32.4731 3.4196 36.8973
v 33.1046 3.5089 35.7578
v 32.972 3.5089 35.5583
v 32.7179 3.5089 35.6206
v 32.7516 3.5089 35.9011
v 32.8245 3.4196 35.5362
v 33.0399 3.4196 35.6301
v 32.8734 3.4196 35.9424
v 32.6821 3.4196 35.8276
v 32.6821 3.5089 35.8234
v 32.0769 3.5089 35.8052
v 32.718 3.4196 35.6226
v 32.0782 3.4196 35.8166
v 32.8788 3.5089 35.9438
v 32.6481 3.5089 36.4524
v 32.7458 3.4196 35.8993
v 32.6283 3.4196 36.4468
v 33.0399 3.5089 35.6343
v 33.657 3.5089 35.6224
v 33.1042 3.4196 35.754
v 33.6557 3.4196 35.6113
v 32.8218 3.5089 35.536
v 33.0894 3.5089 34.9804
v 32.9778 3.4196 35.5593
v 33.1092 3.4196 34.9842
v 33.0121 3.2611 35.7572
v 33.0101 3.2611 35.6895
v 32.9805 3.2611 35.6298
v 32.9287 3.2611 35.5898
v 32.8641 3.2611 35.5772
v 32.8009 3.2611 35.5949
v 32.7509 3.2611 35.639
v 32.7238 3.2611 35.7011
v 32.7256 3.2611 35.7688
v 32.7556 3.2611 35.8285
v 32.8076 3.2611 35.8687
v 32.8718 3.2611 35.8812
v 32.9351 3.2611 35.8635
v 32.9851 3.2611 35.8192
v 33.0681 3.2611 35.768
v 33.0659 3.2611 35.6742
v 33.0243 3.2611 35.5911
v 32.9518 3.2611 35.5354
v 32.8627 3.2611 35.518
v 32.7748 3.2611 35.5426
v 32.7051 3.2611 35.604
v 32.6678 3.2611 35.6902
v 32.6703 3.2611 35.7841
v 32.7114 3.2611 35.8672
v 32.784 3.2611 35.9229
v 32.8734 3.2611 35.9402
v 32.9612 3.2611 35.9157
v 33.0311 3.2611 35.8542
v 33.0681 3.669 35.768
v 33.0659 3.669 35.6742
v 33.0243 3.669 35.5911
v 32.9518 3.669 35.5354
v 32.8627 3.669 35.518
v 32.7748 3.669 35.5426
v 32.7051 3.669 35.604
v 32.6678 3.669 35.6902
v 32.6703 3.669 35.7841
v 32.7114 3.669 35.8672
v 32.784 3.669 35.9229
v 32.8734 3.669 35.9402
v 32.9612 3.669 35.9157
v 33.0311 3.669 35.8542
v 33.0121 3.669 35.7572
v 33.0101 3.669 35.6895
v 32.9805 3.669 35.6298
v 32.9287 3.669 35.5898
v 32.8641 3.669 35.5772
v 32.8009 3.669 35.5949
v 32.7509 3.669 35.639
v 32.7238 3.669 35.7011
v 32.7256 3.669 35.7688
v 32.7556 3.669 35.8285
v 32.8076 3.669 35.8687
v 32.8718 3.669 35.8812
v 32.9351 3.669 35.8635
v 32.9851 3.669 35.8192

g name4 
f 391 392 393 394
f 394 393 395 396
f 396 395 397 398
f 398 397 392 391
f 398 391 399 400
f 391 394 401 399
f 394 396 402 401
f 396 398 400 402
f 400 399 403 404
f 399 401 405 403
f 401 402 406 405
f 402 400 404 406
f 404 403 407 426
f 403 405 425 407
f 405 406 408 425
f 406 404 426 408
f 397 395 393 392
f 409 410 411 412
f 412 411 413 414
f 414 413 415 416
f 416 415 410 409
f 416 409 417 418
f 409 412 419 417
f 412 414 420 419
f 414 416 418 420
f 418 417 421 422
f 417 419 423 421
f 419 420 424 423
f 420 418 422 424
f 422 421 430 428
f 421 423 429 430
f 423 424 427 429
f 424 422 428 427
f 415 413 411 410
f 426 407 429 427
f 425 408 428 430
f 441 433 439 438
f 445 434 443 437
f 447 436 449 431
f 453 432 451 435
f 440 439 433
f 442 441 438
f 444 443 434
f 446 445 437
f 448 447 431
f 450 449 436
f 452 451 432
f 454 453 435
f 445 438 439 434
f 444 434 439 440 427 428
f 440 433 451 452 426 427
f 441 435 451 433
f 454 435 441 442 429 407
f 442 438 445 446 430 429
f 449 437 443 431
f 448 431 443 444 428 408
f 446 437 449 450 425 430
f 453 436 447 432
f 452 432 447 448 408 426
f 450 436 453 454 407 425
f 455 456 470 469
f 469 470 484 483
f 483 484 498 497
f 497 498 456 455
f 456 457 471 470
f 470 471 485 484
f 484 485 499 498
f 498 499 457 456
f 457 458 472 471
f 471 472 486 485
f 485 486 500 499
f 499 500 458 457
f 458 459 473 472
f 472 473 487 486
f 486 487 501 500
f 500 501 459 458
f 459 460 474 473
f 473 474 488 487
f 487 488 502 501
f 501 502 460 459
f 460 461 475 474
f 474 475 489 488
f 488 489 503 502
f 502 503 461 460
f 461 462 476 475
f 475 476 490 489
f 489 490 504 503
f 503 504 462 461
f 462 463 477 476
f 476 477 491 490
f 490 491 505 504
f 504 505 463 462
f 463 464 478 477
f 477 478 492 491
f 491 492 506 505
f 505 506 464 463
f 464 465 479 478
f 478 479 493 492
f 492 493 507 506
f 506 507 465 464
f 465 466 480 479
f 479 480 494 493
f 493 494 508 507
f 507 508 466 465
f 466 467 481 480
f 480 481 495 494
f 494 495 509 508
f 508 509 467 466
f 467 468 482 481
f 481 482 496 495
f 495 496 510 509
f 509 510 468 467
f 468 455 469 482
f 482 469 483 496
f 496 483 497 510
f 510 497 455 468

g 
v 14.7622 6.5071 -30.9299
v 16.0447 6.2461 -30.9388
v 15.8169 4.1974 -30.9373
v 14.5343 4.4245 -30.9283
v 14.5343 5.8133 -30.9283
v 15.8639 6.5071 -37.9487
v 14.8093 6.5071 -37.9413
v 14.8093 4.1974 -37.9413
v 15.8639 4.1974 -37.9487
v 14.5816 5.8133 -37.9398
v 16.0916 5.8133 -37.9503
v 14.5816 6.2461 -37.9398
v 14.5343 6.2461 -30.9283
v 16.0916 6.2461 -37.9503
v 15.8169 6.5071 -30.9373
v 16.0916 4.4245 -37.9503
v 16.0447 4.4245 -30.9388
v 14.5816 4.4245 -37.9398
v 14.7622 4.1974 -30.9299
v 15.5367 5.7908 -37.9483
v 15.5228 5.7908 -35.9212
v 15.1364 5.7908 -37.9456
v 15.538 5.7908 -38.1578
v 15.1364 4.9138 -37.9456
v 15.1223 5.7908 -35.9182
v 15.5367 4.9138 -37.9483
v 16.2733 6.6895 -38.5492
v 15.05 5.5272 -37.9448
v 15.1223 4.9138 -35.9182
v 15.6233 5.5272 -37.949
v 15.1376 5.7908 -38.1549
v 15.5228 4.9138 -35.9212
v 15.05 5.6916 -37.9448
v 16.2879 6.6895 -40.6844
v 15.6233 5.6916 -37.949
v 15.0362 5.5272 -35.9176
v 15.1376 4.9138 -38.1549
v 15.6233 5.0001 -37.949
v 15.6096 5.5272 -35.9216
v 15.05 5.0001 -37.9448
v 14.4076 6.6895 -38.5361
v 15.538 4.9138 -38.1578
v 15.0362 5.6916 -35.9176
v 16.06 6.0026 -40.3642
v 15.6096 5.6916 -35.9216
v 15.0513 5.5272 -38.1543
v 14.4076 4.0152 -38.5361
v 15.6096 5.0001 -35.9216
v 15.6248 5.5272 -38.1583
v 15.0362 5.0001 -35.9176
v 14.4221 6.6895 -40.6714
v 16.2733 4.0152 -38.5492
v 15.0513 5.6916 -38.1543
v 16.0638 6.0026 -40.898
v 15.6248 5.6916 -38.1583
v 14.0046 5.8859 -38.5334
v 14.4221 4.0152 -40.6714
v 15.6248 5.0001 -38.1583
v 16.6768 5.8859 -38.552
v 15.0513 5.0001 -38.1543
v 14.6457 6.0026 -40.3545
v 16.2879 4.0152 -40.6844
v 14.0046 6.3867 -38.5334
v 16.2916 6.6632 -41.2018
v 16.6768 6.3867 -38.552
v 14.0192 5.8859 -40.6686
v 14.6457 4.7022 -40.3545
v 16.6768 4.2784 -38.552
v 16.6911 5.8859 -40.6873
v 14.0046 4.2784 -38.5334
v 14.649 6.0026 -40.8882
v 16.06 4.7022 -40.3642
v 14.0192 6.3867 -40.6686
v 16.2974 6.6632 -42.0543
v 16.6911 6.3867 -40.6873
v 14.3401 5.6119 -40.3523
v 14.649 4.7022 -40.8882
v 16.6911 4.2784 -40.6873
v 16.3654 5.6119 -40.3665
v 14.0192 4.2784 -40.6686
v 14.4255 6.6632 -41.1887
v 16.0638 4.7022 -40.898
v 14.3401 5.8553 -40.3523
v 15.8509 6.346 -41.776
v 16.3654 5.8553 -40.3665
v 14.3433 5.6119 -40.886
v 14.4255 4.0415 -41.1887
v 16.3654 4.8301 -40.3665
v 16.369 5.6119 -40.9002
v 14.3401 4.8301 -40.3523
v 14.4311 6.6632 -42.0414
v 16.2916 4.0415 -41.2018
v 14.3433 5.8553 -40.886
v 15.8542 6.346 -42.3021
v 16.369 5.8553 -40.9002
v 14.0226 5.8756 -41.1859
v 14.4311 4.0415 -42.0414
v 16.369 4.8301 -40.9002
v 16.6944 5.8756 -41.2046
v 14.3433 4.8301 -40.886
v 14.8741 6.346 -41.7692
v 16.2974 4.0415 -42.0543
v 14.0226 6.3663 -41.1859
v 16.3276 6.6632 -42.5643
v 16.6944 6.3663 -41.2046
v 14.0282 5.8756 -42.0385
v 14.8741 4.3587 -41.7692
v 16.6944 4.2995 -41.2046
v 16.7 5.8756 -42.0572
v 14.0226 4.2995 -41.1859
v 14.8777 6.346 -42.2951
v 15.8509 4.3587 -41.776
v 14.0282 6.3663 -42.0385
v 16.3327 6.6632 -43.301
v 16.7 6.3663 -42.0572
v 14.6631 5.7489 -41.7676
v 14.8777 4.3587 -42.2951
v 16.7 4.2995 -42.0572
v 16.0615 5.7489 -41.7774
v 14.0282 4.2995 -42.0385
v 14.4076 6.6632 -42.5509
v 15.8542 4.3587 -42.3021
v 14.6631 6.121 -41.7676
v 16.0615 6.121 -41.7774
v 14.6668 5.7489 -42.2936
v 14.4076 4.0415 -42.5509
v 16.0615 4.5544 -41.7774
v 16.0652 5.7489 -42.3033
v 14.6631 4.5544 -41.7676
v 14.4127 6.6632 -43.2878
v 16.3276 4.0415 -42.5643
v 14.6668 6.121 -42.2936
v 16.0652 6.121 -42.3033
v 13.9932 5.8756 -42.548
v 14.4127 4.0415 -43.2878
v 16.0652 4.5544 -42.3033
v 16.7418 5.8756 -42.5672
v 14.6668 4.5544 -42.2936
v 16.3327 4.0415 -43.301
v 13.9932 6.3663 -42.548
v 16.7418 6.3663 -42.5672
v 13.9983 5.8756 -43.2847
v 16.7418 4.2995 -42.5672
v 16.747 5.8756 -43.304
v 13.9932 4.2995 -42.548
v 13.9983 6.3663 -43.2847
v 16.747 6.3663 -43.304
v 16.747 4.2995 -43.304
v 13.9983 4.2995 -43.2847
v 15.5959 5.6591 -43.0601
v 15.1461 5.6591 -43.057
v 15.0492 5.5898 -43.0563
v 15.0492 5.475 -43.0563
v 15.0492 5.1059 -43.0563
v 15.1461 5.0456 -43.057
v 15.5959 5.0456 -43.0601
v 15.6928 5.1059 -43.061
v 15.6928 5.475 -43.061
v 15.6928 5.5898 -43.061
v 15.5339 5.6591 -33.8691
v 15.0841 5.6591 -33.8659
v 14.9873 5.5898 -33.8652
v 14.9873 5.475 -33.8652
v 14.9873 5.1059 -33.8652
v 15.0841 5.0456 -33.8659
v 15.5339 5.0456 -33.8691
v 15.6307 5.1059 -33.8697
v 15.6307 5.475 -33.8697
v 15.6307 5.5898 -33.8697
v 16.0447 5.8133 -30.9388
v -36.5933 -0.5555 39.5723
v -38.9677 -0.5555 39.5888
v -36.5933 0.8382 39.5723
v -38.9677 0.8382 39.5888
v -35.9746 0.8152 -29.6501
v -38.5838 -0.5555 -17.4564
v -36.2093 -0.5555 -17.4729
v -36.2093 0.8382 -17.4729
v -38.5838 0.8382 -17.4564
v -38.9048 0.8382 30.2868
v -36.5311 0.8382 30.2703
v -38.9048 -0.5555 30.2868
v -36.5311 -0.5555 30.2703
v -38.223 0.4859 17.1214
v -38.0788 0.4859 -4.2993
v -38.0788 -0.2032 -4.2993
v -38.223 -0.2032 17.1214
v -36.8917 0.4859 -4.3075
v -37.0355 0.4859 17.1131
v -36.8917 -0.2032 -4.3075
v -37.0355 -0.2032 17.1131
v -38.5403 -0.5802 -22.6642
v -36.0214 -0.5802 -22.6817
v -36.0214 0.8152 -22.6817
v -38.5483 0.8382 -22.6739
v -29.6345 -0.6048 -29.6943
v -29.6345 0.7923 -29.6943
v -29.6816 0.7923 -22.716
v -29.6816 -0.6048 -22.716
v -15.5446 -5.616 -8.2759
v -15.5446 -7.0134 -8.2759
v -15.4979 -7.0134 -15.2192
v -15.4979 -5.616 -15.2192
v -10.8704 -5.9353 -13.6922
v -10.8704 -6.7139 -13.6922
v -10.8959 -6.7139 -9.8958
v -10.8959 -5.9353 -9.8958
v -38.4936 -0.5802 -29.6326
v -38.4936 0.8152 -29.6326
v -5.7447 -5.9353 -13.7279
v -8.0329 -5.9353 -12.2927
v -7.8419 -5.9353 -11.5108
v -8.6954 -5.9353 -11.3019
v -8.8863 -5.9353 -12.0838
v -7.8151 -6.724 -12.0968
v -8.0174 -6.724 -11.301
v -8.8875 -6.724 -11.498
v -5.7729 -6.7139 -13.7277
v -5.8044 -6.7139 -9.9313
v -5.8723 -5.9353 -9.9308
v -8.686 -6.724 -12.2937
v -7.7408 -5.9353 -11.845
v -7.4059 -5.9353 -12.6226
v -8.2485 -6.724 -12.399
v -7.3833 -6.7223 -12.6285
v -8.2791 -5.9353 -11.2026
v -7.4167 -5.9353 -10.9853
v -7.7189 -6.724 -11.753
v -7.3949 -6.7223 -10.9793
v -8.9874 -5.9353 -11.7497
v -9.3196 -5.9353 -10.9683
v -8.4548 -6.724 -11.1958
v -9.3171 -6.7223 -10.9636
v -8.4498 -5.9353 -12.392
v -9.3087 -5.9353 -12.613
v -8.9842 -6.724 -11.8419
v -9.306 -6.7223 -12.6179
v 0.1248 -6.7139 -13.7688
v 0.0991 -6.7139 -9.9724
v 0.1248 -5.9353 -13.7688
v 0.0991 -5.9353 -9.9724
v 30.1012 -0.6048 -30.0753
v 30.1012 0.7923 -30.0753
v 30.0545 0.7923 -23.132
v 30.0545 -0.6048 -23.132
v 15.7215 -5.616 -8.4936
v 15.7215 -7.0134 -8.4936
v 15.768 -7.0134 -15.4368
v 15.768 -5.616 -15.4368
v 11.1202 -5.9353 -13.8453
v 11.1202 -6.7139 -13.8453
v 11.0942 -6.7139 -10.049
v 11.0942 -5.9353 -10.049
v -32.8691 4.1963 34.5945
v -34.9501 4.1963 33.6694
v -37.1695 4.1963 34.258
v -38.567 4.1963 36.12
v -38.5826 4.1963 38.4855
v -37.2102 4.1963 40.3215
v -34.9984 4.1963 40.8793
v -32.9049 4.1963 39.9251
v -33.4328 4.3861 37.9098
v -34.4652 4.3861 39.183
v -35.7673 4.3861 39.2987
v -36.8574 4.3861 38.5734
v -37.2736 4.3861 37.2902
v -36.8398 4.3861 36.008
v -35.7398 4.3861 35.2608
v -34.4395 4.3861 35.3584
v -33.4732 4.3861 36.2777
v -35.2707 4.446 37.2763
v 5.9942 -5.9353 -13.8096
v 8.5032 -5.9353 -12.51
v 7.9646 -5.9353 -11.8677
v 8.6734 -5.9353 -11.3207
v 9.2112 -5.9353 -11.9631
v 7.9422 -6.724 -11.9597
v 8.4727 -6.724 -11.3136
v 9.208 -6.724 -11.8708
v 6.0225 -6.7139 -13.8098
v 6.0028 -6.7139 -10.0135
v 6.0704 -5.9353 -10.0139
v 8.6787 -6.724 -12.5169
v 8.0658 -5.9353 -12.2019
v 7.6407 -5.9353 -12.7273
v 8.2408 -6.724 -12.4116
v 7.6179 -6.7223 -12.733
v 8.2566 -5.9353 -11.42
v 7.6296 -5.9353 -11.0901
v 8.0394 -6.724 -11.6158
v 7.6081 -6.7223 -11.0838
v 9.1101 -5.9353 -11.6288
v 9.5324 -5.9353 -11.0996
v 8.9096 -6.724 -11.419
v 9.5302 -6.7223 -11.0948
v 8.9193 -5.9353 -12.4107
v 9.5432 -5.9353 -12.7443
v 9.1113 -6.724 -12.2146
v 9.5411 -6.7223 -12.7491
v -31.9632 4.2762 -23.4864
v -34.0563 4.2762 -22.5324
v -36.2682 4.2762 -23.0899
v -37.6407 4.2762 -24.9328
v -37.6246 4.2762 -27.2982
v -36.2274 4.2762 -29.1536
v -34.0075 4.2762 -29.742
v -31.9272 4.2762 -28.8172
v -32.4817 4.4659 -26.7943
v -33.4976 4.4659 -28.0532
v -34.7975 4.4659 -28.1509
v -35.898 4.4659 -27.4102
v -36.3315 4.4659 -26.1213
v -35.9148 4.4659 -24.8449
v -34.8248 4.4659 -24.1128
v -33.5231 4.4659 -24.2287
v -32.5441 4.4659 -25.1615
v -34.3285 4.5257 -26.1352
v -8.6925 -6.724 -11.2964
v -8.7285 -6.7235 -11.1521
v -8.4576 -5.9353 -11.2013
v -8.7313 -5.9353 -11.1574
v -8.985 -6.724 -11.7441
v -9.0524 -6.7235 -11.4716
v -8.8901 -5.9353 -11.5035
v -9.0553 -5.9353 -11.477
v -8.8836 -6.724 -12.0893
v -9.0479 -6.7235 -12.1134
v -8.9869 -5.9353 -11.8364
v -9.0509 -5.9353 -12.1081
v -8.4464 -6.724 -12.3976
v -8.7197 -6.7235 -12.4376
v -8.689 -5.9353 -12.2881
v -8.7228 -5.9353 -12.4322
v -8.0103 -6.724 -12.2984
v -7.974 -6.7235 -12.4423
v -8.2709 -5.9353 -12.3932
v -7.997 -5.9353 -12.4365
v -7.7181 -6.724 -11.8507
v -7.6498 -6.7235 -12.123
v -7.8381 -5.9353 -12.0911
v -7.6725 -5.9353 -12.1172
v -7.8195 -6.724 -11.5054
v -7.6546 -6.7235 -11.4815
v -7.741 -5.9353 -11.7583
v -7.6767 -5.9353 -11.4869
v -8.2569 -6.724 -11.1972
v -7.9833 -6.7235 -11.1576
v -8.0395 -5.9353 -11.3065
v -8.0054 -5.9353 -11.1631
v 8.2348 -6.724 -11.4142
v 8.1985 -6.7235 -11.2703
v 8.4946 -5.9353 -11.3194
v 8.2209 -5.9353 -11.2761
v 7.942 -6.724 -11.862
v 7.8741 -6.7235 -11.5896
v 8.0619 -5.9353 -11.6215
v 7.8962 -5.9353 -11.5953
v 8.043 -6.724 -12.2073
v 7.8778 -6.7235 -12.2311
v 7.965 -5.9353 -11.9544
v 7.9004 -5.9353 -12.2257
v 8.4803 -6.724 -12.5155
v 8.2064 -6.7235 -12.555
v 8.2637 -5.9353 -12.4062
v 8.2292 -5.9353 -12.5495
v 8.9164 -6.724 -12.4163
v 8.9524 -6.7235 -12.5607
v 8.6814 -5.9353 -12.5112
v 8.955 -5.9353 -12.5553
v 9.2086 -6.724 -11.9686
v 9.2759 -6.7235 -12.2411
v 9.114 -5.9353 -12.2092
v 9.2789 -5.9353 -12.2357
v 9.1071 -6.724 -11.6232
v 9.2715 -6.7235 -11.5992
v 9.2104 -5.9353 -11.8764
v 9.2745 -5.9353 -11.6046
v 8.6706 -6.724 -11.315
v 8.9436 -6.7235 -11.2751
v 8.9127 -5.9353 -11.4246
v 8.9468 -5.9353 -11.2805
v -35.9746 -0.6048 -29.6501
v 36.5372 0.7984 -23.1535
v 36.5742 -0.6048 -30.1203
v 38.9598 -0.5971 -30.1191
v 36.5841 0.7984 -30.1025
v 38.9598 0.7984 -30.1191
v 36.2769 0.7814 39.1705
v 38.5841 -0.5893 26.9439
v 36.2097 -0.5893 26.9604
v 36.2097 0.8043 26.9604
v 38.5841 0.8043 26.9439
v 38.9053 0.8043 -20.7992
v 36.5312 0.8043 -20.7827
v 38.9053 -0.5893 -20.7992
v 36.5312 -0.5893 -20.7827
v 38.2231 0.4521 -7.6339
v 38.079 0.4521 13.7868
v 38.079 -0.237 13.7868
v 38.2231 -0.237 -7.6339
v 36.892 0.4521 13.7951
v 37.0359 0.4521 -7.6256
v 36.892 -0.237 13.7951
v 37.0359 -0.237 -7.6256
v 38.5407 -0.614 32.1518
v 36.197 -0.614 32.1681
v 36.197 0.7814 32.1681
v 38.549 0.8043 32.1614
v 29.6356 -0.6386 39.1469
v 29.6356 0.7585 39.1469
v 29.6823 0.7585 32.2036
v 29.6823 -0.6386 32.2036
v 15.545 -5.65 17.7634
v 15.545 -7.0473 17.7634
v 15.498 -7.0473 24.7067
v 15.498 -5.65 24.7067
v 10.8709 -5.9692 23.1797
v 10.8709 -6.7478 23.1797
v 10.8962 -6.7478 19.3834
v 10.8962 -5.9692 19.3834
v 38.4936 -0.614 39.1551
v 38.4936 0.7814 39.1551
v 5.7454 -5.9692 23.2154
v 8.0333 -5.9692 21.7803
v 7.8422 -5.9692 20.9983
v 8.696 -5.9692 20.7895
v 8.8869 -5.9692 21.5714
v 7.8156 -6.7578 21.5843
v 8.0177 -6.7578 20.7886
v 8.8878 -6.7578 20.9855
v 5.7732 -6.7478 23.2152
v 5.805 -6.7478 19.4188
v 5.8725 -5.9692 19.4183
v 8.6861 -6.7578 21.7813
v 7.7411 -5.9692 21.3326
v 7.4064 -5.9692 22.1101
v 8.2486 -6.7578 21.8865
v 7.3838 -6.7564 22.1161
v 8.2794 -5.9692 20.6902
v 7.4174 -5.9692 20.4728
v 7.7193 -6.7578 21.2405
v 7.3959 -6.7561 20.4668
v 8.9879 -5.9692 21.2372
v 9.32 -5.9692 20.4559
v 8.4552 -6.7578 20.6833
v 9.3178 -6.7561 20.4511
v 8.4501 -5.9692 21.8795
v 9.3089 -5.9692 22.1006
v 8.9847 -6.7578 21.3294
v 9.3067 -6.7561 22.1055
v -0.1245 -6.7478 23.2563
v -0.0988 -6.7478 19.4599
v -0.1245 -5.9692 23.2563
v -0.0988 -5.9692 19.4599
v -30.1008 -0.6386 39.5628
v -30.1008 0.7585 39.5628
v -30.0541 0.7585 32.6196
v -30.0541 -0.6386 32.6196
v -15.7211 -5.65 17.9812
v -15.7211 -7.0473 17.9812
v -15.768 -7.0473 24.9244
v -15.768 -5.65 24.9244
v -11.1196 -5.9692 23.3328
v -11.1196 -6.7478 23.3328
v -11.0941 -6.7478 19.5365
v -11.0941 -5.9692 19.5365
v -38.9042 -0.6386 32.6812
v -38.9511 -0.6386 39.6245
v -38.9511 0.7585 39.6245
v -38.9042 0.7585 32.6812
v 32.8694 4.1624 -25.107
v 34.9504 4.1624 -24.1819
v 37.1697 4.1624 -24.7705
v 38.5673 4.1624 -26.6325
v 38.5833 4.1624 -28.9979
v 37.2106 4.1624 -30.8339
v 34.999 4.1624 -31.3917
v 32.9056 4.1624 -30.4376
v 33.4331 4.3524 -28.4222
v 34.4655 4.3524 -29.6954
v 35.7678 4.3524 -29.8112
v 36.8577 4.3524 -29.0858
v 37.2743 4.3524 -27.8027
v 36.8405 4.3524 -26.5205
v 35.7403 4.3524 -25.7732
v 34.4401 4.3524 -25.8708
v 33.4737 4.3524 -26.7902
v 35.271 4.4121 -27.7887
v -5.9937 -5.9692 23.2972
v -8.5023 -5.9692 21.9976
v -7.9641 -5.9692 21.3552
v -8.6731 -5.9692 20.8082
v -9.2108 -5.9692 21.4507
v -7.942 -6.7578 21.4473
v -8.4721 -6.7578 20.8012
v -9.2074 -6.7578 21.3584
v -6.0222 -6.7478 23.2974
v -6.0022 -6.7478 19.501
v -6.0701 -5.9692 19.5015
v -8.6783 -6.7578 22.0044
v -8.065 -5.9692 21.6894
v -7.6402 -5.9692 22.2149
v -8.24 -6.7578 21.8991
v -7.6177 -6.7564 22.2205
v -8.2563 -5.9692 20.9075
v -7.6292 -5.9692 20.5776
v -8.0392 -6.7578 21.1034
v -7.6077 -6.7561 20.5714
v -9.1097 -5.9692 21.1163
v -9.5319 -5.9692 20.5871
v -8.9094 -6.7578 20.9066
v -9.5294 -6.7561 20.5824
v -8.9191 -5.9692 21.8983
v -9.5431 -5.9692 22.2319
v -9.111 -6.7578 21.7022
v -9.5406 -6.7561 22.2367
v 31.9637 4.2423 32.974
v 34.0567 4.2423 32.02
v 36.2685 4.2423 32.5776
v 37.6411 4.2423 34.4204
v 37.6254 4.2423 36.7857
v 36.2279 4.2423 38.6412
v 34.0083 4.2423 39.2295
v 31.9277 4.2423 38.3047
v 32.482 4.432 36.2819
v 33.498 4.432 37.5408
v 34.7981 4.432 37.6384
v 35.8984 4.432 36.8978
v 36.332 4.432 35.6089
v 35.9154 4.432 34.3325
v 34.8252 4.432 33.6004
v 33.5236 4.432 33.7162
v 32.5448 4.432 34.6491
v 34.3286 4.4919 35.6228
v 8.6933 -6.7578 20.7839
v 8.729 -6.7576 20.6396
v 8.4579 -5.9692 20.6889
v 8.7319 -5.9692 20.645
v 8.9852 -6.7578 21.2317
v 9.0526 -6.7576 20.9592
v 8.8908 -5.9692 20.991
v 9.0558 -5.9692 20.9646
v 8.8839 -6.7578 21.5769
v 9.0483 -6.7576 21.6011
v 8.9872 -5.9692 21.3239
v 9.0514 -5.9692 21.5956
v 8.4472 -6.7578 21.8851
v 8.7202 -6.7576 21.9252
v 8.6894 -5.9692 21.7756
v 8.7231 -5.9692 21.9197
v 8.0105 -6.7578 21.786
v 7.9744 -6.7576 21.9299
v 8.2714 -5.9692 21.8808
v 7.9973 -5.9692 21.9241
v 7.7186 -6.7578 21.3383
v 7.6503 -6.7576 21.6106
v 7.8381 -5.9692 21.5787
v 7.6727 -5.9692 21.6048
v 7.82 -6.7578 20.9929
v 7.6551 -6.7576 20.969
v 7.7417 -5.9692 21.2459
v 7.6772 -5.9692 20.9744
v 8.2575 -6.7578 20.6847
v 7.9839 -6.7576 20.6452
v 8.04 -5.9692 20.794
v 8.0061 -5.9692 20.6507
v -8.234 -6.7578 20.9018
v -8.1982 -6.7576 20.7578
v -8.4943 -5.9692 20.8069
v -8.2203 -5.9692 20.7637
v -7.9415 -6.7578 21.3496
v -7.8735 -6.7576 21.0772
v -8.0612 -5.9692 21.1091
v -7.896 -5.9692 21.0829
v -8.0427 -6.7578 21.6948
v -7.8775 -6.7576 21.7187
v -7.9645 -5.9692 21.442
v -7.9001 -5.9692 21.7132
v -8.4798 -6.7578 22.0031
v -8.2062 -6.7576 22.0425
v -8.2628 -5.9692 21.8938
v -8.229 -5.9692 22.0371
v -8.916 -6.7578 21.9038
v -8.952 -6.7576 22.0483
v -8.681 -5.9692 21.9988
v -8.9548 -5.9692 22.0429
v -9.2082 -6.7578 21.4561
v -9.2757 -6.7576 21.7287
v -9.1138 -5.9692 21.6967
v -9.2787 -5.9692 21.7233
v -9.107 -6.7578 21.1108
v -9.2713 -6.7576 21.0868
v -9.2103 -5.9692 21.3639
v -9.2743 -5.9692 21.0922
v -8.6701 -6.7578 20.8025
v -8.9433 -6.7576 20.7627
v -8.9123 -5.9692 20.9121
v -8.9461 -5.9692 20.7681
v 36.1451 -0.6386 39.1015
v 38.9212 0.8043 -23.1465
v 38.913 -0.5971 -23.1701
v 36.5372 -0.5971 -23.1535
v 8.488 -6.9867 -11.5323
v 7.5206 -6.9867 -11.5255
v 7.5756 -6.9867 -11.8519
v 7.7293 -6.9867 -12.1436
v 7.9658 -6.9867 -12.3691
v 8.2594 -6.9867 -12.5039
v 8.5781 -6.9867 -12.5334
v 8.887 -6.9867 -12.4543
v 9.1533 -6.9867 -12.2755
v 9.3478 -6.9867 -12.016
v 9.4496 -6.9867 -11.7041
v 9.4474 -6.9867 -11.3738
v 9.3413 -6.9867 -11.0604
v 9.1435 -6.9867 -10.7983
v 8.8749 -6.9867 -10.6156
v 8.5646 -6.9867 -10.5322
v 8.2461 -6.9867 -10.5573
v 7.9547 -6.9867 -10.6881
v 7.7209 -6.9867 -10.9104
v 7.571 -6.9867 -11.1999
v 8.0041 -6.6643 -11.5289
v 8.031 -6.6643 -11.6916
v 8.1078 -6.6643 -11.8372
v 8.2259 -6.6643 -11.9496
v 8.3722 -6.6643 -12.0169
v 8.5313 -6.6643 -12.0317
v 8.6853 -6.6643 -11.9922
v 8.8183 -6.6643 -11.9031
v 8.9151 -6.6643 -11.7736
v 8.9658 -6.6643 -11.618
v 8.9645 -6.6643 -11.4532
v 8.9121 -6.6643 -11.2969
v 8.8133 -6.6643 -11.1662
v 8.6794 -6.6643 -11.0751
v 8.5245 -6.6643 -11.0335
v 8.3657 -6.6643 -11.0461
v 8.2201 -6.6643 -11.1111
v 8.1038 -6.6643 -11.2219
v 8.0288 -6.6643 -11.3665
v 8.0041 -6.3423 -11.5289
v 8.031 -6.3423 -11.6916
v 8.1078 -6.3423 -11.8372
v 8.2259 -6.3423 -11.9496
v 8.3722 -6.3423 -12.0169
v 8.5313 -6.3423 -12.0317
v 8.6853 -6.3423 -11.9922
v 8.8183 -6.3423 -11.9031
v 8.9151 -6.3423 -11.7736
v 8.9658 -6.3423 -11.618
v 8.9645 -6.3423 -11.4532
v 8.9121 -6.3423 -11.2969
v 8.8133 -6.3423 -11.1662
v 8.6794 -6.3423 -11.0751
v 8.5245 -6.3423 -11.0335
v 8.3657 -6.3423 -11.0461
v 8.2201 -6.3423 -11.1111
v 8.1038 -6.3423 -11.2219
v 8.0288 -6.3423 -11.3665
v 8.0041 -4.9422 -11.5289
v 8.031 -4.9422 -11.6916
v 8.1078 -4.9422 -11.8372
v 8.2259 -4.9422 -11.9496
v 8.3722 -4.9422 -12.0169
v 8.5313 -4.9422 -12.0317
v 8.6853 -4.9422 -11.9922
v 8.8183 -4.9422 -11.9031
v 8.9151 -4.9422 -11.7736
v 8.9658 -4.9422 -11.618
v 8.9645 -4.9422 -11.4532
v 8.9121 -4.9422 -11.2969
v 8.8133 -4.9422 -11.1662
v 8.6794 -4.9422 -11.0751
v 8.5245 -4.9422 -11.0335
v 8.3657 -4.9422 -11.0461
v 8.2201 -4.9422 -11.1111
v 8.1038 -4.9422 -11.2219
v 8.0288 -4.9422 -11.3665
v 8.488 -4.9422 -11.5323
v 8.5313 -6.7237 -12.0317
v 8.6853 -6.7237 -11.9922
v 8.8183 -6.7237 -11.9031
v 8.9151 -6.7237 -11.7736
v 8.9658 -6.7237 -11.618
v 8.9645 -6.7237 -11.4532
v 8.9121 -6.7237 -11.2969
v 8.8133 -6.7237 -11.1662
v 8.6794 -6.7237 -11.0751
v 8.5245 -6.7237 -11.0335
v 8.3657 -6.7237 -11.0461
v 8.2201 -6.7237 -11.1111
v 8.1038 -6.7237 -11.2219
v 8.0288 -6.7237 -11.3665
v 8.0041 -6.7237 -11.5289
v 8.031 -6.7237 -11.6916
v 8.1078 -6.7237 -11.8372
v 8.2259 -6.7237 -11.9496
v 8.3722 -6.7237 -12.0169
v 8.2563 -6.7522 -12.516
v 8.5792 -6.7522 -12.5459
v 7.9592 -6.7522 -12.3797
v 7.72 -6.7522 -12.1512
v 7.5642 -6.7522 -11.8559
v 7.5086 -6.7522 -11.5254
v 7.5592 -6.7522 -11.1958
v 7.7114 -6.7522 -10.9025
v 7.9483 -6.7522 -10.6775
v 8.2431 -6.7522 -10.5451
v 8.5655 -6.7522 -10.5198
v 8.8796 -6.7522 -10.6042
v 9.1517 -6.7522 -10.789
v 9.352 -6.7522 -11.0544
v 9.4593 -6.7522 -11.3717
v 9.4619 -6.7522 -11.7064
v 9.3586 -6.7522 -12.0221
v 9.1619 -6.7522 -12.2848
v 8.8924 -6.7522 -12.466
v -8.2637 -6.9867 -11.4156
v -7.2968 -6.9867 -11.4223
v -7.3472 -6.9867 -11.748
v -7.4971 -6.9867 -12.0376
v -7.7307 -6.9867 -12.2598
v -8.0226 -6.9867 -12.3905
v -8.3407 -6.9867 -12.4156
v -8.6509 -6.9867 -12.3322
v -8.9194 -6.9867 -12.1497
v -9.1173 -6.9867 -11.8874
v -9.2233 -6.9867 -11.5741
v -9.2254 -6.9867 -11.2438
v -9.1237 -6.9867 -10.9318
v -8.9294 -6.9867 -10.6724
v -8.663 -6.9867 -10.4935
v -8.354 -6.9867 -10.4144
v -8.0354 -6.9867 -10.444
v -7.7419 -6.9867 -10.5788
v -7.5052 -6.9867 -10.8043
v -7.3512 -6.9867 -11.096
v -7.7797 -6.6643 -11.4189
v -7.8046 -6.6643 -11.5813
v -7.8796 -6.6643 -11.7259
v -7.9961 -6.6643 -11.8367
v -8.1416 -6.6643 -11.9019
v -8.3005 -6.6643 -11.9144
v -8.455 -6.6643 -11.8729
v -8.5892 -6.6643 -11.7818
v -8.6878 -6.6643 -11.651
v -8.7406 -6.6643 -11.4947
v -8.7418 -6.6643 -11.3299
v -8.6909 -6.6643 -11.1743
v -8.5944 -6.6643 -11.045
v -8.4613 -6.6643 -10.9556
v -8.3071 -6.6643 -10.9163
v -8.1481 -6.6643 -10.9311
v -8.0018 -6.6643 -10.9982
v -7.8836 -6.6643 -11.1106
v -7.807 -6.6643 -11.2563
v -7.7797 -6.3423 -11.4189
v -7.8046 -6.3423 -11.5813
v -7.8796 -6.3423 -11.7259
v -7.9961 -6.3423 -11.8367
v -8.1416 -6.3423 -11.9019
v -8.3005 -6.3423 -11.9144
v -8.455 -6.3423 -11.8729
v -8.5892 -6.3423 -11.7818
v -8.6878 -6.3423 -11.651
v -8.7406 -6.3423 -11.4947
v -8.7418 -6.3423 -11.3299
v -8.6909 -6.3423 -11.1743
v -8.5944 -6.3423 -11.045
v -8.4613 -6.3423 -10.9556
v -8.3071 -6.3423 -10.9163
v -8.1481 -6.3423 -10.9311
v -8.0018 -6.3423 -10.9982
v -7.8836 -6.3423 -11.1106
v -7.807 -6.3423 -11.2563
v -7.7797 -4.9422 -11.4189
v -7.8046 -4.9422 -11.5813
v -7.8796 -4.9422 -11.7259
v -7.9961 -4.9422 -11.8367
v -8.1416 -4.9422 -11.9019
v -8.3005 -4.9422 -11.9144
v -8.455 -4.9422 -11.8729
v -8.5892 -4.9422 -11.7818
v -8.6878 -4.9422 -11.651
v -8.7406 -4.9422 -11.4947
v -8.7418 -4.9422 -11.3299
v -8.6909 -4.9422 -11.1743
v -8.5944 -4.9422 -11.045
v -8.4613 -4.9422 -10.9556
v -8.3071 -4.9422 -10.9163
v -8.1481 -4.9422 -10.9311
v -8.0018 -4.9422 -10.9982
v -7.8836 -4.9422 -11.1106
v -7.807 -4.9422 -11.2563
v -8.2637 -4.9422 -11.4156
v -8.3005 -6.7238 -11.9144
v -8.455 -6.7238 -11.8729
v -8.5892 -6.7238 -11.7818
v -8.6878 -6.7238 -11.651
v -8.7406 -6.7238 -11.4947
v -8.7418 -6.7238 -11.3299
v -8.6909 -6.7238 -11.1743
v -8.5944 -6.7238 -11.045
v -8.4613 -6.7238 -10.9556
v -8.3071 -6.7238 -10.9163
v -8.1481 -6.7238 -10.9311
v -8.0018 -6.7238 -10.9982
v -7.8836 -6.7238 -11.1106
v -7.807 -6.7238 -11.2563
v -7.7797 -6.7238 -11.4189
v -7.8046 -6.7238 -11.5813
v -7.8796 -6.7238 -11.7259
v -7.9961 -6.7238 -11.8367
v -8.1416 -6.7238 -11.9019
v -8.0193 -6.7522 -12.4027
v -8.3415 -6.7522 -12.428
v -7.7242 -6.7522 -12.2705
v -7.4876 -6.7522 -12.0454
v -7.3354 -6.7522 -11.7521
v -7.2845 -6.7522 -11.4224
v -7.3399 -6.7522 -11.092
v -7.4959 -6.7522 -10.7967
v -7.7353 -6.7522 -10.5682
v -8.0326 -6.7522 -10.4318
v -8.3552 -6.7522 -10.402
v -8.668 -6.7522 -10.482
v -8.9381 -6.7522 -10.663
v -9.1347 -6.7522 -10.9257
v -9.2376 -6.7522 -11.2414
v -9.2355 -6.7522 -11.5762
v -9.1282 -6.7522 -11.8934
v -8.9278 -6.7522 -12.1588
v -8.6554 -6.7522 -12.3438
v 8.2663 -7.0207 21.3984
v 7.2987 -7.0207 21.4052
v 7.3493 -7.0207 21.7308
v 7.4993 -7.0207 22.0205
v 7.7327 -7.0207 22.2427
v 8.0243 -7.0207 22.3734
v 8.3429 -7.0207 22.3984
v 8.6531 -7.0207 22.3151
v 8.9217 -7.0207 22.1326
v 9.1195 -7.0207 21.8703
v 9.2257 -7.0207 21.557
v 9.2276 -7.0207 21.2266
v 9.1257 -7.0207 20.9147
v 8.932 -7.0207 20.6552
v 8.6656 -7.0207 20.4763
v 8.3563 -7.0207 20.3973
v 8.0375 -7.0207 20.4269
v 7.7444 -7.0207 20.5616
v 7.5078 -7.0207 20.7871
v 7.3536 -7.0207 21.0788
v 7.7821 -6.6983 21.4018
v 7.8071 -6.6983 21.5643
v 7.8819 -6.6983 21.7088
v 7.9985 -6.6983 21.8195
v 8.1441 -6.6983 21.8847
v 8.3027 -6.6983 21.8973
v 8.4575 -6.6983 21.8557
v 8.5918 -6.6983 21.7647
v 8.6903 -6.6983 21.6338
v 8.7431 -6.6983 21.4775
v 8.7442 -6.6983 21.3128
v 8.6935 -6.6983 21.1573
v 8.5965 -6.6983 21.0278
v 8.464 -6.6983 20.9386
v 8.3096 -6.6983 20.8991
v 8.1507 -6.6983 20.9138
v 8.0042 -6.6983 20.9811
v 7.8865 -6.6983 21.0935
v 7.8093 -6.6983 21.239
v 7.7821 -6.3761 21.4018
v 7.8071 -6.3761 21.5643
v 7.8819 -6.3761 21.7088
v 7.9985 -6.3761 21.8195
v 8.1441 -6.3761 21.8847
v 8.3027 -6.3761 21.8973
v 8.4575 -6.3761 21.8557
v 8.5918 -6.3761 21.7647
v 8.6903 -6.3761 21.6338
v 8.7431 -6.3761 21.4775
v 8.7442 -6.3761 21.3128
v 8.6935 -6.3761 21.1573
v 8.5965 -6.3761 21.0278
v 8.464 -6.3761 20.9386
v 8.3096 -6.3761 20.8991
v 8.1507 -6.3761 20.9138
v 8.0042 -6.3761 20.9811
v 7.8865 -6.3761 21.0935
v 7.8093 -6.3761 21.239
v 7.7821 -4.9761 21.4018
v 7.8071 -4.9761 21.5643
v 7.8819 -4.9761 21.7088
v 7.9985 -4.9761 21.8195
v 8.1441 -4.9761 21.8847
v 8.3027 -4.9761 21.8973
v 8.4575 -4.9761 21.8557
v 8.5918 -4.9761 21.7647
v 8.6903 -4.9761 21.6338
v 8.7431 -4.9761 21.4775
v 8.7442 -4.9761 21.3128
v 8.6935 -4.9761 21.1573
v 8.5965 -4.9761 21.0278
v 8.464 -4.9761 20.9386
v 8.3096 -4.9761 20.8991
v 8.1507 -4.9761 20.9138
v 8.0042 -4.9761 20.9811
v 7.8865 -4.9761 21.0935
v 7.8093 -4.9761 21.239
v 8.2663 -4.9761 21.3984
v 8.3027 -6.7578 21.8973
v 8.4575 -6.7578 21.8557
v 8.5918 -6.7578 21.7647
v 8.6903 -6.7578 21.6338
v 8.7431 -6.7578 21.4775
v 8.7442 -6.7578 21.3128
v 8.6935 -6.7578 21.1573
v 8.5965 -6.7578 21.0278
v 8.464 -6.7578 20.9386
v 8.3096 -6.7578 20.8991
v 8.1507 -6.7578 20.9138
v 8.0042 -6.7578 20.9811
v 7.8865 -6.7578 21.0935
v 7.8093 -6.7578 21.239
v 7.7821 -6.7578 21.4018
v 7.8071 -6.7578 21.5643
v 7.8819 -6.7578 21.7088
v 7.9985 -6.7578 21.8195
v 8.1441 -6.7578 21.8847
v 8.0218 -6.786 22.3856
v 8.3438 -6.786 22.411
v 7.7264 -6.786 22.2534
v 7.4899 -6.786 22.0283
v 7.338 -6.786 21.735
v 7.287 -6.786 21.4052
v 7.3423 -6.786 21.0748
v 7.4984 -6.786 20.7795
v 7.7376 -6.786 20.5512
v 8.0349 -6.786 20.4147
v 8.3572 -6.786 20.3849
v 8.6708 -6.786 20.4648
v 8.9401 -6.786 20.646
v 9.1371 -6.786 20.9086
v 9.2396 -6.786 21.2244
v 9.2374 -6.786 21.559
v 9.1308 -6.786 21.8763
v 8.9299 -6.786 22.1417
v 8.6578 -6.786 22.3267
v -8.4854 -7.0207 21.5151
v -7.5182 -7.0207 21.5083
v -7.5734 -7.0207 21.8348
v -7.7272 -7.0207 22.1266
v -7.9635 -7.0207 22.352
v -8.257 -7.0207 22.4869
v -8.5756 -7.0207 22.5163
v -8.8847 -7.0207 22.4373
v -9.1511 -7.0207 22.2585
v -9.3454 -7.0207 21.9989
v -9.447 -7.0207 21.687
v -9.4451 -7.0207 21.3566
v -9.339 -7.0207 21.0433
v -9.1412 -7.0207 20.7811
v -8.8724 -7.0207 20.5984
v -8.5621 -7.0207 20.5151
v -8.2439 -7.0207 20.5403
v -7.9522 -7.0207 20.6709
v -7.7188 -7.0207 20.8931
v -7.5686 -7.0207 21.1828
v -8.0012 -6.6983 21.5117
v -8.0288 -6.6983 21.6745
v -8.1056 -6.6983 21.8202
v -8.2235 -6.6983 21.9325
v -8.3699 -6.6983 21.9997
v -8.5286 -6.6983 22.0145
v -8.6827 -6.6983 21.9751
v -8.8158 -6.6983 21.8859
v -8.9128 -6.6983 21.7564
v -8.9633 -6.6983 21.6008
v -8.9623 -6.6983 21.4361
v -8.9098 -6.6983 21.2798
v -8.8107 -6.6983 21.149
v -8.6766 -6.6983 21.0579
v -8.5222 -6.6983 21.0163
v -8.3632 -6.6983 21.0289
v -8.2179 -6.6983 21.0941
v -8.1012 -6.6983 21.2048
v -8.0263 -6.6983 21.3493
v -8.0012 -6.3761 21.5117
v -8.0288 -6.3761 21.6745
v -8.1056 -6.3761 21.8202
v -8.2235 -6.3761 21.9325
v -8.3699 -6.3761 21.9997
v -8.5286 -6.3761 22.0145
v -8.6827 -6.3761 21.9751
v -8.8158 -6.3761 21.8859
v -8.9128 -6.3761 21.7564
v -8.9633 -6.3761 21.6008
v -8.9623 -6.3761 21.4361
v -8.9098 -6.3761 21.2798
v -8.8107 -6.3761 21.149
v -8.6766 -6.3761 21.0579
v -8.5222 -6.3761 21.0163
v -8.3632 -6.3761 21.0289
v -8.2179 -6.3761 21.0941
v -8.1012 -6.3761 21.2048
v -8.0263 -6.3761 21.3493
v -8.0012 -4.9761 21.5117
v -8.0288 -4.9761 21.6745
v -8.1056 -4.9761 21.8202
v -8.2235 -4.9761 21.9325
v -8.3699 -4.9761 21.9997
v -8.5286 -4.9761 22.0145
v -8.6827 -4.9761 21.9751
v -8.8158 -4.9761 21.8859
v -8.9128 -4.9761 21.7564
v -8.9633 -4.9761 21.6008
v -8.9623 -4.9761 21.4361
v -8.9098 -4.9761 21.2798
v -8.8107 -4.9761 21.149
v -8.6766 -4.9761 21.0579
v -8.5222 -4.9761 21.0163
v -8.3632 -4.9761 21.0289
v -8.2179 -4.9761 21.0941
v -8.1012 -4.9761 21.2048
v -8.0263 -4.9761 21.3493
v -8.4854 -4.9761 21.5151
v -8.5286 -6.7577 22.0145
v -8.6827 -6.7577 21.9751
v -8.8158 -6.7577 21.8859
v -8.9128 -6.7577 21.7564
v -8.9633 -6.7577 21.6008
v -8.9623 -6.7577 21.4361
v -8.9098 -6.7577 21.2798
v -8.8107 -6.7577 21.149
v -8.6766 -6.7577 21.0579
v -8.5222 -6.7577 21.0163
v -8.3632 -6.7577 21.0289
v -8.2179 -6.7577 21.0941
v -8.1012 -6.7577 21.2048
v -8.0263 -6.7577 21.3493
v -8.0012 -6.7577 21.5117
v -8.0288 -6.7577 21.6745
v -8.1056 -6.7577 21.8202
v -8.2235 -6.7577 21.9325
v -8.3699 -6.7577 21.9997
v -8.2542 -6.786 22.499
v -8.5769 -6.786 22.5287
v -7.9573 -6.786 22.3625
v -7.7174 -6.786 22.1342
v -7.5614 -6.786 21.8387
v -7.5063 -6.786 21.5082
v -7.5571 -6.786 21.1786
v -7.7095 -6.786 20.8854
v -7.9457 -6.786 20.6604
v -8.2409 -6.786 20.528
v -8.5631 -6.786 20.5028
v -8.8773 -6.786 20.587
v -9.1491 -6.786 20.7719
v -9.3498 -6.786 21.0373
v -9.4575 -6.786 21.3546
v -9.4591 -6.786 21.6892
v -9.3563 -6.786 22.005
v -9.1594 -6.786 22.2677
v -8.8897 -6.786 22.4489
v 33.2878 1.9649 -26.6983
v 33.1438 2.2235 -26.6974
v 33.1521 2.2235 -26.6464
v 33.1768 2.2235 -26.6018
v 33.2151 2.2235 -26.5686
v 33.262 2.2235 -26.5513
v 33.312 2.2235 -26.5516
v 33.3593 2.2235 -26.5696
v 33.3981 2.2235 -26.6032
v 33.4233 2.2235 -26.6482
v 33.4321 2.2235 -26.6993
v 33.4239 2.2235 -26.7503
v 33.3992 2.2235 -26.7951
v 33.3609 2.2235 -26.828
v 33.3145 2.2235 -26.8455
v 33.2638 2.2235 -26.8452
v 33.2168 2.2235 -26.827
v 33.1782 2.2235 -26.7935
v 33.1527 2.2235 -26.7484
v 33.1438 3.6852 -26.6974
v 33.1521 3.6852 -26.6464
v 33.1768 3.6852 -26.6018
v 33.2151 3.6852 -26.5686
v 33.262 3.6852 -26.5513
v 33.312 3.6852 -26.5516
v 33.3593 3.6852 -26.5696
v 33.3981 3.6852 -26.6032
v 33.4233 3.6852 -26.6482
v 33.4321 3.6852 -26.6993
v 33.4239 3.6852 -26.7503
v 33.3992 3.6852 -26.7951
v 33.3609 3.6852 -26.828
v 33.3145 3.6852 -26.8455
v 33.2638 3.6852 -26.8452
v 33.2168 3.6852 -26.827
v 33.1782 3.6852 -26.7935
v 33.1527 3.6852 -26.7484
v 33.2878 3.9439 -26.6983
v 33.2878 1.0305 -26.6983
v 32.3437 1.0305 -26.6918
v 32.3985 1.0305 -26.3581
v 32.5604 1.0305 -26.0655
v 32.8102 1.0305 -25.8492
v 33.1176 1.0305 -25.7353
v 33.4454 1.0305 -25.7376
v 33.7547 1.0305 -25.8557
v 34.0072 1.0305 -26.0755
v 34.1733 1.0305 -26.3705
v 34.2322 1.0305 -26.7049
v 34.1775 1.0305 -27.0387
v 34.0158 1.0305 -27.3313
v 33.7658 1.0305 -27.5476
v 33.458 1.0305 -27.6615
v 33.1303 1.0305 -27.6592
v 32.8215 1.0305 -27.541
v 32.5692 1.0305 -27.3213
v 32.4033 1.0305 -27.0263
v 32.3437 2.81 -26.6918
v 32.3985 2.81 -26.3581
v 32.5604 2.81 -26.0655
v 32.8102 2.81 -25.8492
v 33.1176 2.81 -25.7353
v 33.4454 2.81 -25.7376
v 33.7547 2.81 -25.8557
v 34.0072 2.81 -26.0755
v 34.1733 2.81 -26.3705
v 34.2322 2.81 -26.7049
v 34.1775 2.81 -27.0387
v 34.0158 2.81 -27.3313
v 33.7658 2.81 -27.5476
v 33.458 2.81 -27.6615
v 33.1303 2.81 -27.6592
v 32.8215 2.81 -27.541
v 32.5692 2.81 -27.3213
v 32.4033 2.81 -27.0263
v 33.2878 2.9166 -26.6983
v 33.4387 2.9166 -27.5509
v 33.1487 2.9166 -27.5489
v 33.711 2.9166 -27.4501
v 33.9322 2.9166 -27.2586
v 34.0757 2.9166 -26.9996
v 34.1238 2.9166 -26.7042
v 34.0718 2.9166 -26.4082
v 33.9245 2.9166 -26.147
v 33.701 2.9166 -25.9525
v 33.4271 2.9166 -25.8478
v 33.137 2.9166 -25.8458
v 32.8649 2.9166 -25.9466
v 32.6441 2.9166 -26.1381
v 32.5005 2.9166 -26.3972
v 32.4523 2.9166 -26.6925
v 32.5047 2.9166 -26.9887
v 32.6515 2.9166 -27.2496
v 32.8751 2.9166 -27.4443
v 33.2878 0.8152 -26.6983
v 30.1294 0.8152 -26.6764
v 30.3127 0.8152 -25.5603
v 30.8546 0.8152 -24.5814
v 31.6898 0.8152 -23.8579
v 32.7178 0.8152 -23.477
v 33.8147 0.8152 -23.4847
v 34.848 0.8152 -23.8799
v 35.6931 0.8152 -24.6151
v 36.248 0.8152 -25.6016
v 36.4462 0.8152 -26.7204
v 36.2632 0.8152 -27.8363
v 35.7212 0.8152 -28.8153
v 34.8863 0.8152 -29.5389
v 33.8581 0.8152 -29.9197
v 32.7611 0.8152 -29.9121
v 31.7279 0.8152 -29.5169
v 30.8829 0.8152 -28.7816
v 30.3276 0.8152 -27.7951
v 30.1294 2.4488 -26.6764
v 30.3127 2.4488 -25.5603
v 30.8546 2.4488 -24.5814
v 31.6898 2.4488 -23.8579
v 32.7178 2.4488 -23.477
v 33.8147 2.4488 -23.4847
v 34.848 2.4488 -23.8799
v 35.6931 2.4488 -24.6151
v 36.248 2.4488 -25.6016
v 36.4462 2.4488 -26.7204
v 36.2632 2.4488 -27.8363
v 35.7212 2.4488 -28.8153
v 34.8863 2.4488 -29.5389
v 33.8581 2.4488 -29.9197
v 32.7611 2.4488 -29.9121
v 31.7279 2.4488 -29.5169
v 30.8829 2.4488 -28.7816
v 30.3276 2.4488 -27.7951
v 33.2878 2.6521 -26.6983
v 32.7956 2.6521 -29.7018
v 31.8302 2.6521 -29.3324
v 33.8208 2.6521 -29.7088
v 34.7817 2.6521 -29.353
v 35.5622 2.6521 -28.6768
v 36.0688 2.6521 -27.762
v 36.2398 2.6521 -26.7189
v 36.0544 2.6521 -25.6733
v 35.5357 2.6521 -24.7515
v 34.7458 2.6521 -24.0643
v 33.7804 2.6521 -23.695
v 32.7549 2.6521 -23.6878
v 31.7944 2.6521 -24.0438
v 31.0136 2.6521 -24.72
v 30.5075 2.6521 -25.6348
v 30.3365 2.6521 -26.6778
v 30.5217 2.6521 -27.7233
v 31.0402 2.6521 -28.6453
v 32.8675 1.9649 35.7248
v 32.7232 2.2235 35.7258
v 32.7325 2.2235 35.6747
v 32.7582 2.2235 35.6297
v 32.7966 2.2235 35.5961
v 32.8439 2.2235 35.5781
v 32.894 2.2235 35.5777
v 32.9409 2.2235 35.5951
v 32.9788 2.2235 35.6282
v 33.0037 2.2235 35.6729
v 33.0121 2.2235 35.7238
v 33.0029 2.2235 35.7749
v 32.9778 2.2235 35.82
v 32.9389 2.2235 35.8536
v 32.8919 2.2235 35.8717
v 32.8416 2.2235 35.872
v 32.7947 2.2235 35.8547
v 32.7568 2.2235 35.8215
v 32.7318 2.2235 35.7768
v 32.7232 3.6852 35.7258
v 32.7325 3.6852 35.6747
v 32.7582 3.6852 35.6297
v 32.7966 3.6852 35.5961
v 32.8439 3.6852 35.5781
v 32.894 3.6852 35.5777
v 32.9409 3.6852 35.5951
v 32.9788 3.6852 35.6282
v 33.0037 3.6852 35.6729
v 33.0121 3.6852 35.7238
v 33.0029 3.6852 35.7749
v 32.9778 3.6852 35.82
v 32.9389 3.6852 35.8536
v 32.8919 3.6852 35.8717
v 32.8416 3.6852 35.872
v 32.7947 3.6852 35.8547
v 32.7568 3.6852 35.8215
v 32.7318 3.6852 35.7768
v 32.8675 3.9439 35.7248
v 32.8675 1.0305 35.7248
v 31.9235 1.0305 35.7314
v 31.9827 1.0305 35.3969
v 32.149 1.0305 35.102
v 32.4013 1.0305 34.8822
v 32.7102 1.0305 34.764
v 33.0382 1.0305 34.7618
v 33.3454 1.0305 34.8757
v 33.5952 1.0305 35.092
v 33.7575 1.0305 35.3846
v 33.8119 1.0305 35.7182
v 33.7527 1.0305 36.0528
v 33.5869 1.0305 36.3477
v 33.3342 1.0305 36.5675
v 33.0252 1.0305 36.6858
v 32.6973 1.0305 36.688
v 32.39 1.0305 36.5741
v 32.1405 1.0305 36.3578
v 31.9782 1.0305 36.0651
v 31.9235 2.81 35.7314
v 31.9827 2.81 35.3969
v 32.149 2.81 35.102
v 32.4013 2.81 34.8822
v 32.7102 2.81 34.764
v 33.0382 2.81 34.7618
v 33.3454 2.81 34.8757
v 33.5952 2.81 35.092
v 33.7575 2.81 35.3846
v 33.8119 2.81 35.7182
v 33.7527 2.81 36.0528
v 33.5869 2.81 36.3477
v 33.3342 2.81 36.5675
v 33.0252 2.81 36.6858
v 32.6973 2.81 36.688
v 32.39 2.81 36.5741
v 32.1405 2.81 36.3578
v 31.9782 2.81 36.0651
v 32.8675 2.9166 35.7248
v 33.0072 2.9166 36.5754
v 32.717 2.9166 36.5774
v 33.2807 2.9166 36.4708
v 33.5046 2.9166 36.2762
v 33.6512 2.9166 36.0152
v 33.7039 2.9166 35.719
v 33.6554 2.9166 35.4236
v 33.512 2.9166 35.1646
v 33.2906 2.9166 34.9731
v 33.0188 2.9166 34.8723
v 32.7284 2.9166 34.8743
v 32.4548 2.9166 34.9789
v 32.2313 2.9166 35.1735
v 32.0845 2.9166 35.4346
v 32.032 2.9166 35.7306
v 32.0804 2.9166 36.0261
v 32.2237 2.9166 36.2851
v 32.445 2.9166 36.4766
v 32.8675 0.8152 35.7248
v 29.7093 0.8152 35.7468
v 29.9075 0.8152 34.6281
v 30.4624 0.8152 33.6416
v 31.3079 0.8152 32.9063
v 32.3407 0.8152 32.5111
v 33.4378 0.8152 32.5035
v 34.466 0.8152 32.8844
v 35.3012 0.8152 33.6078
v 35.8433 0.8152 34.5867
v 36.0263 0.8152 35.7028
v 35.8278 0.8152 36.8217
v 35.2728 0.8152 37.8082
v 34.428 0.8152 38.5433
v 33.3946 0.8152 38.9386
v 32.2977 0.8152 38.9462
v 31.2697 0.8152 38.5653
v 30.4342 0.8152 37.8419
v 29.8923 0.8152 36.863
v 29.7093 2.4488 35.7468
v 29.9075 2.4488 34.6281
v 30.4624 2.4488 33.6416
v 31.3079 2.4488 32.9063
v 32.3407 2.4488 32.5111
v 33.4378 2.4488 32.5035
v 34.466 2.4488 32.8844
v 35.3012 2.4488 33.6078
v 35.8433 2.4488 34.5867
v 36.0263 2.4488 35.7028
v 35.8278 2.4488 36.8217
v 35.2728 2.4488 37.8082
v 34.428 2.4488 38.5433
v 33.3946 2.4488 38.9386
v 32.2977 2.4488 38.9462
v 31.2697 2.4488 38.5653
v 30.4342 2.4488 37.8419
v 29.8923 2.4488 36.863
v 32.8675 2.6521 35.7248
v 32.335 2.6521 38.7354
v 31.374 2.6521 38.3794
v 33.3601 2.6521 38.7283
v 34.3259 2.6521 38.3589
v 35.1157 2.6521 37.6718
v 35.6344 2.6521 36.7498
v 35.8197 2.6521 35.7042
v 35.6487 2.6521 34.6612
v 35.1421 2.6521 33.7464
v 34.3616 2.6521 33.0703
v 33.4005 2.6521 32.7143
v 32.3757 2.6521 32.7214
v 31.4096 2.6521 33.0908
v 30.6202 2.6521 33.7779
v 30.1012 2.6521 34.6999
v 29.9162 2.6521 35.7453
v 30.0873 2.6521 36.7885
v 30.5935 2.6521 37.7033
v -32.8617 1.9649 -26.2377
v -32.7174 2.2235 -26.2387
v -32.727 2.2235 -26.1876
v -32.7519 2.2235 -26.1425
v -32.7904 2.2235 -26.109
v -32.8377 2.2235 -26.091
v -32.8878 2.2235 -26.0907
v -32.9344 2.2235 -26.108
v -32.9727 2.2235 -26.1411
v -32.9977 2.2235 -26.1857
v -33.0061 2.2235 -26.2367
v -32.9971 2.2235 -26.2878
v -32.9716 2.2235 -26.3329
v -32.9328 2.2235 -26.3664
v -32.8861 2.2235 -26.3845
v -32.8357 2.2235 -26.3849
v -32.7886 2.2235 -26.3674
v -32.7508 2.2235 -26.3345
v -32.7261 2.2235 -26.2897
v -32.7174 3.6852 -26.2387
v -32.727 3.6852 -26.1876
v -32.7519 3.6852 -26.1425
v -32.7904 3.6852 -26.109
v -32.8377 3.6852 -26.091
v -32.8878 3.6852 -26.0907
v -32.9344 3.6852 -26.108
v -32.9727 3.6852 -26.1411
v -32.9977 3.6852 -26.1857
v -33.0061 3.6852 -26.2367
v -32.9971 3.6852 -26.2878
v -32.9716 3.6852 -26.3329
v -32.9328 3.6852 -26.3664
v -32.8861 3.6852 -26.3845
v -32.8357 3.6852 -26.3849
v -32.7886 3.6852 -26.3674
v -32.7508 3.6852 -26.3345
v -32.7261 3.6852 -26.2897
v -32.8617 3.9439 -26.2377
v -32.8617 1.0305 -26.2377
v -31.9176 1.0305 -26.2443
v -31.9767 1.0305 -25.9099
v -32.1424 1.0305 -25.6148
v -32.3952 1.0305 -25.3951
v -32.7041 1.0305 -25.2769
v -33.0323 1.0305 -25.2747
v -33.3394 1.0305 -25.3886
v -33.5892 1.0305 -25.6049
v -33.7514 1.0305 -25.8975
v -33.806 1.0305 -26.2311
v -33.7466 1.0305 -26.5656
v -33.5808 1.0305 -26.8606
v -33.3278 1.0305 -27.0804
v -33.0194 1.0305 -27.1985
v -32.6915 1.0305 -27.2008
v -32.3838 1.0305 -27.087
v -32.134 1.0305 -26.8706
v -31.9721 1.0305 -26.578
v -31.9176 2.81 -26.2443
v -31.9767 2.81 -25.9099
v -32.1424 2.81 -25.6148
v -32.3952 2.81 -25.3951
v -32.7041 2.81 -25.2769
v -33.0323 2.81 -25.2747
v -33.3394 2.81 -25.3886
v -33.5892 2.81 -25.6049
v -33.7514 2.81 -25.8975
v -33.806 2.81 -26.2311
v -33.7466 2.81 -26.5656
v -33.5808 2.81 -26.8606
v -33.3278 2.81 -27.0804
v -33.0194 2.81 -27.1985
v -32.6915 2.81 -27.2008
v -32.3838 2.81 -27.087
v -32.134 2.81 -26.8706
v -31.9721 2.81 -26.578
v -32.8617 2.9166 -26.2377
v -33.0012 2.9166 -27.0882
v -32.711 2.9166 -27.0903
v -33.2746 2.9166 -26.9836
v -33.4984 2.9166 -26.789
v -33.6454 2.9166 -26.528
v -33.6974 2.9166 -26.2318
v -33.6494 2.9166 -25.9365
v -33.5058 2.9166 -25.6775
v -33.2847 2.9166 -25.486
v -33.0127 2.9166 -25.3851
v -32.7223 2.9166 -25.3871
v -32.4487 2.9166 -25.4918
v -32.2252 2.9166 -25.6864
v -32.0784 2.9166 -25.9475
v -32.0258 2.9166 -26.2435
v -32.0742 2.9166 -26.539
v -32.218 2.9166 -26.7979
v -32.439 2.9166 -26.9894
v -32.8617 0.8152 -26.2377
v -29.7034 0.8152 -26.2597
v -29.9017 0.8152 -25.141
v -30.4565 0.8152 -24.1544
v -31.3016 0.8152 -23.4193
v -32.3348 0.8152 -23.0241
v -33.4319 0.8152 -23.0164
v -34.46 0.8152 -23.3972
v -35.2953 0.8152 -24.1208
v -35.8369 0.8152 -25.0997
v -36.0201 0.8152 -26.2158
v -35.8221 0.8152 -27.3344
v -35.2671 0.8152 -28.321
v -34.4216 0.8152 -29.0562
v -33.3886 0.8152 -29.4515
v -32.2917 0.8152 -29.4591
v -31.2631 0.8152 -29.0781
v -30.4283 0.8152 -28.3547
v -29.8865 0.8152 -27.3758
v -29.7034 2.4488 -26.2597
v -29.9017 2.4488 -25.141
v -30.4565 2.4488 -24.1544
v -31.3016 2.4488 -23.4193
v -32.3348 2.4488 -23.0241
v -33.4319 2.4488 -23.0164
v -34.46 2.4488 -23.3972
v -35.2953 2.4488 -24.1208
v -35.8369 2.4488 -25.0997
v -36.0201 2.4488 -26.2158
v -35.8221 2.4488 -27.3344
v -35.2671 2.4488 -28.321
v -34.4216 2.4488 -29.0562
v -33.3886 2.4488 -29.4515
v -32.2917 2.4488 -29.4591
v -31.2631 2.4488 -29.0781
v -30.4283 2.4488 -28.3547
v -29.8865 2.4488 -27.3758
v -32.8617 2.6521 -26.2377
v -32.329 2.6521 -29.2483
v -31.3683 2.6521 -28.8923
v -33.3541 2.6521 -29.2411
v -34.3197 2.6521 -28.8718
v -35.1099 2.6521 -28.1847
v -35.6283 2.6521 -27.2627
v -35.8138 2.6521 -26.2172
v -35.6425 2.6521 -25.1741
v -35.1361 2.6521 -24.2593
v -34.3553 2.6521 -23.5831
v -33.3947 2.6521 -23.2272
v -32.3693 2.6521 -23.2343
v -31.4037 2.6521 -23.6036
v -30.614 2.6521 -24.2907
v -30.0951 2.6521 -25.2126
v -29.91 2.6521 -26.2583
v -30.081 2.6521 -27.3014
v -30.5875 2.6521 -28.2161
v -33.2819 1.9649 36.1854
v -33.1378 2.2235 36.1844
v -33.146 2.2235 36.1335
v -33.1708 2.2235 36.0888
v -33.2091 2.2235 36.0557
v -33.2562 2.2235 36.0384
v -33.3059 2.2235 36.0387
v -33.3527 2.2235 36.0567
v -33.3921 2.2235 36.0904
v -33.4168 2.2235 36.1353
v -33.4263 2.2235 36.1865
v -33.4178 2.2235 36.2375
v -33.393 2.2235 36.2822
v -33.3548 2.2235 36.3153
v -33.3079 2.2235 36.3326
v -33.2578 2.2235 36.3323
v -33.2105 2.2235 36.3141
v -33.172 2.2235 36.2806
v -33.1466 2.2235 36.2355
v -33.1378 3.6852 36.1844
v -33.146 3.6852 36.1335
v -33.1708 3.6852 36.0888
v -33.2091 3.6852 36.0557
v -33.2562 3.6852 36.0384
v -33.3059 3.6852 36.0387
v -33.3527 3.6852 36.0567
v -33.3921 3.6852 36.0904
v -33.4168 3.6852 36.1353
v -33.4263 3.6852 36.1865
v -33.4178 3.6852 36.2375
v -33.393 3.6852 36.2822
v -33.3548 3.6852 36.3153
v -33.3079 3.6852 36.3326
v -33.2578 3.6852 36.3323
v -33.2105 3.6852 36.3141
v -33.172 3.6852 36.2806
v -33.1466 3.6852 36.2355
v -33.2819 3.9439 36.1854
v -33.2819 1.0305 36.1854
v -32.3379 1.0305 36.1789
v -32.3923 1.0305 35.8452
v -32.5543 1.0305 35.5526
v -32.804 1.0305 35.3363
v -33.1117 1.0305 35.2224
v -33.4394 1.0305 35.2246
v -33.7484 1.0305 35.3429
v -34.0009 1.0305 35.5626
v -34.167 1.0305 35.8576
v -34.2262 1.0305 36.192
v -34.1715 1.0305 36.5258
v -34.0092 1.0305 36.8184
v -33.7596 1.0305 37.0347
v -33.4525 1.0305 37.1486
v -33.1245 1.0305 37.1464
v -32.8159 1.0305 37.0281
v -32.5628 1.0305 36.8083
v -32.3968 1.0305 36.5134
v -32.3379 2.81 36.1789
v -32.3923 2.81 35.8452
v -32.5543 2.81 35.5526
v -32.804 2.81 35.3363
v -33.1117 2.81 35.2224
v -33.4394 2.81 35.2246
v -33.7484 2.81 35.3429
v -34.0009 2.81 35.5626
v -34.167 2.81 35.8576
v -34.2262 2.81 36.192
v -34.1715 2.81 36.5258
v -34.0092 2.81 36.8184
v -33.7596 2.81 37.0347
v -33.4525 2.81 37.1486
v -33.1245 2.81 37.1464
v -32.8159 2.81 37.0281
v -32.5628 2.81 36.8083
v -32.3968 2.81 36.5134
v -33.2819 2.9166 36.1854
v -33.4329 2.9166 37.0381
v -33.1426 2.9166 37.036
v -33.7052 2.9166 36.9372
v -33.9258 2.9166 36.7458
v -34.0694 2.9166 36.4867
v -34.1178 2.9166 36.1913
v -34.0655 2.9166 35.8952
v -33.9185 2.9166 35.6341
v -33.6949 2.9166 35.4395
v -33.4215 2.9166 35.335
v -33.131 2.9166 35.3329
v -32.8592 2.9166 35.4337
v -32.6378 2.9166 35.6252
v -32.4946 2.9166 35.8843
v -32.4459 2.9166 36.1796
v -32.4984 2.9166 36.4758
v -32.6455 2.9166 36.7369
v -32.8687 2.9166 36.9314
v -33.2819 0.8152 36.1854
v -30.1237 0.8152 36.1634
v -30.3066 0.8152 35.0474
v -30.8483 0.8152 34.0685
v -31.6835 0.8152 33.345
v -32.7118 0.8152 32.9642
v -33.8089 0.8152 32.9718
v -34.842 0.8152 33.367
v -35.6873 0.8152 34.1022
v -36.2425 0.8152 35.0887
v -36.4403 0.8152 36.2074
v -36.2573 0.8152 37.3236
v -35.7157 0.8152 38.3025
v -34.88 0.8152 39.026
v -33.8519 0.8152 39.4069
v -32.7549 0.8152 39.3992
v -31.7218 0.8152 39.0041
v -30.8765 0.8152 38.2688
v -30.3218 0.8152 37.2823
v -30.1237 2.4488 36.1634
v -30.3066 2.4488 35.0474
v -30.8483 2.4488 34.0685
v -31.6835 2.4488 33.345
v -32.7118 2.4488 32.9642
v -33.8089 2.4488 32.9718
v -34.842 2.4488 33.367
v -35.6873 2.4488 34.1022
v -36.2425 2.4488 35.0887
v -36.4403 2.4488 36.2074
v -36.2573 2.4488 37.3236
v -35.7157 2.4488 38.3025
v -34.88 2.4488 39.026
v -33.8519 2.4488 39.4069
v -32.7549 2.4488 39.3992
v -31.7218 2.4488 39.0041
v -30.8765 2.4488 38.2688
v -30.3218 2.4488 37.2823
v -33.2819 2.6521 36.1854
v -32.7897 2.6521 39.1889
v -31.824 2.6521 38.8195
v -33.8146 2.6521 39.1961
v -34.7758 2.6521 38.8401
v -35.5564 2.6521 38.1639
v -36.0627 2.6521 37.2491
v -36.2336 2.6521 36.206
v -36.0483 2.6521 35.1604
v -35.53 2.6521 34.2386
v -34.7399 2.6521 33.5514
v -33.7742 2.6521 33.1821
v -32.7492 2.6521 33.1749
v -31.7882 2.6521 33.5308
v -31.0075 2.6521 34.207
v -30.5014 2.6521 35.1218
v -30.3302 2.6521 36.1649
v -30.5154 2.6521 37.2104
v -31.0342 2.6521 38.1324
v -14.3546 6.2223 30.719
v -15.533 6.2223 30.7273
v -13.5236 10.6061 45.6176
v -16.5645 10.6061 45.6388
v -13.5185 10.0212 -30.687
v -15.6301 10.0212 -30.6723
v -12.9076 0.6659 -30.6913
v -15.6301 0.6659 -30.6723
v -13.5031 10.6061 27.1453
v -16.3362 10.6061 27.1649
v -16.4609 6.159 45.638
v -13.6273 6.159 45.6184
v -13.3694 0.4753 7.2738
v -13.7008 10.212 9.6544
v -16.2029 0.4753 7.2936
v -16.2188 10.212 9.672
v -13.6273 0.3048 45.6184
v -13.4647 0.4538 22.1908
v -16.4609 0.3048 45.638
v -16.2979 0.4538 22.2105
v -16.3336 10.1907 26.7458
v -16.2969 10.1907 22.0302
v -13.5004 10.1907 26.7262
v -13.7837 10.2674 22.0127
v -16.3975 -9.3863 36.2068
v -13.564 -9.3863 36.1871
v -13.5038 -9.506 28.0259
v -16.3373 -9.506 28.0456
v -12.9076 6.9218 -30.6913
v -15.6301 6.9218 -30.6723
v -15.6301 3.6387 -30.6723
v -12.9076 3.6387 -30.6913
v -14.9239 7.6928 -30.6772
v -13.6141 7.6928 -30.6864
v -13.6141 9.1234 -30.6864
v -14.9239 9.1234 -30.6772
v -13.6176 2.8634 -30.6863
v -14.9199 2.8634 -30.6772
v -14.9199 1.4414 -30.6772
v -13.6176 1.4414 -30.6863
v -15.1923 7.7885 -33.6534
v -13.8288 7.7885 -33.663
v -13.8288 9.2777 -33.663
v -15.1923 9.2777 -33.6534
v -13.8326 2.7622 -33.663
v -15.1879 2.7622 -33.6534
v -15.1879 1.2823 -33.6534
v -13.8326 1.2823 -33.663
v -15.6562 7.2821 -33.6501
v -13.3649 7.2821 -33.666
v -13.3649 9.7841 -33.666
v -15.6562 9.7841 -33.6501
v -13.4257 3.207 -33.669
v -15.5952 3.207 -33.6537
v -15.5952 0.8378 -33.6537
v -13.4257 0.8378 -33.669
v -13.4094 3.207 -36.1129
v -15.5788 3.207 -36.0979
v -15.5788 0.8378 -36.0979
v -13.4094 0.8378 -36.1129
v -15.6398 7.2821 -36.0975
v -13.3483 7.2821 -36.1134
v -13.3483 9.7841 -36.1134
v -15.6398 9.7841 -36.0975
v -15.1682 7.7969 -36.1006
v -13.8197 7.7969 -36.1101
v -13.8197 9.2692 -36.1101
v -15.1682 9.2692 -36.1006
v -13.793 2.7876 -36.1104
v -15.1946 2.7876 -36.1006
v -15.1946 1.2569 -36.1006
v -13.793 1.2569 -36.1104
v -11.4011 8.4649 -39.1636
v -11.2763 8.4649 -39.1644
v -11.2763 8.601 -39.1644
v -11.4011 8.601 -39.1636
v -11.2928 2.0727 -39.1644
v -11.3849 2.0727 -39.1636
v -11.3849 1.972 -39.1636
v -11.2928 1.972 -39.1644
v -12.9076 8.8167 -30.6913
v -15.0624 5.9582 -30.6762
v -15.6301 6.1767 -30.6723
v -16.2188 6.5867 9.672
v -16.2969 6.5867 22.0302
v -16.3416 6.2105 27.9307
v -16.3433 6.2105 28.1852
v -16.5645 6.2105 45.6388
v -13.5236 6.2105 45.6176
v -13.5099 6.2105 28.1656
v -13.5086 6.2783 27.9109
v -13.5356 8.9583 32.7653
v -13.3786 8.9583 8.6672
v -0.0294 10.212 9.5011
v -0.1144 10.2674 22.1287
v -0.1852 8.956 32.6681
v -0.0229 9.4864 8.5701
v -0.0756 9.3242 -30.7806
v -0.0756 10.0212 -30.7806
v -15.1164 0.4753 4.2425
v -14.9129 0.4753 -26.0066
v -14.2107 0.4753 -26.0114
v -14.4147 0.4753 4.2375
v -15.1164 -1.7566 4.2425
v -14.9129 -1.7566 -26.0066
v -14.2107 -1.7566 -26.0114
v -14.4147 -1.7566 4.2375
v -16.6586 -1.7566 4.2532
v -16.455 -1.7566 -25.9958
v -12.6691 -1.7566 -26.0222
v -12.8725 -1.7566 4.2268
v -16.6804 -5.3261 7.4809
v -16.4764 -5.3261 -22.768
v -12.6907 -5.3261 -22.7944
v -12.8945 -5.3261 7.4546
v -13.115 -4.9238 -23.1551
v -16.0475 -4.9238 -23.1347
v -16.0306 -2.1587 -25.635
v -13.0979 -2.1587 -25.6554
v -13.3093 -4.9238 5.7452
v -16.2417 -4.9238 5.7656
v -16.225 -2.1587 3.2652
v -13.2927 -2.1587 3.2449
v -16.321 0.3301 25.0118
v -16.321 6.2105 25.0118
v -16.321 10.1907 25.0118
v -13.4874 10.1907 24.9921
v -13.4874 6.2783 24.9921
v -13.4874 0.3301 24.9921
v -13.5252 -9.4116 30.6188
v -16.3589 -9.4116 30.6385
v -13.5904 4.7615 29.5019
v -13.6857 4.7201 43.6516
v -13.6862 -0.0437 43.7556
v -13.6344 -7.9301 36.0292
v -13.6027 -7.9506 31.4981
v -13.572 -0.0233 26.9195
v -13.572 4.8169 26.9195
v -13.5892 4.8169 29.2948
v -16.2621 -0.0233 26.9382
v -16.2928 -7.9506 31.5168
v -16.3243 -7.9301 36.048
v -16.3765 -0.0437 43.7744
v -16.3759 4.7201 43.6704
v -16.2805 4.7615 29.5206
v -16.2789 4.7615 29.3134
v -16.2621 4.7615 26.9382
v -14.9346 4.7615 29.4077
v -15.03 4.7201 43.661
v -15.0309 -0.0437 43.765
v -14.9791 -7.9301 36.0386
v -14.9484 -7.9506 31.5075
v -14.9177 -0.0233 26.9289
v -14.9177 4.8169 26.9289
v -14.9337 4.8169 29.3042
v -14.9177 4.7615 26.9289
v -15.7166 -3.8106 16.7443
v -13.974 -3.8106 16.7322
v -13.9365 -3.7308 10.6792
v -15.6791 -3.7308 10.6913
v -13.4923 6.3891 -30.6872
v -13.4038 6.3234 -30.6878
v -15.1339 6.3234 -30.6758
v -15.2133 6.1767 -30.6752
v -15.1339 4.2371 -30.6758
v -13.4038 4.2371 -30.6878
v 14.0119 6.2223 30.5216
v 15.1902 6.2223 30.5134
v 12.98 10.6061 45.4331
v 16.0214 10.6061 45.4119
v 14.2325 10.212 -30.7633
v 16.4301 10.212 -30.7786
v 13.5968 0.4753 -30.7589
v 16.4301 0.4753 -30.7786
v 13.2082 10.6061 26.9594
v 16.0417 10.6061 26.9395
v 15.9173 6.159 45.4126
v 13.0841 6.159 45.4324
v 13.342 0.4753 7.0878
v 13.641 10.212 9.4641
v 16.1755 0.4753 7.0681
v 16.1593 10.212 9.4465
v 13.0841 0.3048 45.4324
v 13.2394 0.4538 21.5535
v 15.9173 0.3048 45.4126
v 16.0731 0.4538 21.5337
v 16.0447 10.0384 26.5204
v 16.0712 10.0799 21.8048
v 13.2112 10.0384 26.5402
v 13.5581 10.343 21.8224
v 15.9806 -9.3863 35.9813
v 13.1474 -9.3863 36.0011
v 13.1973 -9.506 27.84
v 16.0308 -9.506 27.8202
v 13.5968 6.9861 -30.7589
v 16.4301 6.9861 -30.7786
v 16.4301 3.5692 -30.7786
v 13.5968 3.5692 -30.7589
v 15.6952 7.7885 -30.7735
v 14.3316 7.7885 -30.7639
v 14.3316 9.2777 -30.7639
v 15.6952 9.2777 -30.7735
v 14.3359 2.7622 -30.764
v 15.6914 2.7622 -30.7735
v 15.6914 1.2823 -30.7735
v 14.3359 1.2823 -30.764
v 15.7163 7.7885 -33.8686
v 14.3523 7.7885 -33.859
v 14.3523 9.2777 -33.859
v 15.7163 9.2777 -33.8686
v 14.3567 2.7622 -33.8592
v 15.7122 2.7622 -33.8686
v 15.7122 1.2823 -33.8686
v 14.3567 1.2823 -33.8592
v 16.1798 7.2821 -33.8718
v 13.8887 7.2821 -33.8558
v 13.8887 9.7841 -33.8558
v 16.1798 9.7841 -33.8718
v 13.9498 3.207 -33.8595
v 16.1192 3.207 -33.8748
v 16.1192 0.8378 -33.8748
v 13.9498 0.8378 -33.8595
v 13.9663 3.207 -36.3036
v 16.1358 3.207 -36.3188
v 16.1358 0.8378 -36.3188
v 13.9663 0.8378 -36.3036
v 16.1962 7.2821 -36.3192
v 13.9052 7.2821 -36.3031
v 13.9052 9.7841 -36.3031
v 16.1962 9.7841 -36.3192
v 15.7252 7.7969 -36.3159
v 14.3766 7.7969 -36.3066
v 14.3766 9.2692 -36.3066
v 15.7252 9.2692 -36.3159
v 14.35 2.7876 -36.3063
v 15.7518 2.7876 -36.3161
v 15.7518 1.2569 -36.3161
v 14.35 1.2569 -36.3063
v 11.999 8.4649 -39.3263
v 11.8745 8.4649 -39.3256
v 11.8745 8.601 -39.3256
v 11.999 8.601 -39.3263
v 11.8905 2.0727 -39.3256
v 11.9825 2.0727 -39.3262
v 11.9825 1.972 -39.3262
v 11.8905 1.972 -39.3256
v 13.5968 8.9583 -30.7589
v 15.8397 5.983 -30.7745
v 16.4301 6.2105 -30.7786
v 16.1593 6.2105 9.4465
v 16.0712 6.2105 21.8048
v 16.0364 6.2105 27.7051
v 16.035 6.2105 27.9596
v 16.0214 6.2105 45.4119
v 12.98 6.2105 45.4331
v 13.2014 6.2105 27.9795
v 13.2031 6.2783 27.7249
v 13.1652 8.9583 32.5793
v 13.3328 8.9583 8.4812
v 15.1304 0.4753 4.0318
v 15.3336 0.4753 -26.2172
v 14.6323 0.4753 -26.2124
v 14.4285 0.4753 4.0367
v 15.1304 -1.7566 4.0318
v 15.3336 -1.7566 -26.2172
v 14.6323 -1.7566 -26.2124
v 14.4285 -1.7566 4.0367
v 16.6723 -1.7566 4.0211
v 16.8759 -1.7566 -26.2279
v 13.09 -1.7566 -26.2015
v 12.8863 -1.7566 4.0474
v 16.6506 -5.3261 7.2489
v 16.8539 -5.3261 -23.0002
v 13.0681 -5.3261 -22.9738
v 12.8647 -5.3261 7.2752
v 13.4977 -4.9238 -23.3404
v 16.4299 -4.9238 -23.3609
v 16.4467 -2.1587 -25.8612
v 13.5144 -2.1587 -25.8408
v 13.3029 -4.9238 5.5599
v 16.2352 -4.9238 5.5394
v 16.2521 -2.1587 3.0391
v 13.3198 -2.1587 3.0595
v 16.0549 0.3301 24.7864
v 16.0549 6.2105 24.7864
v 16.0549 10.0472 24.7864
v 13.2216 10.0472 24.8061
v 13.2216 6.2783 24.8061
v 13.2216 0.3301 24.8061
v 13.1836 -9.4116 30.4328
v 16.0173 -9.4116 30.4131
v 13.264 4.7615 29.315
v 13.1688 4.7201 43.4647
v 13.1681 -0.0437 43.5686
v 13.2202 -7.9301 35.8423
v 13.2495 -7.9506 31.3112
v 13.2805 -0.0233 26.7326
v 13.2805 4.8169 26.7326
v 13.2653 4.8169 29.1078
v 15.9705 -0.0233 26.7138
v 15.9397 -7.9506 31.2924
v 15.9103 -7.9301 35.8235
v 15.8584 -0.0437 43.55
v 15.8588 4.7201 43.4459
v 15.9541 4.7615 29.2962
v 15.9556 4.7615 29.0889
v 15.9705 4.7615 26.7138
v 14.609 4.7615 29.2019
v 14.5134 4.7201 43.4553
v 14.5127 -0.0437 43.5593
v 14.5648 -7.9301 35.833
v 14.5951 -7.9506 31.3018
v 14.6261 -0.0233 26.7232
v 14.6261 4.8169 26.7232
v 14.6098 4.8169 29.0984
v 14.6261 4.7615 26.7232
v 15.5621 -3.8106 16.5265
v 13.8195 -3.8106 16.5386
v 13.8637 -3.7308 10.4856
v 15.6062 -3.7308 10.4734
v 14.2052 6.4318 -30.7631
v 14.1132 6.3633 -30.7624
v 15.9138 6.3633 -30.7749
v 15.9963 6.2105 -30.7757
v 15.9138 4.1918 -30.7749
v 14.1132 4.1918 -30.7624
v 15.8397 4.565 -30.7745
v 15.5704 4.2962 -30.7726
v 14.4568 4.2962 -30.7648
v 14.1877 4.565 -30.763
v 14.1877 5.983 -30.763
v 14.1869 6.4423 -30.6462
v 14.4318 6.6317 -30.7647
v 15.5952 6.6317 -30.7728
v 15.8397 6.4423 -30.7745
v -15.0624 4.5956 -30.6762
v -15.0624 6.3993 -30.6762
v -14.8277 6.5812 -30.6778
v -13.7103 6.5812 -30.6857
v -13.7061 6.4423 -30.452
v -13.4754 5.9582 -30.6873
v -13.4754 4.5956 -30.6873
v -13.7339 4.3372 -30.6855
v -14.8039 4.3372 -30.678
v 15.6858 6.856 9.4498
v 15.6858 9.4345 9.4498
v 15.5991 9.4345 21.8082
v 15.5991 6.856 21.8082
v 13.5581 9.4345 21.8224
v 13.6411 9.4345 9.4641
v 14.983 -3.416 16.1684
v 15.0188 -3.3507 11.2303
v 15.4833 0.0805 8.4521
v 15.3969 0.0631 20.6699
v 12.3098 -3.0898 16.2186
v 12.3098 -3.0289 11.6112
v 12.3098 0.1726 9.0219
v 12.3098 0.1563 20.4218
v -15.7469 6.5867 22.0264
v -15.7469 9.3276 22.0264
v -15.6669 9.3276 9.6681
v -15.6669 6.5867 9.6681
v -13.7008 9.3276 9.6544
v -13.7837 9.3276 22.0127
v -15.6291 -0.0383 20.5284
v -15.5559 -0.0217 9.0259
v -15.1538 -3.2522 11.6356
v -15.1828 -3.3137 16.2845
v -12.1547 0.1444 20.4695
v -12.1547 0.161 8.9669
v -12.1547 -3.0694 11.5796
v -12.1547 -3.1309 16.2285
v -13.6416 7.3151 -19.4444
v -5.1042 -0.8805 -45.4759
v 5.89 -0.8805 -45.5523
v 13.9681 7.3151 -18.7524
v 13.5341 7.3151 45.7549
v -14.0818 7.3151 45.9472
v -12.6613 -5.8119 -13.2121
v -5.2458 -3.8718 -24.4811
v 5.7489 -3.8718 -24.574
v 12.91 -5.8119 -13.3901
v 12.6079 -5.8119 31.4411
v -12.963 -5.8119 31.6192
v -5.816 8.8541 39.6831
v 5.4383 8.8541 39.6047
v 12.1471 10.2544 -18.2485
v 5.7738 10.2544 -30.8463
v -5.6019 10.2544 -30.7343
v -12.2137 10.2544 -18.0788
v 5.4383 10.929 39.6047
v -5.816 10.929 39.6831
v -6.37 10.929 39.6869
v 5.9406 10.929 39.6012
v 12.1395 10.929 -17.1676
v 13.3452 10.929 -18.7808
v 5.7738 10.8597 -30.8463
v 6.3645 10.8597 -33.7162
v -5.6019 10.8597 -30.7343
v -6.0497 10.8597 -33.6132
v -12.2067 10.929 -19.1433
v -13.2855 10.929 -20.9536
v 12.8091 10.03 45.4323
v -13.3006 10.03 45.6141
v -13.3026 8.8541 45.9417
v 12.8068 8.8541 45.7599
v 13.6069 10.8597 -19.1265
v 13.8845 8.8541 -19.1284
v 6.6803 10.8597 -34.357
v 6.7558 8.681 -45.5585
v -5.9763 10.8597 -34.2361
v -5.901 8.681 -45.4704
v -13.5248 10.8597 -21.3447
v -13.5248 8.8541 -21.3447
v -3.8576 7.1768 -45.4845
v 4.8685 7.1768 -45.5453
v 4.8339 0.5203 -45.5451
v -3.8576 0.5203 -45.4845
v -3.8741 7.1768 -43.0442
v 4.8524 7.1768 -43.1381
v 4.8371 0.5203 -40.8779
v -3.8891 0.5203 -40.8172
v -1.3712 10.03 45.5311
v 1.4561 10.929 39.6325
v -1.3316 10.929 39.6518
v 1.4161 10.03 45.5117
v 0.77 19.9374 46.3676
v 0.7803 20.4215 44.8446
v -0.7259 20.4215 44.8551
v -0.736 19.9374 46.3781
v -11.7979 -5.2114 32.2662
v 11.4338 -5.2114 32.1044
v 12.2751 6.7148 45.1085
v -12.814 6.7148 45.2832
v -11.8783 -5.2114 44.253
v 11.3531 -5.2114 44.0912
v 12.282 6.7148 44.0847
v -12.8071 6.7148 44.2594
v -10.8815 -4.6995 44.246
v 10.3561 -4.6995 44.0982
v 10.5889 6.2028 44.0965
v -11.1138 6.2028 44.2477
v 10.3537 -4.6995 44.4817
v -10.8841 -4.6995 44.6296
v -11.8811 -5.2114 44.6366
v 11.3506 -5.2114 44.4748
v 10.586 6.2028 44.4801
v 12.2795 6.7148 44.4683
v -11.1163 6.2028 44.6312
v -12.8101 6.7148 44.643
v -3.0139 -7.1038 16.049
v -2.153 -7.1038 16.0431
v -2.2015 -7.1038 16.3335
v -2.3387 -7.1038 16.5933
v -2.5495 -7.1038 16.794
v -2.8105 -7.1038 16.914
v -3.0943 -7.1038 16.9403
v -3.3694 -7.1038 16.8699
v -3.6063 -7.1038 16.7107
v -3.7795 -7.1038 16.4796
v -3.8699 -7.1038 16.2021
v -3.8681 -7.1038 15.908
v -3.7735 -7.1038 15.629
v -3.5976 -7.1038 15.3957
v -3.3585 -7.1038 15.233
v -3.0824 -7.1038 15.1589
v -2.7989 -7.1038 15.1813
v -2.5395 -7.1038 15.2976
v -2.3315 -7.1038 15.4955
v -2.198 -7.1038 15.7532
v -2.5828 -6.817 16.046
v -2.6073 -6.817 16.1909
v -2.6756 -6.817 16.3205
v -2.7808 -6.817 16.4206
v -2.9111 -6.817 16.4804
v -3.0523 -6.817 16.4936
v -3.1896 -6.817 16.4585
v -3.3079 -6.817 16.3791
v -3.3944 -6.817 16.2639
v -3.4397 -6.817 16.1253
v -3.4384 -6.817 15.9787
v -3.3914 -6.817 15.8397
v -3.3035 -6.817 15.7232
v -3.1842 -6.817 15.6421
v -3.0465 -6.817 15.6051
v -2.9053 -6.817 15.6162
v -2.7755 -6.817 15.6742
v -2.6719 -6.817 15.7728
v -2.6054 -6.817 15.9014
v -2.5828 -6.5301 16.046
v -2.6073 -6.5301 16.1909
v -2.6756 -6.5301 16.3205
v -2.7808 -6.5301 16.4206
v -2.9111 -6.5301 16.4804
v -3.0523 -6.5301 16.4936
v -3.1896 -6.5301 16.4585
v -3.3079 -6.5301 16.3791
v -3.3944 -6.5301 16.2639
v -3.4397 -6.5301 16.1253
v -3.4384 -6.5301 15.9787
v -3.3914 -6.5301 15.8397
v -3.3035 -6.5301 15.7232
v -3.1842 -6.5301 15.6421
v -3.0465 -6.5301 15.6051
v -2.9053 -6.5301 15.6162
v -2.7755 -6.5301 15.6742
v -2.6719 -6.5301 15.7728
v -2.6054 -6.5301 15.9014
v -2.5828 -5.2839 16.046
v -2.6073 -5.2839 16.1909
v -2.6756 -5.2839 16.3205
v -2.7808 -5.2839 16.4206
v -2.9111 -5.2839 16.4804
v -3.0523 -5.2839 16.4936
v -3.1896 -5.2839 16.4585
v -3.3079 -5.2839 16.3791
v -3.3944 -5.2839 16.2639
v -3.4397 -5.2839 16.1253
v -3.4384 -5.2839 15.9787
v -3.3914 -5.2839 15.8397
v -3.3035 -5.2839 15.7232
v -3.1842 -5.2839 15.6421
v -3.0465 -5.2839 15.6051
v -2.9053 -5.2839 15.6162
v -2.7755 -5.2839 15.6742
v -2.6719 -5.2839 15.7728
v -2.6054 -5.2839 15.9014
v -3.0139 -5.2839 16.049
v -3.0523 -6.8698 16.4936
v -3.1896 -6.8698 16.4585
v -3.3079 -6.8698 16.3791
v -3.3944 -6.8698 16.2639
v -3.4397 -6.8698 16.1253
v -3.4384 -6.8698 15.9787
v -3.3914 -6.8698 15.8397
v -3.3035 -6.8698 15.7232
v -3.1842 -6.8698 15.6421
v -3.0465 -6.8698 15.6051
v -2.9053 -6.8698 15.6162
v -2.7755 -6.8698 15.6742
v -2.6719 -6.8698 15.7728
v -2.6054 -6.8698 15.9014
v -2.5828 -6.8698 16.046
v -2.6073 -6.8698 16.1909
v -2.6756 -6.8698 16.3205
v -2.7808 -6.8698 16.4206
v -2.9111 -6.8698 16.4804
v -2.8082 -6.8951 16.9247
v -3.0952 -6.8951 16.9513
v -2.5434 -6.8951 16.8034
v -2.3303 -6.8951 16.6001
v -2.1918 -6.8951 16.3371
v -2.1424 -6.8951 16.043
v -2.1877 -6.8951 15.7495
v -2.3229 -6.8951 15.4884
v -2.5335 -6.8951 15.2882
v -2.7964 -6.8951 15.1704
v -3.0831 -6.8951 15.1479
v -3.3628 -6.8951 15.2229
v -3.605 -6.8951 15.3875
v -3.783 -6.8951 15.6237
v -3.8787 -6.8951 15.9062
v -3.881 -6.8951 16.204
v -3.7891 -6.8951 16.4852
v -3.6137 -6.8951 16.7189
v -3.3738 -6.8951 16.8802
v 3.7194 -7.1038 16.0022
v 4.5806 -7.1038 15.9962
v 4.5317 -7.1038 16.2867
v 4.3949 -7.1038 16.5465
v 4.1841 -7.1038 16.7471
v 3.9225 -7.1038 16.8671
v 3.6392 -7.1038 16.8934
v 3.364 -7.1038 16.823
v 3.127 -7.1038 16.6638
v 2.9541 -7.1038 16.4327
v 2.8637 -7.1038 16.1552
v 2.8655 -7.1038 15.8611
v 2.9596 -7.1038 15.5822
v 3.1359 -7.1038 15.3488
v 3.3751 -7.1038 15.1862
v 3.6512 -7.1038 15.112
v 3.9343 -7.1038 15.1344
v 4.194 -7.1038 15.2507
v 4.4023 -7.1038 15.4486
v 4.5355 -7.1038 15.7063
v 4.1504 -6.817 15.9992
v 4.1264 -6.817 16.1441
v 4.0578 -6.817 16.2736
v 3.9526 -6.817 16.3737
v 3.8223 -6.817 16.4335
v 3.681 -6.817 16.4467
v 3.544 -6.817 16.4116
v 3.4255 -6.817 16.3323
v 3.339 -6.817 16.217
v 3.2943 -6.817 16.0784
v 3.2955 -6.817 15.9318
v 3.3421 -6.817 15.7928
v 3.4299 -6.817 15.6763
v 3.5493 -6.817 15.5952
v 3.6871 -6.817 15.5581
v 3.8281 -6.817 15.5693
v 3.9576 -6.817 15.6273
v 4.0616 -6.817 15.7259
v 4.1281 -6.817 15.8545
v 4.1504 -6.5301 15.9992
v 4.1264 -6.5301 16.1441
v 4.0578 -6.5301 16.2736
v 3.9526 -6.5301 16.3737
v 3.8223 -6.5301 16.4335
v 3.681 -6.5301 16.4467
v 3.544 -6.5301 16.4116
v 3.4255 -6.5301 16.3323
v 3.339 -6.5301 16.217
v 3.2943 -6.5301 16.0784
v 3.2955 -6.5301 15.9318
v 3.3421 -6.5301 15.7928
v 3.4299 -6.5301 15.6763
v 3.5493 -6.5301 15.5952
v 3.6871 -6.5301 15.5581
v 3.8281 -6.5301 15.5693
v 3.9576 -6.5301 15.6273
v 4.0616 -6.5301 15.7259
v 4.1281 -6.5301 15.8545
v 4.1504 -5.2839 15.9992
v 4.1264 -5.2839 16.1441
v 4.0578 -5.2839 16.2736
v 3.9526 -5.2839 16.3737
v 3.8223 -5.2839 16.4335
v 3.681 -5.2839 16.4467
v 3.544 -5.2839 16.4116
v 3.4255 -5.2839 16.3323
v 3.339 -5.2839 16.217
v 3.2943 -5.2839 16.0784
v 3.2955 -5.2839 15.9318
v 3.3421 -5.2839 15.7928
v 3.4299 -5.2839 15.6763
v 3.5493 -5.2839 15.5952
v 3.6871 -5.2839 15.5581
v 3.8281 -5.2839 15.5693
v 3.9576 -5.2839 15.6273
v 4.0616 -5.2839 15.7259
v 4.1281 -5.2839 15.8545
v 3.7194 -5.2839 16.0022
v 3.681 -6.8698 16.4467
v 3.544 -6.8698 16.4116
v 3.4255 -6.8698 16.3323
v 3.339 -6.8698 16.217
v 3.2943 -6.8698 16.0784
v 3.2955 -6.8698 15.9318
v 3.3421 -6.8698 15.7928
v 3.4299 -6.8698 15.6763
v 3.5493 -6.8698 15.5952
v 3.6871 -6.8698 15.5581
v 3.8281 -6.8698 15.5693
v 3.9576 -6.8698 15.6273
v 4.0616 -6.8698 15.7259
v 4.1281 -6.8698 15.8545
v 4.1504 -6.8698 15.9992
v 4.1264 -6.8698 16.1441
v 4.0578 -6.8698 16.2736
v 3.9526 -6.8698 16.3737
v 3.8223 -6.8698 16.4335
v 3.9256 -6.8951 16.8779
v 3.6383 -6.8951 16.9045
v 4.19 -6.8951 16.7565
v 4.4032 -6.8951 16.5531
v 4.5419 -6.8951 16.2902
v 4.5912 -6.8951 15.9961
v 4.5455 -6.8951 15.7027
v 4.4106 -6.8951 15.4416
v 4.2001 -6.8951 15.2413
v 3.9372 -6.8951 15.1235
v 3.6504 -6.8951 15.101
v 3.3709 -6.8951 15.176
v 3.1287 -6.8951 15.3406
v 2.9501 -6.8951 15.5768
v 2.8546 -6.8951 15.8593
v 2.8527 -6.8951 16.1571
v 2.9445 -6.8951 16.4383
v 3.1194 -6.8951 16.672
v 3.3596 -6.8951 16.8333
v -2.9492 -7.1038 6.4782
v -2.0885 -7.1038 6.4723
v -2.1336 -7.1038 6.1824
v -2.2671 -7.1038 5.9245
v -2.4747 -7.1038 5.7268
v -2.7346 -7.1038 5.6104
v -3.0181 -7.1038 5.588
v -3.2939 -7.1038 5.6623
v -3.533 -7.1038 5.8247
v -3.7092 -7.1038 6.0582
v -3.8038 -7.1038 6.3372
v -3.8054 -7.1038 6.6312
v -3.7149 -7.1038 6.9088
v -3.542 -7.1038 7.1398
v -3.3051 -7.1038 7.2991
v -3.03 -7.1038 7.3694
v -2.7462 -7.1038 7.3431
v -2.4851 -7.1038 7.2232
v -2.2744 -7.1038 7.0224
v -2.1372 -7.1038 6.7627
v -2.5187 -6.817 6.4753
v -2.5409 -6.817 6.3307
v -2.6077 -6.817 6.202
v -2.7111 -6.817 6.1034
v -2.8409 -6.817 6.0454
v -2.9823 -6.817 6.0343
v -3.1198 -6.817 6.0711
v -3.2391 -6.817 6.1523
v -3.3271 -6.817 6.2687
v -3.3739 -6.817 6.4078
v -3.3752 -6.817 6.5545
v -3.3299 -6.817 6.693
v -3.2435 -6.817 6.8082
v -3.1252 -6.817 6.8876
v -2.9882 -6.817 6.9227
v -2.8465 -6.817 6.9096
v -2.7164 -6.817 6.8497
v -2.6111 -6.817 6.7497
v -2.5429 -6.817 6.6202
v -2.5187 -6.5301 6.4753
v -2.5409 -6.5301 6.3307
v -2.6077 -6.5301 6.202
v -2.7111 -6.5301 6.1034
v -2.8409 -6.5301 6.0454
v -2.9823 -6.5301 6.0343
v -3.1198 -6.5301 6.0711
v -3.2391 -6.5301 6.1523
v -3.3271 -6.5301 6.2687
v -3.3739 -6.5301 6.4078
v -3.3752 -6.5301 6.5545
v -3.3299 -6.5301 6.693
v -3.2435 -6.5301 6.8082
v -3.1252 -6.5301 6.8876
v -2.9882 -6.5301 6.9227
v -2.8465 -6.5301 6.9096
v -2.7164 -6.5301 6.8497
v -2.6111 -6.5301 6.7497
v -2.5429 -6.5301 6.6202
v -2.5187 -5.2839 6.4753
v -2.5409 -5.2839 6.3307
v -2.6077 -5.2839 6.202
v -2.7111 -5.2839 6.1034
v -2.8409 -5.2839 6.0454
v -2.9823 -5.2839 6.0343
v -3.1198 -5.2839 6.0711
v -3.2391 -5.2839 6.1523
v -3.3271 -5.2839 6.2687
v -3.3739 -5.2839 6.4078
v -3.3752 -5.2839 6.5545
v -3.3299 -5.2839 6.693
v -3.2435 -5.2839 6.8082
v -3.1252 -5.2839 6.8876
v -2.9882 -5.2839 6.9227
v -2.8465 -5.2839 6.9096
v -2.7164 -5.2839 6.8497
v -2.6111 -5.2839 6.7497
v -2.5429 -5.2839 6.6202
v -2.9492 -5.2839 6.4782
v -2.9823 -6.8698 6.0343
v -3.1198 -6.8698 6.0711
v -3.2391 -6.8698 6.1523
v -3.3271 -6.8698 6.2687
v -3.3739 -6.8698 6.4078
v -3.3752 -6.8698 6.5545
v -3.3299 -6.8698 6.693
v -3.2435 -6.8698 6.8082
v -3.1252 -6.8698 6.8876
v -2.9882 -6.8698 6.9227
v -2.8465 -6.8698 6.9096
v -2.7164 -6.8698 6.8497
v -2.6111 -6.8698 6.7497
v -2.5429 -6.8698 6.6202
v -2.5187 -6.8698 6.4753
v -2.5409 -6.8698 6.3307
v -2.6077 -6.8698 6.202
v -2.7111 -6.8698 6.1034
v -2.8409 -6.8698 6.0454
v -2.7316 -6.8951 5.5995
v -3.0189 -6.8951 5.577
v -2.469 -6.8951 5.7172
v -2.2585 -6.8951 5.9176
v -2.1231 -6.8951 6.1786
v -2.0778 -6.8951 6.4722
v -2.1271 -6.8951 6.7662
v -2.2659 -6.8951 7.0293
v -2.4792 -6.8951 7.2324
v -2.7439 -6.8951 7.3539
v -3.0308 -6.8951 7.3804
v -3.3092 -6.8951 7.3092
v -3.5494 -6.8951 7.1481
v -3.7246 -6.8951 6.9143
v -3.8163 -6.8951 6.6331
v -3.8143 -6.8951 6.3353
v -3.719 -6.8951 6.0529
v -3.5404 -6.8951 5.8166
v -3.2983 -6.8951 5.652
v 3.7841 -7.1038 6.4314
v 4.6449 -7.1038 6.4254
v 4.6 -7.1038 6.1354
v 4.4665 -7.1038 5.8777
v 4.2588 -7.1038 5.6799
v 3.9987 -7.1038 5.5635
v 3.7161 -7.1038 5.5411
v 3.4395 -7.1038 5.6154
v 3.2004 -7.1038 5.7778
v 3.0241 -7.1038 6.0113
v 2.93 -7.1038 6.2903
v 2.9279 -7.1038 6.5844
v 3.0185 -7.1038 6.862
v 3.1915 -7.1038 7.0928
v 3.4286 -7.1038 7.2522
v 3.7038 -7.1038 7.3225
v 3.9871 -7.1038 7.2963
v 4.2484 -7.1038 7.1763
v 4.4594 -7.1038 6.9755
v 4.5963 -7.1038 6.7158
v 4.2147 -6.817 6.4284
v 4.1927 -6.817 6.2838
v 4.1259 -6.817 6.1551
v 4.022 -6.817 6.0564
v 3.8928 -6.817 5.9985
v 3.7513 -6.817 5.9874
v 3.6142 -6.817 6.0242
v 3.4941 -6.817 6.1054
v 3.4063 -6.817 6.2219
v 3.3596 -6.817 6.361
v 3.3587 -6.817 6.5077
v 3.4036 -6.817 6.646
v 3.4899 -6.817 6.7613
v 3.6082 -6.817 6.8406
v 3.7457 -6.817 6.8758
v 3.8866 -6.817 6.8626
v 4.017 -6.817 6.8029
v 4.1218 -6.817 6.7028
v 4.1906 -6.817 6.5732
v 4.2147 -6.5301 6.4284
v 4.1927 -6.5301 6.2838
v 4.1259 -6.5301 6.1551
v 4.022 -6.5301 6.0564
v 3.8928 -6.5301 5.9985
v 3.7513 -6.5301 5.9874
v 3.6142 -6.5301 6.0242
v 3.4941 -6.5301 6.1054
v 3.4063 -6.5301 6.2219
v 3.3596 -6.5301 6.361
v 3.3587 -6.5301 6.5077
v 3.4036 -6.5301 6.646
v 3.4899 -6.5301 6.7613
v 3.6082 -6.5301 6.8406
v 3.7457 -6.5301 6.8758
v 3.8866 -6.5301 6.8626
v 4.017 -6.5301 6.8029
v 4.1218 -6.5301 6.7028
v 4.1906 -6.5301 6.5732
v 4.2147 -5.2839 6.4284
v 4.1927 -5.2839 6.2838
v 4.1259 -5.2839 6.1551
v 4.022 -5.2839 6.0564
v 3.8928 -5.2839 5.9985
v 3.7513 -5.2839 5.9874
v 3.6142 -5.2839 6.0242
v 3.4941 -5.2839 6.1054
v 3.4063 -5.2839 6.2219
v 3.3596 -5.2839 6.361
v 3.3587 -5.2839 6.5077
v 3.4036 -5.2839 6.646
v 3.4899 -5.2839 6.7613
v 3.6082 -5.2839 6.8406
v 3.7457 -5.2839 6.8758
v 3.8866 -5.2839 6.8626
v 4.017 -5.2839 6.8029
v 4.1218 -5.2839 6.7028
v 4.1906 -5.2839 6.5732
v 3.7841 -5.2839 6.4314
v 3.7513 -6.8698 5.9874
v 3.6142 -6.8698 6.0242
v 3.4941 -6.8698 6.1054
v 3.4063 -6.8698 6.2219
v 3.3596 -6.8698 6.361
v 3.3587 -6.8698 6.5077
v 3.4036 -6.8698 6.646
v 3.4899 -6.8698 6.7613
v 3.6082 -6.8698 6.8406
v 3.7457 -6.8698 6.8758
v 3.8866 -6.8698 6.8626
v 4.017 -6.8698 6.8029
v 4.1218 -6.8698 6.7028
v 4.1906 -6.8698 6.5732
v 4.2147 -6.8698 6.4284
v 4.1927 -6.8698 6.2838
v 4.1259 -6.8698 6.1551
v 4.022 -6.8698 6.0564
v 3.8928 -6.8698 5.9985
v 4.0018 -6.8951 5.5526
v 3.7151 -6.8951 5.5301
v 4.2647 -6.8951 5.6704
v 4.4748 -6.8951 5.8707
v 4.61 -6.8951 6.1318
v 4.6558 -6.8951 6.4254
v 4.6063 -6.8951 6.7194
v 4.4673 -6.8951 6.9824
v 4.2546 -6.8951 7.1855
v 3.99 -6.8951 7.3071
v 3.703 -6.8951 7.3335
v 3.4241 -6.8951 7.2624
v 3.184 -6.8951 7.1011
v 3.009 -6.8951 6.8674
v 2.9172 -6.8951 6.5862
v 2.9192 -6.8951 6.2885
v 3.0147 -6.8951 6.006
v 3.1931 -6.8951 5.7698
v 3.4352 -6.8951 5.605
v -13.7796 -20.3972 16.4774
v -20.5109 -20.3972 16.5243
v -13.7796 -12.7849 16.4774
v -20.5109 -12.7849 16.5243
v -13.5403 -12.7849 -19.0534
v -20.2718 -12.7849 -19.0066
v -13.588 -20.3972 -11.9788
v -20.3195 -20.3972 -11.9319
v -14.227 -13.5556 -18.3325
v -19.5951 -13.5556 -18.295
v -19.6332 -19.6264 -12.653
v -14.2646 -19.6264 -12.6903
v -14.4607 -13.5556 16.4128
v -19.8289 -13.5556 16.4502
v -19.8289 -19.6264 16.4502
v -14.4607 -19.6264 16.4128
v -14.4863 -19.598 16.4823
v -19.8042 -19.598 16.5193
v -14.4863 -13.5839 16.4823
v -19.8042 -13.5839 16.5193
v -19.4113 -16.591 15.3533
v -18.2744 -14.1515 15.3454
v -16.0005 -14.1515 15.3296
v -14.8636 -16.591 15.3216
v -16.0005 -19.0305 15.3296
v -18.2744 -19.0305 15.3454
v -19.8448 -16.591 15.3563
v -18.4911 -13.6868 15.3469
v -15.7838 -13.6868 15.3281
v -14.4299 -16.591 15.3186
v -15.7838 -19.4953 15.3281
v -18.4911 -19.4953 15.3469
v -19.6214 -16.591 -17.8478
v -18.2675 -13.6868 -17.8572
v -15.5602 -13.6868 -17.876
v -14.2066 -16.591 -17.8855
v -15.5602 -19.4953 -17.876
v -18.2675 -19.4953 -17.8572
v -19.1881 -16.591 -17.8508
v -18.0508 -14.1515 -17.8587
v -15.7768 -14.1515 -17.8745
v -14.6397 -16.591 -17.8824
v -15.7768 -19.0305 -17.8745
v -18.0507 -19.0305 -17.8587
v 13.6287 -20.3972 16.2866
v 20.3603 -20.3972 16.2397
v 13.6287 -12.7849 16.2866
v 20.3603 -12.7849 16.2397
v 13.8681 -12.7849 -19.2443
v 20.5995 -12.7849 -19.2911
v 13.8204 -20.3972 -12.1696
v 20.5519 -20.3972 -12.2165
v 14.5445 -13.5556 -18.5328
v 19.9132 -13.5556 -18.5702
v 19.8752 -19.6264 -12.9281
v 14.5068 -19.6264 -12.8907
v 14.311 -13.5556 16.2124
v 19.6795 -13.5556 16.175
v 19.6795 -19.6264 16.175
v 14.311 -19.6264 16.2124
v 14.3356 -19.598 16.2816
v 19.6538 -19.598 16.2446
v 14.3356 -13.5839 16.2816
v 19.6538 -13.5839 16.2446
v 19.2763 -16.591 15.0839
v 18.1394 -14.1515 15.0918
v 15.8652 -14.1515 15.1076
v 14.7283 -16.591 15.1156
v 15.8652 -19.0305 15.1076
v 18.1394 -19.0305 15.0918
v 19.7096 -16.591 15.0809
v 18.3563 -13.6868 15.0903
v 15.6488 -13.6868 15.1092
v 14.2951 -16.591 15.1186
v 15.6488 -19.4953 15.1092
v 18.3563 -19.4953 15.0903
v 19.9331 -16.591 -18.1232
v 18.5796 -13.6868 -18.1138
v 15.8723 -13.6868 -18.0949
v 14.5188 -16.591 -18.0855
v 15.8723 -19.4953 -18.0949
v 18.5796 -19.4953 -18.1138
v 19.5 -16.591 -18.1202
v 18.3629 -14.1515 -18.1122
v 16.089 -14.1515 -18.0964
v 14.9522 -16.591 -18.0885
v 16.089 -19.0305 -18.0964
v 18.3629 -19.0305 -18.1122
v 13.5347 -17.8177 7.364
v -13.3023 -17.8177 7.5508
v 13.5347 -20.4306 7.364
v -13.3023 -20.4306 7.5508
v 13.512 -20.4306 10.7493
v -13.3252 -20.4306 10.9362
v 13.512 -17.8177 10.7493
v -13.3252 -17.8177 10.9362
v 7.1287 -8.4521 17.8812
v 7.1287 -5.8387 17.8812
v 7.1515 -5.8387 14.4956
v 7.1515 -8.4521 14.4956
v -6.5749 -8.4521 14.5913
v -6.5978 -8.4521 17.9767
v -6.5749 -5.8387 14.5913
v -6.5978 -5.8387 17.9767
v 5.1008 -6.8951 15.2707
v -4.5341 -6.8951 15.3378
v 5.1008 -5.8119 15.2707
v -4.5341 -5.8119 15.3378
v 5.0779 -5.8119 18.652
v -4.5571 -5.8119 18.7192
v 5.0779 -6.8951 18.652
v -4.5571 -6.8951 18.7192
v 17.4496 -20.4306 10.7219
v 17.4723 -20.4306 7.3365
v 17.4723 -17.8177 7.3365
v 17.4496 -17.8177 10.7219
v -17.2621 -20.4306 7.5784
v -17.2849 -20.4306 10.9638
v -17.2849 -17.8177 10.9638
v -17.2621 -17.8177 7.5784
v 5.1795 -5.8119 3.5495
v 5.1795 -6.8951 3.5495
v -4.4554 -6.8951 3.6165
v -4.4554 -5.8119 3.6165
v -13.7283 6.4324 -30.7315
v -15.0104 6.1713 -30.7226
v -14.7828 4.1226 -30.7241
v -13.5004 4.3497 -30.7331
v -13.5004 5.7386 -30.7331
v -14.7356 6.4324 -37.7357
v -13.681 6.4324 -37.7429
v -13.681 4.1226 -37.7429
v -14.7356 4.1226 -37.7357
v -13.453 5.7386 -37.7446
v -14.9635 5.7386 -37.734
v -13.453 6.1713 -37.7446
v -13.5004 6.1713 -30.7331
v -14.9635 6.1713 -37.734
v -14.7828 6.4324 -30.7241
v -14.9635 4.3497 -37.734
v -15.0104 4.3497 -30.7226
v -13.453 4.3497 -37.7446
v -13.7283 4.1226 -30.7315
v -14.4083 5.7159 -37.7398
v -14.4222 5.7159 -35.7125
v -14.0078 5.7159 -37.7427
v -14.4066 5.7159 -37.9492
v -14.0078 4.839 -37.7427
v -14.0214 5.7159 -35.7153
v -14.4083 4.839 -37.7398
v -15.1374 6.6145 -38.3303
v -13.9215 5.4524 -37.7432
v -14.0214 4.839 -35.7153
v -14.4948 5.4524 -37.7392
v -14.0067 5.7159 -37.9521
v -14.4222 4.839 -35.7125
v -13.9215 5.6168 -37.7432
v -15.1231 6.6145 -40.4657
v -14.4948 5.6168 -37.7392
v -13.9352 5.4524 -35.7159
v -14.0067 4.839 -37.9521
v -14.4948 4.9252 -37.7392
v -14.5083 5.4524 -35.7119
v -13.9215 4.9252 -37.7432
v -13.2712 6.6145 -38.3435
v -14.4066 4.839 -37.9492
v -13.9352 5.6168 -35.7159
v -14.8993 5.9278 -40.1489
v -14.5083 5.6168 -35.7119
v -13.9201 5.4524 -37.9527
v -13.2712 3.9403 -38.3435
v -14.5083 4.9252 -35.7119
v -14.4934 5.4524 -37.9486
v -13.9352 4.9252 -35.7159
v -13.2567 6.6145 -40.4788
v -15.1374 3.9403 -38.3303
v -13.9201 5.6168 -37.9527
v -14.8958 5.9278 -40.6823
v -14.4934 5.6168 -37.9486
v -12.8682 5.811 -38.3462
v -13.2567 3.9403 -40.4788
v -14.4934 4.9252 -37.9486
v -15.54 5.811 -38.3276
v -13.9201 4.9252 -37.9527
v -13.4846 5.9278 -40.1586
v -15.1231 3.9403 -40.4657
v -12.8682 6.3119 -38.3462
v -15.1193 6.5884 -40.983
v -15.54 6.3119 -38.3276
v -12.8538 5.811 -40.4813
v -13.4846 4.6273 -40.1586
v -15.54 4.2035 -38.3276
v -15.5256 5.811 -40.4628
v -12.8682 4.2035 -38.3462
v -13.4808 5.9278 -40.6923
v -14.8993 4.6273 -40.1489
v -12.8538 6.3119 -40.4813
v -15.114 6.5884 -41.8357
v -15.5256 6.3119 -40.4628
v -13.1791 5.5371 -40.1607
v -13.4808 4.6273 -40.6923
v -15.5256 4.2035 -40.4628
v -15.2049 5.5371 -40.1466
v -12.8538 4.2035 -40.4813
v -13.2534 6.5884 -40.996
v -14.8958 4.6273 -40.6823
v -13.1791 5.7804 -40.1607
v -14.6705 6.2712 -41.5634
v -15.2049 5.7804 -40.1466
v -13.1755 5.5371 -40.6944
v -13.2534 3.9667 -40.996
v -15.2049 4.7553 -40.1466
v -15.2012 5.5371 -40.6802
v -13.1791 4.7553 -40.1607
v -13.2474 6.5884 -41.8487
v -15.1193 3.9667 -40.983
v -13.1755 5.7804 -40.6944
v -14.667 6.2712 -42.0894
v -15.2012 5.7804 -40.6802
v -12.8501 5.8007 -40.9989
v -13.2474 3.9667 -41.8487
v -15.2012 4.7553 -40.6802
v -15.5221 5.8007 -40.9801
v -13.1755 4.7553 -40.6944
v -13.6941 6.2712 -41.5701
v -15.114 3.9667 -41.8357
v -12.8501 6.2915 -40.9989
v -15.1369 6.5884 -42.3452
v -15.5221 6.2915 -40.9801
v -12.8447 5.8007 -41.8514
v -13.6941 4.2838 -41.5701
v -15.5221 4.2246 -40.9801
v -15.5166 5.8007 -41.8328
v -12.8501 4.2246 -40.9989
v -13.6905 6.2712 -42.0962
v -14.6705 4.2838 -41.5634
v -12.8447 6.2915 -41.8514
v -15.1322 6.5884 -43.0818
v -15.5166 6.2915 -41.8328
v -13.4834 5.674 -41.5717
v -13.6905 4.2838 -42.0962
v -15.5166 4.2246 -41.8328
v -14.882 5.674 -41.5619
v -12.8447 4.2246 -41.8514
v -13.2175 6.5884 -42.3585
v -14.667 4.2838 -42.0894
v -13.4834 6.0462 -41.5717
v -14.882 6.0462 -41.5619
v -13.4797 5.674 -42.0977
v -13.2175 3.9667 -42.3585
v -14.882 4.4795 -41.5619
v -14.8782 5.674 -42.0879
v -13.4834 4.4795 -41.5717
v -13.2123 6.5884 -43.0953
v -15.1369 3.9667 -42.3452
v -13.4797 6.0462 -42.0977
v -14.8782 6.0462 -42.0879
v -12.8031 5.8007 -42.3615
v -13.2123 3.9667 -43.0953
v -14.8782 4.4795 -42.0879
v -15.5513 5.8007 -42.3422
v -13.4797 4.4795 -42.0977
v -15.1322 3.9667 -43.0818
v -12.8031 6.2915 -42.3615
v -15.5513 6.2915 -42.3422
v -12.798 5.8007 -43.0981
v -15.5513 4.2246 -42.3422
v -15.5461 5.8007 -43.079
v -12.8031 4.2246 -42.3615
v -12.798 6.2915 -43.0981
v -15.5461 6.2915 -43.079
v -15.5461 4.2246 -43.079
v -12.798 4.2246 -43.0981
v -14.3985 5.5843 -42.8513
v -13.9488 5.5843 -42.8544
v -13.852 5.5149 -42.8552
v -13.852 5.4002 -42.8552
v -13.852 5.0311 -42.8552
v -13.9488 4.9706 -42.8544
v -14.3985 4.9706 -42.8513
v -14.4956 5.0311 -42.8506
v -14.4956 5.4002 -42.8506
v -14.4956 5.5149 -42.8506
v -14.4603 5.5843 -33.6603
v -14.011 5.5843 -33.6633
v -13.9138 5.5149 -33.6639
v -13.9138 5.4002 -33.6639
v -13.9138 5.0311 -33.6639
v -14.011 4.9706 -33.6633
v -14.4603 4.9706 -33.6603
v -14.5574 5.0311 -33.6595
v -14.5574 5.4002 -33.6595
v -14.5574 5.5149 -33.6595
v -15.0104 5.7386 -30.7226
v -5.5125 10.7803 -34.6486
v 6.222 10.7803 -34.7606
v 6.292 8.7604 -45.146
v -5.4427 8.7604 -45.0644
v -5.5124 10.7255 -34.6381
v 6.2221 10.7255 -34.7502
v 6.2921 8.7056 -45.1355
v -5.4426 8.7056 -45.0539
v -3.5382 6.9202 -42.962
v 4.5154 6.9202 -43.0486
v 4.5013 0.7769 -40.9627
v -3.5521 0.7769 -40.9067
v 14.7622 6.5071 -30.9299
v 16.0447 6.2461 -30.9388
v 15.8169 4.1974 -30.9373
v 14.5343 4.4245 -30.9283
v 14.5343 5.8133 -30.9283
v 15.8639 6.5071 -37.9487
v 14.8093 6.5071 -37.9413
v 14.8093 4.1974 -37.9413
v 15.8639 4.1974 -37.9487
v 14.5816 5.8133 -37.9398
v 16.0916 5.8133 -37.9503
v 14.5816 6.2461 -37.9398
v 14.5343 6.2461 -30.9283
v 16.0916 6.2461 -37.9503
v 15.8169 6.5071 -30.9373
v 16.0916 4.4245 -37.9503
v 16.0447 4.4245 -30.9388
v 14.5816 4.4245 -37.9398
v 14.7622 4.1974 -30.9299
v 15.5367 5.7908 -37.9483
v 15.5228 5.7908 -35.9212
v 15.1364 5.7908 -37.9456
v 15.538 5.7908 -38.1578
v 15.1364 4.9138 -37.9456
v 15.1223 5.7908 -35.9182
v 15.5367 4.9138 -37.9483
v 16.2733 6.6895 -38.5492
v 15.05 5.5272 -37.9448
v 15.1223 4.9138 -35.9182
v 15.6233 5.5272 -37.949
v 15.1376 5.7908 -38.1549
v 15.5228 4.9138 -35.9212
v 15.05 5.6916 -37.9448
v 16.2879 6.6895 -40.6844
v 15.6233 5.6916 -37.949
v 15.0362 5.5272 -35.9176
v 15.1376 4.9138 -38.1549
v 15.6233 5.0001 -37.949
v 15.6096 5.5272 -35.9216
v 15.05 5.0001 -37.9448
v 14.4076 6.6895 -38.5361
v 15.538 4.9138 -38.1578
v 15.0362 5.6916 -35.9176
v 16.06 6.0026 -40.3642
v 15.6096 5.6916 -35.9216
v 15.0513 5.5272 -38.1543
v 14.4076 4.0152 -38.5361
v 15.6096 5.0001 -35.9216
v 15.6248 5.5272 -38.1583
v 15.0362 5.0001 -35.9176
v 14.4221 6.6895 -40.6714
v 16.2733 4.0152 -38.5492
v 15.0513 5.6916 -38.1543
v 16.0638 6.0026 -40.898
v 15.6248 5.6916 -38.1583
v 14.0046 5.8859 -38.5334
v 14.4221 4.0152 -40.6714
v 15.6248 5.0001 -38.1583
v 16.6768 5.8859 -38.552
v 15.0513 5.0001 -38.1543
v 14.6457 6.0026 -40.3545
v 16.2879 4.0152 -40.6844
v 14.0046 6.3867 -38.5334
v 16.2916 6.6632 -41.2018
v 16.6768 6.3867 -38.552
v 14.0192 5.8859 -40.6686
v 14.6457 4.7022 -40.3545
v 16.6768 4.2784 -38.552
v 16.6911 5.8859 -40.6873
v 14.0046 4.2784 -38.5334
v 14.649 6.0026 -40.8882
v 16.06 4.7022 -40.3642
v 14.0192 6.3867 -40.6686
v 16.2974 6.6632 -42.0543
v 16.6911 6.3867 -40.6873
v 14.3401 5.6119 -40.3523
v 14.649 4.7022 -40.8882
v 16.6911 4.2784 -40.6873
v 16.3654 5.6119 -40.3665
v 14.0192 4.2784 -40.6686
v 14.4255 6.6632 -41.1887
v 16.0638 4.7022 -40.898
v 14.3401 5.8553 -40.3523
v 15.8509 6.346 -41.776
v 16.3654 5.8553 -40.3665
v 14.3433 5.6119 -40.886
v 14.4255 4.0415 -41.1887
v 16.3654 4.8301 -40.3665
v 16.369 5.6119 -40.9002
v 14.3401 4.8301 -40.3523
v 14.4311 6.6632 -42.0414
v 16.2916 4.0415 -41.2018
v 14.3433 5.8553 -40.886
v 15.8542 6.346 -42.3021
v 16.369 5.8553 -40.9002
v 14.0226 5.8756 -41.1859
v 14.4311 4.0415 -42.0414
v 16.369 4.8301 -40.9002
v 16.6944 5.8756 -41.2046
v 14.3433 4.8301 -40.886
v 14.8741 6.346 -41.7692
v 16.2974 4.0415 -42.0543
v 14.0226 6.3663 -41.1859
v 16.3276 6.6632 -42.5643
v 16.6944 6.3663 -41.2046
v 14.0282 5.8756 -42.0385
v 14.8741 4.3587 -41.7692
v 16.6944 4.2995 -41.2046
v 16.7 5.8756 -42.0572
v 14.0226 4.2995 -41.1859
v 14.8777 6.346 -42.2951
v 15.8509 4.3587 -41.776
v 14.0282 6.3663 -42.0385
v 16.3327 6.6632 -43.301
v 16.7 6.3663 -42.0572
v 14.6631 5.7489 -41.7676
v 14.8777 4.3587 -42.2951
v 16.7 4.2995 -42.0572
v 16.0615 5.7489 -41.7774
v 14.0282 4.2995 -42.0385
v 14.4076 6.6632 -42.5509
v 15.8542 4.3587 -42.3021
v 14.6631 6.121 -41.7676
v 16.0615 6.121 -41.7774
v 14.6668 5.7489 -42.2936
v 14.4076 4.0415 -42.5509
v 16.0615 4.5544 -41.7774
v 16.0652 5.7489 -42.3033
v 14.6631 4.5544 -41.7676
v 14.4127 6.6632 -43.2878
v 16.3276 4.0415 -42.5643
v 14.6668 6.121 -42.2936
v 16.0652 6.121 -42.3033
v 13.9932 5.8756 -42.548
v 14.4127 4.0415 -43.2878
v 16.0652 4.5544 -42.3033
v 16.7418 5.8756 -42.5672
v 14.6668 4.5544 -42.2936
v 16.3327 4.0415 -43.301
v 13.9932 6.3663 -42.548
v 16.7418 6.3663 -42.5672
v 13.9983 5.8756 -43.2847
v 16.7418 4.2995 -42.5672
v 16.747 5.8756 -43.304
v 13.9932 4.2995 -42.548
v 13.9983 6.3663 -43.2847
v 16.747 6.3663 -43.304
v 16.747 4.2995 -43.304
v 13.9983 4.2995 -43.2847
v 15.5959 5.6591 -43.0601
v 15.1461 5.6591 -43.057
v 15.0492 5.5898 -43.0563
v 15.0492 5.475 -43.0563
v 15.0492 5.1059 -43.0563
v 15.1461 5.0456 -43.057
v 15.5959 5.0456 -43.0601
v 15.6928 5.1059 -43.061
v 15.6928 5.475 -43.061
v 15.6928 5.5898 -43.061
v 15.5339 5.6591 -33.8691
v 15.0841 5.6591 -33.8659
v 14.9873 5.5898 -33.8652
v 14.9873 5.475 -33.8652
v 14.9873 5.1059 -33.8652
v 15.0841 5.0456 -33.8659
v 15.5339 5.0456 -33.8691
v 15.6307 5.1059 -33.8697
v 15.6307 5.475 -33.8697
v 15.6307 5.5898 -33.8697
v 16.0447 5.8133 -30.9388
v -36.5933 -0.5555 39.5723
v -38.9677 -0.5555 39.5888
v -36.5933 0.8382 39.5723
v -38.9677 0.8382 39.5888
v -35.9746 0.8152 -29.6501
v -38.5838 -0.5555 -17.4564
v -36.2093 -0.5555 -17.4729
v -36.2093 0.8382 -17.4729
v -38.5838 0.8382 -17.4564
v -38.9048 0.8382 30.2868
v -36.5311 0.8382 30.2703
v -38.9048 -0.5555 30.2868
v -36.5311 -0.5555 30.2703
v -38.223 0.4859 17.1214
v -38.0788 0.4859 -4.2993
v -38.0788 -0.2032 -4.2993
v -38.223 -0.2032 17.1214
v -36.8917 0.4859 -4.3075
v -37.0355 0.4859 17.1131
v -36.8917 -0.2032 -4.3075
v -37.0355 -0.2032 17.1131
v -38.5403 -0.5802 -22.6642
v -36.0214 -0.5802 -22.6817
v -36.0214 0.8152 -22.6817
v -38.5483 0.8382 -22.6739
v -29.6345 -0.6048 -29.6943
v -29.6345 0.7923 -29.6943
v -29.6816 0.7923 -22.716
v -29.6816 -0.6048 -22.716
v -15.5446 -5.616 -8.2759
v -15.5446 -7.0134 -8.2759
v -15.4979 -7.0134 -15.2192
v -15.4979 -5.616 -15.2192
v -10.8704 -5.9353 -13.6922
v -10.8704 -6.7139 -13.6922
v -10.8959 -6.7139 -9.8958
v -10.8959 -5.9353 -9.8958
v -38.4936 -0.5802 -29.6326
v -38.4936 0.8152 -29.6326
v -5.7447 -5.9353 -13.7279
v -8.0329 -5.9353 -12.2927
v -7.8419 -5.9353 -11.5108
v -8.6954 -5.9353 -11.3019
v -8.8863 -5.9353 -12.0838
v -7.8151 -6.724 -12.0968
v -8.0174 -6.724 -11.301
v -8.8875 -6.724 -11.498
v -5.7729 -6.7139 -13.7277
v -5.8044 -6.7139 -9.9313
v -5.8723 -5.9353 -9.9308
v -8.686 -6.724 -12.2937
v -7.7408 -5.9353 -11.845
v -7.4059 -5.9353 -12.6226
v -8.2485 -6.724 -12.399
v -7.3833 -6.7223 -12.6285
v -8.2791 -5.9353 -11.2026
v -7.4167 -5.9353 -10.9853
v -7.7189 -6.724 -11.753
v -7.3949 -6.7223 -10.9793
v -8.9874 -5.9353 -11.7497
v -9.3196 -5.9353 -10.9683
v -8.4548 -6.724 -11.1958
v -9.3171 -6.7223 -10.9636
v -8.4498 -5.9353 -12.392
v -9.3087 -5.9353 -12.613
v -8.9842 -6.724 -11.8419
v -9.306 -6.7223 -12.6179
v 0.1248 -6.7139 -13.7688
v 0.0991 -6.7139 -9.9724
v 0.1248 -5.9353 -13.7688
v 0.0991 -5.9353 -9.9724
v 30.1012 -0.6048 -30.0753
v 30.1012 0.7923 -30.0753
v 30.0545 0.7923 -23.132
v 30.0545 -0.6048 -23.132
v 15.7215 -5.616 -8.4936
v 15.7215 -7.0134 -8.4936
v 15.768 -7.0134 -15.4368
v 15.768 -5.616 -15.4368
v 11.1202 -5.9353 -13.8453
v 11.1202 -6.7139 -13.8453
v 11.0942 -6.7139 -10.049
v 11.0942 -5.9353 -10.049
v -32.8691 4.1963 34.5945
v -34.9501 4.1963 33.6694
v -37.1695 4.1963 34.258
v -38.567 4.1963 36.12
v -38.5826 4.1963 38.4855
v -37.2102 4.1963 40.3215
v -34.9984 4.1963 40.8793
v -32.9049 4.1963 39.9251
v -33.4328 4.3861 37.9098
v -34.4652 4.3861 39.183
v -35.7673 4.3861 39.2987
v -36.8574 4.3861 38.5734
v -37.2736 4.3861 37.2902
v -36.8398 4.3861 36.008
v -35.7398 4.3861 35.2608
v -34.4395 4.3861 35.3584
v -33.4732 4.3861 36.2777
v -35.2707 4.446 37.2763
v 5.9942 -5.9353 -13.8096
v 8.5032 -5.9353 -12.51
v 7.9646 -5.9353 -11.8677
v 8.6734 -5.9353 -11.3207
v 9.2112 -5.9353 -11.9631
v 7.9422 -6.724 -11.9597
v 8.4727 -6.724 -11.3136
v 9.208 -6.724 -11.8708
v 6.0225 -6.7139 -13.8098
v 6.0028 -6.7139 -10.0135
v 6.0704 -5.9353 -10.0139
v 8.6787 -6.724 -12.5169
v 8.0658 -5.9353 -12.2019
v 7.6407 -5.9353 -12.7273
v 8.2408 -6.724 -12.4116
v 7.6179 -6.7223 -12.733
v 8.2566 -5.9353 -11.42
v 7.6296 -5.9353 -11.0901
v 8.0394 -6.724 -11.6158
v 7.6081 -6.7223 -11.0838
v 9.1101 -5.9353 -11.6288
v 9.5324 -5.9353 -11.0996
v 8.9096 -6.724 -11.419
v 9.5302 -6.7223 -11.0948
v 8.9193 -5.9353 -12.4107
v 9.5432 -5.9353 -12.7443
v 9.1113 -6.724 -12.2146
v 9.5411 -6.7223 -12.7491
v -31.9632 4.2762 -23.4864
v -34.0563 4.2762 -22.5324
v -36.2682 4.2762 -23.0899
v -37.6407 4.2762 -24.9328
v -37.6246 4.2762 -27.2982
v -36.2274 4.2762 -29.1536
v -34.0075 4.2762 -29.742
v -31.9272 4.2762 -28.8172
v -32.4817 4.4659 -26.7943
v -33.4976 4.4659 -28.0532
v -34.7975 4.4659 -28.1509
v -35.898 4.4659 -27.4102
v -36.3315 4.4659 -26.1213
v -35.9148 4.4659 -24.8449
v -34.8248 4.4659 -24.1128
v -33.5231 4.4659 -24.2287
v -32.5441 4.4659 -25.1615
v -34.3285 4.5257 -26.1352
v -8.6925 -6.724 -11.2964
v -8.7285 -6.7235 -11.1521
v -8.4576 -5.9353 -11.2013
v -8.7313 -5.9353 -11.1574
v -8.985 -6.724 -11.7441
v -9.0524 -6.7235 -11.4716
v -8.8901 -5.9353 -11.5035
v -9.0553 -5.9353 -11.477
v -8.8836 -6.724 -12.0893
v -9.0479 -6.7235 -12.1134
v -8.9869 -5.9353 -11.8364
v -9.0509 -5.9353 -12.1081
v -8.4464 -6.724 -12.3976
v -8.7197 -6.7235 -12.4376
v -8.689 -5.9353 -12.2881
v -8.7228 -5.9353 -12.4322
v -8.0103 -6.724 -12.2984
v -7.974 -6.7235 -12.4423
v -8.2709 -5.9353 -12.3932
v -7.997 -5.9353 -12.4365
v -7.7181 -6.724 -11.8507
v -7.6498 -6.7235 -12.123
v -7.8381 -5.9353 -12.0911
v -7.6725 -5.9353 -12.1172
v -7.8195 -6.724 -11.5054
v -7.6546 -6.7235 -11.4815
v -7.741 -5.9353 -11.7583
v -7.6767 -5.9353 -11.4869
v -8.2569 -6.724 -11.1972
v -7.9833 -6.7235 -11.1576
v -8.0395 -5.9353 -11.3065
v -8.0054 -5.9353 -11.1631
v 8.2348 -6.724 -11.4142
v 8.1985 -6.7235 -11.2703
v 8.4946 -5.9353 -11.3194
v 8.2209 -5.9353 -11.2761
v 7.942 -6.724 -11.862
v 7.8741 -6.7235 -11.5896
v 8.0619 -5.9353 -11.6215
v 7.8962 -5.9353 -11.5953
v 8.043 -6.724 -12.2073
v 7.8778 -6.7235 -12.2311
v 7.965 -5.9353 -11.9544
v 7.9004 -5.9353 -12.2257
v 8.4803 -6.724 -12.5155
v 8.2064 -6.7235 -12.555
v 8.2637 -5.9353 -12.4062
v 8.2292 -5.9353 -12.5495
v 8.9164 -6.724 -12.4163
v 8.9524 -6.7235 -12.5607
v 8.6814 -5.9353 -12.5112
v 8.955 -5.9353 -12.5553
v 9.2086 -6.724 -11.9686
v 9.2759 -6.7235 -12.2411
v 9.114 -5.9353 -12.2092
v 9.2789 -5.9353 -12.2357
v 9.1071 -6.724 -11.6232
v 9.2715 -6.7235 -11.5992
v 9.2104 -5.9353 -11.8764
v 9.2745 -5.9353 -11.6046
v 8.6706 -6.724 -11.315
v 8.9436 -6.7235 -11.2751
v 8.9127 -5.9353 -11.4246
v 8.9468 -5.9353 -11.2805
v -35.9746 -0.6048 -29.6501
v 36.5372 0.7984 -23.1535
v 36.5742 -0.6048 -30.1203
v 38.9598 -0.5971 -30.1191
v 36.5841 0.7984 -30.1025
v 38.9598 0.7984 -30.1191
v 36.2769 0.7814 39.1705
v 38.5841 -0.5893 26.9439
v 36.2097 -0.5893 26.9604
v 36.2097 0.8043 26.9604
v 38.5841 0.8043 26.9439
v 38.9053 0.8043 -20.7992
v 36.5312 0.8043 -20.7827
v 38.9053 -0.5893 -20.7992
v 36.5312 -0.5893 -20.7827
v 38.2231 0.4521 -7.6339
v 38.079 0.4521 13.7868
v 38.079 -0.237 13.7868
v 38.2231 -0.237 -7.6339
v 36.892 0.4521 13.7951
v 37.0359 0.4521 -7.6256
v 36.892 -0.237 13.7951
v 37.0359 -0.237 -7.6256
v 38.5407 -0.614 32.1518
v 36.197 -0.614 32.1681
v 36.197 0.7814 32.1681
v 38.549 0.8043 32.1614
v 29.6356 -0.6386 39.1469
v 29.6356 0.7585 39.1469
v 29.6823 0.7585 32.2036
v 29.6823 -0.6386 32.2036
v 15.545 -5.65 17.7634
v 15.545 -7.0473 17.7634
v 15.498 -7.0473 24.7067
v 15.498 -5.65 24.7067
v 10.8709 -5.9692 23.1797
v 10.8709 -6.7478 23.1797
v 10.8962 -6.7478 19.3834
v 10.8962 -5.9692 19.3834
v 38.4936 -0.614 39.1551
v 38.4936 0.7814 39.1551
v 5.7454 -5.9692 23.2154
v 8.0333 -5.9692 21.7803
v 7.8422 -5.9692 20.9983
v 8.696 -5.9692 20.7895
v 8.8869 -5.9692 21.5714
v 7.8156 -6.7578 21.5843
v 8.0177 -6.7578 20.7886
v 8.8878 -6.7578 20.9855
v 5.7732 -6.7478 23.2152
v 5.805 -6.7478 19.4188
v 5.8725 -5.9692 19.4183
v 8.6861 -6.7578 21.7813
v 7.7411 -5.9692 21.3326
v 7.4064 -5.9692 22.1101
v 8.2486 -6.7578 21.8865
v 7.3838 -6.7564 22.1161
v 8.2794 -5.9692 20.6902
v 7.4174 -5.9692 20.4728
v 7.7193 -6.7578 21.2405
v 7.3959 -6.7561 20.4668
v 8.9879 -5.9692 21.2372
v 9.32 -5.9692 20.4559
v 8.4552 -6.7578 20.6833
v 9.3178 -6.7561 20.4511
v 8.4501 -5.9692 21.8795
v 9.3089 -5.9692 22.1006
v 8.9847 -6.7578 21.3294
v 9.3067 -6.7561 22.1055
v -0.1245 -6.7478 23.2563
v -0.0988 -6.7478 19.4599
v -0.1245 -5.9692 23.2563
v -0.0988 -5.9692 19.4599
v -30.1008 -0.6386 39.5628
v -30.1008 0.7585 39.5628
v -30.0541 0.7585 32.6196
v -30.0541 -0.6386 32.6196
v -15.7211 -5.65 17.9812
v -15.7211 -7.0473 17.9812
v -15.768 -7.0473 24.9244
v -15.768 -5.65 24.9244
v -11.1196 -5.9692 23.3328
v -11.1196 -6.7478 23.3328
v -11.0941 -6.7478 19.5365
v -11.0941 -5.9692 19.5365
v -38.9042 -0.6386 32.6812
v -38.9511 -0.6386 39.6245
v -38.9511 0.7585 39.6245
v -38.9042 0.7585 32.6812
v 32.8694 4.1624 -25.107
v 34.9504 4.1624 -24.1819
v 37.1697 4.1624 -24.7705
v 38.5673 4.1624 -26.6325
v 38.5833 4.1624 -28.9979
v 37.2106 4.1624 -30.8339
v 34.999 4.1624 -31.3917
v 32.9056 4.1624 -30.4376
v 33.4331 4.3524 -28.4222
v 34.4655 4.3524 -29.6954
v 35.7678 4.3524 -29.8112
v 36.8577 4.3524 -29.0858
v 37.2743 4.3524 -27.8027
v 36.8405 4.3524 -26.5205
v 35.7403 4.3524 -25.7732
v 34.4401 4.3524 -25.8708
v 33.4737 4.3524 -26.7902
v 35.271 4.4121 -27.7887
v -5.9937 -5.9692 23.2972
v -8.5023 -5.9692 21.9976
v -7.9641 -5.9692 21.3552
v -8.6731 -5.9692 20.8082
v -9.2108 -5.9692 21.4507
v -7.942 -6.7578 21.4473
v -8.4721 -6.7578 20.8012
v -9.2074 -6.7578 21.3584
v -6.0222 -6.7478 23.2974
v -6.0022 -6.7478 19.501
v -6.0701 -5.9692 19.5015
v -8.6783 -6.7578 22.0044
v -8.065 -5.9692 21.6894
v -7.6402 -5.9692 22.2149
v -8.24 -6.7578 21.8991
v -7.6177 -6.7564 22.2205
v -8.2563 -5.9692 20.9075
v -7.6292 -5.9692 20.5776
v -8.0392 -6.7578 21.1034
v -7.6077 -6.7561 20.5714
v -9.1097 -5.9692 21.1163
v -9.5319 -5.9692 20.5871
v -8.9094 -6.7578 20.9066
v -9.5294 -6.7561 20.5824
v -8.9191 -5.9692 21.8983
v -9.5431 -5.9692 22.2319
v -9.111 -6.7578 21.7022
v -9.5406 -6.7561 22.2367
v 31.9637 4.2423 32.974
v 34.0567 4.2423 32.02
v 36.2685 4.2423 32.5776
v 37.6411 4.2423 34.4204
v 37.6254 4.2423 36.7857
v 36.2279 4.2423 38.6412
v 34.0083 4.2423 39.2295
v 31.9277 4.2423 38.3047
v 32.482 4.432 36.2819
v 33.498 4.432 37.5408
v 34.7981 4.432 37.6384
v 35.8984 4.432 36.8978
v 36.332 4.432 35.6089
v 35.9154 4.432 34.3325
v 34.8252 4.432 33.6004
v 33.5236 4.432 33.7162
v 32.5448 4.432 34.6491
v 34.3286 4.4919 35.6228
v 8.6933 -6.7578 20.7839
v 8.729 -6.7576 20.6396
v 8.4579 -5.9692 20.6889
v 8.7319 -5.9692 20.645
v 8.9852 -6.7578 21.2317
v 9.0526 -6.7576 20.9592
v 8.8908 -5.9692 20.991
v 9.0558 -5.9692 20.9646
v 8.8839 -6.7578 21.5769
v 9.0483 -6.7576 21.6011
v 8.9872 -5.9692 21.3239
v 9.0514 -5.9692 21.5956
v 8.4472 -6.7578 21.8851
v 8.7202 -6.7576 21.9252
v 8.6894 -5.9692 21.7756
v 8.7231 -5.9692 21.9197
v 8.0105 -6.7578 21.786
v 7.9744 -6.7576 21.9299
v 8.2714 -5.9692 21.8808
v 7.9973 -5.9692 21.9241
v 7.7186 -6.7578 21.3383
v 7.6503 -6.7576 21.6106
v 7.8381 -5.9692 21.5787
v 7.6727 -5.9692 21.6048
v 7.82 -6.7578 20.9929
v 7.6551 -6.7576 20.969
v 7.7417 -5.9692 21.2459
v 7.6772 -5.9692 20.9744
v 8.2575 -6.7578 20.6847
v 7.9839 -6.7576 20.6452
v 8.04 -5.9692 20.794
v 8.0061 -5.9692 20.6507
v -8.234 -6.7578 20.9018
v -8.1982 -6.7576 20.7578
v -8.4943 -5.9692 20.8069
v -8.2203 -5.9692 20.7637
v -7.9415 -6.7578 21.3496
v -7.8735 -6.7576 21.0772
v -8.0612 -5.9692 21.1091
v -7.896 -5.9692 21.0829
v -8.0427 -6.7578 21.6948
v -7.8775 -6.7576 21.7187
v -7.9645 -5.9692 21.442
v -7.9001 -5.9692 21.7132
v -8.4798 -6.7578 22.0031
v -8.2062 -6.7576 22.0425
v -8.2628 -5.9692 21.8938
v -8.229 -5.9692 22.0371
v -8.916 -6.7578 21.9038
v -8.952 -6.7576 22.0483
v -8.681 -5.9692 21.9988
v -8.9548 -5.9692 22.0429
v -9.2082 -6.7578 21.4561
v -9.2757 -6.7576 21.7287
v -9.1138 -5.9692 21.6967
v -9.2787 -5.9692 21.7233
v -9.107 -6.7578 21.1108
v -9.2713 -6.7576 21.0868
v -9.2103 -5.9692 21.3639
v -9.2743 -5.9692 21.0922
v -8.6701 -6.7578 20.8025
v -8.9433 -6.7576 20.7627
v -8.9123 -5.9692 20.9121
v -8.9461 -5.9692 20.7681
v 36.1451 -0.6386 39.1015
v 38.9212 0.8043 -23.1465
v 38.913 -0.5971 -23.1701
v 36.5372 -0.5971 -23.1535
v 8.488 -6.9867 -11.5323
v 7.5206 -6.9867 -11.5255
v 7.5756 -6.9867 -11.8519
v 7.7293 -6.9867 -12.1436
v 7.9658 -6.9867 -12.3691
v 8.2594 -6.9867 -12.5039
v 8.5781 -6.9867 -12.5334
v 8.887 -6.9867 -12.4543
v 9.1533 -6.9867 -12.2755
v 9.3478 -6.9867 -12.016
v 9.4496 -6.9867 -11.7041
v 9.4474 -6.9867 -11.3738
v 9.3413 -6.9867 -11.0604
v 9.1435 -6.9867 -10.7983
v 8.8749 -6.9867 -10.6156
v 8.5646 -6.9867 -10.5322
v 8.2461 -6.9867 -10.5573
v 7.9547 -6.9867 -10.6881
v 7.7209 -6.9867 -10.9104
v 7.571 -6.9867 -11.1999
v 8.0041 -6.6643 -11.5289
v 8.031 -6.6643 -11.6916
v 8.1078 -6.6643 -11.8372
v 8.2259 -6.6643 -11.9496
v 8.3722 -6.6643 -12.0169
v 8.5313 -6.6643 -12.0317
v 8.6853 -6.6643 -11.9922
v 8.8183 -6.6643 -11.9031
v 8.9151 -6.6643 -11.7736
v 8.9658 -6.6643 -11.618
v 8.9645 -6.6643 -11.4532
v 8.9121 -6.6643 -11.2969
v 8.8133 -6.6643 -11.1662
v 8.6794 -6.6643 -11.0751
v 8.5245 -6.6643 -11.0335
v 8.3657 -6.6643 -11.0461
v 8.2201 -6.6643 -11.1111
v 8.1038 -6.6643 -11.2219
v 8.0288 -6.6643 -11.3665
v 8.0041 -6.3423 -11.5289
v 8.031 -6.3423 -11.6916
v 8.1078 -6.3423 -11.8372
v 8.2259 -6.3423 -11.9496
v 8.3722 -6.3423 -12.0169
v 8.5313 -6.3423 -12.0317
v 8.6853 -6.3423 -11.9922
v 8.8183 -6.3423 -11.9031
v 8.9151 -6.3423 -11.7736
v 8.9658 -6.3423 -11.618
v 8.9645 -6.3423 -11.4532
v 8.9121 -6.3423 -11.2969
v 8.8133 -6.3423 -11.1662
v 8.6794 -6.3423 -11.0751
v 8.5245 -6.3423 -11.0335
v 8.3657 -6.3423 -11.0461
v 8.2201 -6.3423 -11.1111
v 8.1038 -6.3423 -11.2219
v 8.0288 -6.3423 -11.3665
v 8.0041 -4.9422 -11.5289
v 8.031 -4.9422 -11.6916
v 8.1078 -4.9422 -11.8372
v 8.2259 -4.9422 -11.9496
v 8.3722 -4.9422 -12.0169
v 8.5313 -4.9422 -12.0317
v 8.6853 -4.9422 -11.9922
v 8.8183 -4.9422 -11.9031
v 8.9151 -4.9422 -11.7736
v 8.9658 -4.9422 -11.618
v 8.9645 -4.9422 -11.4532
v 8.9121 -4.9422 -11.2969
v 8.8133 -4.9422 -11.1662
v 8.6794 -4.9422 -11.0751
v 8.5245 -4.9422 -11.0335
v 8.3657 -4.9422 -11.0461
v 8.2201 -4.9422 -11.1111
v 8.1038 -4.9422 -11.2219
v 8.0288 -4.9422 -11.3665
v 8.488 -4.9422 -11.5323
v 8.5313 -6.7237 -12.0317
v 8.6853 -6.7237 -11.9922
v 8.8183 -6.7237 -11.9031
v 8.9151 -6.7237 -11.7736
v 8.9658 -6.7237 -11.618
v 8.9645 -6.7237 -11.4532
v 8.9121 -6.7237 -11.2969
v 8.8133 -6.7237 -11.1662
v 8.6794 -6.7237 -11.0751
v 8.5245 -6.7237 -11.0335
v 8.3657 -6.7237 -11.0461
v 8.2201 -6.7237 -11.1111
v 8.1038 -6.7237 -11.2219
v 8.0288 -6.7237 -11.3665
v 8.0041 -6.7237 -11.5289
v 8.031 -6.7237 -11.6916
v 8.1078 -6.7237 -11.8372
v 8.2259 -6.7237 -11.9496
v 8.3722 -6.7237 -12.0169
v 8.2563 -6.7522 -12.516
v 8.5792 -6.7522 -12.5459
v 7.9592 -6.7522 -12.3797
v 7.72 -6.7522 -12.1512
v 7.5642 -6.7522 -11.8559
v 7.5086 -6.7522 -11.5254
v 7.5592 -6.7522 -11.1958
v 7.7114 -6.7522 -10.9025
v 7.9483 -6.7522 -10.6775
v 8.2431 -6.7522 -10.5451
v 8.5655 -6.7522 -10.5198
v 8.8796 -6.7522 -10.6042
v 9.1517 -6.7522 -10.789
v 9.352 -6.7522 -11.0544
v 9.4593 -6.7522 -11.3717
v 9.4619 -6.7522 -11.7064
v 9.3586 -6.7522 -12.0221
v 9.1619 -6.7522 -12.2848
v 8.8924 -6.7522 -12.466
v -8.2637 -6.9867 -11.4156
v -7.2968 -6.9867 -11.4223
v -7.3472 -6.9867 -11.748
v -7.4971 -6.9867 -12.0376
v -7.7307 -6.9867 -12.2598
v -8.0226 -6.9867 -12.3905
v -8.3407 -6.9867 -12.4156
v -8.6509 -6.9867 -12.3322
v -8.9194 -6.9867 -12.1497
v -9.1173 -6.9867 -11.8874
v -9.2233 -6.9867 -11.5741
v -9.2254 -6.9867 -11.2438
v -9.1237 -6.9867 -10.9318
v -8.9294 -6.9867 -10.6724
v -8.663 -6.9867 -10.4935
v -8.354 -6.9867 -10.4144
v -8.0354 -6.9867 -10.444
v -7.7419 -6.9867 -10.5788
v -7.5052 -6.9867 -10.8043
v -7.3512 -6.9867 -11.096
v -7.7797 -6.6643 -11.4189
v -7.8046 -6.6643 -11.5813
v -7.8796 -6.6643 -11.7259
v -7.9961 -6.6643 -11.8367
v -8.1416 -6.6643 -11.9019
v -8.3005 -6.6643 -11.9144
v -8.455 -6.6643 -11.8729
v -8.5892 -6.6643 -11.7818
v -8.6878 -6.6643 -11.651
v -8.7406 -6.6643 -11.4947
v -8.7418 -6.6643 -11.3299
v -8.6909 -6.6643 -11.1743
v -8.5944 -6.6643 -11.045
v -8.4613 -6.6643 -10.9556
v -8.3071 -6.6643 -10.9163
v -8.1481 -6.6643 -10.9311
v -8.0018 -6.6643 -10.9982
v -7.8836 -6.6643 -11.1106
v -7.807 -6.6643 -11.2563
v -7.7797 -6.3423 -11.4189
v -7.8046 -6.3423 -11.5813
v -7.8796 -6.3423 -11.7259
v -7.9961 -6.3423 -11.8367
v -8.1416 -6.3423 -11.9019
v -8.3005 -6.3423 -11.9144
v -8.455 -6.3423 -11.8729
v -8.5892 -6.3423 -11.7818
v -8.6878 -6.3423 -11.651
v -8.7406 -6.3423 -11.4947
v -8.7418 -6.3423 -11.3299
v -8.6909 -6.3423 -11.1743
v -8.5944 -6.3423 -11.045
v -8.4613 -6.3423 -10.9556
v -8.3071 -6.3423 -10.9163
v -8.1481 -6.3423 -10.9311
v -8.0018 -6.3423 -10.9982
v -7.8836 -6.3423 -11.1106
v -7.807 -6.3423 -11.2563
v -7.7797 -4.9422 -11.4189
v -7.8046 -4.9422 -11.5813
v -7.8796 -4.9422 -11.7259
v -7.9961 -4.9422 -11.8367
v -8.1416 -4.9422 -11.9019
v -8.3005 -4.9422 -11.9144
v -8.455 -4.9422 -11.8729
v -8.5892 -4.9422 -11.7818
v -8.6878 -4.9422 -11.651
v -8.7406 -4.9422 -11.4947
v -8.7418 -4.9422 -11.3299
v -8.6909 -4.9422 -11.1743
v -8.5944 -4.9422 -11.045
v -8.4613 -4.9422 -10.9556
v -8.3071 -4.9422 -10.9163
v -8.1481 -4.9422 -10.9311
v -8.0018 -4.9422 -10.9982
v -7.8836 -4.9422 -11.1106
v -7.807 -4.9422 -11.2563
v -8.2637 -4.9422 -11.4156
v -8.3005 -6.7238 -11.9144
v -8.455 -6.7238 -11.8729
v -8.5892 -6.7238 -11.7818
v -8.6878 -6.7238 -11.651
v -8.7406 -6.7238 -11.4947
v -8.7418 -6.7238 -11.3299
v -8.6909 -6.7238 -11.1743
v -8.5944 -6.7238 -11.045
v -8.4613 -6.7238 -10.9556
v -8.3071 -6.7238 -10.9163
v -8.1481 -6.7238 -10.9311
v -8.0018 -6.7238 -10.9982
v -7.8836 -6.7238 -11.1106
v -7.807 -6.7238 -11.2563
v -7.7797 -6.7238 -11.4189
v -7.8046 -6.7238 -11.5813
v -7.8796 -6.7238 -11.7259
v -7.9961 -6.7238 -11.8367
v -8.1416 -6.7238 -11.9019
v -8.0193 -6.7522 -12.4027
v -8.3415 -6.7522 -12.428
v -7.7242 -6.7522 -12.2705
v -7.4876 -6.7522 -12.0454
v -7.3354 -6.7522 -11.7521
v -7.2845 -6.7522 -11.4224
v -7.3399 -6.7522 -11.092
v -7.4959 -6.7522 -10.7967
v -7.7353 -6.7522 -10.5682
v -8.0326 -6.7522 -10.4318
v -8.3552 -6.7522 -10.402
v -8.668 -6.7522 -10.482
v -8.9381 -6.7522 -10.663
v -9.1347 -6.7522 -10.9257
v -9.2376 -6.7522 -11.2414
v -9.2355 -6.7522 -11.5762
v -9.1282 -6.7522 -11.8934
v -8.9278 -6.7522 -12.1588
v -8.6554 -6.7522 -12.3438
v 8.2663 -7.0207 21.3984
v 7.2987 -7.0207 21.4052
v 7.3493 -7.0207 21.7308
v 7.4993 -7.0207 22.0205
v 7.7327 -7.0207 22.2427
v 8.0243 -7.0207 22.3734
v 8.3429 -7.0207 22.3984
v 8.6531 -7.0207 22.3151
v 8.9217 -7.0207 22.1326
v 9.1195 -7.0207 21.8703
v 9.2257 -7.0207 21.557
v 9.2276 -7.0207 21.2266
v 9.1257 -7.0207 20.9147
v 8.932 -7.0207 20.6552
v 8.6656 -7.0207 20.4763
v 8.3563 -7.0207 20.3973
v 8.0375 -7.0207 20.4269
v 7.7444 -7.0207 20.5616
v 7.5078 -7.0207 20.7871
v 7.3536 -7.0207 21.0788
v 7.7821 -6.6983 21.4018
v 7.8071 -6.6983 21.5643
v 7.8819 -6.6983 21.7088
v 7.9985 -6.6983 21.8195
v 8.1441 -6.6983 21.8847
v 8.3027 -6.6983 21.8973
v 8.4575 -6.6983 21.8557
v 8.5918 -6.6983 21.7647
v 8.6903 -6.6983 21.6338
v 8.7431 -6.6983 21.4775
v 8.7442 -6.6983 21.3128
v 8.6935 -6.6983 21.1573
v 8.5965 -6.6983 21.0278
v 8.464 -6.6983 20.9386
v 8.3096 -6.6983 20.8991
v 8.1507 -6.6983 20.9138
v 8.0042 -6.6983 20.9811
v 7.8865 -6.6983 21.0935
v 7.8093 -6.6983 21.239
v 7.7821 -6.3761 21.4018
v 7.8071 -6.3761 21.5643
v 7.8819 -6.3761 21.7088
v 7.9985 -6.3761 21.8195
v 8.1441 -6.3761 21.8847
v 8.3027 -6.3761 21.8973
v 8.4575 -6.3761 21.8557
v 8.5918 -6.3761 21.7647
v 8.6903 -6.3761 21.6338
v 8.7431 -6.3761 21.4775
v 8.7442 -6.3761 21.3128
v 8.6935 -6.3761 21.1573
v 8.5965 -6.3761 21.0278
v 8.464 -6.3761 20.9386
v 8.3096 -6.3761 20.8991
v 8.1507 -6.3761 20.9138
v 8.0042 -6.3761 20.9811
v 7.8865 -6.3761 21.0935
v 7.8093 -6.3761 21.239
v 7.7821 -4.9761 21.4018
v 7.8071 -4.9761 21.5643
v 7.8819 -4.9761 21.7088
v 7.9985 -4.9761 21.8195
v 8.1441 -4.9761 21.8847
v 8.3027 -4.9761 21.8973
v 8.4575 -4.9761 21.8557
v 8.5918 -4.9761 21.7647
v 8.6903 -4.9761 21.6338
v 8.7431 -4.9761 21.4775
v 8.7442 -4.9761 21.3128
v 8.6935 -4.9761 21.1573
v 8.5965 -4.9761 21.0278
v 8.464 -4.9761 20.9386
v 8.3096 -4.9761 20.8991
v 8.1507 -4.9761 20.9138
v 8.0042 -4.9761 20.9811
v 7.8865 -4.9761 21.0935
v 7.8093 -4.9761 21.239
v 8.2663 -4.9761 21.3984
v 8.3027 -6.7578 21.8973
v 8.4575 -6.7578 21.8557
v 8.5918 -6.7578 21.7647
v 8.6903 -6.7578 21.6338
v 8.7431 -6.7578 21.4775
v 8.7442 -6.7578 21.3128
v 8.6935 -6.7578 21.1573
v 8.5965 -6.7578 21.0278
v 8.464 -6.7578 20.9386
v 8.3096 -6.7578 20.8991
v 8.1507 -6.7578 20.9138
v 8.0042 -6.7578 20.9811
v 7.8865 -6.7578 21.0935
v 7.8093 -6.7578 21.239
v 7.7821 -6.7578 21.4018
v 7.8071 -6.7578 21.5643
v 7.8819 -6.7578 21.7088
v 7.9985 -6.7578 21.8195
v 8.1441 -6.7578 21.8847
v 8.0218 -6.786 22.3856
v 8.3438 -6.786 22.411
v 7.7264 -6.786 22.2534
v 7.4899 -6.786 22.0283
v 7.338 -6.786 21.735
v 7.287 -6.786 21.4052
v 7.3423 -6.786 21.0748
v 7.4984 -6.786 20.7795
v 7.7376 -6.786 20.5512
v 8.0349 -6.786 20.4147
v 8.3572 -6.786 20.3849
v 8.6708 -6.786 20.4648
v 8.9401 -6.786 20.646
v 9.1371 -6.786 20.9086
v 9.2396 -6.786 21.2244
v 9.2374 -6.786 21.559
v 9.1308 -6.786 21.8763
v 8.9299 -6.786 22.1417
v 8.6578 -6.786 22.3267
v -8.4854 -7.0207 21.5151
v -7.5182 -7.0207 21.5083
v -7.5734 -7.0207 21.8348
v -7.7272 -7.0207 22.1266
v -7.9635 -7.0207 22.352
v -8.257 -7.0207 22.4869
v -8.5756 -7.0207 22.5163
v -8.8847 -7.0207 22.4373
v -9.1511 -7.0207 22.2585
v -9.3454 -7.0207 21.9989
v -9.447 -7.0207 21.687
v -9.4451 -7.0207 21.3566
v -9.339 -7.0207 21.0433
v -9.1412 -7.0207 20.7811
v -8.8724 -7.0207 20.5984
v -8.5621 -7.0207 20.5151
v -8.2439 -7.0207 20.5403
v -7.9522 -7.0207 20.6709
v -7.7188 -7.0207 20.8931
v -7.5686 -7.0207 21.1828
v -8.0012 -6.6983 21.5117
v -8.0288 -6.6983 21.6745
v -8.1056 -6.6983 21.8202
v -8.2235 -6.6983 21.9325
v -8.3699 -6.6983 21.9997
v -8.5286 -6.6983 22.0145
v -8.6827 -6.6983 21.9751
v -8.8158 -6.6983 21.8859
v -8.9128 -6.6983 21.7564
v -8.9633 -6.6983 21.6008
v -8.9623 -6.6983 21.4361
v -8.9098 -6.6983 21.2798
v -8.8107 -6.6983 21.149
v -8.6766 -6.6983 21.0579
v -8.5222 -6.6983 21.0163
v -8.3632 -6.6983 21.0289
v -8.2179 -6.6983 21.0941
v -8.1012 -6.6983 21.2048
v -8.0263 -6.6983 21.3493
v -8.0012 -6.3761 21.5117
v -8.0288 -6.3761 21.6745
v -8.1056 -6.3761 21.8202
v -8.2235 -6.3761 21.9325
v -8.3699 -6.3761 21.9997
v -8.5286 -6.3761 22.0145
v -8.6827 -6.3761 21.9751
v -8.8158 -6.3761 21.8859
v -8.9128 -6.3761 21.7564
v -8.9633 -6.3761 21.6008
v -8.9623 -6.3761 21.4361
v -8.9098 -6.3761 21.2798
v -8.8107 -6.3761 21.149
v -8.6766 -6.3761 21.0579
v -8.5222 -6.3761 21.0163
v -8.3632 -6.3761 21.0289
v -8.2179 -6.3761 21.0941
v -8.1012 -6.3761 21.2048
v -8.0263 -6.3761 21.3493
v -8.0012 -4.9761 21.5117
v -8.0288 -4.9761 21.6745
v -8.1056 -4.9761 21.8202
v -8.2235 -4.9761 21.9325
v -8.3699 -4.9761 21.9997
v -8.5286 -4.9761 22.0145
v -8.6827 -4.9761 21.9751
v -8.8158 -4.9761 21.8859
v -8.9128 -4.9761 21.7564
v -8.9633 -4.9761 21.6008
v -8.9623 -4.9761 21.4361
v -8.9098 -4.9761 21.2798
v -8.8107 -4.9761 21.149
v -8.6766 -4.9761 21.0579
v -8.5222 -4.9761 21.0163
v -8.3632 -4.9761 21.0289
v -8.2179 -4.9761 21.0941
v -8.1012 -4.9761 21.2048
v -8.0263 -4.9761 21.3493
v -8.4854 -4.9761 21.5151
v -8.5286 -6.7577 22.0145
v -8.6827 -6.7577 21.9751
v -8.8158 -6.7577 21.8859
v -8.9128 -6.7577 21.7564
v -8.9633 -6.7577 21.6008
v -8.9623 -6.7577 21.4361
v -8.9098 -6.7577 21.2798
v -8.8107 -6.7577 21.149
v -8.6766 -6.7577 21.0579
v -8.5222 -6.7577 21.0163
v -8.3632 -6.7577 21.0289
v -8.2179 -6.7577 21.0941
v -8.1012 -6.7577 21.2048
v -8.0263 -6.7577 21.3493
v -8.0012 -6.7577 21.5117
v -8.0288 -6.7577 21.6745
v -8.1056 -6.7577 21.8202
v -8.2235 -6.7577 21.9325
v -8.3699 -6.7577 21.9997
v -8.2542 -6.786 22.499
v -8.5769 -6.786 22.5287
v -7.9573 -6.786 22.3625
v -7.7174 -6.786 22.1342
v -7.5614 -6.786 21.8387
v -7.5063 -6.786 21.5082
v -7.5571 -6.786 21.1786
v -7.7095 -6.786 20.8854
v -7.9457 -6.786 20.6604
v -8.2409 -6.786 20.528
v -8.5631 -6.786 20.5028
v -8.8773 -6.786 20.587
v -9.1491 -6.786 20.7719
v -9.3498 -6.786 21.0373
v -9.4575 -6.786 21.3546
v -9.4591 -6.786 21.6892
v -9.3563 -6.786 22.005
v -9.1594 -6.786 22.2677
v -8.8897 -6.786 22.4489
v 33.2878 1.9649 -26.6983
v 33.1438 2.2235 -26.6974
v 33.1521 2.2235 -26.6464
v 33.1768 2.2235 -26.6018
v 33.2151 2.2235 -26.5686
v 33.262 2.2235 -26.5513
v 33.312 2.2235 -26.5516
v 33.3593 2.2235 -26.5696
v 33.3981 2.2235 -26.6032
v 33.4233 2.2235 -26.6482
v 33.4321 2.2235 -26.6993
v 33.4239 2.2235 -26.7503
v 33.3992 2.2235 -26.7951
v 33.3609 2.2235 -26.828
v 33.3145 2.2235 -26.8455
v 33.2638 2.2235 -26.8452
v 33.2168 2.2235 -26.827
v 33.1782 2.2235 -26.7935
v 33.1527 2.2235 -26.7484
v 33.1438 3.6852 -26.6974
v 33.1521 3.6852 -26.6464
v 33.1768 3.6852 -26.6018
v 33.2151 3.6852 -26.5686
v 33.262 3.6852 -26.5513
v 33.312 3.6852 -26.5516
v 33.3593 3.6852 -26.5696
v 33.3981 3.6852 -26.6032
v 33.4233 3.6852 -26.6482
v 33.4321 3.6852 -26.6993
v 33.4239 3.6852 -26.7503
v 33.3992 3.6852 -26.7951
v 33.3609 3.6852 -26.828
v 33.3145 3.6852 -26.8455
v 33.2638 3.6852 -26.8452
v 33.2168 3.6852 -26.827
v 33.1782 3.6852 -26.7935
v 33.1527 3.6852 -26.7484
v 33.2878 3.9439 -26.6983
v 33.2878 1.0305 -26.6983
v 32.3437 1.0305 -26.6918
v 32.3985 1.0305 -26.3581
v 32.5604 1.0305 -26.0655
v 32.8102 1.0305 -25.8492
v 33.1176 1.0305 -25.7353
v 33.4454 1.0305 -25.7376
v 33.7547 1.0305 -25.8557
v 34.0072 1.0305 -26.0755
v 34.1733 1.0305 -26.3705
v 34.2322 1.0305 -26.7049
v 34.1775 1.0305 -27.0387
v 34.0158 1.0305 -27.3313
v 33.7658 1.0305 -27.5476
v 33.458 1.0305 -27.6615
v 33.1303 1.0305 -27.6592
v 32.8215 1.0305 -27.541
v 32.5692 1.0305 -27.3213
v 32.4033 1.0305 -27.0263
v 32.3437 2.81 -26.6918
v 32.3985 2.81 -26.3581
v 32.5604 2.81 -26.0655
v 32.8102 2.81 -25.8492
v 33.1176 2.81 -25.7353
v 33.4454 2.81 -25.7376
v 33.7547 2.81 -25.8557
v 34.0072 2.81 -26.0755
v 34.1733 2.81 -26.3705
v 34.2322 2.81 -26.7049
v 34.1775 2.81 -27.0387
v 34.0158 2.81 -27.3313
v 33.7658 2.81 -27.5476
v 33.458 2.81 -27.6615
v 33.1303 2.81 -27.6592
v 32.8215 2.81 -27.541
v 32.5692 2.81 -27.3213
v 32.4033 2.81 -27.0263
v 33.2878 2.9166 -26.6983
v 33.4387 2.9166 -27.5509
v 33.1487 2.9166 -27.5489
v 33.711 2.9166 -27.4501
v 33.9322 2.9166 -27.2586
v 34.0757 2.9166 -26.9996
v 34.1238 2.9166 -26.7042
v 34.0718 2.9166 -26.4082
v 33.9245 2.9166 -26.147
v 33.701 2.9166 -25.9525
v 33.4271 2.9166 -25.8478
v 33.137 2.9166 -25.8458
v 32.8649 2.9166 -25.9466
v 32.6441 2.9166 -26.1381
v 32.5005 2.9166 -26.3972
v 32.4523 2.9166 -26.6925
v 32.5047 2.9166 -26.9887
v 32.6515 2.9166 -27.2496
v 32.8751 2.9166 -27.4443
v 33.2878 0.8152 -26.6983
v 30.1294 0.8152 -26.6764
v 30.3127 0.8152 -25.5603
v 30.8546 0.8152 -24.5814
v 31.6898 0.8152 -23.8579
v 32.7178 0.8152 -23.477
v 33.8147 0.8152 -23.4847
v 34.848 0.8152 -23.8799
v 35.6931 0.8152 -24.6151
v 36.248 0.8152 -25.6016
v 36.4462 0.8152 -26.7204
v 36.2632 0.8152 -27.8363
v 35.7212 0.8152 -28.8153
v 34.8863 0.8152 -29.5389
v 33.8581 0.8152 -29.9197
v 32.7611 0.8152 -29.9121
v 31.7279 0.8152 -29.5169
v 30.8829 0.8152 -28.7816
v 30.3276 0.8152 -27.7951
v 30.1294 2.4488 -26.6764
v 30.3127 2.4488 -25.5603
v 30.8546 2.4488 -24.5814
v 31.6898 2.4488 -23.8579
v 32.7178 2.4488 -23.477
v 33.8147 2.4488 -23.4847
v 34.848 2.4488 -23.8799
v 35.6931 2.4488 -24.6151
v 36.248 2.4488 -25.6016
v 36.4462 2.4488 -26.7204
v 36.2632 2.4488 -27.8363
v 35.7212 2.4488 -28.8153
v 34.8863 2.4488 -29.5389
v 33.8581 2.4488 -29.9197
v 32.7611 2.4488 -29.9121
v 31.7279 2.4488 -29.5169
v 30.8829 2.4488 -28.7816
v 30.3276 2.4488 -27.7951
v 33.2878 2.6521 -26.6983
v 32.7956 2.6521 -29.7018
v 31.8302 2.6521 -29.3324
v 33.8208 2.6521 -29.7088
v 34.7817 2.6521 -29.353
v 35.5622 2.6521 -28.6768
v 36.0688 2.6521 -27.762
v 36.2398 2.6521 -26.7189
v 36.0544 2.6521 -25.6733
v 35.5357 2.6521 -24.7515
v 34.7458 2.6521 -24.0643
v 33.7804 2.6521 -23.695
v 32.7549 2.6521 -23.6878
v 31.7944 2.6521 -24.0438
v 31.0136 2.6521 -24.72
v 30.5075 2.6521 -25.6348
v 30.3365 2.6521 -26.6778
v 30.5217 2.6521 -27.7233
v 31.0402 2.6521 -28.6453
v 32.8675 1.9649 35.7248
v 32.7232 2.2235 35.7258
v 32.7325 2.2235 35.6747
v 32.7582 2.2235 35.6297
v 32.7966 2.2235 35.5961
v 32.8439 2.2235 35.5781
v 32.894 2.2235 35.5777
v 32.9409 2.2235 35.5951
v 32.9788 2.2235 35.6282
v 33.0037 2.2235 35.6729
v 33.0121 2.2235 35.7238
v 33.0029 2.2235 35.7749
v 32.9778 2.2235 35.82
v 32.9389 2.2235 35.8536
v 32.8919 2.2235 35.8717
v 32.8416 2.2235 35.872
v 32.7947 2.2235 35.8547
v 32.7568 2.2235 35.8215
v 32.7318 2.2235 35.7768
v 32.7232 3.6852 35.7258
v 32.7325 3.6852 35.6747
v 32.7582 3.6852 35.6297
v 32.7966 3.6852 35.5961
v 32.8439 3.6852 35.5781
v 32.894 3.6852 35.5777
v 32.9409 3.6852 35.5951
v 32.9788 3.6852 35.6282
v 33.0037 3.6852 35.6729
v 33.0121 3.6852 35.7238
v 33.0029 3.6852 35.7749
v 32.9778 3.6852 35.82
v 32.9389 3.6852 35.8536
v 32.8919 3.6852 35.8717
v 32.8416 3.6852 35.872
v 32.7947 3.6852 35.8547
v 32.7568 3.6852 35.8215
v 32.7318 3.6852 35.7768
v 32.8675 3.9439 35.7248
v 32.8675 1.0305 35.7248
v 31.9235 1.0305 35.7314
v 31.9827 1.0305 35.3969
v 32.149 1.0305 35.102
v 32.4013 1.0305 34.8822
v 32.7102 1.0305 34.764
v 33.0382 1.0305 34.7618
v 33.3454 1.0305 34.8757
v 33.5952 1.0305 35.092
v 33.7575 1.0305 35.3846
v 33.8119 1.0305 35.7182
v 33.7527 1.0305 36.0528
v 33.5869 1.0305 36.3477
v 33.3342 1.0305 36.5675
v 33.0252 1.0305 36.6858
v 32.6973 1.0305 36.688
v 32.39 1.0305 36.5741
v 32.1405 1.0305 36.3578
v 31.9782 1.0305 36.0651
v 31.9235 2.81 35.7314
v 31.9827 2.81 35.3969
v 32.149 2.81 35.102
v 32.4013 2.81 34.8822
v 32.7102 2.81 34.764
v 33.0382 2.81 34.7618
v 33.3454 2.81 34.8757
v 33.5952 2.81 35.092
v 33.7575 2.81 35.3846
v 33.8119 2.81 35.7182
v 33.7527 2.81 36.0528
v 33.5869 2.81 36.3477
v 33.3342 2.81 36.5675
v 33.0252 2.81 36.6858
v 32.6973 2.81 36.688
v 32.39 2.81 36.5741
v 32.1405 2.81 36.3578
v 31.9782 2.81 36.0651
v 32.8675 2.9166 35.7248
v 33.0072 2.9166 36.5754
v 32.717 2.9166 36.5774
v 33.2807 2.9166 36.4708
v 33.5046 2.9166 36.2762
v 33.6512 2.9166 36.0152
v 33.7039 2.9166 35.719
v 33.6554 2.9166 35.4236
v 33.512 2.9166 35.1646
v 33.2906 2.9166 34.9731
v 33.0188 2.9166 34.8723
v 32.7284 2.9166 34.8743
v 32.4548 2.9166 34.9789
v 32.2313 2.9166 35.1735
v 32.0845 2.9166 35.4346
v 32.032 2.9166 35.7306
v 32.0804 2.9166 36.0261
v 32.2237 2.9166 36.2851
v 32.445 2.9166 36.4766
v 32.8675 0.8152 35.7248
v 29.7093 0.8152 35.7468
v 29.9075 0.8152 34.6281
v 30.4624 0.8152 33.6416
v 31.3079 0.8152 32.9063
v 32.3407 0.8152 32.5111
v 33.4378 0.8152 32.5035
v 34.466 0.8152 32.8844
v 35.3012 0.8152 33.6078
v 35.8433 0.8152 34.5867
v 36.0263 0.8152 35.7028
v 35.8278 0.8152 36.8217
v 35.2728 0.8152 37.8082
v 34.428 0.8152 38.5433
v 33.3946 0.8152 38.9386
v 32.2977 0.8152 38.9462
v 31.2697 0.8152 38.5653
v 30.4342 0.8152 37.8419
v 29.8923 0.8152 36.863
v 29.7093 2.4488 35.7468
v 29.9075 2.4488 34.6281
v 30.4624 2.4488 33.6416
v 31.3079 2.4488 32.9063
v 32.3407 2.4488 32.5111
v 33.4378 2.4488 32.5035
v 34.466 2.4488 32.8844
v 35.3012 2.4488 33.6078
v 35.8433 2.4488 34.5867
v 36.0263 2.4488 35.7028
v 35.8278 2.4488 36.8217
v 35.2728 2.4488 37.8082
v 34.428 2.4488 38.5433
v 33.3946 2.4488 38.9386
v 32.2977 2.4488 38.9462
v 31.2697 2.4488 38.5653
v 30.4342 2.4488 37.8419
v 29.8923 2.4488 36.863
v 32.8675 2.6521 35.7248
v 32.335 2.6521 38.7354
v 31.374 2.6521 38.3794
v 33.3601 2.6521 38.7283
v 34.3259 2.6521 38.3589
v 35.1157 2.6521 37.6718
v 35.6344 2.6521 36.7498
v 35.8197 2.6521 35.7042
v 35.6487 2.6521 34.6612
v 35.1421 2.6521 33.7464
v 34.3616 2.6521 33.0703
v 33.4005 2.6521 32.7143
v 32.3757 2.6521 32.7214
v 31.4096 2.6521 33.0908
v 30.6202 2.6521 33.7779
v 30.1012 2.6521 34.6999
v 29.9162 2.6521 35.7453
v 30.0873 2.6521 36.7885
v 30.5935 2.6521 37.7033
v -32.8617 1.9649 -26.2377
v -32.7174 2.2235 -26.2387
v -32.727 2.2235 -26.1876
v -32.7519 2.2235 -26.1425
v -32.7904 2.2235 -26.109
v -32.8377 2.2235 -26.091
v -32.8878 2.2235 -26.0907
v -32.9344 2.2235 -26.108
v -32.9727 2.2235 -26.1411
v -32.9977 2.2235 -26.1857
v -33.0061 2.2235 -26.2367
v -32.9971 2.2235 -26.2878
v -32.9716 2.2235 -26.3329
v -32.9328 2.2235 -26.3664
v -32.8861 2.2235 -26.3845
v -32.8357 2.2235 -26.3849
v -32.7886 2.2235 -26.3674
v -32.7508 2.2235 -26.3345
v -32.7261 2.2235 -26.2897
v -32.7174 3.6852 -26.2387
v -32.727 3.6852 -26.1876
v -32.7519 3.6852 -26.1425
v -32.7904 3.6852 -26.109
v -32.8377 3.6852 -26.091
v -32.8878 3.6852 -26.0907
v -32.9344 3.6852 -26.108
v -32.9727 3.6852 -26.1411
v -32.9977 3.6852 -26.1857
v -33.0061 3.6852 -26.2367
v -32.9971 3.6852 -26.2878
v -32.9716 3.6852 -26.3329
v -32.9328 3.6852 -26.3664
v -32.8861 3.6852 -26.3845
v -32.8357 3.6852 -26.3849
v -32.7886 3.6852 -26.3674
v -32.7508 3.6852 -26.3345
v -32.7261 3.6852 -26.2897
v -32.8617 3.9439 -26.2377
v -32.8617 1.0305 -26.2377
v -31.9176 1.0305 -26.2443
v -31.9767 1.0305 -25.9099
v -32.1424 1.0305 -25.6148
v -32.3952 1.0305 -25.3951
v -32.7041 1.0305 -25.2769
v -33.0323 1.0305 -25.2747
v -33.3394 1.0305 -25.3886
v -33.5892 1.0305 -25.6049
v -33.7514 1.0305 -25.8975
v -33.806 1.0305 -26.2311
v -33.7466 1.0305 -26.5656
v -33.5808 1.0305 -26.8606
v -33.3278 1.0305 -27.0804
v -33.0194 1.0305 -27.1985
v -32.6915 1.0305 -27.2008
v -32.3838 1.0305 -27.087
v -32.134 1.0305 -26.8706
v -31.9721 1.0305 -26.578
v -31.9176 2.81 -26.2443
v -31.9767 2.81 -25.9099
v -32.1424 2.81 -25.6148
v -32.3952 2.81 -25.3951
v -32.7041 2.81 -25.2769
v -33.0323 2.81 -25.2747
v -33.3394 2.81 -25.3886
v -33.5892 2.81 -25.6049
v -33.7514 2.81 -25.8975
v -33.806 2.81 -26.2311
v -33.7466 2.81 -26.5656
v -33.5808 2.81 -26.8606
v -33.3278 2.81 -27.0804
v -33.0194 2.81 -27.1985
v -32.6915 2.81 -27.2008
v -32.3838 2.81 -27.087
v -32.134 2.81 -26.8706
v -31.9721 2.81 -26.578
v -32.8617 2.9166 -26.2377
v -33.0012 2.9166 -27.0882
v -32.711 2.9166 -27.0903
v -33.2746 2.9166 -26.9836
v -33.4984 2.9166 -26.789
v -33.6454 2.9166 -26.528
v -33.6974 2.9166 -26.2318
v -33.6494 2.9166 -25.9365
v -33.5058 2.9166 -25.6775
v -33.2847 2.9166 -25.486
v -33.0127 2.9166 -25.3851
v -32.7223 2.9166 -25.3871
v -32.4487 2.9166 -25.4918
v -32.2252 2.9166 -25.6864
v -32.0784 2.9166 -25.9475
v -32.0258 2.9166 -26.2435
v -32.0742 2.9166 -26.539
v -32.218 2.9166 -26.7979
v -32.439 2.9166 -26.9894
v -32.8617 0.8152 -26.2377
v -29.7034 0.8152 -26.2597
v -29.9017 0.8152 -25.141
v -30.4565 0.8152 -24.1544
v -31.3016 0.8152 -23.4193
v -32.3348 0.8152 -23.0241
v -33.4319 0.8152 -23.0164
v -34.46 0.8152 -23.3972
v -35.2953 0.8152 -24.1208
v -35.8369 0.8152 -25.0997
v -36.0201 0.8152 -26.2158
v -35.8221 0.8152 -27.3344
v -35.2671 0.8152 -28.321
v -34.4216 0.8152 -29.0562
v -33.3886 0.8152 -29.4515
v -32.2917 0.8152 -29.4591
v -31.2631 0.8152 -29.0781
v -30.4283 0.8152 -28.3547
v -29.8865 0.8152 -27.3758
v -29.7034 2.4488 -26.2597
v -29.9017 2.4488 -25.141
v -30.4565 2.4488 -24.1544
v -31.3016 2.4488 -23.4193
v -32.3348 2.4488 -23.0241
v -33.4319 2.4488 -23.0164
v -34.46 2.4488 -23.3972
v -35.2953 2.4488 -24.1208
v -35.8369 2.4488 -25.0997
v -36.0201 2.4488 -26.2158
v -35.8221 2.4488 -27.3344
v -35.2671 2.4488 -28.321
v -34.4216 2.4488 -29.0562
v -33.3886 2.4488 -29.4515
v -32.2917 2.4488 -29.4591
v -31.2631 2.4488 -29.0781
v -30.4283 2.4488 -28.3547
v -29.8865 2.4488 -27.3758
v -32.8617 2.6521 -26.2377
v -32.329 2.6521 -29.2483
v -31.3683 2.6521 -28.8923
v -33.3541 2.6521 -29.2411
v -34.3197 2.6521 -28.8718
v -35.1099 2.6521 -28.1847
v -35.6283 2.6521 -27.2627
v -35.8138 2.6521 -26.2172
v -35.6425 2.6521 -25.1741
v -35.1361 2.6521 -24.2593
v -34.3553 2.6521 -23.5831
v -33.3947 2.6521 -23.2272
v -32.3693 2.6521 -23.2343
v -31.4037 2.6521 -23.6036
v -30.614 2.6521 -24.2907
v -30.0951 2.6521 -25.2126
v -29.91 2.6521 -26.2583
v -30.081 2.6521 -27.3014
v -30.5875 2.6521 -28.2161
v -33.2819 1.9649 36.1854
v -33.1378 2.2235 36.1844
v -33.146 2.2235 36.1335
v -33.1708 2.2235 36.0888
v -33.2091 2.2235 36.0557
v -33.2562 2.2235 36.0384
v -33.3059 2.2235 36.0387
v -33.3527 2.2235 36.0567
v -33.3921 2.2235 36.0904
v -33.4168 2.2235 36.1353
v -33.4263 2.2235 36.1865
v -33.4178 2.2235 36.2375
v -33.393 2.2235 36.2822
v -33.3548 2.2235 36.3153
v -33.3079 2.2235 36.3326
v -33.2578 2.2235 36.3323
v -33.2105 2.2235 36.3141
v -33.172 2.2235 36.2806
v -33.1466 2.2235 36.2355
v -33.1378 3.6852 36.1844
v -33.146 3.6852 36.1335
v -33.1708 3.6852 36.0888
v -33.2091 3.6852 36.0557
v -33.2562 3.6852 36.0384
v -33.3059 3.6852 36.0387
v -33.3527 3.6852 36.0567
v -33.3921 3.6852 36.0904
v -33.4168 3.6852 36.1353
v -33.4263 3.6852 36.1865
v -33.4178 3.6852 36.2375
v -33.393 3.6852 36.2822
v -33.3548 3.6852 36.3153
v -33.3079 3.6852 36.3326
v -33.2578 3.6852 36.3323
v -33.2105 3.6852 36.3141
v -33.172 3.6852 36.2806
v -33.1466 3.6852 36.2355
v -33.2819 3.9439 36.1854
v -33.2819 1.0305 36.1854
v -32.3379 1.0305 36.1789
v -32.3923 1.0305 35.8452
v -32.5543 1.0305 35.5526
v -32.804 1.0305 35.3363
v -33.1117 1.0305 35.2224
v -33.4394 1.0305 35.2246
v -33.7484 1.0305 35.3429
v -34.0009 1.0305 35.5626
v -34.167 1.0305 35.8576
v -34.2262 1.0305 36.192
v -34.1715 1.0305 36.5258
v -34.0092 1.0305 36.8184
v -33.7596 1.0305 37.0347
v -33.4525 1.0305 37.1486
v -33.1245 1.0305 37.1464
v -32.8159 1.0305 37.0281
v -32.5628 1.0305 36.8083
v -32.3968 1.0305 36.5134
v -32.3379 2.81 36.1789
v -32.3923 2.81 35.8452
v -32.5543 2.81 35.5526
v -32.804 2.81 35.3363
v -33.1117 2.81 35.2224
v -33.4394 2.81 35.2246
v -33.7484 2.81 35.3429
v -34.0009 2.81 35.5626
v -34.167 2.81 35.8576
v -34.2262 2.81 36.192
v -34.1715 2.81 36.5258
v -34.0092 2.81 36.8184
v -33.7596 2.81 37.0347
v -33.4525 2.81 37.1486
v -33.1245 2.81 37.1464
v -32.8159 2.81 37.0281
v -32.5628 2.81 36.8083
v -32.3968 2.81 36.5134
v -33.2819 2.9166 36.1854
v -33.4329 2.9166 37.0381
v -33.1426 2.9166 37.036
v -33.7052 2.9166 36.9372
v -33.9258 2.9166 36.7458
v -34.0694 2.9166 36.4867
v -34.1178 2.9166 36.1913
v -34.0655 2.9166 35.8952
v -33.9185 2.9166 35.6341
v -33.6949 2.9166 35.4395
v -33.4215 2.9166 35.335
v -33.131 2.9166 35.3329
v -32.8592 2.9166 35.4337
v -32.6378 2.9166 35.6252
v -32.4946 2.9166 35.8843
v -32.4459 2.9166 36.1796
v -32.4984 2.9166 36.4758
v -32.6455 2.9166 36.7369
v -32.8687 2.9166 36.9314
v -33.2819 0.8152 36.1854
v -30.1237 0.8152 36.1634
v -30.3066 0.8152 35.0474
v -30.8483 0.8152 34.0685
v -31.6835 0.8152 33.345
v -32.7118 0.8152 32.9642
v -33.8089 0.8152 32.9718
v -34.842 0.8152 33.367
v -35.6873 0.8152 34.1022
v -36.2425 0.8152 35.0887
v -36.4403 0.8152 36.2074
v -36.2573 0.8152 37.3236
v -35.7157 0.8152 38.3025
v -34.88 0.8152 39.026
v -33.8519 0.8152 39.4069
v -32.7549 0.8152 39.3992
v -31.7218 0.8152 39.0041
v -30.8765 0.8152 38.2688
v -30.3218 0.8152 37.2823
v -30.1237 2.4488 36.1634
v -30.3066 2.4488 35.0474
v -30.8483 2.4488 34.0685
v -31.6835 2.4488 33.345
v -32.7118 2.4488 32.9642
v -33.8089 2.4488 32.9718
v -34.842 2.4488 33.367
v -35.6873 2.4488 34.1022
v -36.2425 2.4488 35.0887
v -36.4403 2.4488 36.2074
v -36.2573 2.4488 37.3236
v -35.7157 2.4488 38.3025
v -34.88 2.4488 39.026
v -33.8519 2.4488 39.4069
v -32.7549 2.4488 39.3992
v -31.7218 2.4488 39.0041
v -30.8765 2.4488 38.2688
v -30.3218 2.4488 37.2823
v -33.2819 2.6521 36.1854
v -32.7897 2.6521 39.1889
v -31.824 2.6521 38.8195
v -33.8146 2.6521 39.1961
v -34.7758 2.6521 38.8401
v -35.5564 2.6521 38.1639
v -36.0627 2.6521 37.2491
v -36.2336 2.6521 36.206
v -36.0483 2.6521 35.1604
v -35.53 2.6521 34.2386
v -34.7399 2.6521 33.5514
v -33.7742 2.6521 33.1821
v -32.7492 2.6521 33.1749
v -31.7882 2.6521 33.5308
v -31.0075 2.6521 34.207
v -30.5014 2.6521 35.1218
v -30.3302 2.6521 36.1649
v -30.5154 2.6521 37.2104
v -31.0342 2.6521 38.1324
v -14.3546 6.2223 30.719
v -15.533 6.2223 30.7273
v -13.5236 10.6061 45.6176
v -16.5645 10.6061 45.6388
v -13.5185 10.0212 -30.687
v -15.6301 10.0212 -30.6723
v -12.9076 0.6659 -30.6913
v -15.6301 0.6659 -30.6723
v -13.5031 10.6061 27.1453
v -16.3362 10.6061 27.1649
v -16.4609 6.159 45.638
v -13.6273 6.159 45.6184
v -13.3694 0.4753 7.2738
v -13.7008 10.212 9.6544
v -16.2029 0.4753 7.2936
v -16.2188 10.212 9.672
v -13.6273 0.3048 45.6184
v -13.4647 0.4538 22.1908
v -16.4609 0.3048 45.638
v -16.2979 0.4538 22.2105
v -16.3336 10.1907 26.7458
v -16.2969 10.1907 22.0302
v -13.5004 10.1907 26.7262
v -13.7837 10.2674 22.0127
v -16.3975 -9.3863 36.2068
v -13.564 -9.3863 36.1871
v -13.5038 -9.506 28.0259
v -16.3373 -9.506 28.0456
v -12.9076 6.9218 -30.6913
v -15.6301 6.9218 -30.6723
v -15.6301 3.6387 -30.6723
v -12.9076 3.6387 -30.6913
v -14.9239 7.6928 -30.6772
v -13.6141 7.6928 -30.6864
v -13.6141 9.1234 -30.6864
v -14.9239 9.1234 -30.6772
v -13.6176 2.8634 -30.6863
v -14.9199 2.8634 -30.6772
v -14.9199 1.4414 -30.6772
v -13.6176 1.4414 -30.6863
v -15.1923 7.7885 -33.6534
v -13.8288 7.7885 -33.663
v -13.8288 9.2777 -33.663
v -15.1923 9.2777 -33.6534
v -13.8326 2.7622 -33.663
v -15.1879 2.7622 -33.6534
v -15.1879 1.2823 -33.6534
v -13.8326 1.2823 -33.663
v -15.6562 7.2821 -33.6501
v -13.3649 7.2821 -33.666
v -13.3649 9.7841 -33.666
v -15.6562 9.7841 -33.6501
v -13.4257 3.207 -33.669
v -15.5952 3.207 -33.6537
v -15.5952 0.8378 -33.6537
v -13.4257 0.8378 -33.669
v -13.4094 3.207 -36.1129
v -15.5788 3.207 -36.0979
v -15.5788 0.8378 -36.0979
v -13.4094 0.8378 -36.1129
v -15.6398 7.2821 -36.0975
v -13.3483 7.2821 -36.1134
v -13.3483 9.7841 -36.1134
v -15.6398 9.7841 -36.0975
v -15.1682 7.7969 -36.1006
v -13.8197 7.7969 -36.1101
v -13.8197 9.2692 -36.1101
v -15.1682 9.2692 -36.1006
v -13.793 2.7876 -36.1104
v -15.1946 2.7876 -36.1006
v -15.1946 1.2569 -36.1006
v -13.793 1.2569 -36.1104
v -11.4011 8.4649 -39.1636
v -11.2763 8.4649 -39.1644
v -11.2763 8.601 -39.1644
v -11.4011 8.601 -39.1636
v -11.2928 2.0727 -39.1644
v -11.3849 2.0727 -39.1636
v -11.3849 1.972 -39.1636
v -11.2928 1.972 -39.1644
v -12.9076 8.8167 -30.6913
v -15.0624 5.9582 -30.6762
v -15.6301 6.1767 -30.6723
v -16.2188 6.5867 9.672
v -16.2969 6.5867 22.0302
v -16.3416 6.2105 27.9307
v -16.3433 6.2105 28.1852
v -16.5645 6.2105 45.6388
v -13.5236 6.2105 45.6176
v -13.5099 6.2105 28.1656
v -13.5086 6.2783 27.9109
v -13.5356 8.9583 32.7653
v -13.3786 8.9583 8.6672
v -0.0294 10.212 9.5011
v -0.1144 10.2674 22.1287
v -0.1852 8.956 32.6681
v -0.0229 9.4864 8.5701
v -0.0756 9.3242 -30.7806
v -0.0756 10.0212 -30.7806
v -15.1164 0.4753 4.2425
v -14.9129 0.4753 -26.0066
v -14.2107 0.4753 -26.0114
v -14.4147 0.4753 4.2375
v -15.1164 -1.7566 4.2425
v -14.9129 -1.7566 -26.0066
v -14.2107 -1.7566 -26.0114
v -14.4147 -1.7566 4.2375
v -16.6586 -1.7566 4.2532
v -16.455 -1.7566 -25.9958
v -12.6691 -1.7566 -26.0222
v -12.8725 -1.7566 4.2268
v -16.6804 -5.3261 7.4809
v -16.4764 -5.3261 -22.768
v -12.6907 -5.3261 -22.7944
v -12.8945 -5.3261 7.4546
v -13.115 -4.9238 -23.1551
v -16.0475 -4.9238 -23.1347
v -16.0306 -2.1587 -25.635
v -13.0979 -2.1587 -25.6554
v -13.3093 -4.9238 5.7452
v -16.2417 -4.9238 5.7656
v -16.225 -2.1587 3.2652
v -13.2927 -2.1587 3.2449
v -16.321 0.3301 25.0118
v -16.321 6.2105 25.0118
v -16.321 10.1907 25.0118
v -13.4874 10.1907 24.9921
v -13.4874 6.2783 24.9921
v -13.4874 0.3301 24.9921
v -13.5252 -9.4116 30.6188
v -16.3589 -9.4116 30.6385
v -13.5904 4.7615 29.5019
v -13.6857 4.7201 43.6516
v -13.6862 -0.0437 43.7556
v -13.6344 -7.9301 36.0292
v -13.6027 -7.9506 31.4981
v -13.572 -0.0233 26.9195
v -13.572 4.8169 26.9195
v -13.5892 4.8169 29.2948
v -16.2621 -0.0233 26.9382
v -16.2928 -7.9506 31.5168
v -16.3243 -7.9301 36.048
v -16.3765 -0.0437 43.7744
v -16.3759 4.7201 43.6704
v -16.2805 4.7615 29.5206
v -16.2789 4.7615 29.3134
v -16.2621 4.7615 26.9382
v -14.9346 4.7615 29.4077
v -15.03 4.7201 43.661
v -15.0309 -0.0437 43.765
v -14.9791 -7.9301 36.0386
v -14.9484 -7.9506 31.5075
v -14.9177 -0.0233 26.9289
v -14.9177 4.8169 26.9289
v -14.9337 4.8169 29.3042
v -14.9177 4.7615 26.9289
v -15.7166 -3.8106 16.7443
v -13.974 -3.8106 16.7322
v -13.9365 -3.7308 10.6792
v -15.6791 -3.7308 10.6913
v -13.4923 6.3891 -30.6872
v -13.4038 6.3234 -30.6878
v -15.1339 6.3234 -30.6758
v -15.2133 6.1767 -30.6752
v -15.1339 4.2371 -30.6758
v -13.4038 4.2371 -30.6878
v 14.0119 6.2223 30.5216
v 15.1902 6.2223 30.5134
v 12.98 10.6061 45.4331
v 16.0214 10.6061 45.4119
v 14.2325 10.212 -30.7633
v 16.4301 10.212 -30.7786
v 13.5968 0.4753 -30.7589
v 16.4301 0.4753 -30.7786
v 13.2082 10.6061 26.9594
v 16.0417 10.6061 26.9395
v 15.9173 6.159 45.4126
v 13.0841 6.159 45.4324
v 13.342 0.4753 7.0878
v 13.641 10.212 9.4641
v 16.1755 0.4753 7.0681
v 16.1593 10.212 9.4465
v 13.0841 0.3048 45.4324
v 13.2394 0.4538 21.5535
v 15.9173 0.3048 45.4126
v 16.0731 0.4538 21.5337
v 16.0447 10.0384 26.5204
v 16.0712 10.0799 21.8048
v 13.2112 10.0384 26.5402
v 13.5581 10.343 21.8224
v 15.9806 -9.3863 35.9813
v 13.1474 -9.3863 36.0011
v 13.1973 -9.506 27.84
v 16.0308 -9.506 27.8202
v 13.5968 6.9861 -30.7589
v 16.4301 6.9861 -30.7786
v 16.4301 3.5692 -30.7786
v 13.5968 3.5692 -30.7589
v 15.6952 7.7885 -30.7735
v 14.3316 7.7885 -30.7639
v 14.3316 9.2777 -30.7639
v 15.6952 9.2777 -30.7735
v 14.3359 2.7622 -30.764
v 15.6914 2.7622 -30.7735
v 15.6914 1.2823 -30.7735
v 14.3359 1.2823 -30.764
v 15.7163 7.7885 -33.8686
v 14.3523 7.7885 -33.859
v 14.3523 9.2777 -33.859
v 15.7163 9.2777 -33.8686
v 14.3567 2.7622 -33.8592
v 15.7122 2.7622 -33.8686
v 15.7122 1.2823 -33.8686
v 14.3567 1.2823 -33.8592
v 16.1798 7.2821 -33.8718
v 13.8887 7.2821 -33.8558
v 13.8887 9.7841 -33.8558
v 16.1798 9.7841 -33.8718
v 13.9498 3.207 -33.8595
v 16.1192 3.207 -33.8748
v 16.1192 0.8378 -33.8748
v 13.9498 0.8378 -33.8595
v 13.9663 3.207 -36.3036
v 16.1358 3.207 -36.3188
v 16.1358 0.8378 -36.3188
v 13.9663 0.8378 -36.3036
v 16.1962 7.2821 -36.3192
v 13.9052 7.2821 -36.3031
v 13.9052 9.7841 -36.3031
v 16.1962 9.7841 -36.3192
v 15.7252 7.7969 -36.3159
v 14.3766 7.7969 -36.3066
v 14.3766 9.2692 -36.3066
v 15.7252 9.2692 -36.3159
v 14.35 2.7876 -36.3063
v 15.7518 2.7876 -36.3161
v 15.7518 1.2569 -36.3161
v 14.35 1.2569 -36.3063
v 11.999 8.4649 -39.3263
v 11.8745 8.4649 -39.3256
v 11.8745 8.601 -39.3256
v 11.999 8.601 -39.3263
v 11.8905 2.0727 -39.3256
v 11.9825 2.0727 -39.3262
v 11.9825 1.972 -39.3262
v 11.8905 1.972 -39.3256
v 13.5968 8.9583 -30.7589
v 15.8397 5.983 -30.7745
v 16.4301 6.2105 -30.7786
v 16.1593 6.2105 9.4465
v 16.0712 6.2105 21.8048
v 16.0364 6.2105 27.7051
v 16.035 6.2105 27.9596
v 16.0214 6.2105 45.4119
v 12.98 6.2105 45.4331
v 13.2014 6.2105 27.9795
v 13.2031 6.2783 27.7249
v 13.1652 8.9583 32.5793
v 13.3328 8.9583 8.4812
v 15.1304 0.4753 4.0318
v 15.3336 0.4753 -26.2172
v 14.6323 0.4753 -26.2124
v 14.4285 0.4753 4.0367
v 15.1304 -1.7566 4.0318
v 15.3336 -1.7566 -26.2172
v 14.6323 -1.7566 -26.2124
v 14.4285 -1.7566 4.0367
v 16.6723 -1.7566 4.0211
v 16.8759 -1.7566 -26.2279
v 13.09 -1.7566 -26.2015
v 12.8863 -1.7566 4.0474
v 16.6506 -5.3261 7.2489
v 16.8539 -5.3261 -23.0002
v 13.0681 -5.3261 -22.9738
v 12.8647 -5.3261 7.2752
v 13.4977 -4.9238 -23.3404
v 16.4299 -4.9238 -23.3609
v 16.4467 -2.1587 -25.8612
v 13.5144 -2.1587 -25.8408
v 13.3029 -4.9238 5.5599
v 16.2352 -4.9238 5.5394
v 16.2521 -2.1587 3.0391
v 13.3198 -2.1587 3.0595
v 16.0549 0.3301 24.7864
v 16.0549 6.2105 24.7864
v 16.0549 10.0472 24.7864
v 13.2216 10.0472 24.8061
v 13.2216 6.2783 24.8061
v 13.2216 0.3301 24.8061
v 13.1836 -9.4116 30.4328
v 16.0173 -9.4116 30.4131
v 13.264 4.7615 29.315
v 13.1688 4.7201 43.4647
v 13.1681 -0.0437 43.5686
v 13.2202 -7.9301 35.8423
v 13.2495 -7.9506 31.3112
v 13.2805 -0.0233 26.7326
v 13.2805 4.8169 26.7326
v 13.2653 4.8169 29.1078
v 15.9705 -0.0233 26.7138
v 15.9397 -7.9506 31.2924
v 15.9103 -7.9301 35.8235
v 15.8584 -0.0437 43.55
v 15.8588 4.7201 43.4459
v 15.9541 4.7615 29.2962
v 15.9556 4.7615 29.0889
v 15.9705 4.7615 26.7138
v 14.609 4.7615 29.2019
v 14.5134 4.7201 43.4553
v 14.5127 -0.0437 43.5593
v 14.5648 -7.9301 35.833
v 14.5951 -7.9506 31.3018
v 14.6261 -0.0233 26.7232
v 14.6261 4.8169 26.7232
v 14.6098 4.8169 29.0984
v 14.6261 4.7615 26.7232
v 15.5621 -3.8106 16.5265
v 13.8195 -3.8106 16.5386
v 13.8637 -3.7308 10.4856
v 15.6062 -3.7308 10.4734
v 14.2052 6.4318 -30.7631
v 14.1132 6.3633 -30.7624
v 15.9138 6.3633 -30.7749
v 15.9963 6.2105 -30.7757
v 15.9138 4.1918 -30.7749
v 14.1132 4.1918 -30.7624
v 15.8397 4.565 -30.7745
v 15.5704 4.2962 -30.7726
v 14.4568 4.2962 -30.7648
v 14.1877 4.565 -30.763
v 14.1877 5.983 -30.763
v 14.1869 6.4423 -30.6462
v 14.4318 6.6317 -30.7647
v 15.5952 6.6317 -30.7728
v 15.8397 6.4423 -30.7745
v -15.0624 4.5956 -30.6762
v -15.0624 6.3993 -30.6762
v -14.8277 6.5812 -30.6778
v -13.7103 6.5812 -30.6857
v -13.7061 6.4423 -30.452
v -13.4754 5.9582 -30.6873
v -13.4754 4.5956 -30.6873
v -13.7339 4.3372 -30.6855
v -14.8039 4.3372 -30.678
v 15.6858 6.856 9.4498
v 15.6858 9.4345 9.4498
v 15.5991 9.4345 21.8082
v 15.5991 6.856 21.8082
v 13.5581 9.4345 21.8224
v 13.6411 9.4345 9.4641
v 14.983 -3.416 16.1684
v 15.0188 -3.3507 11.2303
v 15.4833 0.0805 8.4521
v 15.3969 0.0631 20.6699
v 12.3098 -3.0898 16.2186
v 12.3098 -3.0289 11.6112
v 12.3098 0.1726 9.0219
v 12.3098 0.1563 20.4218
v -15.7469 6.5867 22.0264
v -15.7469 9.3276 22.0264
v -15.6669 9.3276 9.6681
v -15.6669 6.5867 9.6681
v -13.7008 9.3276 9.6544
v -13.7837 9.3276 22.0127
v -15.6291 -0.0383 20.5284
v -15.5559 -0.0217 9.0259
v -15.1538 -3.2522 11.6356
v -15.1828 -3.3137 16.2845
v -12.1547 0.1444 20.4695
v -12.1547 0.161 8.9669
v -12.1547 -3.0694 11.5796
v -12.1547 -3.1309 16.2285
v -13.6416 7.3151 -19.4444
v -5.1042 -0.8805 -45.4759
v 5.89 -0.8805 -45.5523
v 13.9681 7.3151 -18.7524
v 13.5341 7.3151 45.7549
v -14.0818 7.3151 45.9472
v -12.6613 -5.8119 -13.2121
v -5.2458 -3.8718 -24.4811
v 5.7489 -3.8718 -24.574
v 12.91 -5.8119 -13.3901
v 12.6079 -5.8119 31.4411
v -12.963 -5.8119 31.6192
v -5.816 8.8541 39.6831
v 5.4383 8.8541 39.6047
v 12.1471 10.2544 -18.2485
v 5.7738 10.2544 -30.8463
v -5.6019 10.2544 -30.7343
v -12.2137 10.2544 -18.0788
v 5.4383 10.929 39.6047
v -5.816 10.929 39.6831
v -6.37 10.929 39.6869
v 5.9406 10.929 39.6012
v 12.1395 10.929 -17.1676
v 13.3452 10.929 -18.7808
v 5.7738 10.8597 -30.8463
v 6.3645 10.8597 -33.7162
v -5.6019 10.8597 -30.7343
v -6.0497 10.8597 -33.6132
v -12.2067 10.929 -19.1433
v -13.2855 10.929 -20.9536
v 12.8091 10.03 45.4323
v -13.3006 10.03 45.6141
v -13.3026 8.8541 45.9417
v 12.8068 8.8541 45.7599
v 13.6069 10.8597 -19.1265
v 13.8845 8.8541 -19.1284
v 6.6803 10.8597 -34.357
v 6.7558 8.681 -45.5585
v -5.9763 10.8597 -34.2361
v -5.901 8.681 -45.4704
v -13.5248 10.8597 -21.3447
v -13.5248 8.8541 -21.3447
v -3.8576 7.1768 -45.4845
v 4.8685 7.1768 -45.5453
v 4.8339 0.5203 -45.5451
v -3.8576 0.5203 -45.4845
v -3.8741 7.1768 -43.0442
v 4.8524 7.1768 -43.1381
v 4.8371 0.5203 -40.8779
v -3.8891 0.5203 -40.8172
v -1.3712 10.03 45.5311
v 1.4561 10.929 39.6325
v -1.3316 10.929 39.6518
v 1.4161 10.03 45.5117
v 0.77 19.9374 46.3676
v 0.7803 20.4215 44.8446
v -0.7259 20.4215 44.8551
v -0.736 19.9374 46.3781
v -11.7979 -5.2114 32.2662
v 11.4338 -5.2114 32.1044
v 12.2751 6.7148 45.1085
v -12.814 6.7148 45.2832
v -11.8783 -5.2114 44.253
v 11.3531 -5.2114 44.0912
v 12.282 6.7148 44.0847
v -12.8071 6.7148 44.2594
v -10.8815 -4.6995 44.246
v 10.3561 -4.6995 44.0982
v 10.5889 6.2028 44.0965
v -11.1138 6.2028 44.2477
v 10.3537 -4.6995 44.4817
v -10.8841 -4.6995 44.6296
v -11.8811 -5.2114 44.6366
v 11.3506 -5.2114 44.4748
v 10.586 6.2028 44.4801
v 12.2795 6.7148 44.4683
v -11.1163 6.2028 44.6312
v -12.8101 6.7148 44.643
v -3.0139 -7.1038 16.049
v -2.153 -7.1038 16.0431
v -2.2015 -7.1038 16.3335
v -2.3387 -7.1038 16.5933
v -2.5495 -7.1038 16.794
v -2.8105 -7.1038 16.914
v -3.0943 -7.1038 16.9403
v -3.3694 -7.1038 16.8699
v -3.6063 -7.1038 16.7107
v -3.7795 -7.1038 16.4796
v -3.8699 -7.1038 16.2021
v -3.8681 -7.1038 15.908
v -3.7735 -7.1038 15.629
v -3.5976 -7.1038 15.3957
v -3.3585 -7.1038 15.233
v -3.0824 -7.1038 15.1589
v -2.7989 -7.1038 15.1813
v -2.5395 -7.1038 15.2976
v -2.3315 -7.1038 15.4955
v -2.198 -7.1038 15.7532
v -2.5828 -6.817 16.046
v -2.6073 -6.817 16.1909
v -2.6756 -6.817 16.3205
v -2.7808 -6.817 16.4206
v -2.9111 -6.817 16.4804
v -3.0523 -6.817 16.4936
v -3.1896 -6.817 16.4585
v -3.3079 -6.817 16.3791
v -3.3944 -6.817 16.2639
v -3.4397 -6.817 16.1253
v -3.4384 -6.817 15.9787
v -3.3914 -6.817 15.8397
v -3.3035 -6.817 15.7232
v -3.1842 -6.817 15.6421
v -3.0465 -6.817 15.6051
v -2.9053 -6.817 15.6162
v -2.7755 -6.817 15.6742
v -2.6719 -6.817 15.7728
v -2.6054 -6.817 15.9014
v -2.5828 -6.5301 16.046
v -2.6073 -6.5301 16.1909
v -2.6756 -6.5301 16.3205
v -2.7808 -6.5301 16.4206
v -2.9111 -6.5301 16.4804
v -3.0523 -6.5301 16.4936
v -3.1896 -6.5301 16.4585
v -3.3079 -6.5301 16.3791
v -3.3944 -6.5301 16.2639
v -3.4397 -6.5301 16.1253
v -3.4384 -6.5301 15.9787
v -3.3914 -6.5301 15.8397
v -3.3035 -6.5301 15.7232
v -3.1842 -6.5301 15.6421
v -3.0465 -6.5301 15.6051
v -2.9053 -6.5301 15.6162
v -2.7755 -6.5301 15.6742
v -2.6719 -6.5301 15.7728
v -2.6054 -6.5301 15.9014
v -2.5828 -5.2839 16.046
v -2.6073 -5.2839 16.1909
v -2.6756 -5.2839 16.3205
v -2.7808 -5.2839 16.4206
v -2.9111 -5.2839 16.4804
v -3.0523 -5.2839 16.4936
v -3.1896 -5.2839 16.4585
v -3.3079 -5.2839 16.3791
v -3.3944 -5.2839 16.2639
v -3.4397 -5.2839 16.1253
v -3.4384 -5.2839 15.9787
v -3.3914 -5.2839 15.8397
v -3.3035 -5.2839 15.7232
v -3.1842 -5.2839 15.6421
v -3.0465 -5.2839 15.6051
v -2.9053 -5.2839 15.6162
v -2.7755 -5.2839 15.6742
v -2.6719 -5.2839 15.7728
v -2.6054 -5.2839 15.9014
v -3.0139 -5.2839 16.049
v -3.0523 -6.8698 16.4936
v -3.1896 -6.8698 16.4585
v -3.3079 -6.8698 16.3791
v -3.3944 -6.8698 16.2639
v -3.4397 -6.8698 16.1253
v -3.4384 -6.8698 15.9787
v -3.3914 -6.8698 15.8397
v -3.3035 -6.8698 15.7232
v -3.1842 -6.8698 15.6421
v -3.0465 -6.8698 15.6051
v -2.9053 -6.8698 15.6162
v -2.7755 -6.8698 15.6742
v -2.6719 -6.8698 15.7728
v -2.6054 -6.8698 15.9014
v -2.5828 -6.8698 16.046
v -2.6073 -6.8698 16.1909
v -2.6756 -6.8698 16.3205
v -2.7808 -6.8698 16.4206
v -2.9111 -6.8698 16.4804
v -2.8082 -6.8951 16.9247
v -3.0952 -6.8951 16.9513
v -2.5434 -6.8951 16.8034
v -2.3303 -6.8951 16.6001
v -2.1918 -6.8951 16.3371
v -2.1424 -6.8951 16.043
v -2.1877 -6.8951 15.7495
v -2.3229 -6.8951 15.4884
v -2.5335 -6.8951 15.2882
v -2.7964 -6.8951 15.1704
v -3.0831 -6.8951 15.1479
v -3.3628 -6.8951 15.2229
v -3.605 -6.8951 15.3875
v -3.783 -6.8951 15.6237
v -3.8787 -6.8951 15.9062
v -3.881 -6.8951 16.204
v -3.7891 -6.8951 16.4852
v -3.6137 -6.8951 16.7189
v -3.3738 -6.8951 16.8802
v 3.7194 -7.1038 16.0022
v 4.5806 -7.1038 15.9962
v 4.5317 -7.1038 16.2867
v 4.3949 -7.1038 16.5465
v 4.1841 -7.1038 16.7471
v 3.9225 -7.1038 16.8671
v 3.6392 -7.1038 16.8934
v 3.364 -7.1038 16.823
v 3.127 -7.1038 16.6638
v 2.9541 -7.1038 16.4327
v 2.8637 -7.1038 16.1552
v 2.8655 -7.1038 15.8611
v 2.9596 -7.1038 15.5822
v 3.1359 -7.1038 15.3488
v 3.3751 -7.1038 15.1862
v 3.6512 -7.1038 15.112
v 3.9343 -7.1038 15.1344
v 4.194 -7.1038 15.2507
v 4.4023 -7.1038 15.4486
v 4.5355 -7.1038 15.7063
v 4.1504 -6.817 15.9992
v 4.1264 -6.817 16.1441
v 4.0578 -6.817 16.2736
v 3.9526 -6.817 16.3737
v 3.8223 -6.817 16.4335
v 3.681 -6.817 16.4467
v 3.544 -6.817 16.4116
v 3.4255 -6.817 16.3323
v 3.339 -6.817 16.217
v 3.2943 -6.817 16.0784
v 3.2955 -6.817 15.9318
v 3.3421 -6.817 15.7928
v 3.4299 -6.817 15.6763
v 3.5493 -6.817 15.5952
v 3.6871 -6.817 15.5581
v 3.8281 -6.817 15.5693
v 3.9576 -6.817 15.6273
v 4.0616 -6.817 15.7259
v 4.1281 -6.817 15.8545
v 4.1504 -6.5301 15.9992
v 4.1264 -6.5301 16.1441
v 4.0578 -6.5301 16.2736
v 3.9526 -6.5301 16.3737
v 3.8223 -6.5301 16.4335
v 3.681 -6.5301 16.4467
v 3.544 -6.5301 16.4116
v 3.4255 -6.5301 16.3323
v 3.339 -6.5301 16.217
v 3.2943 -6.5301 16.0784
v 3.2955 -6.5301 15.9318
v 3.3421 -6.5301 15.7928
v 3.4299 -6.5301 15.6763
v 3.5493 -6.5301 15.5952
v 3.6871 -6.5301 15.5581
v 3.8281 -6.5301 15.5693
v 3.9576 -6.5301 15.6273
v 4.0616 -6.5301 15.7259
v 4.1281 -6.5301 15.8545
v 4.1504 -5.2839 15.9992
v 4.1264 -5.2839 16.1441
v 4.0578 -5.2839 16.2736
v 3.9526 -5.2839 16.3737
v 3.8223 -5.2839 16.4335
v 3.681 -5.2839 16.4467
v 3.544 -5.2839 16.4116
v 3.4255 -5.2839 16.3323
v 3.339 -5.2839 16.217
v 3.2943 -5.2839 16.0784
v 3.2955 -5.2839 15.9318
v 3.3421 -5.2839 15.7928
v 3.4299 -5.2839 15.6763
v 3.5493 -5.2839 15.5952
v 3.6871 -5.2839 15.5581
v 3.8281 -5.2839 15.5693
v 3.9576 -5.2839 15.6273
v 4.0616 -5.2839 15.7259
v 4.1281 -5.2839 15.8545
v 3.7194 -5.2839 16.0022
v 3.681 -6.8698 16.4467
v 3.544 -6.8698 16.4116
v 3.4255 -6.8698 16.3323
v 3.339 -6.8698 16.217
v 3.2943 -6.8698 16.0784
v 3.2955 -6.8698 15.9318
v 3.3421 -6.8698 15.7928
v 3.4299 -6.8698 15.6763
v 3.5493 -6.8698 15.5952
v 3.6871 -6.8698 15.5581
v 3.8281 -6.8698 15.5693
v 3.9576 -6.8698 15.6273
v 4.0616 -6.8698 15.7259
v 4.1281 -6.8698 15.8545
v 4.1504 -6.8698 15.9992
v 4.1264 -6.8698 16.1441
v 4.0578 -6.8698 16.2736
v 3.9526 -6.8698 16.3737
v 3.8223 -6.8698 16.4335
v 3.9256 -6.8951 16.8779
v 3.6383 -6.8951 16.9045
v 4.19 -6.8951 16.7565
v 4.4032 -6.8951 16.5531
v 4.5419 -6.8951 16.2902
v 4.5912 -6.8951 15.9961
v 4.5455 -6.8951 15.7027
v 4.4106 -6.8951 15.4416
v 4.2001 -6.8951 15.2413
v 3.9372 -6.8951 15.1235
v 3.6504 -6.8951 15.101
v 3.3709 -6.8951 15.176
v 3.1287 -6.8951 15.3406
v 2.9501 -6.8951 15.5768
v 2.8546 -6.8951 15.8593
v 2.8527 -6.8951 16.1571
v 2.9445 -6.8951 16.4383
v 3.1194 -6.8951 16.672
v 3.3596 -6.8951 16.8333
v -2.9492 -7.1038 6.4782
v -2.0885 -7.1038 6.4723
v -2.1336 -7.1038 6.1824
v -2.2671 -7.1038 5.9245
v -2.4747 -7.1038 5.7268
v -2.7346 -7.1038 5.6104
v -3.0181 -7.1038 5.588
v -3.2939 -7.1038 5.6623
v -3.533 -7.1038 5.8247
v -3.7092 -7.1038 6.0582
v -3.8038 -7.1038 6.3372
v -3.8054 -7.1038 6.6312
v -3.7149 -7.1038 6.9088
v -3.542 -7.1038 7.1398
v -3.3051 -7.1038 7.2991
v -3.03 -7.1038 7.3694
v -2.7462 -7.1038 7.3431
v -2.4851 -7.1038 7.2232
v -2.2744 -7.1038 7.0224
v -2.1372 -7.1038 6.7627
v -2.5187 -6.817 6.4753
v -2.5409 -6.817 6.3307
v -2.6077 -6.817 6.202
v -2.7111 -6.817 6.1034
v -2.8409 -6.817 6.0454
v -2.9823 -6.817 6.0343
v -3.1198 -6.817 6.0711
v -3.2391 -6.817 6.1523
v -3.3271 -6.817 6.2687
v -3.3739 -6.817 6.4078
v -3.3752 -6.817 6.5545
v -3.3299 -6.817 6.693
v -3.2435 -6.817 6.8082
v -3.1252 -6.817 6.8876
v -2.9882 -6.817 6.9227
v -2.8465 -6.817 6.9096
v -2.7164 -6.817 6.8497
v -2.6111 -6.817 6.7497
v -2.5429 -6.817 6.6202
v -2.5187 -6.5301 6.4753
v -2.5409 -6.5301 6.3307
v -2.6077 -6.5301 6.202
v -2.7111 -6.5301 6.1034
v -2.8409 -6.5301 6.0454
v -2.9823 -6.5301 6.0343
v -3.1198 -6.5301 6.0711
v -3.2391 -6.5301 6.1523
v -3.3271 -6.5301 6.2687
v -3.3739 -6.5301 6.4078
v -3.3752 -6.5301 6.5545
v -3.3299 -6.5301 6.693
v -3.2435 -6.5301 6.8082
v -3.1252 -6.5301 6.8876
v -2.9882 -6.5301 6.9227
v -2.8465 -6.5301 6.9096
v -2.7164 -6.5301 6.8497
v -2.6111 -6.5301 6.7497
v -2.5429 -6.5301 6.6202
v -2.5187 -5.2839 6.4753
v -2.5409 -5.2839 6.3307
v -2.6077 -5.2839 6.202
v -2.7111 -5.2839 6.1034
v -2.8409 -5.2839 6.0454
v -2.9823 -5.2839 6.0343
v -3.1198 -5.2839 6.0711
v -3.2391 -5.2839 6.1523
v -3.3271 -5.2839 6.2687
v -3.3739 -5.2839 6.4078
v -3.3752 -5.2839 6.5545
v -3.3299 -5.2839 6.693
v -3.2435 -5.2839 6.8082
v -3.1252 -5.2839 6.8876
v -2.9882 -5.2839 6.9227
v -2.8465 -5.2839 6.9096
v -2.7164 -5.2839 6.8497
v -2.6111 -5.2839 6.7497
v -2.5429 -5.2839 6.6202
v -2.9492 -5.2839 6.4782
v -2.9823 -6.8698 6.0343
v -3.1198 -6.8698 6.0711
v -3.2391 -6.8698 6.1523
v -3.3271 -6.8698 6.2687
v -3.3739 -6.8698 6.4078
v -3.3752 -6.8698 6.5545
v -3.3299 -6.8698 6.693
v -3.2435 -6.8698 6.8082
v -3.1252 -6.8698 6.8876
v -2.9882 -6.8698 6.9227
v -2.8465 -6.8698 6.9096
v -2.7164 -6.8698 6.8497
v -2.6111 -6.8698 6.7497
v -2.5429 -6.8698 6.6202
v -2.5187 -6.8698 6.4753
v -2.5409 -6.8698 6.3307
v -2.6077 -6.8698 6.202
v -2.7111 -6.8698 6.1034
v -2.8409 -6.8698 6.0454
v -2.7316 -6.8951 5.5995
v -3.0189 -6.8951 5.577
v -2.469 -6.8951 5.7172
v -2.2585 -6.8951 5.9176
v -2.1231 -6.8951 6.1786
v -2.0778 -6.8951 6.4722
v -2.1271 -6.8951 6.7662
v -2.2659 -6.8951 7.0293
v -2.4792 -6.8951 7.2324
v -2.7439 -6.8951 7.3539
v -3.0308 -6.8951 7.3804
v -3.3092 -6.8951 7.3092
v -3.5494 -6.8951 7.1481
v -3.7246 -6.8951 6.9143
v -3.8163 -6.8951 6.6331
v -3.8143 -6.8951 6.3353
v -3.719 -6.8951 6.0529
v -3.5404 -6.8951 5.8166
v -3.2983 -6.8951 5.652
v 3.7841 -7.1038 6.4314
v 4.6449 -7.1038 6.4254
v 4.6 -7.1038 6.1354
v 4.4665 -7.1038 5.8777
v 4.2588 -7.1038 5.6799
v 3.9987 -7.1038 5.5635
v 3.7161 -7.1038 5.5411
v 3.4395 -7.1038 5.6154
v 3.2004 -7.1038 5.7778
v 3.0241 -7.1038 6.0113
v 2.93 -7.1038 6.2903
v 2.9279 -7.1038 6.5844
v 3.0185 -7.1038 6.862
v 3.1915 -7.1038 7.0928
v 3.4286 -7.1038 7.2522
v 3.7038 -7.1038 7.3225
v 3.9871 -7.1038 7.2963
v 4.2484 -7.1038 7.1763
v 4.4594 -7.1038 6.9755
v 4.5963 -7.1038 6.7158
v 4.2147 -6.817 6.4284
v 4.1927 -6.817 6.2838
v 4.1259 -6.817 6.1551
v 4.022 -6.817 6.0564
v 3.8928 -6.817 5.9985
v 3.7513 -6.817 5.9874
v 3.6142 -6.817 6.0242
v 3.4941 -6.817 6.1054
v 3.4063 -6.817 6.2219
v 3.3596 -6.817 6.361
v 3.3587 -6.817 6.5077
v 3.4036 -6.817 6.646
v 3.4899 -6.817 6.7613
v 3.6082 -6.817 6.8406
v 3.7457 -6.817 6.8758
v 3.8866 -6.817 6.8626
v 4.017 -6.817 6.8029
v 4.1218 -6.817 6.7028
v 4.1906 -6.817 6.5732
v 4.2147 -6.5301 6.4284
v 4.1927 -6.5301 6.2838
v 4.1259 -6.5301 6.1551
v 4.022 -6.5301 6.0564
v 3.8928 -6.5301 5.9985
v 3.7513 -6.5301 5.9874
v 3.6142 -6.5301 6.0242
v 3.4941 -6.5301 6.1054
v 3.4063 -6.5301 6.2219
v 3.3596 -6.5301 6.361
v 3.3587 -6.5301 6.5077
v 3.4036 -6.5301 6.646
v 3.4899 -6.5301 6.7613
v 3.6082 -6.5301 6.8406
v 3.7457 -6.5301 6.8758
v 3.8866 -6.5301 6.8626
v 4.017 -6.5301 6.8029
v 4.1218 -6.5301 6.7028
v 4.1906 -6.5301 6.5732
v 4.2147 -5.2839 6.4284
v 4.1927 -5.2839 6.2838
v 4.1259 -5.2839 6.1551
v 4.022 -5.2839 6.0564
v 3.8928 -5.2839 5.9985
v 3.7513 -5.2839 5.9874
v 3.6142 -5.2839 6.0242
v 3.4941 -5.2839 6.1054
v 3.4063 -5.2839 6.2219
v 3.3596 -5.2839 6.361
v 3.3587 -5.2839 6.5077
v 3.4036 -5.2839 6.646
v 3.4899 -5.2839 6.7613
v 3.6082 -5.2839 6.8406
v 3.7457 -5.2839 6.8758
v 3.8866 -5.2839 6.8626
v 4.017 -5.2839 6.8029
v 4.1218 -5.2839 6.7028
v 4.1906 -5.2839 6.5732
v 3.7841 -5.2839 6.4314
v 3.7513 -6.8698 5.9874
v 3.6142 -6.8698 6.0242
v 3.4941 -6.8698 6.1054
v 3.4063 -6.8698 6.2219
v 3.3596 -6.8698 6.361
v 3.3587 -6.8698 6.5077
v 3.4036 -6.8698 6.646
v 3.4899 -6.8698 6.7613
v 3.6082 -6.8698 6.8406
v 3.7457 -6.8698 6.8758
v 3.8866 -6.8698 6.8626
v 4.017 -6.8698 6.8029
v 4.1218 -6.8698 6.7028
v 4.1906 -6.8698 6.5732
v 4.2147 -6.8698 6.4284
v 4.1927 -6.8698 6.2838
v 4.1259 -6.8698 6.1551
v 4.022 -6.8698 6.0564
v 3.8928 -6.8698 5.9985
v 4.0018 -6.8951 5.5526
v 3.7151 -6.8951 5.5301
v 4.2647 -6.8951 5.6704
v 4.4748 -6.8951 5.8707
v 4.61 -6.8951 6.1318
v 4.6558 -6.8951 6.4254
v 4.6063 -6.8951 6.7194
v 4.4673 -6.8951 6.9824
v 4.2546 -6.8951 7.1855
v 3.99 -6.8951 7.3071
v 3.703 -6.8951 7.3335
v 3.4241 -6.8951 7.2624
v 3.184 -6.8951 7.1011
v 3.009 -6.8951 6.8674
v 2.9172 -6.8951 6.5862
v 2.9192 -6.8951 6.2885
v 3.0147 -6.8951 6.006
v 3.1931 -6.8951 5.7698
v 3.4352 -6.8951 5.605
v -13.7796 -20.3972 16.4774
v -20.5109 -20.3972 16.5243
v -13.7796 -12.7849 16.4774
v -20.5109 -12.7849 16.5243
v -13.5403 -12.7849 -19.0534
v -20.2718 -12.7849 -19.0066
v -13.588 -20.3972 -11.9788
v -20.3195 -20.3972 -11.9319
v -14.227 -13.5556 -18.3325
v -19.5951 -13.5556 -18.295
v -19.6332 -19.6264 -12.653
v -14.2646 -19.6264 -12.6903
v -14.4607 -13.5556 16.4128
v -19.8289 -13.5556 16.4502
v -19.8289 -19.6264 16.4502
v -14.4607 -19.6264 16.4128
v -14.4863 -19.598 16.4823
v -19.8042 -19.598 16.5193
v -14.4863 -13.5839 16.4823
v -19.8042 -13.5839 16.5193
v -19.4113 -16.591 15.3533
v -18.2744 -14.1515 15.3454
v -16.0005 -14.1515 15.3296
v -14.8636 -16.591 15.3216
v -16.0005 -19.0305 15.3296
v -18.2744 -19.0305 15.3454
v -19.8448 -16.591 15.3563
v -18.4911 -13.6868 15.3469
v -15.7838 -13.6868 15.3281
v -14.4299 -16.591 15.3186
v -15.7838 -19.4953 15.3281
v -18.4911 -19.4953 15.3469
v -19.6214 -16.591 -17.8478
v -18.2675 -13.6868 -17.8572
v -15.5602 -13.6868 -17.876
v -14.2066 -16.591 -17.8855
v -15.5602 -19.4953 -17.876
v -18.2675 -19.4953 -17.8572
v -19.1881 -16.591 -17.8508
v -18.0508 -14.1515 -17.8587
v -15.7768 -14.1515 -17.8745
v -14.6397 -16.591 -17.8824
v -15.7768 -19.0305 -17.8745
v -18.0507 -19.0305 -17.8587
v 13.6287 -20.3972 16.2866
v 20.3603 -20.3972 16.2397
v 13.6287 -12.7849 16.2866
v 20.3603 -12.7849 16.2397
v 13.8681 -12.7849 -19.2443
v 20.5995 -12.7849 -19.2911
v 13.8204 -20.3972 -12.1696
v 20.5519 -20.3972 -12.2165
v 14.5445 -13.5556 -18.5328
v 19.9132 -13.5556 -18.5702
v 19.8752 -19.6264 -12.9281
v 14.5068 -19.6264 -12.8907
v 14.311 -13.5556 16.2124
v 19.6795 -13.5556 16.175
v 19.6795 -19.6264 16.175
v 14.311 -19.6264 16.2124
v 14.3356 -19.598 16.2816
v 19.6538 -19.598 16.2446
v 14.3356 -13.5839 16.2816
v 19.6538 -13.5839 16.2446
v 19.2763 -16.591 15.0839
v 18.1394 -14.1515 15.0918
v 15.8652 -14.1515 15.1076
v 14.7283 -16.591 15.1156
v 15.8652 -19.0305 15.1076
v 18.1394 -19.0305 15.0918
v 19.7096 -16.591 15.0809
v 18.3563 -13.6868 15.0903
v 15.6488 -13.6868 15.1092
v 14.2951 -16.591 15.1186
v 15.6488 -19.4953 15.1092
v 18.3563 -19.4953 15.0903
v 19.9331 -16.591 -18.1232
v 18.5796 -13.6868 -18.1138
v 15.8723 -13.6868 -18.0949
v 14.5188 -16.591 -18.0855
v 15.8723 -19.4953 -18.0949
v 18.5796 -19.4953 -18.1138
v 19.5 -16.591 -18.1202
v 18.3629 -14.1515 -18.1122
v 16.089 -14.1515 -18.0964
v 14.9522 -16.591 -18.0885
v 16.089 -19.0305 -18.0964
v 18.3629 -19.0305 -18.1122
v 13.5347 -17.8177 7.364
v -13.3023 -17.8177 7.5508
v 13.5347 -20.4306 7.364
v -13.3023 -20.4306 7.5508
v 13.512 -20.4306 10.7493
v -13.3252 -20.4306 10.9362
v 13.512 -17.8177 10.7493
v -13.3252 -17.8177 10.9362
v 7.1287 -8.4521 17.8812
v 7.1287 -5.8387 17.8812
v 7.1515 -5.8387 14.4956
v 7.1515 -8.4521 14.4956
v -6.5749 -8.4521 14.5913
v -6.5978 -8.4521 17.9767
v -6.5749 -5.8387 14.5913
v -6.5978 -5.8387 17.9767
v 5.1008 -6.8951 15.2707
v -4.5341 -6.8951 15.3378
v 5.1008 -5.8119 15.2707
v -4.5341 -5.8119 15.3378
v 5.0779 -5.8119 18.652
v -4.5571 -5.8119 18.7192
v 5.0779 -6.8951 18.652
v -4.5571 -6.8951 18.7192
v 17.4496 -20.4306 10.7219
v 17.4723 -20.4306 7.3365
v 17.4723 -17.8177 7.3365
v 17.4496 -17.8177 10.7219
v -17.2621 -20.4306 7.5784
v -17.2849 -20.4306 10.9638
v -17.2849 -17.8177 10.9638
v -17.2621 -17.8177 7.5784
v 5.1795 -5.8119 3.5495
v 5.1795 -6.8951 3.5495
v -4.4554 -6.8951 3.6165
v -4.4554 -5.8119 3.6165
v -13.7283 6.4324 -30.7315
v -15.0104 6.1713 -30.7226
v -14.7828 4.1226 -30.7241
v -13.5004 4.3497 -30.7331
v -13.5004 5.7386 -30.7331
v -14.7356 6.4324 -37.7357
v -13.681 6.4324 -37.7429
v -13.681 4.1226 -37.7429
v -14.7356 4.1226 -37.7357
v -13.453 5.7386 -37.7446
v -14.9635 5.7386 -37.734
v -13.453 6.1713 -37.7446
v -13.5004 6.1713 -30.7331
v -14.9635 6.1713 -37.734
v -14.7828 6.4324 -30.7241
v -14.9635 4.3497 -37.734
v -15.0104 4.3497 -30.7226
v -13.453 4.3497 -37.7446
v -13.7283 4.1226 -30.7315
v -14.4083 5.7159 -37.7398
v -14.4222 5.7159 -35.7125
v -14.0078 5.7159 -37.7427
v -14.4066 5.7159 -37.9492
v -14.0078 4.839 -37.7427
v -14.0214 5.7159 -35.7153
v -14.4083 4.839 -37.7398
v -15.1374 6.6145 -38.3303
v -13.9215 5.4524 -37.7432
v -14.0214 4.839 -35.7153
v -14.4948 5.4524 -37.7392
v -14.0067 5.7159 -37.9521
v -14.4222 4.839 -35.7125
v -13.9215 5.6168 -37.7432
v -15.1231 6.6145 -40.4657
v -14.4948 5.6168 -37.7392
v -13.9352 5.4524 -35.7159
v -14.0067 4.839 -37.9521
v -14.4948 4.9252 -37.7392
v -14.5083 5.4524 -35.7119
v -13.9215 4.9252 -37.7432
v -13.2712 6.6145 -38.3435
v -14.4066 4.839 -37.9492
v -13.9352 5.6168 -35.7159
v -14.8993 5.9278 -40.1489
v -14.5083 5.6168 -35.7119
v -13.9201 5.4524 -37.9527
v -13.2712 3.9403 -38.3435
v -14.5083 4.9252 -35.7119
v -14.4934 5.4524 -37.9486
v -13.9352 4.9252 -35.7159
v -13.2567 6.6145 -40.4788
v -15.1374 3.9403 -38.3303
v -13.9201 5.6168 -37.9527
v -14.8958 5.9278 -40.6823
v -14.4934 5.6168 -37.9486
v -12.8682 5.811 -38.3462
v -13.2567 3.9403 -40.4788
v -14.4934 4.9252 -37.9486
v -15.54 5.811 -38.3276
v -13.9201 4.9252 -37.9527
v -13.4846 5.9278 -40.1586
v -15.1231 3.9403 -40.4657
v -12.8682 6.3119 -38.3462
v -15.1193 6.5884 -40.983
v -15.54 6.3119 -38.3276
v -12.8538 5.811 -40.4813
v -13.4846 4.6273 -40.1586
v -15.54 4.2035 -38.3276
v -15.5256 5.811 -40.4628
v -12.8682 4.2035 -38.3462
v -13.4808 5.9278 -40.6923
v -14.8993 4.6273 -40.1489
v -12.8538 6.3119 -40.4813
v -15.114 6.5884 -41.8357
v -15.5256 6.3119 -40.4628
v -13.1791 5.5371 -40.1607
v -13.4808 4.6273 -40.6923
v -15.5256 4.2035 -40.4628
v -15.2049 5.5371 -40.1466
v -12.8538 4.2035 -40.4813
v -13.2534 6.5884 -40.996
v -14.8958 4.6273 -40.6823
v -13.1791 5.7804 -40.1607
v -14.6705 6.2712 -41.5634
v -15.2049 5.7804 -40.1466
v -13.1755 5.5371 -40.6944
v -13.2534 3.9667 -40.996
v -15.2049 4.7553 -40.1466
v -15.2012 5.5371 -40.6802
v -13.1791 4.7553 -40.1607
v -13.2474 6.5884 -41.8487
v -15.1193 3.9667 -40.983
v -13.1755 5.7804 -40.6944
v -14.667 6.2712 -42.0894
v -15.2012 5.7804 -40.6802
v -12.8501 5.8007 -40.9989
v -13.2474 3.9667 -41.8487
v -15.2012 4.7553 -40.6802
v -15.5221 5.8007 -40.9801
v -13.1755 4.7553 -40.6944
v -13.6941 6.2712 -41.5701
v -15.114 3.9667 -41.8357
v -12.8501 6.2915 -40.9989
v -15.1369 6.5884 -42.3452
v -15.5221 6.2915 -40.9801
v -12.8447 5.8007 -41.8514
v -13.6941 4.2838 -41.5701
v -15.5221 4.2246 -40.9801
v -15.5166 5.8007 -41.8328
v -12.8501 4.2246 -40.9989
v -13.6905 6.2712 -42.0962
v -14.6705 4.2838 -41.5634
v -12.8447 6.2915 -41.8514
v -15.1322 6.5884 -43.0818
v -15.5166 6.2915 -41.8328
v -13.4834 5.674 -41.5717
v -13.6905 4.2838 -42.0962
v -15.5166 4.2246 -41.8328
v -14.882 5.674 -41.5619
v -12.8447 4.2246 -41.8514
v -13.2175 6.5884 -42.3585
v -14.667 4.2838 -42.0894
v -13.4834 6.0462 -41.5717
v -14.882 6.0462 -41.5619
v -13.4797 5.674 -42.0977
v -13.2175 3.9667 -42.3585
v -14.882 4.4795 -41.5619
v -14.8782 5.674 -42.0879
v -13.4834 4.4795 -41.5717
v -13.2123 6.5884 -43.0953
v -15.1369 3.9667 -42.3452
v -13.4797 6.0462 -42.0977
v -14.8782 6.0462 -42.0879
v -12.8031 5.8007 -42.3615
v -13.2123 3.9667 -43.0953
v -14.8782 4.4795 -42.0879
v -15.5513 5.8007 -42.3422
v -13.4797 4.4795 -42.0977
v -15.1322 3.9667 -43.0818
v -12.8031 6.2915 -42.3615
v -15.5513 6.2915 -42.3422
v -12.798 5.8007 -43.0981
v -15.5513 4.2246 -42.3422
v -15.5461 5.8007 -43.079
v -12.8031 4.2246 -42.3615
v -12.798 6.2915 -43.0981
v -15.5461 6.2915 -43.079
v -15.5461 4.2246 -43.079
v -12.798 4.2246 -43.0981
v -14.3985 5.5843 -42.8513
v -13.9488 5.5843 -42.8544
v -13.852 5.5149 -42.8552
v -13.852 5.4002 -42.8552
v -13.852 5.0311 -42.8552
v -13.9488 4.9706 -42.8544
v -14.3985 4.9706 -42.8513
v -14.4956 5.0311 -42.8506
v -14.4956 5.4002 -42.8506
v -14.4956 5.5149 -42.8506
v -14.4603 5.5843 -33.6603
v -14.011 5.5843 -33.6633
v -13.9138 5.5149 -33.6639
v -13.9138 5.4002 -33.6639
v -13.9138 5.0311 -33.6639
v -14.011 4.9706 -33.6633
v -14.4603 4.9706 -33.6603
v -14.5574 5.0311 -33.6595
v -14.5574 5.4002 -33.6595
v -14.5574 5.5149 -33.6595
v -15.0104 5.7386 -30.7226
v -5.5125 10.7803 -34.6486
v 6.222 10.7803 -34.7606
v 6.292 8.7604 -45.146
v -5.4427 8.7604 -45.0644
v -5.5124 10.7255 -34.6381
v 6.2221 10.7255 -34.7502
v 6.2921 8.7056 -45.1355
v -5.4426 8.7056 -45.0539
v -3.5382 6.9202 -42.962
v 4.5154 6.9202 -43.0486
v 4.5013 0.7769 -40.9627
v -3.5521 0.7769 -40.9067
v -6.4142 -5.7465 -2.1729
v -6.5667 -5.7465 20.492
v 6.3609 -5.7465 20.402
v 6.5137 -5.7465 -2.2629
v -10.8815 -0.2804 44.246
v 10.3561 -0.2804 44.0982

g name5 
f 522 523 511 517
f 512 524 516 525
f 526 527 513 519
f 514 528 518 529
f 514 515 520 528
f 515 523 522 520
f 511 525 516 517
f 512 680 521 524
f 680 527 526 521
f 513 529 518 519
f 548 540 521 526
f 540 545 524 521
f 545 530 516 524
f 530 532 517 516
f 532 543 522 517
f 543 538 520 522
f 538 550 528 520
f 550 534 518 528
f 534 536 519 518
f 536 548 526 519
f 558 549 540 548
f 549 555 545 540
f 555 531 530 545
f 531 535 532 530
f 535 553 543 532
f 553 546 538 543
f 546 560 550 538
f 560 539 534 550
f 539 542 536 534
f 542 558 548 536
f 568 559 549 558
f 559 565 555 549
f 565 533 531 555
f 533 541 535 531
f 541 563 553 535
f 563 556 546 553
f 556 570 560 546
f 570 547 539 560
f 547 552 542 539
f 552 568 558 542
f 578 569 559 568
f 569 575 565 559
f 575 537 533 565
f 537 551 541 533
f 551 573 563 541
f 573 566 556 563
f 566 580 570 556
f 580 557 547 570
f 557 562 552 547
f 562 578 568 552
f 588 579 569 578
f 579 585 575 569
f 585 544 537 575
f 544 561 551 537
f 561 583 573 551
f 583 576 566 573
f 576 590 580 566
f 590 567 557 580
f 567 572 562 557
f 572 588 578 562
f 554 571 561 544
f 571 593 583 561
f 593 586 576 583
f 586 600 590 576
f 600 577 567 590
f 577 582 572 567
f 582 598 588 572
f 598 589 579 588
f 589 595 585 579
f 595 554 544 585
f 564 581 571 554
f 581 603 593 571
f 603 596 586 593
f 596 610 600 586
f 610 587 577 600
f 587 592 582 577
f 592 608 598 582
f 608 599 589 598
f 599 605 595 589
f 605 564 554 595
f 574 591 581 564
f 591 613 603 581
f 613 606 596 603
f 606 620 610 596
f 620 597 587 610
f 597 602 592 587
f 602 618 608 592
f 618 609 599 608
f 609 615 605 599
f 615 574 564 605
f 584 601 591 574
f 601 623 613 591
f 623 616 606 613
f 616 630 620 606
f 630 607 597 620
f 607 612 602 597
f 612 628 618 602
f 628 619 609 618
f 619 625 615 609
f 625 584 574 615
f 594 611 601 584
f 611 633 623 601
f 633 626 616 623
f 626 639 630 616
f 639 617 607 630
f 617 622 612 607
f 622 637 628 612
f 637 629 619 628
f 629 634 625 619
f 634 594 584 625
f 604 621 611 594
f 621 642 633 611
f 642 635 626 633
f 635 648 639 626
f 648 627 617 639
f 627 632 622 617
f 632 646 637 622
f 646 638 629 637
f 638 643 634 629
f 643 604 594 634
f 614 631 621 604
f 631 650 642 621
f 650 644 635 642
f 644 655 648 635
f 655 636 627 648
f 636 641 632 627
f 641 653 646 632
f 653 647 638 646
f 647 651 643 638
f 651 614 604 643
f 624 640 631 614
f 640 656 650 631
f 656 652 644 650
f 652 659 655 644
f 659 645 636 655
f 645 649 641 636
f 649 658 653 641
f 658 654 647 653
f 654 657 651 647
f 657 624 614 651
f 679 678 677 676 675 674 673 672 671 670
f 640 624 660 661
f 656 640 661 662
f 652 656 662 663
f 659 652 663 664
f 645 659 664 665
f 649 645 665 666
f 658 649 666 667
f 654 658 667 668
f 657 654 668 669
f 624 657 669 660
f 661 660 670 671
f 662 661 671 672
f 663 662 672 673
f 664 663 673 674
f 665 664 674 675
f 666 665 675 676
f 667 666 676 677
f 668 667 677 678
f 669 668 678 679
f 660 669 679 670
f 683 684 682 681
f 693 681 682 692
f 691 683 681 693
f 690 684 683 691
f 692 682 684 690
f 688 689 695 698
f 698 695 694 699
f 699 694 690 691
f 692 690 694 697
f 697 694 695 696
f 696 695 689 686
f 686 687 700 696
f 696 700 701 697
f 697 701 693 692
f 687 688 698 700
f 700 698 699 701
f 701 699 691 693
f 703 687 686 702
f 704 688 687 703
f 704 685 719 705
f 705 689 688 704
f 702 686 689 705
f 705 719 718 702
f 710 708 709 711
f 711 709 706 712
f 712 706 707 713
f 713 707 708 710
f 717 714 713 710
f 712 713 714 715
f 711 712 715 716
f 710 711 716 717
f 728 715 714 720
f 730 717 716 729
f 749 729 728 748
f 748 728 720 750
f 749 748 750 751
f 751 730 729 749
f 720 730 751 750
f 757 755 754 756
f 758 752 755 757
f 759 753 752 758
f 756 754 753 759
f 756 759 760 763
f 761 760 759 758
f 762 761 758 757
f 763 762 757 756
f 782 760 761 790
f 791 762 763 792
f 748 790 791 749
f 750 782 790 748
f 751 750 748 749
f 749 791 792 751
f 750 751 792 782
f 828 723 830 742
f 834 727 832 740
f 836 724 838 746
f 842 731 840 744
f 844 721 846 734
f 850 725 848 732
f 852 722 854 738
f 858 726 856 736
f 829 828 742
f 831 830 723
f 833 832 727
f 835 834 740
f 837 836 746
f 839 838 724
f 841 840 731
f 843 842 744
f 845 844 734
f 847 846 721
f 849 848 725
f 851 850 732
f 853 852 738
f 855 854 722
f 857 856 726
f 859 858 736
f 727 834 723 828
f 833 727 828 829 743
f 729 716 743 829 742 856 857 739
f 830 736 856 742
f 717 730 737 859 736 830 831 741
f 831 723 834 835 741
f 838 740 832 746
f 716 715 747 837 746 832 833 743
f 714 717 741 835 740 838 839 745
f 731 842 724 836
f 841 731 836 837 747
f 839 724 842 843 745
f 846 744 840 734
f 715 728 735 845 734 840 841 747
f 720 714 745 843 744 846 847 733
f 721 844 725 850
f 849 725 844 845 735
f 847 721 850 851 733
f 854 732 848 738
f 728 729 739 853 738 848 849 735
f 730 720 733 851 732 854 855 737
f 726 858 722 852
f 857 726 852 853 739
f 855 722 858 859 737
f 860 798 862 788
f 866 800 864 784
f 868 794 870 787
f 874 796 872 783
f 876 806 878 793
f 882 808 880 786
f 884 802 886 789
f 890 804 888 785
f 861 860 788
f 863 862 798
f 865 864 800
f 867 866 784
f 869 868 787
f 871 870 794
f 873 872 796
f 875 874 783
f 877 876 793
f 879 878 806
f 881 880 808
f 883 882 786
f 885 884 789
f 887 886 802
f 889 888 804
f 891 890 785
f 800 866 798 860
f 801 865 800 860 861
f 801 861 788 888 889 805 762 791
f 888 788 862 785
f 803 891 785 862 863 799 792 763
f 799 863 798 866 867
f 864 787 870 784
f 797 869 787 864 865 801 791 790
f 799 867 784 870 871 795 782 792
f 794 868 796 874
f 797 873 796 868 869
f 795 871 794 874 875
f 872 793 878 783
f 809 877 793 872 873 797 790 761
f 795 875 783 878 879 807 760 782
f 808 882 806 876
f 809 881 808 876 877
f 807 879 806 882 883
f 880 789 886 786
f 805 885 789 880 881 809 761 762
f 807 883 786 886 887 803 763 760
f 804 890 802 884
f 805 889 804 884 885
f 803 887 802 890 891
f 704 708 707 685
f 703 709 708 704
f 703 702 718 892
f 892 706 709 703
f 685 707 706 892
f 892 718 719 685
f 896 753 754 893
f 893 754 755 1112
f 1112 755 752 894
f 894 895 1111 1112
f 896 897 895 894
f 894 752 753 896
f 901 902 908 911
f 911 908 907 912
f 912 907 903 904
f 905 903 907 910
f 910 907 908 909
f 909 908 902 899
f 899 900 913 909
f 909 913 914 910
f 910 914 906 905
f 900 901 911 913
f 913 911 912 914
f 914 912 904 906
f 916 900 899 915
f 917 901 900 916
f 917 898 932 918
f 918 902 901 917
f 915 899 902 918
f 918 932 931 915
f 923 921 922 924
f 924 922 919 925
f 925 919 920 926
f 926 920 921 923
f 930 927 926 923
f 925 926 927 928
f 924 925 928 929
f 923 924 929 930
f 941 928 927 933
f 943 930 929 942
f 962 942 941 961
f 961 941 933 963
f 962 961 963 964
f 964 943 942 962
f 933 943 964 963
f 977 978 979 980
f 970 968 967 969
f 971 965 968 970
f 972 966 965 971
f 969 967 966 972
f 969 972 973 976
f 974 973 972 971
f 975 974 971 970
f 976 975 970 969
f 978 977 968 965
f 979 978 965 966
f 980 979 966 967
f 977 980 967 968
f 999 973 974 1007
f 1008 975 976 1009
f 961 1007 1008 962
f 963 999 1007 961
f 964 963 961 962
f 962 1008 1009 964
f 963 964 1009 999
f 1045 936 1047 955
f 1051 940 1049 953
f 1053 937 1055 959
f 1059 944 1057 957
f 1061 934 1063 947
f 1067 938 1065 945
f 1069 935 1071 951
f 1075 939 1073 949
f 1046 1045 955
f 1048 1047 936
f 1050 1049 940
f 1052 1051 953
f 1054 1053 959
f 1056 1055 937
f 1058 1057 944
f 1060 1059 957
f 1062 1061 947
f 1064 1063 934
f 1066 1065 938
f 1068 1067 945
f 1070 1069 951
f 1072 1071 935
f 1074 1073 939
f 1076 1075 949
f 940 1051 936 1045
f 1050 940 1045 1046 956
f 942 929 956 1046 955 1073 1074 952
f 1047 949 1073 955
f 930 943 950 1076 949 1047 1048 954
f 1048 936 1051 1052 954
f 1055 953 1049 959
f 929 928 960 1054 959 1049 1050 956
f 927 930 954 1052 953 1055 1056 958
f 944 1059 937 1053
f 1058 944 1053 1054 960
f 1056 937 1059 1060 958
f 1063 957 1057 947
f 928 941 948 1062 947 1057 1058 960
f 933 927 958 1060 957 1063 1064 946
f 934 1061 938 1067
f 1066 938 1061 1062 948
f 1064 934 1067 1068 946
f 1071 945 1065 951
f 941 942 952 1070 951 1065 1066 948
f 943 933 946 1068 945 1071 1072 950
f 939 1075 935 1069
f 1074 939 1069 1070 952
f 1072 935 1075 1076 950
f 1077 1015 1079 1005
f 1083 1017 1081 1001
f 1085 1011 1087 1004
f 1091 1013 1089 1000
f 1093 1023 1095 1010
f 1099 1025 1097 1003
f 1101 1019 1103 1006
f 1107 1021 1105 1002
f 1078 1077 1005
f 1080 1079 1015
f 1082 1081 1017
f 1084 1083 1001
f 1086 1085 1004
f 1088 1087 1011
f 1090 1089 1013
f 1092 1091 1000
f 1094 1093 1010
f 1096 1095 1023
f 1098 1097 1025
f 1100 1099 1003
f 1102 1101 1006
f 1104 1103 1019
f 1106 1105 1021
f 1108 1107 1002
f 1017 1083 1015 1077
f 1018 1082 1017 1077 1078
f 1018 1078 1005 1105 1106 1022 975 1008
f 1105 1005 1079 1002
f 1020 1108 1002 1079 1080 1016 1009 976
f 1016 1080 1015 1083 1084
f 1081 1004 1087 1001
f 1014 1086 1004 1081 1082 1018 1008 1007
f 1016 1084 1001 1087 1088 1012 999 1009
f 1011 1085 1013 1091
f 1014 1090 1013 1085 1086
f 1012 1088 1011 1091 1092
f 1089 1010 1095 1000
f 1026 1094 1010 1089 1090 1014 1007 974
f 1012 1092 1000 1095 1096 1024 973 999
f 1025 1099 1023 1093
f 1026 1098 1025 1093 1094
f 1024 1096 1023 1099 1100
f 1097 1006 1103 1003
f 1022 1102 1006 1097 1098 1026 974 975
f 1024 1100 1003 1103 1104 1020 976 973
f 1021 1107 1019 1101
f 1022 1106 1021 1101 1102
f 1020 1104 1019 1107 1108
f 917 921 920 898
f 916 922 921 917
f 916 915 931 1109
f 1109 919 922 916
f 898 920 919 1109
f 1109 931 932 898
f 893 904 903 1110
f 1110 897 896 893
f 1110 903 905 1111
f 1111 895 897 1110
f 1111 905 906 1112
f 1112 906 904 893
f 1114 1115 1113
f 1152 1153 1134 1133
f 1171 1172 1153 1152
f 1190 1172 1171
f 1115 1116 1113
f 1153 1154 1135 1134
f 1172 1173 1154 1153
f 1190 1173 1172
f 1116 1117 1113
f 1154 1155 1136 1135
f 1173 1174 1155 1154
f 1190 1174 1173
f 1117 1118 1113
f 1155 1156 1137 1136
f 1174 1175 1156 1155
f 1190 1175 1174
f 1118 1119 1113
f 1156 1157 1138 1137
f 1175 1176 1157 1156
f 1190 1176 1175
f 1119 1120 1113
f 1157 1158 1139 1138
f 1176 1177 1158 1157
f 1190 1177 1176
f 1120 1121 1113
f 1158 1159 1140 1139
f 1177 1178 1159 1158
f 1190 1178 1177
f 1121 1122 1113
f 1159 1160 1141 1140
f 1178 1179 1160 1159
f 1190 1179 1178
f 1122 1123 1113
f 1160 1161 1142 1141
f 1179 1180 1161 1160
f 1190 1180 1179
f 1123 1124 1113
f 1161 1162 1143 1142
f 1180 1181 1162 1161
f 1190 1181 1180
f 1124 1125 1113
f 1162 1163 1144 1143
f 1181 1182 1163 1162
f 1190 1182 1181
f 1125 1126 1113
f 1163 1164 1145 1144
f 1182 1183 1164 1163
f 1190 1183 1182
f 1126 1127 1113
f 1164 1165 1146 1145
f 1183 1184 1165 1164
f 1190 1184 1183
f 1127 1128 1113
f 1165 1166 1147 1146
f 1184 1185 1166 1165
f 1190 1185 1184
f 1128 1129 1113
f 1166 1167 1148 1147
f 1185 1186 1167 1166
f 1190 1186 1185
f 1129 1130 1113
f 1167 1168 1149 1148
f 1186 1187 1168 1167
f 1190 1187 1186
f 1130 1131 1113
f 1168 1169 1150 1149
f 1187 1188 1169 1168
f 1190 1188 1187
f 1131 1132 1113
f 1169 1170 1151 1150
f 1188 1189 1170 1169
f 1190 1189 1188
f 1132 1114 1113
f 1170 1152 1133 1151
f 1189 1171 1152 1170
f 1190 1171 1189
f 1191 1138 1139 1192
f 1228 1120 1119 1211
f 1192 1139 1140 1193
f 1227 1121 1120 1228
f 1193 1140 1141 1194
f 1226 1122 1121 1227
f 1194 1141 1142 1195
f 1225 1123 1122 1226
f 1195 1142 1143 1196
f 1224 1124 1123 1225
f 1196 1143 1144 1197
f 1223 1125 1124 1224
f 1197 1144 1145 1198
f 1222 1126 1125 1223
f 1198 1145 1146 1199
f 1221 1127 1126 1222
f 1199 1146 1147 1200
f 1220 1128 1127 1221
f 1200 1147 1148 1201
f 1219 1129 1128 1220
f 1201 1148 1149 1202
f 1218 1130 1129 1219
f 1202 1149 1150 1203
f 1217 1131 1130 1218
f 1203 1150 1151 1204
f 1216 1132 1131 1217
f 1204 1151 1133 1205
f 1215 1114 1132 1216
f 1205 1133 1134 1206
f 1214 1115 1114 1215
f 1206 1134 1135 1207
f 1213 1116 1115 1214
f 1207 1135 1136 1208
f 1212 1117 1116 1213
f 1208 1136 1137 1209
f 1210 1118 1117 1212
f 1211 1119 1118 1210
f 1209 1137 1138 1191
f 1211 1210 1209 1191
f 1208 1209 1210 1212
f 1207 1208 1212 1213
f 1206 1207 1213 1214
f 1205 1206 1214 1215
f 1204 1205 1215 1216
f 1203 1204 1216 1217
f 1202 1203 1217 1218
f 1201 1202 1218 1219
f 1200 1201 1219 1220
f 1199 1200 1220 1221
f 1198 1199 1221 1222
f 1197 1198 1222 1223
f 1196 1197 1223 1224
f 1195 1196 1224 1225
f 1194 1195 1225 1226
f 1193 1194 1226 1227
f 1192 1193 1227 1228
f 1191 1192 1228 1211
f 1229 1231 1230
f 1249 1250 1269 1268
f 1268 1269 1288 1287
f 1287 1288 1306
f 1229 1232 1231
f 1250 1251 1270 1269
f 1269 1270 1289 1288
f 1288 1289 1306
f 1229 1233 1232
f 1251 1252 1271 1270
f 1270 1271 1290 1289
f 1289 1290 1306
f 1229 1234 1233
f 1252 1253 1272 1271
f 1271 1272 1291 1290
f 1290 1291 1306
f 1229 1235 1234
f 1253 1254 1273 1272
f 1272 1273 1292 1291
f 1291 1292 1306
f 1229 1236 1235
f 1254 1255 1274 1273
f 1273 1274 1293 1292
f 1292 1293 1306
f 1229 1237 1236
f 1255 1256 1275 1274
f 1274 1275 1294 1293
f 1293 1294 1306
f 1229 1238 1237
f 1256 1257 1276 1275
f 1275 1276 1295 1294
f 1294 1295 1306
f 1229 1239 1238
f 1257 1258 1277 1276
f 1276 1277 1296 1295
f 1295 1296 1306
f 1229 1240 1239
f 1258 1259 1278 1277
f 1277 1278 1297 1296
f 1296 1297 1306
f 1229 1241 1240
f 1259 1260 1279 1278
f 1278 1279 1298 1297
f 1297 1298 1306
f 1229 1242 1241
f 1260 1261 1280 1279
f 1279 1280 1299 1298
f 1298 1299 1306
f 1229 1243 1242
f 1261 1262 1281 1280
f 1280 1281 1300 1299
f 1299 1300 1306
f 1229 1244 1243
f 1262 1263 1282 1281
f 1281 1282 1301 1300
f 1300 1301 1306
f 1229 1245 1244
f 1263 1264 1283 1282
f 1282 1283 1302 1301
f 1301 1302 1306
f 1229 1246 1245
f 1264 1265 1284 1283
f 1283 1284 1303 1302
f 1302 1303 1306
f 1229 1247 1246
f 1265 1266 1285 1284
f 1284 1285 1304 1303
f 1303 1304 1306
f 1229 1248 1247
f 1266 1267 1286 1285
f 1285 1286 1305 1304
f 1304 1305 1306
f 1229 1230 1248
f 1267 1249 1268 1286
f 1286 1268 1287 1305
f 1305 1287 1306
f 1308 1255 1254 1307
f 1327 1235 1236 1344
f 1309 1256 1255 1308
f 1344 1236 1237 1343
f 1310 1257 1256 1309
f 1343 1237 1238 1342
f 1311 1258 1257 1310
f 1342 1238 1239 1341
f 1312 1259 1258 1311
f 1341 1239 1240 1340
f 1313 1260 1259 1312
f 1340 1240 1241 1339
f 1314 1261 1260 1313
f 1339 1241 1242 1338
f 1315 1262 1261 1314
f 1338 1242 1243 1337
f 1316 1263 1262 1315
f 1337 1243 1244 1336
f 1317 1264 1263 1316
f 1336 1244 1245 1335
f 1318 1265 1264 1317
f 1335 1245 1246 1334
f 1319 1266 1265 1318
f 1334 1246 1247 1333
f 1320 1267 1266 1319
f 1333 1247 1248 1332
f 1321 1249 1267 1320
f 1332 1248 1230 1331
f 1322 1250 1249 1321
f 1331 1230 1231 1330
f 1323 1251 1250 1322
f 1330 1231 1232 1329
f 1324 1252 1251 1323
f 1329 1232 1233 1328
f 1325 1253 1252 1324
f 1328 1233 1234 1326
f 1326 1234 1235 1327
f 1307 1254 1253 1325
f 1307 1325 1326 1327
f 1328 1326 1325 1324
f 1329 1328 1324 1323
f 1330 1329 1323 1322
f 1331 1330 1322 1321
f 1332 1331 1321 1320
f 1333 1332 1320 1319
f 1334 1333 1319 1318
f 1335 1334 1318 1317
f 1336 1335 1317 1316
f 1337 1336 1316 1315
f 1338 1337 1315 1314
f 1339 1338 1314 1313
f 1340 1339 1313 1312
f 1341 1340 1312 1311
f 1342 1341 1311 1310
f 1343 1342 1310 1309
f 1344 1343 1309 1308
f 1327 1344 1308 1307
f 1345 1347 1346
f 1365 1366 1385 1384
f 1384 1385 1404 1403
f 1403 1404 1422
f 1345 1348 1347
f 1366 1367 1386 1385
f 1385 1386 1405 1404
f 1404 1405 1422
f 1345 1349 1348
f 1367 1368 1387 1386
f 1386 1387 1406 1405
f 1405 1406 1422
f 1345 1350 1349
f 1368 1369 1388 1387
f 1387 1388 1407 1406
f 1406 1407 1422
f 1345 1351 1350
f 1369 1370 1389 1388
f 1388 1389 1408 1407
f 1407 1408 1422
f 1345 1352 1351
f 1370 1371 1390 1389
f 1389 1390 1409 1408
f 1408 1409 1422
f 1345 1353 1352
f 1371 1372 1391 1390
f 1390 1391 1410 1409
f 1409 1410 1422
f 1345 1354 1353
f 1372 1373 1392 1391
f 1391 1392 1411 1410
f 1410 1411 1422
f 1345 1355 1354
f 1373 1374 1393 1392
f 1392 1393 1412 1411
f 1411 1412 1422
f 1345 1356 1355
f 1374 1375 1394 1393
f 1393 1394 1413 1412
f 1412 1413 1422
f 1345 1357 1356
f 1375 1376 1395 1394
f 1394 1395 1414 1413
f 1413 1414 1422
f 1345 1358 1357
f 1376 1377 1396 1395
f 1395 1396 1415 1414
f 1414 1415 1422
f 1345 1359 1358
f 1377 1378 1397 1396
f 1396 1397 1416 1415
f 1415 1416 1422
f 1345 1360 1359
f 1378 1379 1398 1397
f 1397 1398 1417 1416
f 1416 1417 1422
f 1345 1361 1360
f 1379 1380 1399 1398
f 1398 1399 1418 1417
f 1417 1418 1422
f 1345 1362 1361
f 1380 1381 1400 1399
f 1399 1400 1419 1418
f 1418 1419 1422
f 1345 1363 1362
f 1381 1382 1401 1400
f 1400 1401 1420 1419
f 1419 1420 1422
f 1345 1364 1363
f 1382 1383 1402 1401
f 1401 1402 1421 1420
f 1420 1421 1422
f 1345 1346 1364
f 1383 1365 1384 1402
f 1402 1384 1403 1421
f 1421 1403 1422
f 1424 1371 1370 1423
f 1443 1351 1352 1460
f 1425 1372 1371 1424
f 1460 1352 1353 1459
f 1426 1373 1372 1425
f 1459 1353 1354 1458
f 1427 1374 1373 1426
f 1458 1354 1355 1457
f 1428 1375 1374 1427
f 1457 1355 1356 1456
f 1429 1376 1375 1428
f 1456 1356 1357 1455
f 1430 1377 1376 1429
f 1455 1357 1358 1454
f 1431 1378 1377 1430
f 1454 1358 1359 1453
f 1432 1379 1378 1431
f 1453 1359 1360 1452
f 1433 1380 1379 1432
f 1452 1360 1361 1451
f 1434 1381 1380 1433
f 1451 1361 1362 1450
f 1435 1382 1381 1434
f 1450 1362 1363 1449
f 1436 1383 1382 1435
f 1449 1363 1364 1448
f 1437 1365 1383 1436
f 1448 1364 1346 1447
f 1438 1366 1365 1437
f 1447 1346 1347 1446
f 1439 1367 1366 1438
f 1446 1347 1348 1445
f 1440 1368 1367 1439
f 1445 1348 1349 1444
f 1441 1369 1368 1440
f 1444 1349 1350 1442
f 1442 1350 1351 1443
f 1423 1370 1369 1441
f 1423 1441 1442 1443
f 1444 1442 1441 1440
f 1445 1444 1440 1439
f 1446 1445 1439 1438
f 1447 1446 1438 1437
f 1448 1447 1437 1436
f 1449 1448 1436 1435
f 1450 1449 1435 1434
f 1451 1450 1434 1433
f 1452 1451 1433 1432
f 1453 1452 1432 1431
f 1454 1453 1431 1430
f 1455 1454 1430 1429
f 1456 1455 1429 1428
f 1457 1456 1428 1427
f 1458 1457 1427 1426
f 1459 1458 1426 1425
f 1460 1459 1425 1424
f 1443 1460 1424 1423
f 1462 1463 1461
f 1500 1501 1482 1481
f 1519 1520 1501 1500
f 1538 1520 1519
f 1463 1464 1461
f 1501 1502 1483 1482
f 1520 1521 1502 1501
f 1538 1521 1520
f 1464 1465 1461
f 1502 1503 1484 1483
f 1521 1522 1503 1502
f 1538 1522 1521
f 1465 1466 1461
f 1503 1504 1485 1484
f 1522 1523 1504 1503
f 1538 1523 1522
f 1466 1467 1461
f 1504 1505 1486 1485
f 1523 1524 1505 1504
f 1538 1524 1523
f 1467 1468 1461
f 1505 1506 1487 1486
f 1524 1525 1506 1505
f 1538 1525 1524
f 1468 1469 1461
f 1506 1507 1488 1487
f 1525 1526 1507 1506
f 1538 1526 1525
f 1469 1470 1461
f 1507 1508 1489 1488
f 1526 1527 1508 1507
f 1538 1527 1526
f 1470 1471 1461
f 1508 1509 1490 1489
f 1527 1528 1509 1508
f 1538 1528 1527
f 1471 1472 1461
f 1509 1510 1491 1490
f 1528 1529 1510 1509
f 1538 1529 1528
f 1472 1473 1461
f 1510 1511 1492 1491
f 1529 1530 1511 1510
f 1538 1530 1529
f 1473 1474 1461
f 1511 1512 1493 1492
f 1530 1531 1512 1511
f 1538 1531 1530
f 1474 1475 1461
f 1512 1513 1494 1493
f 1531 1532 1513 1512
f 1538 1532 1531
f 1475 1476 1461
f 1513 1514 1495 1494
f 1532 1533 1514 1513
f 1538 1533 1532
f 1476 1477 1461
f 1514 1515 1496 1495
f 1533 1534 1515 1514
f 1538 1534 1533
f 1477 1478 1461
f 1515 1516 1497 1496
f 1534 1535 1516 1515
f 1538 1535 1534
f 1478 1479 1461
f 1516 1517 1498 1497
f 1535 1536 1517 1516
f 1538 1536 1535
f 1479 1480 1461
f 1517 1518 1499 1498
f 1536 1537 1518 1517
f 1538 1537 1536
f 1480 1462 1461
f 1518 1500 1481 1499
f 1537 1519 1500 1518
f 1538 1519 1537
f 1539 1486 1487 1540
f 1576 1468 1467 1559
f 1540 1487 1488 1541
f 1575 1469 1468 1576
f 1541 1488 1489 1542
f 1574 1470 1469 1575
f 1542 1489 1490 1543
f 1573 1471 1470 1574
f 1543 1490 1491 1544
f 1572 1472 1471 1573
f 1544 1491 1492 1545
f 1571 1473 1472 1572
f 1545 1492 1493 1546
f 1570 1474 1473 1571
f 1546 1493 1494 1547
f 1569 1475 1474 1570
f 1547 1494 1495 1548
f 1568 1476 1475 1569
f 1548 1495 1496 1549
f 1567 1477 1476 1568
f 1549 1496 1497 1550
f 1566 1478 1477 1567
f 1550 1497 1498 1551
f 1565 1479 1478 1566
f 1551 1498 1499 1552
f 1564 1480 1479 1565
f 1552 1499 1481 1553
f 1563 1462 1480 1564
f 1553 1481 1482 1554
f 1562 1463 1462 1563
f 1554 1482 1483 1555
f 1561 1464 1463 1562
f 1555 1483 1484 1556
f 1560 1465 1464 1561
f 1556 1484 1485 1557
f 1558 1466 1465 1560
f 1559 1467 1466 1558
f 1557 1485 1486 1539
f 1559 1558 1557 1539
f 1556 1557 1558 1560
f 1555 1556 1560 1561
f 1554 1555 1561 1562
f 1553 1554 1562 1563
f 1552 1553 1563 1564
f 1551 1552 1564 1565
f 1550 1551 1565 1566
f 1549 1550 1566 1567
f 1548 1549 1567 1568
f 1547 1548 1568 1569
f 1546 1547 1569 1570
f 1545 1546 1570 1571
f 1544 1545 1571 1572
f 1543 1544 1572 1573
f 1542 1543 1573 1574
f 1541 1542 1574 1575
f 1540 1541 1575 1576
f 1539 1540 1576 1559
f 1577 1579 1578
f 1578 1579 1597 1596
f 1596 1597 1614
f 1577 1580 1579
f 1579 1580 1598 1597
f 1597 1598 1614
f 1577 1581 1580
f 1580 1581 1599 1598
f 1598 1599 1614
f 1577 1582 1581
f 1581 1582 1600 1599
f 1599 1600 1614
f 1577 1583 1582
f 1582 1583 1601 1600
f 1600 1601 1614
f 1577 1584 1583
f 1583 1584 1602 1601
f 1601 1602 1614
f 1577 1585 1584
f 1584 1585 1603 1602
f 1602 1603 1614
f 1577 1586 1585
f 1585 1586 1604 1603
f 1603 1604 1614
f 1577 1587 1586
f 1586 1587 1605 1604
f 1604 1605 1614
f 1577 1588 1587
f 1587 1588 1606 1605
f 1605 1606 1614
f 1577 1589 1588
f 1588 1589 1607 1606
f 1606 1607 1614
f 1577 1590 1589
f 1589 1590 1608 1607
f 1607 1608 1614
f 1577 1591 1590
f 1590 1591 1609 1608
f 1608 1609 1614
f 1577 1592 1591
f 1591 1592 1610 1609
f 1609 1610 1614
f 1577 1593 1592
f 1592 1593 1611 1610
f 1610 1611 1614
f 1577 1594 1593
f 1593 1594 1612 1611
f 1611 1612 1614
f 1577 1595 1594
f 1594 1595 1613 1612
f 1612 1613 1614
f 1577 1578 1595
f 1595 1578 1596 1613
f 1613 1596 1614
f 1615 1617 1616
f 1616 1617 1635 1634
f 1667 1666 1652
f 1615 1618 1617
f 1617 1618 1636 1635
f 1666 1665 1652
f 1615 1619 1618
f 1618 1619 1637 1636
f 1665 1664 1652
f 1615 1620 1619
f 1619 1620 1638 1637
f 1664 1663 1652
f 1615 1621 1620
f 1620 1621 1639 1638
f 1663 1662 1652
f 1615 1622 1621
f 1621 1622 1640 1639
f 1662 1661 1652
f 1615 1623 1622
f 1622 1623 1641 1640
f 1661 1660 1652
f 1615 1624 1623
f 1623 1624 1642 1641
f 1660 1659 1652
f 1615 1625 1624
f 1624 1625 1643 1642
f 1659 1658 1652
f 1615 1626 1625
f 1625 1626 1644 1643
f 1658 1657 1652
f 1615 1627 1626
f 1626 1627 1645 1644
f 1657 1656 1652
f 1615 1628 1627
f 1627 1628 1646 1645
f 1656 1655 1652
f 1615 1629 1628
f 1628 1629 1647 1646
f 1655 1653 1652
f 1615 1630 1629
f 1629 1630 1648 1647
f 1653 1654 1652
f 1615 1631 1630
f 1630 1631 1649 1648
f 1654 1670 1652
f 1615 1632 1631
f 1631 1632 1650 1649
f 1670 1669 1652
f 1615 1633 1632
f 1632 1633 1651 1650
f 1669 1668 1652
f 1615 1616 1633
f 1633 1616 1634 1651
f 1668 1667 1652
f 1654 1653 1647 1648
f 1653 1655 1646 1647
f 1655 1656 1645 1646
f 1656 1657 1644 1645
f 1657 1658 1643 1644
f 1658 1659 1642 1643
f 1659 1660 1641 1642
f 1660 1661 1640 1641
f 1661 1662 1639 1640
f 1662 1663 1638 1639
f 1663 1664 1637 1638
f 1664 1665 1636 1637
f 1665 1666 1635 1636
f 1666 1667 1634 1635
f 1667 1668 1651 1634
f 1668 1669 1650 1651
f 1669 1670 1649 1650
f 1670 1654 1648 1649
f 1671 1673 1672
f 1672 1673 1691 1690
f 1724 1723 1708
f 1671 1674 1673
f 1673 1674 1692 1691
f 1723 1722 1708
f 1671 1675 1674
f 1674 1675 1693 1692
f 1722 1721 1708
f 1671 1676 1675
f 1675 1676 1694 1693
f 1721 1720 1708
f 1671 1677 1676
f 1676 1677 1695 1694
f 1720 1719 1708
f 1671 1678 1677
f 1677 1678 1696 1695
f 1719 1718 1708
f 1671 1679 1678
f 1678 1679 1697 1696
f 1718 1717 1708
f 1671 1680 1679
f 1679 1680 1698 1697
f 1717 1716 1708
f 1671 1681 1680
f 1680 1681 1699 1698
f 1716 1715 1708
f 1671 1682 1681
f 1681 1682 1700 1699
f 1715 1714 1708
f 1671 1683 1682
f 1682 1683 1701 1700
f 1714 1713 1708
f 1671 1684 1683
f 1683 1684 1702 1701
f 1713 1712 1708
f 1671 1685 1684
f 1684 1685 1703 1702
f 1712 1711 1708
f 1671 1686 1685
f 1685 1686 1704 1703
f 1711 1709 1708
f 1671 1687 1686
f 1686 1687 1705 1704
f 1709 1710 1708
f 1671 1688 1687
f 1687 1688 1706 1705
f 1710 1726 1708
f 1671 1689 1688
f 1688 1689 1707 1706
f 1726 1725 1708
f 1671 1672 1689
f 1689 1672 1690 1707
f 1725 1724 1708
f 1710 1709 1704 1705
f 1709 1711 1703 1704
f 1711 1712 1702 1703
f 1712 1713 1701 1702
f 1713 1714 1700 1701
f 1714 1715 1699 1700
f 1715 1716 1698 1699
f 1716 1717 1697 1698
f 1717 1718 1696 1697
f 1718 1719 1695 1696
f 1719 1720 1694 1695
f 1720 1721 1693 1694
f 1721 1722 1692 1693
f 1722 1723 1691 1692
f 1723 1724 1690 1691
f 1724 1725 1707 1690
f 1725 1726 1706 1707
f 1726 1710 1705 1706
f 1728 1729 1727
f 1746 1747 1729 1728
f 1764 1747 1746
f 1729 1730 1727
f 1747 1748 1730 1729
f 1764 1748 1747
f 1730 1731 1727
f 1748 1749 1731 1730
f 1764 1749 1748
f 1731 1732 1727
f 1749 1750 1732 1731
f 1764 1750 1749
f 1732 1733 1727
f 1750 1751 1733 1732
f 1764 1751 1750
f 1733 1734 1727
f 1751 1752 1734 1733
f 1764 1752 1751
f 1734 1735 1727
f 1752 1753 1735 1734
f 1764 1753 1752
f 1735 1736 1727
f 1753 1754 1736 1735
f 1764 1754 1753
f 1736 1737 1727
f 1754 1755 1737 1736
f 1764 1755 1754
f 1737 1738 1727
f 1755 1756 1738 1737
f 1764 1756 1755
f 1738 1739 1727
f 1756 1757 1739 1738
f 1764 1757 1756
f 1739 1740 1727
f 1757 1758 1740 1739
f 1764 1758 1757
f 1740 1741 1727
f 1758 1759 1741 1740
f 1764 1759 1758
f 1741 1742 1727
f 1759 1760 1742 1741
f 1764 1760 1759
f 1742 1743 1727
f 1760 1761 1743 1742
f 1764 1761 1760
f 1743 1744 1727
f 1761 1762 1744 1743
f 1764 1762 1761
f 1744 1745 1727
f 1762 1763 1745 1744
f 1764 1763 1762
f 1745 1728 1727
f 1763 1746 1728 1745
f 1764 1746 1763
f 1766 1767 1765
f 1784 1785 1767 1766
f 1802 1816 1817
f 1767 1768 1765
f 1785 1786 1768 1767
f 1802 1815 1816
f 1768 1769 1765
f 1786 1787 1769 1768
f 1802 1814 1815
f 1769 1770 1765
f 1787 1788 1770 1769
f 1802 1813 1814
f 1770 1771 1765
f 1788 1789 1771 1770
f 1802 1812 1813
f 1771 1772 1765
f 1789 1790 1772 1771
f 1802 1811 1812
f 1772 1773 1765
f 1790 1791 1773 1772
f 1802 1810 1811
f 1773 1774 1765
f 1791 1792 1774 1773
f 1802 1809 1810
f 1774 1775 1765
f 1792 1793 1775 1774
f 1802 1808 1809
f 1775 1776 1765
f 1793 1794 1776 1775
f 1802 1807 1808
f 1776 1777 1765
f 1794 1795 1777 1776
f 1802 1806 1807
f 1777 1778 1765
f 1795 1796 1778 1777
f 1802 1805 1806
f 1778 1779 1765
f 1796 1797 1779 1778
f 1802 1803 1805
f 1779 1780 1765
f 1797 1798 1780 1779
f 1802 1804 1803
f 1780 1781 1765
f 1798 1799 1781 1780
f 1802 1820 1804
f 1781 1782 1765
f 1799 1800 1782 1781
f 1802 1819 1820
f 1782 1783 1765
f 1800 1801 1783 1782
f 1802 1818 1819
f 1783 1766 1765
f 1801 1784 1766 1783
f 1802 1817 1818
f 1798 1797 1803 1804
f 1797 1796 1805 1803
f 1796 1795 1806 1805
f 1795 1794 1807 1806
f 1794 1793 1808 1807
f 1793 1792 1809 1808
f 1792 1791 1810 1809
f 1791 1790 1811 1810
f 1790 1789 1812 1811
f 1789 1788 1813 1812
f 1788 1787 1814 1813
f 1787 1786 1815 1814
f 1786 1785 1816 1815
f 1785 1784 1817 1816
f 1784 1801 1818 1817
f 1801 1800 1819 1818
f 1800 1799 1820 1819
f 1799 1798 1804 1820
f 1822 1823 1821
f 1840 1841 1823 1822
f 1858 1873 1874
f 1823 1824 1821
f 1841 1842 1824 1823
f 1858 1872 1873
f 1824 1825 1821
f 1842 1843 1825 1824
f 1858 1871 1872
f 1825 1826 1821
f 1843 1844 1826 1825
f 1858 1870 1871
f 1826 1827 1821
f 1844 1845 1827 1826
f 1858 1869 1870
f 1827 1828 1821
f 1845 1846 1828 1827
f 1858 1868 1869
f 1828 1829 1821
f 1846 1847 1829 1828
f 1858 1867 1868
f 1829 1830 1821
f 1847 1848 1830 1829
f 1858 1866 1867
f 1830 1831 1821
f 1848 1849 1831 1830
f 1858 1865 1866
f 1831 1832 1821
f 1849 1850 1832 1831
f 1858 1864 1865
f 1832 1833 1821
f 1850 1851 1833 1832
f 1858 1863 1864
f 1833 1834 1821
f 1851 1852 1834 1833
f 1858 1862 1863
f 1834 1835 1821
f 1852 1853 1835 1834
f 1858 1861 1862
f 1835 1836 1821
f 1853 1854 1836 1835
f 1858 1859 1861
f 1836 1837 1821
f 1854 1855 1837 1836
f 1858 1860 1859
f 1837 1838 1821
f 1855 1856 1838 1837
f 1858 1876 1860
f 1838 1839 1821
f 1856 1857 1839 1838
f 1858 1875 1876
f 1839 1822 1821
f 1857 1840 1822 1839
f 1858 1874 1875
f 1855 1854 1859 1860
f 1854 1853 1861 1859
f 1853 1852 1862 1861
f 1852 1851 1863 1862
f 1851 1850 1864 1863
f 1850 1849 1865 1864
f 1849 1848 1866 1865
f 1848 1847 1867 1866
f 1847 1846 1868 1867
f 1846 1845 1869 1868
f 1845 1844 1870 1869
f 1844 1843 1871 1870
f 1843 1842 1872 1871
f 1842 1841 1873 1872
f 1841 1840 1874 1873
f 1840 1857 1875 1874
f 1857 1856 1876 1875
f 1856 1855 1860 1876
f 1878 1879 1877
f 1896 1897 1879 1878
f 1914 1897 1896
f 1879 1880 1877
f 1897 1898 1880 1879
f 1914 1898 1897
f 1880 1881 1877
f 1898 1899 1881 1880
f 1914 1899 1898
f 1881 1882 1877
f 1899 1900 1882 1881
f 1914 1900 1899
f 1882 1883 1877
f 1900 1901 1883 1882
f 1914 1901 1900
f 1883 1884 1877
f 1901 1902 1884 1883
f 1914 1902 1901
f 1884 1885 1877
f 1902 1903 1885 1884
f 1914 1903 1902
f 1885 1886 1877
f 1903 1904 1886 1885
f 1914 1904 1903
f 1886 1887 1877
f 1904 1905 1887 1886
f 1914 1905 1904
f 1887 1888 1877
f 1905 1906 1888 1887
f 1914 1906 1905
f 1888 1889 1877
f 1906 1907 1889 1888
f 1914 1907 1906
f 1889 1890 1877
f 1907 1908 1890 1889
f 1914 1908 1907
f 1890 1891 1877
f 1908 1909 1891 1890
f 1914 1909 1908
f 1891 1892 1877
f 1909 1910 1892 1891
f 1914 1910 1909
f 1892 1893 1877
f 1910 1911 1893 1892
f 1914 1911 1910
f 1893 1894 1877
f 1911 1912 1894 1893
f 1914 1912 1911
f 1894 1895 1877
f 1912 1913 1895 1894
f 1914 1913 1912
f 1895 1878 1877
f 1913 1896 1878 1895
f 1914 1896 1913
f 1916 1917 1915
f 1934 1935 1917 1916
f 1952 1966 1967
f 1917 1918 1915
f 1935 1936 1918 1917
f 1952 1965 1966
f 1918 1919 1915
f 1936 1937 1919 1918
f 1952 1964 1965
f 1919 1920 1915
f 1937 1938 1920 1919
f 1952 1963 1964
f 1920 1921 1915
f 1938 1939 1921 1920
f 1952 1962 1963
f 1921 1922 1915
f 1939 1940 1922 1921
f 1952 1961 1962
f 1922 1923 1915
f 1940 1941 1923 1922
f 1952 1960 1961
f 1923 1924 1915
f 1941 1942 1924 1923
f 1952 1959 1960
f 1924 1925 1915
f 1942 1943 1925 1924
f 1952 1958 1959
f 1925 1926 1915
f 1943 1944 1926 1925
f 1952 1957 1958
f 1926 1927 1915
f 1944 1945 1927 1926
f 1952 1956 1957
f 1927 1928 1915
f 1945 1946 1928 1927
f 1952 1955 1956
f 1928 1929 1915
f 1946 1947 1929 1928
f 1952 1953 1955
f 1929 1930 1915
f 1947 1948 1930 1929
f 1952 1954 1953
f 1930 1931 1915
f 1948 1949 1931 1930
f 1952 1970 1954
f 1931 1932 1915
f 1949 1950 1932 1931
f 1952 1969 1970
f 1932 1933 1915
f 1950 1951 1933 1932
f 1952 1968 1969
f 1933 1916 1915
f 1951 1934 1916 1933
f 1952 1967 1968
f 1948 1947 1953 1954
f 1947 1946 1955 1953
f 1946 1945 1956 1955
f 1945 1944 1957 1956
f 1944 1943 1958 1957
f 1943 1942 1959 1958
f 1942 1941 1960 1959
f 1941 1940 1961 1960
f 1940 1939 1962 1961
f 1939 1938 1963 1962
f 1938 1937 1964 1963
f 1937 1936 1965 1964
f 1936 1935 1966 1965
f 1935 1934 1967 1966
f 1934 1951 1968 1967
f 1951 1950 1969 1968
f 1950 1949 1970 1969
f 1949 1948 1954 1970
f 1972 1973 1971
f 1990 1991 1973 1972
f 2008 2023 2024
f 1973 1974 1971
f 1991 1992 1974 1973
f 2008 2022 2023
f 1974 1975 1971
f 1992 1993 1975 1974
f 2008 2021 2022
f 1975 1976 1971
f 1993 1994 1976 1975
f 2008 2020 2021
f 1976 1977 1971
f 1994 1995 1977 1976
f 2008 2019 2020
f 1977 1978 1971
f 1995 1996 1978 1977
f 2008 2018 2019
f 1978 1979 1971
f 1996 1997 1979 1978
f 2008 2017 2018
f 1979 1980 1971
f 1997 1998 1980 1979
f 2008 2016 2017
f 1980 1981 1971
f 1998 1999 1981 1980
f 2008 2015 2016
f 1981 1982 1971
f 1999 2000 1982 1981
f 2008 2014 2015
f 1982 1983 1971
f 2000 2001 1983 1982
f 2008 2013 2014
f 1983 1984 1971
f 2001 2002 1984 1983
f 2008 2012 2013
f 1984 1985 1971
f 2002 2003 1985 1984
f 2008 2011 2012
f 1985 1986 1971
f 2003 2004 1986 1985
f 2008 2009 2011
f 1986 1987 1971
f 2004 2005 1987 1986
f 2008 2010 2009
f 1987 1988 1971
f 2005 2006 1988 1987
f 2008 2026 2010
f 1988 1989 1971
f 2006 2007 1989 1988
f 2008 2025 2026
f 1989 1972 1971
f 2007 1990 1972 1989
f 2008 2024 2025
f 2005 2004 2009 2010
f 2004 2003 2011 2009
f 2003 2002 2012 2011
f 2002 2001 2013 2012
f 2001 2000 2014 2013
f 2000 1999 2015 2014
f 1999 1998 2016 2015
f 1998 1997 2017 2016
f 1997 1996 2018 2017
f 1996 1995 2019 2018
f 1995 1994 2020 2019
f 1994 1993 2021 2020
f 1993 1992 2022 2021
f 1992 1991 2023 2022
f 1991 1990 2024 2023
f 1990 2007 2025 2024
f 2007 2006 2026 2025
f 2006 2005 2010 2026
f 2027 2029 2028
f 2028 2029 2047 2046
f 2046 2047 2064
f 2027 2030 2029
f 2029 2030 2048 2047
f 2047 2048 2064
f 2027 2031 2030
f 2030 2031 2049 2048
f 2048 2049 2064
f 2027 2032 2031
f 2031 2032 2050 2049
f 2049 2050 2064
f 2027 2033 2032
f 2032 2033 2051 2050
f 2050 2051 2064
f 2027 2034 2033
f 2033 2034 2052 2051
f 2051 2052 2064
f 2027 2035 2034
f 2034 2035 2053 2052
f 2052 2053 2064
f 2027 2036 2035
f 2035 2036 2054 2053
f 2053 2054 2064
f 2027 2037 2036
f 2036 2037 2055 2054
f 2054 2055 2064
f 2027 2038 2037
f 2037 2038 2056 2055
f 2055 2056 2064
f 2027 2039 2038
f 2038 2039 2057 2056
f 2056 2057 2064
f 2027 2040 2039
f 2039 2040 2058 2057
f 2057 2058 2064
f 2027 2041 2040
f 2040 2041 2059 2058
f 2058 2059 2064
f 2027 2042 2041
f 2041 2042 2060 2059
f 2059 2060 2064
f 2027 2043 2042
f 2042 2043 2061 2060
f 2060 2061 2064
f 2027 2044 2043
f 2043 2044 2062 2061
f 2061 2062 2064
f 2027 2045 2044
f 2044 2045 2063 2062
f 2062 2063 2064
f 2027 2028 2045
f 2045 2028 2046 2063
f 2063 2046 2064
f 2065 2067 2066
f 2066 2067 2085 2084
f 2117 2116 2102
f 2065 2068 2067
f 2067 2068 2086 2085
f 2116 2115 2102
f 2065 2069 2068
f 2068 2069 2087 2086
f 2115 2114 2102
f 2065 2070 2069
f 2069 2070 2088 2087
f 2114 2113 2102
f 2065 2071 2070
f 2070 2071 2089 2088
f 2113 2112 2102
f 2065 2072 2071
f 2071 2072 2090 2089
f 2112 2111 2102
f 2065 2073 2072
f 2072 2073 2091 2090
f 2111 2110 2102
f 2065 2074 2073
f 2073 2074 2092 2091
f 2110 2109 2102
f 2065 2075 2074
f 2074 2075 2093 2092
f 2109 2108 2102
f 2065 2076 2075
f 2075 2076 2094 2093
f 2108 2107 2102
f 2065 2077 2076
f 2076 2077 2095 2094
f 2107 2106 2102
f 2065 2078 2077
f 2077 2078 2096 2095
f 2106 2105 2102
f 2065 2079 2078
f 2078 2079 2097 2096
f 2105 2103 2102
f 2065 2080 2079
f 2079 2080 2098 2097
f 2103 2104 2102
f 2065 2081 2080
f 2080 2081 2099 2098
f 2104 2120 2102
f 2065 2082 2081
f 2081 2082 2100 2099
f 2120 2119 2102
f 2065 2083 2082
f 2082 2083 2101 2100
f 2119 2118 2102
f 2065 2066 2083
f 2083 2066 2084 2101
f 2118 2117 2102
f 2104 2103 2097 2098
f 2103 2105 2096 2097
f 2105 2106 2095 2096
f 2106 2107 2094 2095
f 2107 2108 2093 2094
f 2108 2109 2092 2093
f 2109 2110 2091 2092
f 2110 2111 2090 2091
f 2111 2112 2089 2090
f 2112 2113 2088 2089
f 2113 2114 2087 2088
f 2114 2115 2086 2087
f 2115 2116 2085 2086
f 2116 2117 2084 2085
f 2117 2118 2101 2084
f 2118 2119 2100 2101
f 2119 2120 2099 2100
f 2120 2104 2098 2099
f 2121 2123 2122
f 2122 2123 2141 2140
f 2174 2173 2158
f 2121 2124 2123
f 2123 2124 2142 2141
f 2173 2172 2158
f 2121 2125 2124
f 2124 2125 2143 2142
f 2172 2171 2158
f 2121 2126 2125
f 2125 2126 2144 2143
f 2171 2170 2158
f 2121 2127 2126
f 2126 2127 2145 2144
f 2170 2169 2158
f 2121 2128 2127
f 2127 2128 2146 2145
f 2169 2168 2158
f 2121 2129 2128
f 2128 2129 2147 2146
f 2168 2167 2158
f 2121 2130 2129
f 2129 2130 2148 2147
f 2167 2166 2158
f 2121 2131 2130
f 2130 2131 2149 2148
f 2166 2165 2158
f 2121 2132 2131
f 2131 2132 2150 2149
f 2165 2164 2158
f 2121 2133 2132
f 2132 2133 2151 2150
f 2164 2163 2158
f 2121 2134 2133
f 2133 2134 2152 2151
f 2163 2162 2158
f 2121 2135 2134
f 2134 2135 2153 2152
f 2162 2161 2158
f 2121 2136 2135
f 2135 2136 2154 2153
f 2161 2159 2158
f 2121 2137 2136
f 2136 2137 2155 2154
f 2159 2160 2158
f 2121 2138 2137
f 2137 2138 2156 2155
f 2160 2176 2158
f 2121 2139 2138
f 2138 2139 2157 2156
f 2176 2175 2158
f 2121 2122 2139
f 2139 2122 2140 2157
f 2175 2174 2158
f 2160 2159 2154 2155
f 2159 2161 2153 2154
f 2161 2162 2152 2153
f 2162 2163 2151 2152
f 2163 2164 2150 2151
f 2164 2165 2149 2150
f 2165 2166 2148 2149
f 2166 2167 2147 2148
f 2167 2168 2146 2147
f 2168 2169 2145 2146
f 2169 2170 2144 2145
f 2170 2171 2143 2144
f 2171 2172 2142 2143
f 2172 2173 2141 2142
f 2173 2174 2140 2141
f 2174 2175 2157 2140
f 2175 2176 2156 2157
f 2176 2160 2155 2156
f 2186 2180 2179 2185
f 2190 2181 2182 2192
f 2188 2177 2178 2187
f 2288 2289 2290 2291
f 2195 2193 2188 2187
f 2336 2335 2334 2333
f 2199 2197 2186 2185
f 2539 2537 2536 2540
f 2193 2195 2201 2202
f 2196 2194 2203 2204
f 2252 2251 2250 2249
f 2256 2255 2254 2253
f 2205 2206 2209 2210
f 2181 2205 2210 2211
f 2182 2181 2211 2212
f 2206 2182 2212 2209
f 2207 2208 2213 2214
f 2184 2207 2214 2215
f 2183 2184 2215 2216
f 2208 2183 2216 2213
f 2210 2209 2217 2218
f 2211 2210 2218 2219
f 2212 2211 2219 2220
f 2209 2212 2220 2217
f 2214 2213 2221 2222
f 2215 2214 2222 2223
f 2216 2215 2223 2224
f 2213 2216 2224 2221
f 2218 2217 2225 2226
f 2219 2218 2226 2227
f 2220 2219 2227 2228
f 2217 2220 2228 2225
f 2222 2221 2229 2230
f 2223 2222 2230 2231
f 2224 2223 2231 2232
f 2221 2224 2232 2229
f 2230 2229 2233 2234
f 2231 2230 2234 2235
f 2232 2231 2235 2236
f 2229 2232 2236 2233
f 2226 2225 2237 2238
f 2227 2226 2238 2239
f 2228 2227 2239 2240
f 2225 2228 2240 2237
f 2238 2237 2241 2242
f 2239 2238 2242 2243
f 2240 2239 2243 2244
f 2237 2240 2244 2241
f 2234 2233 2245 2246
f 2235 2234 2246 2247
f 2236 2235 2247 2248
f 2233 2236 2248 2245
f 2242 2241 2249 2250
f 2243 2242 2250 2251
f 2244 2243 2251 2252
f 2241 2244 2252 2249
f 2246 2245 2253 2254
f 2247 2246 2254 2255
f 2248 2247 2255 2256
f 2245 2248 2256 2253
f 2259 2207 2184
f 2182 2206 2259
f 2259 2184 2191 2260
f 2260 2192 2182 2259
f 2260 2191 2196 2261
f 2535 2536 2537 2538
f 2263 2186 2197 2262
f 2263 2187 2178 2264
f 2264 2180 2186 2263
f 2264 2178 2177 2265
f 2265 2179 2180 2264
f 2265 2177 2188 2266
f 2266 2185 2179 2265
f 2267 2199 2185 2266
f 2268 2194 2189 2269
f 2273 2270 2271 2272
f 2269 2189 2183 2257
f 2274 2275 2270 2273
f 2257 2205 2181
f 2183 2208 2257
f 2271 2270 2190 2200
f 2272 2271 2200 2268
f 2273 2272 2268 2269
f 2275 2274 2257 2181
f 2270 2275 2181 2190
f 2274 2273 2269 2257
f 2277 2276 2191 2184
f 2278 2277 2184 2183
f 2279 2278 2183 2189
f 2276 2279 2189 2191
f 2281 2280 2276 2277
f 2282 2281 2277 2278
f 2283 2282 2278 2279
f 2280 2283 2279 2276
f 2285 2284 2280 2281
f 2286 2285 2281 2282
f 2287 2286 2282 2283
f 2284 2287 2283 2280
f 2289 2288 2284 2285
f 2296 2297 2298 2299
f 2291 2290 2286 2287
f 2288 2291 2287 2284
f 2293 2292 2290 2289
f 2294 2293 2289 2285
f 2295 2294 2285 2286
f 2292 2295 2286 2290
f 2297 2296 2292 2293
f 2298 2297 2293 2294
f 2299 2298 2294 2295
f 2296 2299 2295 2292
f 2301 2261 2196 2300
f 2301 2262 2197 2302
f 2302 2198 2261 2301
f 2302 2197 2199 2303
f 2303 2200 2198 2302
f 2303 2199 2267 2304
f 2304 2268 2200 2303
f 2305 2194 2268 2304
f 2306 2203 2194 2305
f 2306 2202 2201 2307
f 2307 2204 2203 2306
f 2300 2196 2204 2307
f 2309 2308 2266 2188
f 2310 2309 2188 2193
f 2311 2310 2193 2202
f 2312 2311 2202 2306
f 2313 2312 2306 2305
f 2314 2313 2305 2304
f 2315 2314 2304 2267
f 2308 2315 2267 2266
f 2317 2316 2300 2307
f 2318 2317 2307 2201
f 2319 2318 2201 2195
f 2320 2319 2195 2187
f 2321 2320 2187 2263
f 2322 2321 2263 2262
f 2323 2322 2262 2301
f 2316 2323 2301 2300
f 2325 2324 2308 2309
f 2326 2325 2309 2310
f 2327 2326 2310 2311
f 2328 2327 2311 2312
f 2329 2328 2312 2313
f 2330 2329 2313 2314
f 2331 2330 2314 2315
f 2324 2331 2315 2308
f 2328 2329 2316 2317
f 2327 2328 2317 2318
f 2326 2327 2318 2319
f 2325 2326 2319 2320
f 2324 2325 2320 2321
f 2324 2321 2322
f 2332 2324 2322 2323
f 2329 2332 2323 2316
f 2194 2196 2333 2334
f 2189 2194 2334 2335
f 2191 2189 2335 2336
f 2545 2546 2547 2548
f 2338 2516 2515
f 2339 2514 2513
f 2341 2512 2520
f 2342 2519 2518
f 2257 2208 2342 2518 2517 2337
f 2337 2517 2516 2338 2205 2257
f 2206 2205 2338 2515 2514 2339
f 2259 2206 2339 2513 2258 2340
f 2340 2258 2512 2341 2207 2259
f 2208 2207 2341 2520 2519 2342
f 2351 2345 2346 2352
f 2358 2348 2347 2356
f 2353 2344 2343 2354
f 2451 2450 2449 2448
f 2353 2354 2359 2361
f 2493 2494 2495 2496
f 2351 2352 2363 2365
f 2525 2523 2522 2526
f 2368 2367 2361 2359
f 2370 2369 2360 2362
f 2415 2416 2417 2418
f 2419 2420 2421 2422
f 2376 2375 2372 2371
f 2377 2376 2371 2347
f 2378 2377 2347 2348
f 2375 2378 2348 2372
f 2380 2379 2374 2373
f 2381 2380 2373 2350
f 2382 2381 2350 2349
f 2379 2382 2349 2374
f 2384 2383 2375 2376
f 2385 2384 2376 2377
f 2386 2385 2377 2378
f 2383 2386 2378 2375
f 2388 2387 2379 2380
f 2389 2388 2380 2381
f 2390 2389 2381 2382
f 2387 2390 2382 2379
f 2392 2391 2383 2384
f 2393 2392 2384 2385
f 2394 2393 2385 2386
f 2391 2394 2386 2383
f 2396 2395 2387 2388
f 2397 2396 2388 2389
f 2398 2397 2389 2390
f 2395 2398 2390 2387
f 2400 2399 2395 2396
f 2401 2400 2396 2397
f 2402 2401 2397 2398
f 2399 2402 2398 2395
f 2404 2403 2391 2392
f 2405 2404 2392 2393
f 2406 2405 2393 2394
f 2403 2406 2394 2391
f 2408 2407 2403 2404
f 2409 2408 2404 2405
f 2410 2409 2405 2406
f 2407 2410 2406 2403
f 2412 2411 2399 2400
f 2413 2412 2400 2401
f 2414 2413 2401 2402
f 2411 2414 2402 2399
f 2416 2415 2407 2408
f 2417 2416 2408 2409
f 2418 2417 2409 2410
f 2415 2418 2410 2407
f 2420 2419 2411 2412
f 2421 2420 2412 2413
f 2422 2421 2413 2414
f 2419 2422 2414 2411
f 2350 2373 2425
f 2425 2372 2348
f 2426 2357 2350 2425
f 2425 2348 2358 2426
f 2427 2362 2357 2426
f 2521 2522 2523 2524
f 2428 2363 2352 2429
f 2430 2344 2353 2429
f 2429 2352 2346 2430
f 2431 2343 2344 2430
f 2430 2346 2345 2431
f 2432 2354 2343 2431
f 2431 2345 2351 2432
f 2432 2351 2365 2433
f 2435 2355 2360 2434
f 2272 2271 2270 2273
f 2423 2349 2355 2435
f 2273 2270 2275 2274
f 2347 2371 2423
f 2423 2374 2349
f 2366 2356 2270 2271
f 2434 2366 2271 2272
f 2435 2434 2272 2273
f 2347 2423 2274 2275
f 2356 2347 2275 2270
f 2423 2435 2273 2274
f 2350 2357 2436 2437
f 2349 2350 2437 2438
f 2355 2349 2438 2439
f 2357 2355 2439 2436
f 2437 2436 2440 2441
f 2438 2437 2441 2442
f 2439 2438 2442 2443
f 2436 2439 2443 2440
f 2441 2440 2444 2445
f 2442 2441 2445 2446
f 2443 2442 2446 2447
f 2440 2443 2447 2444
f 2445 2444 2448 2449
f 2459 2458 2457 2456
f 2447 2446 2450 2451
f 2444 2447 2451 2448
f 2449 2450 2452 2453
f 2445 2449 2453 2454
f 2446 2445 2454 2455
f 2450 2446 2455 2452
f 2453 2452 2456 2457
f 2454 2453 2457 2458
f 2455 2454 2458 2459
f 2452 2455 2459 2456
f 2460 2362 2427 2461
f 2462 2363 2428 2461
f 2461 2427 2364 2462
f 2463 2365 2363 2462
f 2462 2364 2366 2463
f 2464 2433 2365 2463
f 2463 2366 2434 2464
f 2464 2434 2360 2465
f 2465 2360 2369 2466
f 2467 2367 2368 2466
f 2466 2369 2370 2467
f 2467 2370 2362 2460
f 2354 2432 2468 2469
f 2359 2354 2469 2470
f 2368 2359 2470 2471
f 2466 2368 2471 2472
f 2465 2466 2472 2473
f 2464 2465 2473 2474
f 2433 2464 2474 2475
f 2432 2433 2475 2468
f 2467 2460 2476 2477
f 2367 2467 2477 2478
f 2361 2367 2478 2479
f 2353 2361 2479 2480
f 2429 2353 2480 2481
f 2428 2429 2481 2482
f 2461 2428 2482 2483
f 2460 2461 2483 2476
f 2469 2468 2484 2485
f 2470 2469 2485 2486
f 2471 2470 2486 2487
f 2472 2471 2487 2488
f 2473 2472 2488 2489
f 2474 2473 2489 2490
f 2475 2474 2490 2491
f 2468 2475 2491 2484
f 2477 2476 2489 2488
f 2478 2477 2488 2487
f 2479 2478 2487 2486
f 2480 2479 2486 2485
f 2481 2480 2485 2484
f 2482 2481 2484
f 2483 2482 2484 2492
f 2476 2483 2492 2489
f 2494 2493 2362 2360
f 2495 2494 2360 2355
f 2496 2495 2355 2357
f 2531 2532 2533 2534
f 2509 2508 2498
f 2511 2510 2499
f 2504 2503 2501
f 2506 2505 2502
f 2497 2507 2506 2502 2374 2423
f 2423 2371 2498 2508 2507 2497
f 2499 2510 2509 2498 2371 2372
f 2500 2424 2511 2499 2372 2425
f 2425 2373 2501 2503 2424 2500
f 2502 2505 2504 2501 2373 2374
f 2522 2521 2426 2358
f 2524 2523 2364 2427
f 2521 2524 2427 2426
f 2523 2525 2366 2364
f 2526 2522 2358 2356
f 2525 2526 2356 2366
f 2528 2527 2493 2496
f 2529 2528 2496 2357
f 2530 2529 2357 2362
f 2527 2530 2362 2493
f 2532 2531 2527 2528
f 2533 2532 2528 2529
f 2534 2533 2529 2530
f 2531 2534 2530 2527
f 2536 2535 2261 2198
f 2538 2537 2192 2260
f 2535 2538 2260 2261
f 2537 2539 2190 2192
f 2540 2536 2198 2200
f 2539 2540 2200 2190
f 2542 2541 2196 2191
f 2543 2542 2191 2336
f 2544 2543 2336 2333
f 2541 2544 2333 2196
f 2546 2545 2541 2542
f 2547 2546 2542 2543
f 2548 2547 2543 2544
f 2545 2548 2544 2541
f 2559 2558 2552 2553
f 2557 2556 2550 2551
f 2555 2560 2554 2549
f 2571 2567 2570 2572
f 2573 2571 2572 2574
f 2575 2573 2574 2576
f 2577 2575 2576 2578
f 2568 2577 2578 2569
f 2568 2567 2562 2561
f 2567 2571 2563 2562
f 2583 2579 2582 2584
f 2571 2573 2564 2563
f 2573 2575 2565 2564
f 3389 3390 3391 3392
f 2575 2577 2566 2565
f 2577 2568 2561 2566
f 2580 2589 2590 2581
f 2582 2581 2554 2553
f 2579 2583 2572 2570
f 2584 2582 2553 2552
f 2583 2585 2574 2572
f 2586 2584 2552 2551
f 2585 2587 2576 2574
f 3396 3395 3394 3393
f 2587 2589 2578 2576
f 2590 2588 2550 2549
f 2589 2580 2569 2578
f 2581 2590 2549 2554
f 2550 2556 2555
f 2555 2549 2550
f 2556 2557
f 2586 2585 2583
f 2583 2584 2586
f 2588 2590 2589
f 2589 2587 2588
f 2561 2562 2563 2564 2565 2566
f 2592 2591 2588 2586
f 2593 2592 2586 2551
f 2594 2593 2551 2550
f 2591 2594 2550 2588
f 2596 2595 2591 2592
f 2597 2596 2592 2593
f 2598 2597 2593 2594
f 2595 2598 2594 2591
f 2558 2557 2551
f 2551 2552 2558
f 2558 2559 2560 2555
f 2555 2556 2557 2558
f 2603 2604 2605 2606
f 2601 2569 2580 2599
f 2567 2568 2569 2601 2600 2570
f 2602 2579 2570 2600
f 2579 2602 2599 2580 2581 2582
f 2604 2603 2602 2600
f 2605 2604 2600 2601
f 2606 2605 2601 2599
f 2603 2606 2599 2602
f 2608 2607 2560 2559
f 2609 2608 2559 2553
f 2610 2609 2553 2554
f 2607 2610 2554 2560
f 2612 2611 2607 2608
f 2613 2612 2608 2609
f 2614 2613 2609 2610
f 2611 2614 2610 2607
f 2619 2620 2621 2622
f 2623 2619 2622 2624
f 2625 2623 2624 2626
f 2620 2625 2626 2621
f 2620 2619 2616 2615
f 2622 2621 2611 2612
f 2619 2623 2617 2616
f 2624 2622 2612 2613
f 2623 2625 2618 2617
f 2626 2624 2613 2614
f 2625 2620 2615 2618
f 2621 2626 2614 2611
f 2628 2629 2627
f 2666 2667 2648 2647
f 2685 2686 2667 2666
f 2704 2686 2685
f 2629 2630 2627
f 2667 2668 2649 2648
f 2686 2687 2668 2667
f 2704 2687 2686
f 2630 2631 2627
f 2668 2669 2650 2649
f 2687 2688 2669 2668
f 2704 2688 2687
f 2631 2632 2627
f 2669 2670 2651 2650
f 2688 2689 2670 2669
f 2704 2689 2688
f 2632 2633 2627
f 2670 2671 2652 2651
f 2689 2690 2671 2670
f 2704 2690 2689
f 2633 2634 2627
f 2671 2672 2653 2652
f 2690 2691 2672 2671
f 2704 2691 2690
f 2634 2635 2627
f 2672 2673 2654 2653
f 2691 2692 2673 2672
f 2704 2692 2691
f 2635 2636 2627
f 2673 2674 2655 2654
f 2692 2693 2674 2673
f 2704 2693 2692
f 2636 2637 2627
f 2674 2675 2656 2655
f 2693 2694 2675 2674
f 2704 2694 2693
f 2637 2638 2627
f 2675 2676 2657 2656
f 2694 2695 2676 2675
f 2704 2695 2694
f 2638 2639 2627
f 2676 2677 2658 2657
f 2695 2696 2677 2676
f 2704 2696 2695
f 2639 2640 2627
f 2677 2678 2659 2658
f 2696 2697 2678 2677
f 2704 2697 2696
f 2640 2641 2627
f 2678 2679 2660 2659
f 2697 2698 2679 2678
f 2704 2698 2697
f 2641 2642 2627
f 2679 2680 2661 2660
f 2698 2699 2680 2679
f 2704 2699 2698
f 2642 2643 2627
f 2680 2681 2662 2661
f 2699 2700 2681 2680
f 2704 2700 2699
f 2643 2644 2627
f 2681 2682 2663 2662
f 2700 2701 2682 2681
f 2704 2701 2700
f 2644 2645 2627
f 2682 2683 2664 2663
f 2701 2702 2683 2682
f 2704 2702 2701
f 2645 2646 2627
f 2683 2684 2665 2664
f 2702 2703 2684 2683
f 2704 2703 2702
f 2646 2628 2627
f 2684 2666 2647 2665
f 2703 2685 2666 2684
f 2704 2685 2703
f 2705 2652 2653 2706
f 2742 2634 2633 2725
f 2706 2653 2654 2707
f 2741 2635 2634 2742
f 2707 2654 2655 2708
f 2740 2636 2635 2741
f 2708 2655 2656 2709
f 2739 2637 2636 2740
f 2709 2656 2657 2710
f 2738 2638 2637 2739
f 2710 2657 2658 2711
f 2737 2639 2638 2738
f 2711 2658 2659 2712
f 2736 2640 2639 2737
f 2712 2659 2660 2713
f 2735 2641 2640 2736
f 2713 2660 2661 2714
f 2734 2642 2641 2735
f 2714 2661 2662 2715
f 2733 2643 2642 2734
f 2715 2662 2663 2716
f 2732 2644 2643 2733
f 2716 2663 2664 2717
f 2731 2645 2644 2732
f 2717 2664 2665 2718
f 2730 2646 2645 2731
f 2718 2665 2647 2719
f 2729 2628 2646 2730
f 2719 2647 2648 2720
f 2728 2629 2628 2729
f 2720 2648 2649 2721
f 2727 2630 2629 2728
f 2721 2649 2650 2722
f 2726 2631 2630 2727
f 2722 2650 2651 2723
f 2724 2632 2631 2726
f 2725 2633 2632 2724
f 2723 2651 2652 2705
f 2725 2724 2723 2705
f 2722 2723 2724 2726
f 2721 2722 2726 2727
f 2720 2721 2727 2728
f 2719 2720 2728 2729
f 2718 2719 2729 2730
f 2717 2718 2730 2731
f 2716 2717 2731 2732
f 2715 2716 2732 2733
f 2714 2715 2733 2734
f 2713 2714 2734 2735
f 2712 2713 2735 2736
f 2711 2712 2736 2737
f 2710 2711 2737 2738
f 2709 2710 2738 2739
f 2708 2709 2739 2740
f 2707 2708 2740 2741
f 2706 2707 2741 2742
f 2705 2706 2742 2725
f 2744 2745 2743
f 2782 2783 2764 2763
f 2801 2802 2783 2782
f 2820 2802 2801
f 2745 2746 2743
f 2783 2784 2765 2764
f 2802 2803 2784 2783
f 2820 2803 2802
f 2746 2747 2743
f 2784 2785 2766 2765
f 2803 2804 2785 2784
f 2820 2804 2803
f 2747 2748 2743
f 2785 2786 2767 2766
f 2804 2805 2786 2785
f 2820 2805 2804
f 2748 2749 2743
f 2786 2787 2768 2767
f 2805 2806 2787 2786
f 2820 2806 2805
f 2749 2750 2743
f 2787 2788 2769 2768
f 2806 2807 2788 2787
f 2820 2807 2806
f 2750 2751 2743
f 2788 2789 2770 2769
f 2807 2808 2789 2788
f 2820 2808 2807
f 2751 2752 2743
f 2789 2790 2771 2770
f 2808 2809 2790 2789
f 2820 2809 2808
f 2752 2753 2743
f 2790 2791 2772 2771
f 2809 2810 2791 2790
f 2820 2810 2809
f 2753 2754 2743
f 2791 2792 2773 2772
f 2810 2811 2792 2791
f 2820 2811 2810
f 2754 2755 2743
f 2792 2793 2774 2773
f 2811 2812 2793 2792
f 2820 2812 2811
f 2755 2756 2743
f 2793 2794 2775 2774
f 2812 2813 2794 2793
f 2820 2813 2812
f 2756 2757 2743
f 2794 2795 2776 2775
f 2813 2814 2795 2794
f 2820 2814 2813
f 2757 2758 2743
f 2795 2796 2777 2776
f 2814 2815 2796 2795
f 2820 2815 2814
f 2758 2759 2743
f 2796 2797 2778 2777
f 2815 2816 2797 2796
f 2820 2816 2815
f 2759 2760 2743
f 2797 2798 2779 2778
f 2816 2817 2798 2797
f 2820 2817 2816
f 2760 2761 2743
f 2798 2799 2780 2779
f 2817 2818 2799 2798
f 2820 2818 2817
f 2761 2762 2743
f 2799 2800 2781 2780
f 2818 2819 2800 2799
f 2820 2819 2818
f 2762 2744 2743
f 2800 2782 2763 2781
f 2819 2801 2782 2800
f 2820 2801 2819
f 2821 2768 2769 2822
f 2858 2750 2749 2841
f 2822 2769 2770 2823
f 2857 2751 2750 2858
f 2823 2770 2771 2824
f 2856 2752 2751 2857
f 2824 2771 2772 2825
f 2855 2753 2752 2856
f 2825 2772 2773 2826
f 2854 2754 2753 2855
f 2826 2773 2774 2827
f 2853 2755 2754 2854
f 2827 2774 2775 2828
f 2852 2756 2755 2853
f 2828 2775 2776 2829
f 2851 2757 2756 2852
f 2829 2776 2777 2830
f 2850 2758 2757 2851
f 2830 2777 2778 2831
f 2849 2759 2758 2850
f 2831 2778 2779 2832
f 2848 2760 2759 2849
f 2832 2779 2780 2833
f 2847 2761 2760 2848
f 2833 2780 2781 2834
f 2846 2762 2761 2847
f 2834 2781 2763 2835
f 2845 2744 2762 2846
f 2835 2763 2764 2836
f 2844 2745 2744 2845
f 2836 2764 2765 2837
f 2843 2746 2745 2844
f 2837 2765 2766 2838
f 2842 2747 2746 2843
f 2838 2766 2767 2839
f 2840 2748 2747 2842
f 2841 2749 2748 2840
f 2839 2767 2768 2821
f 2841 2840 2839 2821
f 2838 2839 2840 2842
f 2837 2838 2842 2843
f 2836 2837 2843 2844
f 2835 2836 2844 2845
f 2834 2835 2845 2846
f 2833 2834 2846 2847
f 2832 2833 2847 2848
f 2831 2832 2848 2849
f 2830 2831 2849 2850
f 2829 2830 2850 2851
f 2828 2829 2851 2852
f 2827 2828 2852 2853
f 2826 2827 2853 2854
f 2825 2826 2854 2855
f 2824 2825 2855 2856
f 2823 2824 2856 2857
f 2822 2823 2857 2858
f 2821 2822 2858 2841
f 2859 2861 2860
f 2879 2880 2899 2898
f 2898 2899 2918 2917
f 2917 2918 2936
f 2859 2862 2861
f 2880 2881 2900 2899
f 2899 2900 2919 2918
f 2918 2919 2936
f 2859 2863 2862
f 2881 2882 2901 2900
f 2900 2901 2920 2919
f 2919 2920 2936
f 2859 2864 2863
f 2882 2883 2902 2901
f 2901 2902 2921 2920
f 2920 2921 2936
f 2859 2865 2864
f 2883 2884 2903 2902
f 2902 2903 2922 2921
f 2921 2922 2936
f 2859 2866 2865
f 2884 2885 2904 2903
f 2903 2904 2923 2922
f 2922 2923 2936
f 2859 2867 2866
f 2885 2886 2905 2904
f 2904 2905 2924 2923
f 2923 2924 2936
f 2859 2868 2867
f 2886 2887 2906 2905
f 2905 2906 2925 2924
f 2924 2925 2936
f 2859 2869 2868
f 2887 2888 2907 2906
f 2906 2907 2926 2925
f 2925 2926 2936
f 2859 2870 2869
f 2888 2889 2908 2907
f 2907 2908 2927 2926
f 2926 2927 2936
f 2859 2871 2870
f 2889 2890 2909 2908
f 2908 2909 2928 2927
f 2927 2928 2936
f 2859 2872 2871
f 2890 2891 2910 2909
f 2909 2910 2929 2928
f 2928 2929 2936
f 2859 2873 2872
f 2891 2892 2911 2910
f 2910 2911 2930 2929
f 2929 2930 2936
f 2859 2874 2873
f 2892 2893 2912 2911
f 2911 2912 2931 2930
f 2930 2931 2936
f 2859 2875 2874
f 2893 2894 2913 2912
f 2912 2913 2932 2931
f 2931 2932 2936
f 2859 2876 2875
f 2894 2895 2914 2913
f 2913 2914 2933 2932
f 2932 2933 2936
f 2859 2877 2876
f 2895 2896 2915 2914
f 2914 2915 2934 2933
f 2933 2934 2936
f 2859 2878 2877
f 2896 2897 2916 2915
f 2915 2916 2935 2934
f 2934 2935 2936
f 2859 2860 2878
f 2897 2879 2898 2916
f 2916 2898 2917 2935
f 2935 2917 2936
f 2938 2885 2884 2937
f 2957 2865 2866 2974
f 2939 2886 2885 2938
f 2974 2866 2867 2973
f 2940 2887 2886 2939
f 2973 2867 2868 2972
f 2941 2888 2887 2940
f 2972 2868 2869 2971
f 2942 2889 2888 2941
f 2971 2869 2870 2970
f 2943 2890 2889 2942
f 2970 2870 2871 2969
f 2944 2891 2890 2943
f 2969 2871 2872 2968
f 2945 2892 2891 2944
f 2968 2872 2873 2967
f 2946 2893 2892 2945
f 2967 2873 2874 2966
f 2947 2894 2893 2946
f 2966 2874 2875 2965
f 2948 2895 2894 2947
f 2965 2875 2876 2964
f 2949 2896 2895 2948
f 2964 2876 2877 2963
f 2950 2897 2896 2949
f 2963 2877 2878 2962
f 2951 2879 2897 2950
f 2962 2878 2860 2961
f 2952 2880 2879 2951
f 2961 2860 2861 2960
f 2953 2881 2880 2952
f 2960 2861 2862 2959
f 2954 2882 2881 2953
f 2959 2862 2863 2958
f 2955 2883 2882 2954
f 2958 2863 2864 2956
f 2956 2864 2865 2957
f 2937 2884 2883 2955
f 2937 2955 2956 2957
f 2958 2956 2955 2954
f 2959 2958 2954 2953
f 2960 2959 2953 2952
f 2961 2960 2952 2951
f 2962 2961 2951 2950
f 2963 2962 2950 2949
f 2964 2963 2949 2948
f 2965 2964 2948 2947
f 2966 2965 2947 2946
f 2967 2966 2946 2945
f 2968 2967 2945 2944
f 2969 2968 2944 2943
f 2970 2969 2943 2942
f 2971 2970 2942 2941
f 2972 2971 2941 2940
f 2973 2972 2940 2939
f 2974 2973 2939 2938
f 2957 2974 2938 2937
f 2975 2977 2976
f 2995 2996 3015 3014
f 3014 3015 3034 3033
f 3033 3034 3052
f 2975 2978 2977
f 2996 2997 3016 3015
f 3015 3016 3035 3034
f 3034 3035 3052
f 2975 2979 2978
f 2997 2998 3017 3016
f 3016 3017 3036 3035
f 3035 3036 3052
f 2975 2980 2979
f 2998 2999 3018 3017
f 3017 3018 3037 3036
f 3036 3037 3052
f 2975 2981 2980
f 2999 3000 3019 3018
f 3018 3019 3038 3037
f 3037 3038 3052
f 2975 2982 2981
f 3000 3001 3020 3019
f 3019 3020 3039 3038
f 3038 3039 3052
f 2975 2983 2982
f 3001 3002 3021 3020
f 3020 3021 3040 3039
f 3039 3040 3052
f 2975 2984 2983
f 3002 3003 3022 3021
f 3021 3022 3041 3040
f 3040 3041 3052
f 2975 2985 2984
f 3003 3004 3023 3022
f 3022 3023 3042 3041
f 3041 3042 3052
f 2975 2986 2985
f 3004 3005 3024 3023
f 3023 3024 3043 3042
f 3042 3043 3052
f 2975 2987 2986
f 3005 3006 3025 3024
f 3024 3025 3044 3043
f 3043 3044 3052
f 2975 2988 2987
f 3006 3007 3026 3025
f 3025 3026 3045 3044
f 3044 3045 3052
f 2975 2989 2988
f 3007 3008 3027 3026
f 3026 3027 3046 3045
f 3045 3046 3052
f 2975 2990 2989
f 3008 3009 3028 3027
f 3027 3028 3047 3046
f 3046 3047 3052
f 2975 2991 2990
f 3009 3010 3029 3028
f 3028 3029 3048 3047
f 3047 3048 3052
f 2975 2992 2991
f 3010 3011 3030 3029
f 3029 3030 3049 3048
f 3048 3049 3052
f 2975 2993 2992
f 3011 3012 3031 3030
f 3030 3031 3050 3049
f 3049 3050 3052
f 2975 2994 2993
f 3012 3013 3032 3031
f 3031 3032 3051 3050
f 3050 3051 3052
f 2975 2976 2994
f 3013 2995 3014 3032
f 3032 3014 3033 3051
f 3051 3033 3052
f 3054 3001 3000 3053
f 3073 2981 2982 3090
f 3055 3002 3001 3054
f 3090 2982 2983 3089
f 3056 3003 3002 3055
f 3089 2983 2984 3088
f 3057 3004 3003 3056
f 3088 2984 2985 3087
f 3058 3005 3004 3057
f 3087 2985 2986 3086
f 3059 3006 3005 3058
f 3086 2986 2987 3085
f 3060 3007 3006 3059
f 3085 2987 2988 3084
f 3061 3008 3007 3060
f 3084 2988 2989 3083
f 3062 3009 3008 3061
f 3083 2989 2990 3082
f 3063 3010 3009 3062
f 3082 2990 2991 3081
f 3064 3011 3010 3063
f 3081 2991 2992 3080
f 3065 3012 3011 3064
f 3080 2992 2993 3079
f 3066 3013 3012 3065
f 3079 2993 2994 3078
f 3067 2995 3013 3066
f 3078 2994 2976 3077
f 3068 2996 2995 3067
f 3077 2976 2977 3076
f 3069 2997 2996 3068
f 3076 2977 2978 3075
f 3070 2998 2997 3069
f 3075 2978 2979 3074
f 3071 2999 2998 3070
f 3074 2979 2980 3072
f 3072 2980 2981 3073
f 3053 3000 2999 3071
f 3053 3071 3072 3073
f 3074 3072 3071 3070
f 3075 3074 3070 3069
f 3076 3075 3069 3068
f 3077 3076 3068 3067
f 3078 3077 3067 3066
f 3079 3078 3066 3065
f 3080 3079 3065 3064
f 3081 3080 3064 3063
f 3082 3081 3063 3062
f 3083 3082 3062 3061
f 3084 3083 3061 3060
f 3085 3084 3060 3059
f 3086 3085 3059 3058
f 3087 3086 3058 3057
f 3088 3087 3057 3056
f 3089 3088 3056 3055
f 3090 3089 3055 3054
f 3073 3090 3054 3053
f 3095 3096 3094 3093
f 3106 3105 3104 3103
f 3091 3092 3098 3097
f 3095 3093 3091 3097
f 3094 3096 3098 3092
f 3096 3095 3099 3100
f 3098 3096 3100 3101
f 3097 3098 3101 3102
f 3095 3097 3102 3099
f 3100 3099 3103 3104
f 3101 3100 3104 3105
f 3102 3101 3105 3106
f 3099 3102 3106 3103
f 3110 3109 3093 3094
f 3109 3107 3091 3093
f 3107 3108 3092 3091
f 3108 3110 3094 3092
f 3111 3112 3118 3117
f 3117 3118 3124 3123
f 3123 3124 3130 3129
f 3129 3130 3112 3111
f 3112 3113 3119 3118
f 3118 3119 3125 3124
f 3124 3125 3131 3130
f 3130 3131 3113 3112
f 3113 3114 3120 3119
f 3119 3120 3126 3125
f 3125 3126 3132 3131
f 3131 3132 3114 3113
f 3114 3115 3121 3120
f 3120 3121 3127 3126
f 3126 3127 3133 3132
f 3132 3133 3115 3114
f 3115 3116 3122 3121
f 3121 3122 3128 3127
f 3127 3128 3134 3133
f 3133 3134 3116 3115
f 3116 3111 3117 3122
f 3122 3117 3123 3128
f 3128 3123 3129 3134
f 3134 3129 3111 3116
f 3137 3138 3140 3139
f 3147 3148 3149 3150
f 3141 3142 3136 3135
f 3141 3135 3137 3139
f 3136 3142 3140 3138
f 3144 3143 3139 3140
f 3145 3144 3140 3142
f 3146 3145 3142 3141
f 3143 3146 3141 3139
f 3148 3147 3143 3144
f 3149 3148 3144 3145
f 3150 3149 3145 3146
f 3147 3150 3146 3143
f 3138 3137 3153 3154
f 3137 3135 3151 3153
f 3135 3136 3152 3151
f 3136 3138 3154 3152
f 3161 3162 3156 3155
f 3167 3168 3162 3161
f 3173 3174 3168 3167
f 3155 3156 3174 3173
f 3162 3163 3157 3156
f 3168 3169 3163 3162
f 3174 3175 3169 3168
f 3156 3157 3175 3174
f 3163 3164 3158 3157
f 3169 3170 3164 3163
f 3175 3176 3170 3169
f 3157 3158 3176 3175
f 3164 3165 3159 3158
f 3170 3171 3165 3164
f 3176 3177 3171 3170
f 3158 3159 3177 3176
f 3165 3166 3160 3159
f 3171 3172 3166 3165
f 3177 3178 3172 3171
f 3159 3160 3178 3177
f 3166 3161 3155 3160
f 3172 3167 3161 3166
f 3178 3173 3167 3172
f 3160 3155 3173 3178
f 3203 3204 3205 3206
f 3207 3208 3209 3210
f 3187 3183 3185 3188
f 3194 3186 3184 3192
f 3188 3185 3179 3189
f 3193 3180 3186 3194
f 3189 3179 3181 3190
f 3191 3182 3180 3193
f 3192 3184 3182 3191
f 3190 3181 3183 3187
f 3192 3191 3196 3202
f 3202 3196 3195 3201
f 3201 3195 3190 3187
f 3189 3190 3195 3197
f 3211 3212 3213 3214
f 3198 3196 3191 3193
f 3188 3189 3197 3199
f 3199 3197 3198 3200
f 3200 3198 3193 3194
f 3187 3188 3199 3201
f 3201 3199 3200 3202
f 3202 3200 3194 3192
f 3204 3203 3183 3181
f 3205 3204 3181 3179
f 3206 3205 3179 3185
f 3203 3206 3185 3183
f 3208 3207 3182 3184
f 3209 3208 3184 3186
f 3210 3209 3186 3180
f 3207 3210 3180 3182
f 3212 3211 3197 3195
f 3213 3212 3195 3196
f 3214 3213 3196 3198
f 3211 3214 3198 3197
f 3221 3215 3227 3226
f 3229 3220 3228 3216
f 3223 3217 3231 3230
f 3233 3222 3232 3218
f 3232 3224 3219 3218
f 3224 3226 3227 3219
f 3221 3220 3229 3215
f 3228 3225 3384 3216
f 3225 3230 3231 3384
f 3223 3222 3233 3217
f 3230 3225 3244 3252
f 3225 3228 3249 3244
f 3228 3220 3234 3249
f 3220 3221 3236 3234
f 3221 3226 3247 3236
f 3226 3224 3242 3247
f 3224 3232 3254 3242
f 3232 3222 3238 3254
f 3222 3223 3240 3238
f 3223 3230 3252 3240
f 3252 3244 3253 3262
f 3244 3249 3259 3253
f 3249 3234 3235 3259
f 3234 3236 3239 3235
f 3236 3247 3257 3239
f 3247 3242 3250 3257
f 3242 3254 3264 3250
f 3254 3238 3243 3264
f 3238 3240 3246 3243
f 3240 3252 3262 3246
f 3262 3253 3263 3272
f 3253 3259 3269 3263
f 3259 3235 3237 3269
f 3235 3239 3245 3237
f 3239 3257 3267 3245
f 3257 3250 3260 3267
f 3250 3264 3274 3260
f 3264 3243 3251 3274
f 3243 3246 3256 3251
f 3246 3262 3272 3256
f 3272 3263 3273 3282
f 3263 3269 3279 3273
f 3269 3237 3241 3279
f 3237 3245 3255 3241
f 3245 3267 3277 3255
f 3267 3260 3270 3277
f 3260 3274 3284 3270
f 3274 3251 3261 3284
f 3251 3256 3266 3261
f 3256 3272 3282 3266
f 3282 3273 3283 3292
f 3273 3279 3289 3283
f 3279 3241 3248 3289
f 3241 3255 3265 3248
f 3255 3277 3287 3265
f 3277 3270 3280 3287
f 3270 3284 3294 3280
f 3284 3261 3271 3294
f 3261 3266 3276 3271
f 3266 3282 3292 3276
f 3248 3265 3275 3258
f 3265 3287 3297 3275
f 3287 3280 3290 3297
f 3280 3294 3304 3290
f 3294 3271 3281 3304
f 3271 3276 3286 3281
f 3276 3292 3302 3286
f 3292 3283 3293 3302
f 3283 3289 3299 3293
f 3289 3248 3258 3299
f 3258 3275 3285 3268
f 3275 3297 3307 3285
f 3297 3290 3300 3307
f 3290 3304 3314 3300
f 3304 3281 3291 3314
f 3281 3286 3296 3291
f 3286 3302 3312 3296
f 3302 3293 3303 3312
f 3293 3299 3309 3303
f 3299 3258 3268 3309
f 3268 3285 3295 3278
f 3285 3307 3317 3295
f 3307 3300 3310 3317
f 3300 3314 3324 3310
f 3314 3291 3301 3324
f 3291 3296 3306 3301
f 3296 3312 3322 3306
f 3312 3303 3313 3322
f 3303 3309 3319 3313
f 3309 3268 3278 3319
f 3278 3295 3305 3288
f 3295 3317 3327 3305
f 3317 3310 3320 3327
f 3310 3324 3334 3320
f 3324 3301 3311 3334
f 3301 3306 3316 3311
f 3306 3322 3332 3316
f 3322 3313 3323 3332
f 3313 3319 3329 3323
f 3319 3278 3288 3329
f 3288 3305 3315 3298
f 3305 3327 3337 3315
f 3327 3320 3330 3337
f 3320 3334 3343 3330
f 3334 3311 3321 3343
f 3311 3316 3326 3321
f 3316 3332 3341 3326
f 3332 3323 3333 3341
f 3323 3329 3338 3333
f 3329 3288 3298 3338
f 3298 3315 3325 3308
f 3315 3337 3346 3325
f 3337 3330 3339 3346
f 3330 3343 3352 3339
f 3343 3321 3331 3352
f 3321 3326 3336 3331
f 3326 3341 3350 3336
f 3341 3333 3342 3350
f 3333 3338 3347 3342
f 3338 3298 3308 3347
f 3308 3325 3335 3318
f 3325 3346 3354 3335
f 3346 3339 3348 3354
f 3339 3352 3359 3348
f 3352 3331 3340 3359
f 3331 3336 3345 3340
f 3336 3350 3357 3345
f 3350 3342 3351 3357
f 3342 3347 3355 3351
f 3347 3308 3318 3355
f 3318 3335 3344 3328
f 3335 3354 3360 3344
f 3354 3348 3356 3360
f 3348 3359 3363 3356
f 3359 3340 3349 3363
f 3340 3345 3353 3349
f 3345 3357 3362 3353
f 3357 3351 3358 3362
f 3351 3355 3361 3358
f 3355 3318 3328 3361
f 3374 3375 3376 3377 3378 3379 3380 3381 3382 3383
f 3365 3364 3328 3344
f 3366 3365 3344 3360
f 3367 3366 3360 3356
f 3368 3367 3356 3363
f 3369 3368 3363 3349
f 3370 3369 3349 3353
f 3371 3370 3353 3362
f 3372 3371 3362 3358
f 3373 3372 3358 3361
f 3364 3373 3361 3328
f 3375 3374 3364 3365
f 3376 3375 3365 3366
f 3377 3376 3366 3367
f 3378 3377 3367 3368
f 3379 3378 3368 3369
f 3380 3379 3369 3370
f 3381 3380 3370 3371
f 3382 3381 3371 3372
f 3383 3382 3372 3373
f 3374 3383 3373 3364
f 3386 3385 2587 2585
f 3387 3386 2585 2586
f 3388 3387 2586 2588
f 3385 3388 2588 2587
f 3390 3389 3385 3386
f 3391 3390 3386 3387
f 3392 3391 3387 3388
f 3389 3392 3388 3385
f 3394 3393 2595 2596
f 3395 3394 2596 2597
f 3396 3395 2597 2598
f 3393 3396 2598 2595
f 3403 3397 3409 3408
f 3411 3402 3410 3398
f 3405 3399 3413 3412
f 3415 3404 3414 3400
f 3414 3406 3401 3400
f 3406 3408 3409 3401
f 3403 3402 3411 3397
f 3410 3407 3566 3398
f 3407 3412 3413 3566
f 3405 3404 3415 3399
f 3412 3407 3426 3434
f 3407 3410 3431 3426
f 3410 3402 3416 3431
f 3402 3403 3418 3416
f 3403 3408 3429 3418
f 3408 3406 3424 3429
f 3406 3414 3436 3424
f 3414 3404 3420 3436
f 3404 3405 3422 3420
f 3405 3412 3434 3422
f 3434 3426 3435 3444
f 3426 3431 3441 3435
f 3431 3416 3417 3441
f 3416 3418 3421 3417
f 3418 3429 3439 3421
f 3429 3424 3432 3439
f 3424 3436 3446 3432
f 3436 3420 3425 3446
f 3420 3422 3428 3425
f 3422 3434 3444 3428
f 3444 3435 3445 3454
f 3435 3441 3451 3445
f 3441 3417 3419 3451
f 3417 3421 3427 3419
f 3421 3439 3449 3427
f 3439 3432 3442 3449
f 3432 3446 3456 3442
f 3446 3425 3433 3456
f 3425 3428 3438 3433
f 3428 3444 3454 3438
f 3454 3445 3455 3464
f 3445 3451 3461 3455
f 3451 3419 3423 3461
f 3419 3427 3437 3423
f 3427 3449 3459 3437
f 3449 3442 3452 3459
f 3442 3456 3466 3452
f 3456 3433 3443 3466
f 3433 3438 3448 3443
f 3438 3454 3464 3448
f 3464 3455 3465 3474
f 3455 3461 3471 3465
f 3461 3423 3430 3471
f 3423 3437 3447 3430
f 3437 3459 3469 3447
f 3459 3452 3462 3469
f 3452 3466 3476 3462
f 3466 3443 3453 3476
f 3443 3448 3458 3453
f 3448 3464 3474 3458
f 3430 3447 3457 3440
f 3447 3469 3479 3457
f 3469 3462 3472 3479
f 3462 3476 3486 3472
f 3476 3453 3463 3486
f 3453 3458 3468 3463
f 3458 3474 3484 3468
f 3474 3465 3475 3484
f 3465 3471 3481 3475
f 3471 3430 3440 3481
f 3440 3457 3467 3450
f 3457 3479 3489 3467
f 3479 3472 3482 3489
f 3472 3486 3496 3482
f 3486 3463 3473 3496
f 3463 3468 3478 3473
f 3468 3484 3494 3478
f 3484 3475 3485 3494
f 3475 3481 3491 3485
f 3481 3440 3450 3491
f 3450 3467 3477 3460
f 3467 3489 3499 3477
f 3489 3482 3492 3499
f 3482 3496 3506 3492
f 3496 3473 3483 3506
f 3473 3478 3488 3483
f 3478 3494 3504 3488
f 3494 3485 3495 3504
f 3485 3491 3501 3495
f 3491 3450 3460 3501
f 3460 3477 3487 3470
f 3477 3499 3509 3487
f 3499 3492 3502 3509
f 3492 3506 3516 3502
f 3506 3483 3493 3516
f 3483 3488 3498 3493
f 3488 3504 3514 3498
f 3504 3495 3505 3514
f 3495 3501 3511 3505
f 3501 3460 3470 3511
f 3470 3487 3497 3480
f 3487 3509 3519 3497
f 3509 3502 3512 3519
f 3502 3516 3525 3512
f 3516 3493 3503 3525
f 3493 3498 3508 3503
f 3498 3514 3523 3508
f 3514 3505 3515 3523
f 3505 3511 3520 3515
f 3511 3470 3480 3520
f 3480 3497 3507 3490
f 3497 3519 3528 3507
f 3519 3512 3521 3528
f 3512 3525 3534 3521
f 3525 3503 3513 3534
f 3503 3508 3518 3513
f 3508 3523 3532 3518
f 3523 3515 3524 3532
f 3515 3520 3529 3524
f 3520 3480 3490 3529
f 3490 3507 3517 3500
f 3507 3528 3536 3517
f 3528 3521 3530 3536
f 3521 3534 3541 3530
f 3534 3513 3522 3541
f 3513 3518 3527 3522
f 3518 3532 3539 3527
f 3532 3524 3533 3539
f 3524 3529 3537 3533
f 3529 3490 3500 3537
f 3500 3517 3526 3510
f 3517 3536 3542 3526
f 3536 3530 3538 3542
f 3530 3541 3545 3538
f 3541 3522 3531 3545
f 3522 3527 3535 3531
f 3527 3539 3544 3535
f 3539 3533 3540 3544
f 3533 3537 3543 3540
f 3537 3500 3510 3543
f 3556 3557 3558 3559 3560 3561 3562 3563 3564 3565
f 3547 3546 3510 3526
f 3548 3547 3526 3542
f 3549 3548 3542 3538
f 3550 3549 3538 3545
f 3551 3550 3545 3531
f 3552 3551 3531 3535
f 3553 3552 3535 3544
f 3554 3553 3544 3540
f 3555 3554 3540 3543
f 3546 3555 3543 3510
f 3557 3556 3546 3547
f 3558 3557 3547 3548
f 3559 3558 3548 3549
f 3560 3559 3549 3550
f 3561 3560 3550 3551
f 3562 3561 3551 3552
f 3563 3562 3552 3553
f 3564 3563 3553 3554
f 3565 3564 3554 3555
f 3556 3565 3555 3546
f 3567 3568 3570 3569
f 3578 3568 3567 3579
f 3579 3567 3569 3577
f 3577 3569 3570 3576
f 3576 3570 3568 3578
f 3584 3581 3575 3574
f 3585 3580 3581 3584
f 3577 3576 3580 3585
f 3583 3580 3576 3578
f 3582 3581 3580 3583
f 3572 3575 3581 3582
f 3582 3586 3573 3572
f 3583 3587 3586 3582
f 3578 3579 3587 3583
f 3586 3584 3574 3573
f 3587 3585 3584 3586
f 3579 3577 3585 3587
f 3588 3572 3573 3589
f 3589 3573 3574 3590
f 3591 3605 3571 3590
f 3590 3574 3575 3591
f 3591 3575 3572 3588
f 3588 3604 3605 3591
f 3597 3595 3594 3596
f 3598 3592 3595 3597
f 3599 3593 3592 3598
f 3596 3594 3593 3599
f 3596 3599 3600 3603
f 3601 3600 3599 3598
f 3602 3601 3598 3597
f 3603 3602 3597 3596
f 3606 3600 3601 3614
f 3615 3602 3603 3616
f 3634 3614 3615 3635
f 3636 3606 3614 3634
f 3637 3636 3634 3635
f 3635 3615 3616 3637
f 3636 3637 3616 3606
f 3642 3640 3641 3643
f 3643 3641 3638 3644
f 3644 3638 3639 3645
f 3645 3639 3640 3642
f 3649 3646 3645 3642
f 3644 3645 3646 3647
f 3643 3644 3647 3648
f 3642 3643 3648 3649
f 3676 3647 3646 3668
f 3678 3649 3648 3677
f 3635 3677 3676 3634
f 3634 3676 3668 3636
f 3635 3634 3636 3637
f 3637 3678 3677 3635
f 3668 3678 3637 3636
f 3628 3716 3609 3714
f 3626 3718 3613 3720
f 3632 3724 3610 3722
f 3630 3726 3617 3728
f 3620 3732 3607 3730
f 3618 3734 3611 3736
f 3624 3740 3608 3738
f 3622 3742 3612 3744
f 3628 3714 3715
f 3609 3716 3717
f 3613 3718 3719
f 3626 3720 3721
f 3632 3722 3723
f 3610 3724 3725
f 3617 3726 3727
f 3630 3728 3729
f 3620 3730 3731
f 3607 3732 3733
f 3611 3734 3735
f 3618 3736 3737
f 3624 3738 3739
f 3608 3740 3741
f 3612 3742 3743
f 3622 3744 3745
f 3714 3609 3720 3613
f 3629 3715 3714 3613 3719
f 3625 3743 3742 3628 3715 3629 3602 3615
f 3628 3742 3622 3716
f 3627 3717 3716 3622 3745 3623 3616 3603
f 3627 3721 3720 3609 3717
f 3632 3718 3626 3724
f 3629 3719 3718 3632 3723 3633 3601 3602
f 3631 3725 3724 3626 3721 3627 3603 3600
f 3722 3610 3728 3617
f 3633 3723 3722 3617 3727
f 3631 3729 3728 3610 3725
f 3620 3726 3630 3732
f 3633 3727 3726 3620 3731 3621 3614 3601
f 3619 3733 3732 3630 3729 3631 3600 3606
f 3736 3611 3730 3607
f 3621 3731 3730 3611 3735
f 3619 3737 3736 3607 3733
f 3624 3734 3618 3740
f 3621 3735 3734 3624 3739 3625 3615 3614
f 3623 3741 3740 3618 3737 3619 3606 3616
f 3738 3608 3744 3612
f 3625 3739 3738 3612 3743
f 3623 3745 3744 3608 3741
f 3674 3748 3684 3746
f 3670 3750 3686 3752
f 3673 3756 3680 3754
f 3669 3758 3682 3760
f 3679 3764 3692 3762
f 3672 3766 3694 3768
f 3675 3772 3688 3770
f 3671 3774 3690 3776
f 3674 3746 3747
f 3684 3748 3749
f 3686 3750 3751
f 3670 3752 3753
f 3673 3754 3755
f 3680 3756 3757
f 3682 3758 3759
f 3669 3760 3761
f 3679 3762 3763
f 3692 3764 3765
f 3694 3766 3767
f 3672 3768 3769
f 3675 3770 3771
f 3688 3772 3773
f 3690 3774 3775
f 3671 3776 3777
f 3746 3684 3752 3686
f 3747 3746 3686 3751 3687
f 3677 3648 3691 3775 3774 3674 3747 3687
f 3671 3748 3674 3774
f 3649 3678 3685 3749 3748 3671 3777 3689
f 3753 3752 3684 3749 3685
f 3670 3756 3673 3750
f 3676 3677 3687 3751 3750 3673 3755 3683
f 3678 3668 3681 3757 3756 3670 3753 3685
f 3760 3682 3754 3680
f 3755 3754 3682 3759 3683
f 3761 3760 3680 3757 3681
f 3669 3764 3679 3758
f 3647 3676 3683 3759 3758 3679 3763 3695
f 3668 3646 3693 3765 3764 3669 3761 3681
f 3762 3692 3768 3694
f 3763 3762 3694 3767 3695
f 3769 3768 3692 3765 3693
f 3672 3772 3675 3766
f 3648 3647 3695 3767 3766 3675 3771 3691
f 3646 3649 3689 3773 3772 3672 3769 3693
f 3770 3688 3776 3690
f 3771 3770 3690 3775 3691
f 3777 3776 3688 3773 3689
f 3571 3593 3594 3590
f 3590 3594 3595 3589
f 3778 3604 3588 3589
f 3589 3595 3592 3778
f 3778 3592 3593 3571
f 3571 3605 3604 3778
f 3779 3640 3639 3782
f 3998 3641 3640 3779
f 3780 3638 3641 3998
f 3998 3997 3781 3780
f 3780 3781 3783 3782
f 3782 3639 3638 3780
f 3797 3794 3788 3787
f 3798 3793 3794 3797
f 3790 3789 3793 3798
f 3796 3793 3789 3791
f 3795 3794 3793 3796
f 3785 3788 3794 3795
f 3795 3799 3786 3785
f 3796 3800 3799 3795
f 3791 3792 3800 3796
f 3799 3797 3787 3786
f 3800 3798 3797 3799
f 3792 3790 3798 3800
f 3801 3785 3786 3802
f 3802 3786 3787 3803
f 3804 3818 3784 3803
f 3803 3787 3788 3804
f 3804 3788 3785 3801
f 3801 3817 3818 3804
f 3810 3808 3807 3809
f 3811 3805 3808 3810
f 3812 3806 3805 3811
f 3809 3807 3806 3812
f 3809 3812 3813 3816
f 3814 3813 3812 3811
f 3815 3814 3811 3810
f 3816 3815 3810 3809
f 3819 3813 3814 3827
f 3828 3815 3816 3829
f 3847 3827 3828 3848
f 3849 3819 3827 3847
f 3850 3849 3847 3848
f 3848 3828 3829 3850
f 3849 3850 3829 3819
f 3866 3865 3864 3863
f 3855 3853 3854 3856
f 3856 3854 3851 3857
f 3857 3851 3852 3858
f 3858 3852 3853 3855
f 3862 3859 3858 3855
f 3857 3858 3859 3860
f 3856 3857 3860 3861
f 3855 3856 3861 3862
f 3851 3854 3863 3864
f 3852 3851 3864 3865
f 3853 3852 3865 3866
f 3854 3853 3866 3863
f 3893 3860 3859 3885
f 3895 3862 3861 3894
f 3848 3894 3893 3847
f 3847 3893 3885 3849
f 3848 3847 3849 3850
f 3850 3895 3894 3848
f 3885 3895 3850 3849
f 3841 3933 3822 3931
f 3839 3935 3826 3937
f 3845 3941 3823 3939
f 3843 3943 3830 3945
f 3833 3949 3820 3947
f 3831 3951 3824 3953
f 3837 3957 3821 3955
f 3835 3959 3825 3961
f 3841 3931 3932
f 3822 3933 3934
f 3826 3935 3936
f 3839 3937 3938
f 3845 3939 3940
f 3823 3941 3942
f 3830 3943 3944
f 3843 3945 3946
f 3833 3947 3948
f 3820 3949 3950
f 3824 3951 3952
f 3831 3953 3954
f 3837 3955 3956
f 3821 3957 3958
f 3825 3959 3960
f 3835 3961 3962
f 3931 3822 3937 3826
f 3842 3932 3931 3826 3936
f 3838 3960 3959 3841 3932 3842 3815 3828
f 3841 3959 3835 3933
f 3840 3934 3933 3835 3962 3836 3829 3816
f 3840 3938 3937 3822 3934
f 3845 3935 3839 3941
f 3842 3936 3935 3845 3940 3846 3814 3815
f 3844 3942 3941 3839 3938 3840 3816 3813
f 3939 3823 3945 3830
f 3846 3940 3939 3830 3944
f 3844 3946 3945 3823 3942
f 3833 3943 3843 3949
f 3846 3944 3943 3833 3948 3834 3827 3814
f 3832 3950 3949 3843 3946 3844 3813 3819
f 3953 3824 3947 3820
f 3834 3948 3947 3824 3952
f 3832 3954 3953 3820 3950
f 3837 3951 3831 3957
f 3834 3952 3951 3837 3956 3838 3828 3827
f 3836 3958 3957 3831 3954 3832 3819 3829
f 3955 3821 3961 3825
f 3838 3956 3955 3825 3960
f 3836 3962 3961 3821 3958
f 3891 3965 3901 3963
f 3887 3967 3903 3969
f 3890 3973 3897 3971
f 3886 3975 3899 3977
f 3896 3981 3909 3979
f 3889 3983 3911 3985
f 3892 3989 3905 3987
f 3888 3991 3907 3993
f 3891 3963 3964
f 3901 3965 3966
f 3903 3967 3968
f 3887 3969 3970
f 3890 3971 3972
f 3897 3973 3974
f 3899 3975 3976
f 3886 3977 3978
f 3896 3979 3980
f 3909 3981 3982
f 3911 3983 3984
f 3889 3985 3986
f 3892 3987 3988
f 3905 3989 3990
f 3907 3991 3992
f 3888 3993 3994
f 3963 3901 3969 3903
f 3964 3963 3903 3968 3904
f 3894 3861 3908 3992 3991 3891 3964 3904
f 3888 3965 3891 3991
f 3862 3895 3902 3966 3965 3888 3994 3906
f 3970 3969 3901 3966 3902
f 3887 3973 3890 3967
f 3893 3894 3904 3968 3967 3890 3972 3900
f 3895 3885 3898 3974 3973 3887 3970 3902
f 3977 3899 3971 3897
f 3972 3971 3899 3976 3900
f 3978 3977 3897 3974 3898
f 3886 3981 3896 3975
f 3860 3893 3900 3976 3975 3896 3980 3912
f 3885 3859 3910 3982 3981 3886 3978 3898
f 3979 3909 3985 3911
f 3980 3979 3911 3984 3912
f 3986 3985 3909 3982 3910
f 3889 3989 3892 3983
f 3861 3860 3912 3984 3983 3892 3988 3908
f 3859 3862 3906 3990 3989 3889 3986 3910
f 3987 3905 3993 3907
f 3988 3987 3907 3992 3908
f 3994 3993 3905 3990 3906
f 3784 3806 3807 3803
f 3803 3807 3808 3802
f 3995 3817 3801 3802
f 3802 3808 3805 3995
f 3995 3805 3806 3784
f 3784 3818 3817 3995
f 3996 3789 3790 3779
f 3779 3782 3783 3996
f 3997 3791 3789 3996
f 3996 3783 3781 3997
f 3998 3792 3791 3997
f 3779 3790 3792 3998
f 3999 4001 4000
f 4019 4020 4039 4038
f 4038 4039 4058 4057
f 4057 4058 4076
f 3999 4002 4001
f 4020 4021 4040 4039
f 4039 4040 4059 4058
f 4058 4059 4076
f 3999 4003 4002
f 4021 4022 4041 4040
f 4040 4041 4060 4059
f 4059 4060 4076
f 3999 4004 4003
f 4022 4023 4042 4041
f 4041 4042 4061 4060
f 4060 4061 4076
f 3999 4005 4004
f 4023 4024 4043 4042
f 4042 4043 4062 4061
f 4061 4062 4076
f 3999 4006 4005
f 4024 4025 4044 4043
f 4043 4044 4063 4062
f 4062 4063 4076
f 3999 4007 4006
f 4025 4026 4045 4044
f 4044 4045 4064 4063
f 4063 4064 4076
f 3999 4008 4007
f 4026 4027 4046 4045
f 4045 4046 4065 4064
f 4064 4065 4076
f 3999 4009 4008
f 4027 4028 4047 4046
f 4046 4047 4066 4065
f 4065 4066 4076
f 3999 4010 4009
f 4028 4029 4048 4047
f 4047 4048 4067 4066
f 4066 4067 4076
f 3999 4011 4010
f 4029 4030 4049 4048
f 4048 4049 4068 4067
f 4067 4068 4076
f 3999 4012 4011
f 4030 4031 4050 4049
f 4049 4050 4069 4068
f 4068 4069 4076
f 3999 4013 4012
f 4031 4032 4051 4050
f 4050 4051 4070 4069
f 4069 4070 4076
f 3999 4014 4013
f 4032 4033 4052 4051
f 4051 4052 4071 4070
f 4070 4071 4076
f 3999 4015 4014
f 4033 4034 4053 4052
f 4052 4053 4072 4071
f 4071 4072 4076
f 3999 4016 4015
f 4034 4035 4054 4053
f 4053 4054 4073 4072
f 4072 4073 4076
f 3999 4017 4016
f 4035 4036 4055 4054
f 4054 4055 4074 4073
f 4073 4074 4076
f 3999 4018 4017
f 4036 4037 4056 4055
f 4055 4056 4075 4074
f 4074 4075 4076
f 3999 4000 4018
f 4037 4019 4038 4056
f 4056 4038 4057 4075
f 4075 4057 4076
f 4078 4025 4024 4077
f 4097 4005 4006 4114
f 4079 4026 4025 4078
f 4114 4006 4007 4113
f 4080 4027 4026 4079
f 4113 4007 4008 4112
f 4081 4028 4027 4080
f 4112 4008 4009 4111
f 4082 4029 4028 4081
f 4111 4009 4010 4110
f 4083 4030 4029 4082
f 4110 4010 4011 4109
f 4084 4031 4030 4083
f 4109 4011 4012 4108
f 4085 4032 4031 4084
f 4108 4012 4013 4107
f 4086 4033 4032 4085
f 4107 4013 4014 4106
f 4087 4034 4033 4086
f 4106 4014 4015 4105
f 4088 4035 4034 4087
f 4105 4015 4016 4104
f 4089 4036 4035 4088
f 4104 4016 4017 4103
f 4090 4037 4036 4089
f 4103 4017 4018 4102
f 4091 4019 4037 4090
f 4102 4018 4000 4101
f 4092 4020 4019 4091
f 4101 4000 4001 4100
f 4093 4021 4020 4092
f 4100 4001 4002 4099
f 4094 4022 4021 4093
f 4099 4002 4003 4098
f 4095 4023 4022 4094
f 4098 4003 4004 4096
f 4096 4004 4005 4097
f 4077 4024 4023 4095
f 4077 4095 4096 4097
f 4098 4096 4095 4094
f 4099 4098 4094 4093
f 4100 4099 4093 4092
f 4101 4100 4092 4091
f 4102 4101 4091 4090
f 4103 4102 4090 4089
f 4104 4103 4089 4088
f 4105 4104 4088 4087
f 4106 4105 4087 4086
f 4107 4106 4086 4085
f 4108 4107 4085 4084
f 4109 4108 4084 4083
f 4110 4109 4083 4082
f 4111 4110 4082 4081
f 4112 4111 4081 4080
f 4113 4112 4080 4079
f 4114 4113 4079 4078
f 4097 4114 4078 4077
f 4116 4117 4115
f 4154 4155 4136 4135
f 4173 4174 4155 4154
f 4192 4174 4173
f 4117 4118 4115
f 4155 4156 4137 4136
f 4174 4175 4156 4155
f 4192 4175 4174
f 4118 4119 4115
f 4156 4157 4138 4137
f 4175 4176 4157 4156
f 4192 4176 4175
f 4119 4120 4115
f 4157 4158 4139 4138
f 4176 4177 4158 4157
f 4192 4177 4176
f 4120 4121 4115
f 4158 4159 4140 4139
f 4177 4178 4159 4158
f 4192 4178 4177
f 4121 4122 4115
f 4159 4160 4141 4140
f 4178 4179 4160 4159
f 4192 4179 4178
f 4122 4123 4115
f 4160 4161 4142 4141
f 4179 4180 4161 4160
f 4192 4180 4179
f 4123 4124 4115
f 4161 4162 4143 4142
f 4180 4181 4162 4161
f 4192 4181 4180
f 4124 4125 4115
f 4162 4163 4144 4143
f 4181 4182 4163 4162
f 4192 4182 4181
f 4125 4126 4115
f 4163 4164 4145 4144
f 4182 4183 4164 4163
f 4192 4183 4182
f 4126 4127 4115
f 4164 4165 4146 4145
f 4183 4184 4165 4164
f 4192 4184 4183
f 4127 4128 4115
f 4165 4166 4147 4146
f 4184 4185 4166 4165
f 4192 4185 4184
f 4128 4129 4115
f 4166 4167 4148 4147
f 4185 4186 4167 4166
f 4192 4186 4185
f 4129 4130 4115
f 4167 4168 4149 4148
f 4186 4187 4168 4167
f 4192 4187 4186
f 4130 4131 4115
f 4168 4169 4150 4149
f 4187 4188 4169 4168
f 4192 4188 4187
f 4131 4132 4115
f 4169 4170 4151 4150
f 4188 4189 4170 4169
f 4192 4189 4188
f 4132 4133 4115
f 4170 4171 4152 4151
f 4189 4190 4171 4170
f 4192 4190 4189
f 4133 4134 4115
f 4171 4172 4153 4152
f 4190 4191 4172 4171
f 4192 4191 4190
f 4134 4116 4115
f 4172 4154 4135 4153
f 4191 4173 4154 4172
f 4192 4173 4191
f 4193 4140 4141 4194
f 4230 4122 4121 4213
f 4194 4141 4142 4195
f 4229 4123 4122 4230
f 4195 4142 4143 4196
f 4228 4124 4123 4229
f 4196 4143 4144 4197
f 4227 4125 4124 4228
f 4197 4144 4145 4198
f 4226 4126 4125 4227
f 4198 4145 4146 4199
f 4225 4127 4126 4226
f 4199 4146 4147 4200
f 4224 4128 4127 4225
f 4200 4147 4148 4201
f 4223 4129 4128 4224
f 4201 4148 4149 4202
f 4222 4130 4129 4223
f 4202 4149 4150 4203
f 4221 4131 4130 4222
f 4203 4150 4151 4204
f 4220 4132 4131 4221
f 4204 4151 4152 4205
f 4219 4133 4132 4220
f 4205 4152 4153 4206
f 4218 4134 4133 4219
f 4206 4153 4135 4207
f 4217 4116 4134 4218
f 4207 4135 4136 4208
f 4216 4117 4116 4217
f 4208 4136 4137 4209
f 4215 4118 4117 4216
f 4209 4137 4138 4210
f 4214 4119 4118 4215
f 4210 4138 4139 4211
f 4212 4120 4119 4214
f 4213 4121 4120 4212
f 4211 4139 4140 4193
f 4213 4212 4211 4193
f 4210 4211 4212 4214
f 4209 4210 4214 4215
f 4208 4209 4215 4216
f 4207 4208 4216 4217
f 4206 4207 4217 4218
f 4205 4206 4218 4219
f 4204 4205 4219 4220
f 4203 4204 4220 4221
f 4202 4203 4221 4222
f 4201 4202 4222 4223
f 4200 4201 4223 4224
f 4199 4200 4224 4225
f 4198 4199 4225 4226
f 4197 4198 4226 4227
f 4196 4197 4227 4228
f 4195 4196 4228 4229
f 4194 4195 4229 4230
f 4193 4194 4230 4213
f 4232 4233 4231
f 4270 4271 4252 4251
f 4289 4290 4271 4270
f 4308 4290 4289
f 4233 4234 4231
f 4271 4272 4253 4252
f 4290 4291 4272 4271
f 4308 4291 4290
f 4234 4235 4231
f 4272 4273 4254 4253
f 4291 4292 4273 4272
f 4308 4292 4291
f 4235 4236 4231
f 4273 4274 4255 4254
f 4292 4293 4274 4273
f 4308 4293 4292
f 4236 4237 4231
f 4274 4275 4256 4255
f 4293 4294 4275 4274
f 4308 4294 4293
f 4237 4238 4231
f 4275 4276 4257 4256
f 4294 4295 4276 4275
f 4308 4295 4294
f 4238 4239 4231
f 4276 4277 4258 4257
f 4295 4296 4277 4276
f 4308 4296 4295
f 4239 4240 4231
f 4277 4278 4259 4258
f 4296 4297 4278 4277
f 4308 4297 4296
f 4240 4241 4231
f 4278 4279 4260 4259
f 4297 4298 4279 4278
f 4308 4298 4297
f 4241 4242 4231
f 4279 4280 4261 4260
f 4298 4299 4280 4279
f 4308 4299 4298
f 4242 4243 4231
f 4280 4281 4262 4261
f 4299 4300 4281 4280
f 4308 4300 4299
f 4243 4244 4231
f 4281 4282 4263 4262
f 4300 4301 4282 4281
f 4308 4301 4300
f 4244 4245 4231
f 4282 4283 4264 4263
f 4301 4302 4283 4282
f 4308 4302 4301
f 4245 4246 4231
f 4283 4284 4265 4264
f 4302 4303 4284 4283
f 4308 4303 4302
f 4246 4247 4231
f 4284 4285 4266 4265
f 4303 4304 4285 4284
f 4308 4304 4303
f 4247 4248 4231
f 4285 4286 4267 4266
f 4304 4305 4286 4285
f 4308 4305 4304
f 4248 4249 4231
f 4286 4287 4268 4267
f 4305 4306 4287 4286
f 4308 4306 4305
f 4249 4250 4231
f 4287 4288 4269 4268
f 4306 4307 4288 4287
f 4308 4307 4306
f 4250 4232 4231
f 4288 4270 4251 4269
f 4307 4289 4270 4288
f 4308 4289 4307
f 4309 4256 4257 4310
f 4346 4238 4237 4329
f 4310 4257 4258 4311
f 4345 4239 4238 4346
f 4311 4258 4259 4312
f 4344 4240 4239 4345
f 4312 4259 4260 4313
f 4343 4241 4240 4344
f 4313 4260 4261 4314
f 4342 4242 4241 4343
f 4314 4261 4262 4315
f 4341 4243 4242 4342
f 4315 4262 4263 4316
f 4340 4244 4243 4341
f 4316 4263 4264 4317
f 4339 4245 4244 4340
f 4317 4264 4265 4318
f 4338 4246 4245 4339
f 4318 4265 4266 4319
f 4337 4247 4246 4338
f 4319 4266 4267 4320
f 4336 4248 4247 4337
f 4320 4267 4268 4321
f 4335 4249 4248 4336
f 4321 4268 4269 4322
f 4334 4250 4249 4335
f 4322 4269 4251 4323
f 4333 4232 4250 4334
f 4323 4251 4252 4324
f 4332 4233 4232 4333
f 4324 4252 4253 4325
f 4331 4234 4233 4332
f 4325 4253 4254 4326
f 4330 4235 4234 4331
f 4326 4254 4255 4327
f 4328 4236 4235 4330
f 4329 4237 4236 4328
f 4327 4255 4256 4309
f 4329 4328 4327 4309
f 4326 4327 4328 4330
f 4325 4326 4330 4331
f 4324 4325 4331 4332
f 4323 4324 4332 4333
f 4322 4323 4333 4334
f 4321 4322 4334 4335
f 4320 4321 4335 4336
f 4319 4320 4336 4337
f 4318 4319 4337 4338
f 4317 4318 4338 4339
f 4316 4317 4339 4340
f 4315 4316 4340 4341
f 4314 4315 4341 4342
f 4313 4314 4342 4343
f 4312 4313 4343 4344
f 4311 4312 4344 4345
f 4310 4311 4345 4346
f 4309 4310 4346 4329
f 4347 4349 4348
f 4367 4368 4387 4386
f 4386 4387 4406 4405
f 4405 4406 4424
f 4347 4350 4349
f 4368 4369 4388 4387
f 4387 4388 4407 4406
f 4406 4407 4424
f 4347 4351 4350
f 4369 4370 4389 4388
f 4388 4389 4408 4407
f 4407 4408 4424
f 4347 4352 4351
f 4370 4371 4390 4389
f 4389 4390 4409 4408
f 4408 4409 4424
f 4347 4353 4352
f 4371 4372 4391 4390
f 4390 4391 4410 4409
f 4409 4410 4424
f 4347 4354 4353
f 4372 4373 4392 4391
f 4391 4392 4411 4410
f 4410 4411 4424
f 4347 4355 4354
f 4373 4374 4393 4392
f 4392 4393 4412 4411
f 4411 4412 4424
f 4347 4356 4355
f 4374 4375 4394 4393
f 4393 4394 4413 4412
f 4412 4413 4424
f 4347 4357 4356
f 4375 4376 4395 4394
f 4394 4395 4414 4413
f 4413 4414 4424
f 4347 4358 4357
f 4376 4377 4396 4395
f 4395 4396 4415 4414
f 4414 4415 4424
f 4347 4359 4358
f 4377 4378 4397 4396
f 4396 4397 4416 4415
f 4415 4416 4424
f 4347 4360 4359
f 4378 4379 4398 4397
f 4397 4398 4417 4416
f 4416 4417 4424
f 4347 4361 4360
f 4379 4380 4399 4398
f 4398 4399 4418 4417
f 4417 4418 4424
f 4347 4362 4361
f 4380 4381 4400 4399
f 4399 4400 4419 4418
f 4418 4419 4424
f 4347 4363 4362
f 4381 4382 4401 4400
f 4400 4401 4420 4419
f 4419 4420 4424
f 4347 4364 4363
f 4382 4383 4402 4401
f 4401 4402 4421 4420
f 4420 4421 4424
f 4347 4365 4364
f 4383 4384 4403 4402
f 4402 4403 4422 4421
f 4421 4422 4424
f 4347 4366 4365
f 4384 4385 4404 4403
f 4403 4404 4423 4422
f 4422 4423 4424
f 4347 4348 4366
f 4385 4367 4386 4404
f 4404 4386 4405 4423
f 4423 4405 4424
f 4426 4373 4372 4425
f 4445 4353 4354 4462
f 4427 4374 4373 4426
f 4462 4354 4355 4461
f 4428 4375 4374 4427
f 4461 4355 4356 4460
f 4429 4376 4375 4428
f 4460 4356 4357 4459
f 4430 4377 4376 4429
f 4459 4357 4358 4458
f 4431 4378 4377 4430
f 4458 4358 4359 4457
f 4432 4379 4378 4431
f 4457 4359 4360 4456
f 4433 4380 4379 4432
f 4456 4360 4361 4455
f 4434 4381 4380 4433
f 4455 4361 4362 4454
f 4435 4382 4381 4434
f 4454 4362 4363 4453
f 4436 4383 4382 4435
f 4453 4363 4364 4452
f 4437 4384 4383 4436
f 4452 4364 4365 4451
f 4438 4385 4384 4437
f 4451 4365 4366 4450
f 4439 4367 4385 4438
f 4450 4366 4348 4449
f 4440 4368 4367 4439
f 4449 4348 4349 4448
f 4441 4369 4368 4440
f 4448 4349 4350 4447
f 4442 4370 4369 4441
f 4447 4350 4351 4446
f 4443 4371 4370 4442
f 4446 4351 4352 4444
f 4444 4352 4353 4445
f 4425 4372 4371 4443
f 4425 4443 4444 4445
f 4446 4444 4443 4442
f 4447 4446 4442 4441
f 4448 4447 4441 4440
f 4449 4448 4440 4439
f 4450 4449 4439 4438
f 4451 4450 4438 4437
f 4452 4451 4437 4436
f 4453 4452 4436 4435
f 4454 4453 4435 4434
f 4455 4454 4434 4433
f 4456 4455 4433 4432
f 4457 4456 4432 4431
f 4458 4457 4431 4430
f 4459 4458 4430 4429
f 4460 4459 4429 4428
f 4461 4460 4428 4427
f 4462 4461 4427 4426
f 4445 4462 4426 4425
f 4464 4465 4463
f 4482 4483 4465 4464
f 4500 4483 4482
f 4465 4466 4463
f 4483 4484 4466 4465
f 4500 4484 4483
f 4466 4467 4463
f 4484 4485 4467 4466
f 4500 4485 4484
f 4467 4468 4463
f 4485 4486 4468 4467
f 4500 4486 4485
f 4468 4469 4463
f 4486 4487 4469 4468
f 4500 4487 4486
f 4469 4470 4463
f 4487 4488 4470 4469
f 4500 4488 4487
f 4470 4471 4463
f 4488 4489 4471 4470
f 4500 4489 4488
f 4471 4472 4463
f 4489 4490 4472 4471
f 4500 4490 4489
f 4472 4473 4463
f 4490 4491 4473 4472
f 4500 4491 4490
f 4473 4474 4463
f 4491 4492 4474 4473
f 4500 4492 4491
f 4474 4475 4463
f 4492 4493 4475 4474
f 4500 4493 4492
f 4475 4476 4463
f 4493 4494 4476 4475
f 4500 4494 4493
f 4476 4477 4463
f 4494 4495 4477 4476
f 4500 4495 4494
f 4477 4478 4463
f 4495 4496 4478 4477
f 4500 4496 4495
f 4478 4479 4463
f 4496 4497 4479 4478
f 4500 4497 4496
f 4479 4480 4463
f 4497 4498 4480 4479
f 4500 4498 4497
f 4480 4481 4463
f 4498 4499 4481 4480
f 4500 4499 4498
f 4481 4464 4463
f 4499 4482 4464 4481
f 4500 4482 4499
f 4502 4503 4501
f 4520 4521 4503 4502
f 4538 4552 4553
f 4503 4504 4501
f 4521 4522 4504 4503
f 4538 4551 4552
f 4504 4505 4501
f 4522 4523 4505 4504
f 4538 4550 4551
f 4505 4506 4501
f 4523 4524 4506 4505
f 4538 4549 4550
f 4506 4507 4501
f 4524 4525 4507 4506
f 4538 4548 4549
f 4507 4508 4501
f 4525 4526 4508 4507
f 4538 4547 4548
f 4508 4509 4501
f 4526 4527 4509 4508
f 4538 4546 4547
f 4509 4510 4501
f 4527 4528 4510 4509
f 4538 4545 4546
f 4510 4511 4501
f 4528 4529 4511 4510
f 4538 4544 4545
f 4511 4512 4501
f 4529 4530 4512 4511
f 4538 4543 4544
f 4512 4513 4501
f 4530 4531 4513 4512
f 4538 4542 4543
f 4513 4514 4501
f 4531 4532 4514 4513
f 4538 4541 4542
f 4514 4515 4501
f 4532 4533 4515 4514
f 4538 4539 4541
f 4515 4516 4501
f 4533 4534 4516 4515
f 4538 4540 4539
f 4516 4517 4501
f 4534 4535 4517 4516
f 4538 4556 4540
f 4517 4518 4501
f 4535 4536 4518 4517
f 4538 4555 4556
f 4518 4519 4501
f 4536 4537 4519 4518
f 4538 4554 4555
f 4519 4502 4501
f 4537 4520 4502 4519
f 4538 4553 4554
f 4534 4533 4539 4540
f 4533 4532 4541 4539
f 4532 4531 4542 4541
f 4531 4530 4543 4542
f 4530 4529 4544 4543
f 4529 4528 4545 4544
f 4528 4527 4546 4545
f 4527 4526 4547 4546
f 4526 4525 4548 4547
f 4525 4524 4549 4548
f 4524 4523 4550 4549
f 4523 4522 4551 4550
f 4522 4521 4552 4551
f 4521 4520 4553 4552
f 4520 4537 4554 4553
f 4537 4536 4555 4554
f 4536 4535 4556 4555
f 4535 4534 4540 4556
f 4558 4559 4557
f 4576 4577 4559 4558
f 4594 4609 4610
f 4559 4560 4557
f 4577 4578 4560 4559
f 4594 4608 4609
f 4560 4561 4557
f 4578 4579 4561 4560
f 4594 4607 4608
f 4561 4562 4557
f 4579 4580 4562 4561
f 4594 4606 4607
f 4562 4563 4557
f 4580 4581 4563 4562
f 4594 4605 4606
f 4563 4564 4557
f 4581 4582 4564 4563
f 4594 4604 4605
f 4564 4565 4557
f 4582 4583 4565 4564
f 4594 4603 4604
f 4565 4566 4557
f 4583 4584 4566 4565
f 4594 4602 4603
f 4566 4567 4557
f 4584 4585 4567 4566
f 4594 4601 4602
f 4567 4568 4557
f 4585 4586 4568 4567
f 4594 4600 4601
f 4568 4569 4557
f 4586 4587 4569 4568
f 4594 4599 4600
f 4569 4570 4557
f 4587 4588 4570 4569
f 4594 4598 4599
f 4570 4571 4557
f 4588 4589 4571 4570
f 4594 4597 4598
f 4571 4572 4557
f 4589 4590 4572 4571
f 4594 4595 4597
f 4572 4573 4557
f 4590 4591 4573 4572
f 4594 4596 4595
f 4573 4574 4557
f 4591 4592 4574 4573
f 4594 4612 4596
f 4574 4575 4557
f 4592 4593 4575 4574
f 4594 4611 4612
f 4575 4558 4557
f 4593 4576 4558 4575
f 4594 4610 4611
f 4591 4590 4595 4596
f 4590 4589 4597 4595
f 4589 4588 4598 4597
f 4588 4587 4599 4598
f 4587 4586 4600 4599
f 4586 4585 4601 4600
f 4585 4584 4602 4601
f 4584 4583 4603 4602
f 4583 4582 4604 4603
f 4582 4581 4605 4604
f 4581 4580 4606 4605
f 4580 4579 4607 4606
f 4579 4578 4608 4607
f 4578 4577 4609 4608
f 4577 4576 4610 4609
f 4576 4593 4611 4610
f 4593 4592 4612 4611
f 4592 4591 4596 4612
f 4613 4615 4614
f 4614 4615 4633 4632
f 4632 4633 4650
f 4613 4616 4615
f 4615 4616 4634 4633
f 4633 4634 4650
f 4613 4617 4616
f 4616 4617 4635 4634
f 4634 4635 4650
f 4613 4618 4617
f 4617 4618 4636 4635
f 4635 4636 4650
f 4613 4619 4618
f 4618 4619 4637 4636
f 4636 4637 4650
f 4613 4620 4619
f 4619 4620 4638 4637
f 4637 4638 4650
f 4613 4621 4620
f 4620 4621 4639 4638
f 4638 4639 4650
f 4613 4622 4621
f 4621 4622 4640 4639
f 4639 4640 4650
f 4613 4623 4622
f 4622 4623 4641 4640
f 4640 4641 4650
f 4613 4624 4623
f 4623 4624 4642 4641
f 4641 4642 4650
f 4613 4625 4624
f 4624 4625 4643 4642
f 4642 4643 4650
f 4613 4626 4625
f 4625 4626 4644 4643
f 4643 4644 4650
f 4613 4627 4626
f 4626 4627 4645 4644
f 4644 4645 4650
f 4613 4628 4627
f 4627 4628 4646 4645
f 4645 4646 4650
f 4613 4629 4628
f 4628 4629 4647 4646
f 4646 4647 4650
f 4613 4630 4629
f 4629 4630 4648 4647
f 4647 4648 4650
f 4613 4631 4630
f 4630 4631 4649 4648
f 4648 4649 4650
f 4613 4614 4631
f 4631 4614 4632 4649
f 4649 4632 4650
f 4651 4653 4652
f 4652 4653 4671 4670
f 4703 4702 4688
f 4651 4654 4653
f 4653 4654 4672 4671
f 4702 4701 4688
f 4651 4655 4654
f 4654 4655 4673 4672
f 4701 4700 4688
f 4651 4656 4655
f 4655 4656 4674 4673
f 4700 4699 4688
f 4651 4657 4656
f 4656 4657 4675 4674
f 4699 4698 4688
f 4651 4658 4657
f 4657 4658 4676 4675
f 4698 4697 4688
f 4651 4659 4658
f 4658 4659 4677 4676
f 4697 4696 4688
f 4651 4660 4659
f 4659 4660 4678 4677
f 4696 4695 4688
f 4651 4661 4660
f 4660 4661 4679 4678
f 4695 4694 4688
f 4651 4662 4661
f 4661 4662 4680 4679
f 4694 4693 4688
f 4651 4663 4662
f 4662 4663 4681 4680
f 4693 4692 4688
f 4651 4664 4663
f 4663 4664 4682 4681
f 4692 4691 4688
f 4651 4665 4664
f 4664 4665 4683 4682
f 4691 4689 4688
f 4651 4666 4665
f 4665 4666 4684 4683
f 4689 4690 4688
f 4651 4667 4666
f 4666 4667 4685 4684
f 4690 4706 4688
f 4651 4668 4667
f 4667 4668 4686 4685
f 4706 4705 4688
f 4651 4669 4668
f 4668 4669 4687 4686
f 4705 4704 4688
f 4651 4652 4669
f 4669 4652 4670 4687
f 4704 4703 4688
f 4690 4689 4683 4684
f 4689 4691 4682 4683
f 4691 4692 4681 4682
f 4692 4693 4680 4681
f 4693 4694 4679 4680
f 4694 4695 4678 4679
f 4695 4696 4677 4678
f 4696 4697 4676 4677
f 4697 4698 4675 4676
f 4698 4699 4674 4675
f 4699 4700 4673 4674
f 4700 4701 4672 4673
f 4701 4702 4671 4672
f 4702 4703 4670 4671
f 4703 4704 4687 4670
f 4704 4705 4686 4687
f 4705 4706 4685 4686
f 4706 4690 4684 4685
f 4707 4709 4708
f 4708 4709 4727 4726
f 4760 4759 4744
f 4707 4710 4709
f 4709 4710 4728 4727
f 4759 4758 4744
f 4707 4711 4710
f 4710 4711 4729 4728
f 4758 4757 4744
f 4707 4712 4711
f 4711 4712 4730 4729
f 4757 4756 4744
f 4707 4713 4712
f 4712 4713 4731 4730
f 4756 4755 4744
f 4707 4714 4713
f 4713 4714 4732 4731
f 4755 4754 4744
f 4707 4715 4714
f 4714 4715 4733 4732
f 4754 4753 4744
f 4707 4716 4715
f 4715 4716 4734 4733
f 4753 4752 4744
f 4707 4717 4716
f 4716 4717 4735 4734
f 4752 4751 4744
f 4707 4718 4717
f 4717 4718 4736 4735
f 4751 4750 4744
f 4707 4719 4718
f 4718 4719 4737 4736
f 4750 4749 4744
f 4707 4720 4719
f 4719 4720 4738 4737
f 4749 4748 4744
f 4707 4721 4720
f 4720 4721 4739 4738
f 4748 4747 4744
f 4707 4722 4721
f 4721 4722 4740 4739
f 4747 4745 4744
f 4707 4723 4722
f 4722 4723 4741 4740
f 4745 4746 4744
f 4707 4724 4723
f 4723 4724 4742 4741
f 4746 4762 4744
f 4707 4725 4724
f 4724 4725 4743 4742
f 4762 4761 4744
f 4707 4708 4725
f 4725 4708 4726 4743
f 4761 4760 4744
f 4746 4745 4740 4741
f 4745 4747 4739 4740
f 4747 4748 4738 4739
f 4748 4749 4737 4738
f 4749 4750 4736 4737
f 4750 4751 4735 4736
f 4751 4752 4734 4735
f 4752 4753 4733 4734
f 4753 4754 4732 4733
f 4754 4755 4731 4732
f 4755 4756 4730 4731
f 4756 4757 4729 4730
f 4757 4758 4728 4729
f 4758 4759 4727 4728
f 4759 4760 4726 4727
f 4760 4761 4743 4726
f 4761 4762 4742 4743
f 4762 4746 4741 4742
f 4763 4765 4764
f 4764 4765 4783 4782
f 4782 4783 4800
f 4763 4766 4765
f 4765 4766 4784 4783
f 4783 4784 4800
f 4763 4767 4766
f 4766 4767 4785 4784
f 4784 4785 4800
f 4763 4768 4767
f 4767 4768 4786 4785
f 4785 4786 4800
f 4763 4769 4768
f 4768 4769 4787 4786
f 4786 4787 4800
f 4763 4770 4769
f 4769 4770 4788 4787
f 4787 4788 4800
f 4763 4771 4770
f 4770 4771 4789 4788
f 4788 4789 4800
f 4763 4772 4771
f 4771 4772 4790 4789
f 4789 4790 4800
f 4763 4773 4772
f 4772 4773 4791 4790
f 4790 4791 4800
f 4763 4774 4773
f 4773 4774 4792 4791
f 4791 4792 4800
f 4763 4775 4774
f 4774 4775 4793 4792
f 4792 4793 4800
f 4763 4776 4775
f 4775 4776 4794 4793
f 4793 4794 4800
f 4763 4777 4776
f 4776 4777 4795 4794
f 4794 4795 4800
f 4763 4778 4777
f 4777 4778 4796 4795
f 4795 4796 4800
f 4763 4779 4778
f 4778 4779 4797 4796
f 4796 4797 4800
f 4763 4780 4779
f 4779 4780 4798 4797
f 4797 4798 4800
f 4763 4781 4780
f 4780 4781 4799 4798
f 4798 4799 4800
f 4763 4764 4781
f 4781 4764 4782 4799
f 4799 4782 4800
f 4801 4803 4802
f 4802 4803 4821 4820
f 4853 4852 4838
f 4801 4804 4803
f 4803 4804 4822 4821
f 4852 4851 4838
f 4801 4805 4804
f 4804 4805 4823 4822
f 4851 4850 4838
f 4801 4806 4805
f 4805 4806 4824 4823
f 4850 4849 4838
f 4801 4807 4806
f 4806 4807 4825 4824
f 4849 4848 4838
f 4801 4808 4807
f 4807 4808 4826 4825
f 4848 4847 4838
f 4801 4809 4808
f 4808 4809 4827 4826
f 4847 4846 4838
f 4801 4810 4809
f 4809 4810 4828 4827
f 4846 4845 4838
f 4801 4811 4810
f 4810 4811 4829 4828
f 4845 4844 4838
f 4801 4812 4811
f 4811 4812 4830 4829
f 4844 4843 4838
f 4801 4813 4812
f 4812 4813 4831 4830
f 4843 4842 4838
f 4801 4814 4813
f 4813 4814 4832 4831
f 4842 4841 4838
f 4801 4815 4814
f 4814 4815 4833 4832
f 4841 4839 4838
f 4801 4816 4815
f 4815 4816 4834 4833
f 4839 4840 4838
f 4801 4817 4816
f 4816 4817 4835 4834
f 4840 4856 4838
f 4801 4818 4817
f 4817 4818 4836 4835
f 4856 4855 4838
f 4801 4819 4818
f 4818 4819 4837 4836
f 4855 4854 4838
f 4801 4802 4819
f 4819 4802 4820 4837
f 4854 4853 4838
f 4840 4839 4833 4834
f 4839 4841 4832 4833
f 4841 4842 4831 4832
f 4842 4843 4830 4831
f 4843 4844 4829 4830
f 4844 4845 4828 4829
f 4845 4846 4827 4828
f 4846 4847 4826 4827
f 4847 4848 4825 4826
f 4848 4849 4824 4825
f 4849 4850 4823 4824
f 4850 4851 4822 4823
f 4851 4852 4821 4822
f 4852 4853 4820 4821
f 4853 4854 4837 4820
f 4854 4855 4836 4837
f 4855 4856 4835 4836
f 4856 4840 4834 4835
f 4857 4859 4858
f 4858 4859 4877 4876
f 4910 4909 4894
f 4857 4860 4859
f 4859 4860 4878 4877
f 4909 4908 4894
f 4857 4861 4860
f 4860 4861 4879 4878
f 4908 4907 4894
f 4857 4862 4861
f 4861 4862 4880 4879
f 4907 4906 4894
f 4857 4863 4862
f 4862 4863 4881 4880
f 4906 4905 4894
f 4857 4864 4863
f 4863 4864 4882 4881
f 4905 4904 4894
f 4857 4865 4864
f 4864 4865 4883 4882
f 4904 4903 4894
f 4857 4866 4865
f 4865 4866 4884 4883
f 4903 4902 4894
f 4857 4867 4866
f 4866 4867 4885 4884
f 4902 4901 4894
f 4857 4868 4867
f 4867 4868 4886 4885
f 4901 4900 4894
f 4857 4869 4868
f 4868 4869 4887 4886
f 4900 4899 4894
f 4857 4870 4869
f 4869 4870 4888 4887
f 4899 4898 4894
f 4857 4871 4870
f 4870 4871 4889 4888
f 4898 4897 4894
f 4857 4872 4871
f 4871 4872 4890 4889
f 4897 4895 4894
f 4857 4873 4872
f 4872 4873 4891 4890
f 4895 4896 4894
f 4857 4874 4873
f 4873 4874 4892 4891
f 4896 4912 4894
f 4857 4875 4874
f 4874 4875 4893 4892
f 4912 4911 4894
f 4857 4858 4875
f 4875 4858 4876 4893
f 4911 4910 4894
f 4896 4895 4890 4891
f 4895 4897 4889 4890
f 4897 4898 4888 4889
f 4898 4899 4887 4888
f 4899 4900 4886 4887
f 4900 4901 4885 4886
f 4901 4902 4884 4885
f 4902 4903 4883 4884
f 4903 4904 4882 4883
f 4904 4905 4881 4882
f 4905 4906 4880 4881
f 4906 4907 4879 4880
f 4907 4908 4878 4879
f 4908 4909 4877 4878
f 4909 4910 4876 4877
f 4910 4911 4893 4876
f 4911 4912 4892 4893
f 4912 4896 4891 4892
f 4914 4915 4913
f 4932 4933 4915 4914
f 4950 4933 4932
f 4915 4916 4913
f 4933 4934 4916 4915
f 4950 4934 4933
f 4916 4917 4913
f 4934 4935 4917 4916
f 4950 4935 4934
f 4917 4918 4913
f 4935 4936 4918 4917
f 4950 4936 4935
f 4918 4919 4913
f 4936 4937 4919 4918
f 4950 4937 4936
f 4919 4920 4913
f 4937 4938 4920 4919
f 4950 4938 4937
f 4920 4921 4913
f 4938 4939 4921 4920
f 4950 4939 4938
f 4921 4922 4913
f 4939 4940 4922 4921
f 4950 4940 4939
f 4922 4923 4913
f 4940 4941 4923 4922
f 4950 4941 4940
f 4923 4924 4913
f 4941 4942 4924 4923
f 4950 4942 4941
f 4924 4925 4913
f 4942 4943 4925 4924
f 4950 4943 4942
f 4925 4926 4913
f 4943 4944 4926 4925
f 4950 4944 4943
f 4926 4927 4913
f 4944 4945 4927 4926
f 4950 4945 4944
f 4927 4928 4913
f 4945 4946 4928 4927
f 4950 4946 4945
f 4928 4929 4913
f 4946 4947 4929 4928
f 4950 4947 4946
f 4929 4930 4913
f 4947 4948 4930 4929
f 4950 4948 4947
f 4930 4931 4913
f 4948 4949 4931 4930
f 4950 4949 4948
f 4931 4914 4913
f 4949 4932 4914 4931
f 4950 4932 4949
f 4952 4953 4951
f 4970 4971 4953 4952
f 4988 5002 5003
f 4953 4954 4951
f 4971 4972 4954 4953
f 4988 5001 5002
f 4954 4955 4951
f 4972 4973 4955 4954
f 4988 5000 5001
f 4955 4956 4951
f 4973 4974 4956 4955
f 4988 4999 5000
f 4956 4957 4951
f 4974 4975 4957 4956
f 4988 4998 4999
f 4957 4958 4951
f 4975 4976 4958 4957
f 4988 4997 4998
f 4958 4959 4951
f 4976 4977 4959 4958
f 4988 4996 4997
f 4959 4960 4951
f 4977 4978 4960 4959
f 4988 4995 4996
f 4960 4961 4951
f 4978 4979 4961 4960
f 4988 4994 4995
f 4961 4962 4951
f 4979 4980 4962 4961
f 4988 4993 4994
f 4962 4963 4951
f 4980 4981 4963 4962
f 4988 4992 4993
f 4963 4964 4951
f 4981 4982 4964 4963
f 4988 4991 4992
f 4964 4965 4951
f 4982 4983 4965 4964
f 4988 4989 4991
f 4965 4966 4951
f 4983 4984 4966 4965
f 4988 4990 4989
f 4966 4967 4951
f 4984 4985 4967 4966
f 4988 5006 4990
f 4967 4968 4951
f 4985 4986 4968 4967
f 4988 5005 5006
f 4968 4969 4951
f 4986 4987 4969 4968
f 4988 5004 5005
f 4969 4952 4951
f 4987 4970 4952 4969
f 4988 5003 5004
f 4984 4983 4989 4990
f 4983 4982 4991 4989
f 4982 4981 4992 4991
f 4981 4980 4993 4992
f 4980 4979 4994 4993
f 4979 4978 4995 4994
f 4978 4977 4996 4995
f 4977 4976 4997 4996
f 4976 4975 4998 4997
f 4975 4974 4999 4998
f 4974 4973 5000 4999
f 4973 4972 5001 5000
f 4972 4971 5002 5001
f 4971 4970 5003 5002
f 4970 4987 5004 5003
f 4987 4986 5005 5004
f 4986 4985 5006 5005
f 4985 4984 4990 5006
f 5008 5009 5007
f 5026 5027 5009 5008
f 5044 5059 5060
f 5009 5010 5007
f 5027 5028 5010 5009
f 5044 5058 5059
f 5010 5011 5007
f 5028 5029 5011 5010
f 5044 5057 5058
f 5011 5012 5007
f 5029 5030 5012 5011
f 5044 5056 5057
f 5012 5013 5007
f 5030 5031 5013 5012
f 5044 5055 5056
f 5013 5014 5007
f 5031 5032 5014 5013
f 5044 5054 5055
f 5014 5015 5007
f 5032 5033 5015 5014
f 5044 5053 5054
f 5015 5016 5007
f 5033 5034 5016 5015
f 5044 5052 5053
f 5016 5017 5007
f 5034 5035 5017 5016
f 5044 5051 5052
f 5017 5018 5007
f 5035 5036 5018 5017
f 5044 5050 5051
f 5018 5019 5007
f 5036 5037 5019 5018
f 5044 5049 5050
f 5019 5020 5007
f 5037 5038 5020 5019
f 5044 5048 5049
f 5020 5021 5007
f 5038 5039 5021 5020
f 5044 5047 5048
f 5021 5022 5007
f 5039 5040 5022 5021
f 5044 5045 5047
f 5022 5023 5007
f 5040 5041 5023 5022
f 5044 5046 5045
f 5023 5024 5007
f 5041 5042 5024 5023
f 5044 5062 5046
f 5024 5025 5007
f 5042 5043 5025 5024
f 5044 5061 5062
f 5025 5008 5007
f 5043 5026 5008 5025
f 5044 5060 5061
f 5041 5040 5045 5046
f 5040 5039 5047 5045
f 5039 5038 5048 5047
f 5038 5037 5049 5048
f 5037 5036 5050 5049
f 5036 5035 5051 5050
f 5035 5034 5052 5051
f 5034 5033 5053 5052
f 5033 5032 5054 5053
f 5032 5031 5055 5054
f 5031 5030 5056 5055
f 5030 5029 5057 5056
f 5029 5028 5058 5057
f 5028 5027 5059 5058
f 5027 5026 5060 5059
f 5026 5043 5061 5060
f 5043 5042 5062 5061
f 5042 5041 5046 5062
f 5071 5065 5066 5072
f 5078 5068 5067 5076
f 5073 5064 5063 5074
f 5177 5176 5175 5174
f 5073 5074 5079 5081
f 5219 5220 5221 5222
f 5071 5072 5083 5085
f 5426 5422 5423 5425
f 5088 5087 5081 5079
f 5090 5089 5080 5082
f 5135 5136 5137 5138
f 5139 5140 5141 5142
f 5096 5095 5092 5091
f 5097 5096 5091 5067
f 5098 5097 5067 5068
f 5095 5098 5068 5092
f 5100 5099 5094 5093
f 5101 5100 5093 5070
f 5102 5101 5070 5069
f 5099 5102 5069 5094
f 5104 5103 5095 5096
f 5105 5104 5096 5097
f 5106 5105 5097 5098
f 5103 5106 5098 5095
f 5108 5107 5099 5100
f 5109 5108 5100 5101
f 5110 5109 5101 5102
f 5107 5110 5102 5099
f 5112 5111 5103 5104
f 5113 5112 5104 5105
f 5114 5113 5105 5106
f 5111 5114 5106 5103
f 5116 5115 5107 5108
f 5117 5116 5108 5109
f 5118 5117 5109 5110
f 5115 5118 5110 5107
f 5120 5119 5115 5116
f 5121 5120 5116 5117
f 5122 5121 5117 5118
f 5119 5122 5118 5115
f 5124 5123 5111 5112
f 5125 5124 5112 5113
f 5126 5125 5113 5114
f 5123 5126 5114 5111
f 5128 5127 5123 5124
f 5129 5128 5124 5125
f 5130 5129 5125 5126
f 5127 5130 5126 5123
f 5132 5131 5119 5120
f 5133 5132 5120 5121
f 5134 5133 5121 5122
f 5131 5134 5122 5119
f 5136 5135 5127 5128
f 5137 5136 5128 5129
f 5138 5137 5129 5130
f 5135 5138 5130 5127
f 5140 5139 5131 5132
f 5141 5140 5132 5133
f 5142 5141 5133 5134
f 5139 5142 5134 5131
f 5070 5093 5145
f 5145 5092 5068
f 5146 5077 5070 5145
f 5145 5068 5078 5146
f 5147 5082 5077 5146
f 5424 5423 5422 5421
f 5148 5083 5072 5149
f 5150 5064 5073 5149
f 5149 5072 5066 5150
f 5151 5063 5064 5150
f 5150 5066 5065 5151
f 5152 5074 5063 5151
f 5151 5065 5071 5152
f 5152 5071 5085 5153
f 5155 5075 5080 5154
f 5158 5157 5156 5159
f 5143 5069 5075 5155
f 5159 5156 5161 5160
f 5067 5091 5143
f 5143 5094 5069
f 5086 5076 5156 5157
f 5154 5086 5157 5158
f 5155 5154 5158 5159
f 5067 5143 5160 5161
f 5076 5067 5161 5156
f 5143 5155 5159 5160
f 5070 5077 5162 5163
f 5069 5070 5163 5164
f 5075 5069 5164 5165
f 5077 5075 5165 5162
f 5163 5162 5166 5167
f 5164 5163 5167 5168
f 5165 5164 5168 5169
f 5162 5165 5169 5166
f 5167 5166 5170 5171
f 5168 5167 5171 5172
f 5169 5168 5172 5173
f 5166 5169 5173 5170
f 5171 5170 5174 5175
f 5185 5184 5183 5182
f 5173 5172 5176 5177
f 5170 5173 5177 5174
f 5175 5176 5178 5179
f 5171 5175 5179 5180
f 5172 5171 5180 5181
f 5176 5172 5181 5178
f 5179 5178 5182 5183
f 5180 5179 5183 5184
f 5181 5180 5184 5185
f 5178 5181 5185 5182
f 5186 5082 5147 5187
f 5188 5083 5148 5187
f 5187 5147 5084 5188
f 5189 5085 5083 5188
f 5188 5084 5086 5189
f 5190 5153 5085 5189
f 5189 5086 5154 5190
f 5190 5154 5080 5191
f 5191 5080 5089 5192
f 5193 5087 5088 5192
f 5192 5089 5090 5193
f 5193 5090 5082 5186
f 5074 5152 5194 5195
f 5079 5074 5195 5196
f 5088 5079 5196 5197
f 5192 5088 5197 5198
f 5191 5192 5198 5199
f 5190 5191 5199 5200
f 5153 5190 5200 5201
f 5152 5153 5201 5194
f 5193 5186 5202 5203
f 5087 5193 5203 5204
f 5081 5087 5204 5205
f 5073 5081 5205 5206
f 5149 5073 5206 5207
f 5148 5149 5207 5208
f 5187 5148 5208 5209
f 5186 5187 5209 5202
f 5195 5194 5210 5211
f 5196 5195 5211 5212
f 5197 5196 5212 5213
f 5198 5197 5213 5214
f 5199 5198 5214 5215
f 5200 5199 5215 5216
f 5201 5200 5216 5217
f 5194 5201 5217 5210
f 5203 5202 5215 5214
f 5204 5203 5214 5213
f 5205 5204 5213 5212
f 5206 5205 5212 5211
f 5207 5206 5211 5210
f 5208 5207 5210
f 5209 5208 5210 5218
f 5202 5209 5218 5215
f 5220 5219 5082 5080
f 5221 5220 5080 5075
f 5222 5221 5075 5077
f 5434 5433 5432 5431
f 5401 5402 5224
f 5399 5400 5225
f 5406 5398 5227
f 5404 5405 5228
f 5223 5403 5404 5228 5094 5143
f 5143 5091 5224 5402 5403 5223
f 5225 5400 5401 5224 5091 5092
f 5226 5144 5399 5225 5092 5145
f 5145 5093 5227 5398 5144 5226
f 5228 5405 5406 5227 5093 5094
f 5238 5232 5231 5237
f 5242 5233 5234 5244
f 5240 5229 5230 5239
f 5334 5335 5336 5337
f 5247 5245 5240 5239
f 5382 5381 5380 5379
f 5251 5249 5238 5237
f 5412 5408 5409 5411
f 5245 5247 5253 5254
f 5248 5246 5255 5256
f 5304 5303 5302 5301
f 5308 5307 5306 5305
f 5257 5258 5261 5262
f 5233 5257 5262 5263
f 5234 5233 5263 5264
f 5258 5234 5264 5261
f 5259 5260 5265 5266
f 5236 5259 5266 5267
f 5235 5236 5267 5268
f 5260 5235 5268 5265
f 5262 5261 5269 5270
f 5263 5262 5270 5271
f 5264 5263 5271 5272
f 5261 5264 5272 5269
f 5266 5265 5273 5274
f 5267 5266 5274 5275
f 5268 5267 5275 5276
f 5265 5268 5276 5273
f 5270 5269 5277 5278
f 5271 5270 5278 5279
f 5272 5271 5279 5280
f 5269 5272 5280 5277
f 5274 5273 5281 5282
f 5275 5274 5282 5283
f 5276 5275 5283 5284
f 5273 5276 5284 5281
f 5282 5281 5285 5286
f 5283 5282 5286 5287
f 5284 5283 5287 5288
f 5281 5284 5288 5285
f 5278 5277 5289 5290
f 5279 5278 5290 5291
f 5280 5279 5291 5292
f 5277 5280 5292 5289
f 5290 5289 5293 5294
f 5291 5290 5294 5295
f 5292 5291 5295 5296
f 5289 5292 5296 5293
f 5286 5285 5297 5298
f 5287 5286 5298 5299
f 5288 5287 5299 5300
f 5285 5288 5300 5297
f 5294 5293 5301 5302
f 5295 5294 5302 5303
f 5296 5295 5303 5304
f 5293 5296 5304 5301
f 5298 5297 5305 5306
f 5299 5298 5306 5307
f 5300 5299 5307 5308
f 5297 5300 5308 5305
f 5311 5259 5236
f 5234 5258 5311
f 5311 5236 5243 5312
f 5312 5244 5234 5311
f 5312 5243 5248 5313
f 5410 5409 5408 5407
f 5315 5238 5249 5314
f 5315 5239 5230 5316
f 5316 5232 5238 5315
f 5316 5230 5229 5317
f 5317 5231 5232 5316
f 5317 5229 5240 5318
f 5318 5237 5231 5317
f 5319 5251 5237 5318
f 5320 5246 5241 5321
f 5159 5156 5157 5158
f 5321 5241 5235 5309
f 5160 5161 5156 5159
f 5309 5257 5233
f 5235 5260 5309
f 5157 5156 5242 5252
f 5158 5157 5252 5320
f 5159 5158 5320 5321
f 5161 5160 5309 5233
f 5156 5161 5233 5242
f 5160 5159 5321 5309
f 5323 5322 5243 5236
f 5324 5323 5236 5235
f 5325 5324 5235 5241
f 5322 5325 5241 5243
f 5327 5326 5322 5323
f 5328 5327 5323 5324
f 5329 5328 5324 5325
f 5326 5329 5325 5322
f 5331 5330 5326 5327
f 5332 5331 5327 5328
f 5333 5332 5328 5329
f 5330 5333 5329 5326
f 5335 5334 5330 5331
f 5342 5343 5344 5345
f 5337 5336 5332 5333
f 5334 5337 5333 5330
f 5339 5338 5336 5335
f 5340 5339 5335 5331
f 5341 5340 5331 5332
f 5338 5341 5332 5336
f 5343 5342 5338 5339
f 5344 5343 5339 5340
f 5345 5344 5340 5341
f 5342 5345 5341 5338
f 5347 5313 5248 5346
f 5347 5314 5249 5348
f 5348 5250 5313 5347
f 5348 5249 5251 5349
f 5349 5252 5250 5348
f 5349 5251 5319 5350
f 5350 5320 5252 5349
f 5351 5246 5320 5350
f 5352 5255 5246 5351
f 5352 5254 5253 5353
f 5353 5256 5255 5352
f 5346 5248 5256 5353
f 5355 5354 5318 5240
f 5356 5355 5240 5245
f 5357 5356 5245 5254
f 5358 5357 5254 5352
f 5359 5358 5352 5351
f 5360 5359 5351 5350
f 5361 5360 5350 5319
f 5354 5361 5319 5318
f 5363 5362 5346 5353
f 5364 5363 5353 5253
f 5365 5364 5253 5247
f 5366 5365 5247 5239
f 5367 5366 5239 5315
f 5368 5367 5315 5314
f 5369 5368 5314 5347
f 5362 5369 5347 5346
f 5371 5370 5354 5355
f 5372 5371 5355 5356
f 5373 5372 5356 5357
f 5374 5373 5357 5358
f 5375 5374 5358 5359
f 5376 5375 5359 5360
f 5377 5376 5360 5361
f 5370 5377 5361 5354
f 5374 5375 5362 5363
f 5373 5374 5363 5364
f 5372 5373 5364 5365
f 5371 5372 5365 5366
f 5370 5371 5366 5367
f 5370 5367 5368
f 5378 5370 5368 5369
f 5375 5378 5369 5362
f 5246 5248 5379 5380
f 5241 5246 5380 5381
f 5243 5241 5381 5382
f 5420 5419 5418 5417
f 5384 5394 5395
f 5385 5396 5397
f 5387 5389 5390
f 5388 5391 5392
f 5309 5260 5388 5392 5393 5383
f 5383 5393 5394 5384 5257 5309
f 5258 5257 5384 5395 5396 5385
f 5311 5258 5385 5397 5310 5386
f 5386 5310 5389 5387 5259 5311
f 5260 5259 5387 5390 5391 5388
f 5244 5312 5407 5408
f 5313 5250 5409 5410
f 5312 5313 5410 5407
f 5250 5252 5411 5409
f 5242 5244 5408 5412
f 5252 5242 5412 5411
f 5382 5379 5413 5414
f 5243 5382 5414 5415
f 5248 5243 5415 5416
f 5379 5248 5416 5413
f 5414 5413 5417 5418
f 5415 5414 5418 5419
f 5416 5415 5419 5420
f 5413 5416 5420 5417
f 5084 5147 5421 5422
f 5146 5078 5423 5424
f 5147 5146 5424 5421
f 5078 5076 5425 5423
f 5086 5084 5422 5426
f 5076 5086 5426 5425
f 5077 5082 5427 5428
f 5222 5077 5428 5429
f 5219 5222 5429 5430
f 5082 5219 5430 5427
f 5428 5427 5431 5432
f 5429 5428 5432 5433
f 5430 5429 5433 5434
f 5427 5430 5434 5431
f 5504 5503 5502 5501
f 5439 5438 5444 5445
f 5437 5436 5442 5443
f 5435 5440 5446 5441
f 5458 5456 5453 5457
f 5460 5458 5457 5459
f 5462 5460 5459 5461
f 5464 5462 5461 5463
f 5455 5464 5463 5454
f 5447 5448 5453 5454
f 5448 5449 5457 5453
f 5470 5468 5465 5469
f 5449 5450 5459 5457
f 5450 5451 5461 5459
f 6278 6277 6276 6275
f 5451 5452 5463 5461
f 5452 5447 5454 5463
f 5467 5476 5475 5466
f 5439 5440 5467 5468
f 5456 5458 5469 5465
f 5438 5439 5468 5470
f 5458 5460 5471 5469
f 5437 5438 5470 5472
f 5460 5462 5473 5471
f 5462 5464 5475 5473
f 5435 5436 5474 5476
f 5464 5455 5466 5475
f 5440 5435 5476 5467
f 5441 5442 5436
f 5436 5435 5441
f 5443 5442
f 5469 5471 5472
f 5472 5470 5469
f 5475 5476 5474
f 5474 5473 5475
f 5452 5451 5450 5449 5448 5447
f 5472 5474 5477 5478
f 5437 5472 5478 5479
f 5436 5437 5479 5480
f 5474 5436 5480 5477
f 5478 5477 5481 5482
f 5479 5478 5482 5483
f 5480 5479 5483 5484
f 5477 5480 5484 5481
f 5437 5443 5444
f 5444 5438 5437
f 6283 6284 6285 6286
f 5444 5443 5442 5441
f 5492 5491 5490 5489
f 5485 5466 5455 5487
f 5456 5486 5487 5455 5454 5453
f 5486 5456 5465 5488
f 5468 5467 5466 5485 5488 5465
f 5486 5488 5489 5490
f 5487 5486 5490 5491
f 5485 5487 5491 5492
f 5488 5485 5492 5489
f 5445 5446 5493 5494
f 5439 5445 5494 5495
f 5440 5439 5495 5496
f 5446 5440 5496 5493
f 5494 5493 5497 5498
f 5495 5494 5498 5499
f 5496 5495 5499 5500
f 5493 5496 5500 5497
f 5508 5507 5506 5505
f 5510 5508 5505 5509
f 5512 5510 5509 5511
f 5507 5512 5511 5506
f 5501 5502 5505 5506
f 5498 5497 5507 5508
f 5502 5503 5509 5505
f 5499 5498 5508 5510
f 5503 5504 5511 5509
f 5500 5499 5510 5512
f 5504 5501 5506 5511
f 5497 5500 5512 5507
f 5513 5515 5514
f 5533 5534 5553 5552
f 5552 5553 5572 5571
f 5571 5572 5590
f 5513 5516 5515
f 5534 5535 5554 5553
f 5553 5554 5573 5572
f 5572 5573 5590
f 5513 5517 5516
f 5535 5536 5555 5554
f 5554 5555 5574 5573
f 5573 5574 5590
f 5513 5518 5517
f 5536 5537 5556 5555
f 5555 5556 5575 5574
f 5574 5575 5590
f 5513 5519 5518
f 5537 5538 5557 5556
f 5556 5557 5576 5575
f 5575 5576 5590
f 5513 5520 5519
f 5538 5539 5558 5557
f 5557 5558 5577 5576
f 5576 5577 5590
f 5513 5521 5520
f 5539 5540 5559 5558
f 5558 5559 5578 5577
f 5577 5578 5590
f 5513 5522 5521
f 5540 5541 5560 5559
f 5559 5560 5579 5578
f 5578 5579 5590
f 5513 5523 5522
f 5541 5542 5561 5560
f 5560 5561 5580 5579
f 5579 5580 5590
f 5513 5524 5523
f 5542 5543 5562 5561
f 5561 5562 5581 5580
f 5580 5581 5590
f 5513 5525 5524
f 5543 5544 5563 5562
f 5562 5563 5582 5581
f 5581 5582 5590
f 5513 5526 5525
f 5544 5545 5564 5563
f 5563 5564 5583 5582
f 5582 5583 5590
f 5513 5527 5526
f 5545 5546 5565 5564
f 5564 5565 5584 5583
f 5583 5584 5590
f 5513 5528 5527
f 5546 5547 5566 5565
f 5565 5566 5585 5584
f 5584 5585 5590
f 5513 5529 5528
f 5547 5548 5567 5566
f 5566 5567 5586 5585
f 5585 5586 5590
f 5513 5530 5529
f 5548 5549 5568 5567
f 5567 5568 5587 5586
f 5586 5587 5590
f 5513 5531 5530
f 5549 5550 5569 5568
f 5568 5569 5588 5587
f 5587 5588 5590
f 5513 5532 5531
f 5550 5551 5570 5569
f 5569 5570 5589 5588
f 5588 5589 5590
f 5513 5514 5532
f 5551 5533 5552 5570
f 5570 5552 5571 5589
f 5589 5571 5590
f 5592 5539 5538 5591
f 5611 5519 5520 5628
f 5593 5540 5539 5592
f 5628 5520 5521 5627
f 5594 5541 5540 5593
f 5627 5521 5522 5626
f 5595 5542 5541 5594
f 5626 5522 5523 5625
f 5596 5543 5542 5595
f 5625 5523 5524 5624
f 5597 5544 5543 5596
f 5624 5524 5525 5623
f 5598 5545 5544 5597
f 5623 5525 5526 5622
f 5599 5546 5545 5598
f 5622 5526 5527 5621
f 5600 5547 5546 5599
f 5621 5527 5528 5620
f 5601 5548 5547 5600
f 5620 5528 5529 5619
f 5602 5549 5548 5601
f 5619 5529 5530 5618
f 5603 5550 5549 5602
f 5618 5530 5531 5617
f 5604 5551 5550 5603
f 5617 5531 5532 5616
f 5605 5533 5551 5604
f 5616 5532 5514 5615
f 5606 5534 5533 5605
f 5615 5514 5515 5614
f 5607 5535 5534 5606
f 5614 5515 5516 5613
f 5608 5536 5535 5607
f 5613 5516 5517 5612
f 5609 5537 5536 5608
f 5612 5517 5518 5610
f 5610 5518 5519 5611
f 5591 5538 5537 5609
f 5591 5609 5610 5611
f 5612 5610 5609 5608
f 5613 5612 5608 5607
f 5614 5613 5607 5606
f 5615 5614 5606 5605
f 5616 5615 5605 5604
f 5617 5616 5604 5603
f 5618 5617 5603 5602
f 5619 5618 5602 5601
f 5620 5619 5601 5600
f 5621 5620 5600 5599
f 5622 5621 5599 5598
f 5623 5622 5598 5597
f 5624 5623 5597 5596
f 5625 5624 5596 5595
f 5626 5625 5595 5594
f 5627 5626 5594 5593
f 5628 5627 5593 5592
f 5611 5628 5592 5591
f 5629 5631 5630
f 5649 5650 5669 5668
f 5668 5669 5688 5687
f 5687 5688 5706
f 5629 5632 5631
f 5650 5651 5670 5669
f 5669 5670 5689 5688
f 5688 5689 5706
f 5629 5633 5632
f 5651 5652 5671 5670
f 5670 5671 5690 5689
f 5689 5690 5706
f 5629 5634 5633
f 5652 5653 5672 5671
f 5671 5672 5691 5690
f 5690 5691 5706
f 5629 5635 5634
f 5653 5654 5673 5672
f 5672 5673 5692 5691
f 5691 5692 5706
f 5629 5636 5635
f 5654 5655 5674 5673
f 5673 5674 5693 5692
f 5692 5693 5706
f 5629 5637 5636
f 5655 5656 5675 5674
f 5674 5675 5694 5693
f 5693 5694 5706
f 5629 5638 5637
f 5656 5657 5676 5675
f 5675 5676 5695 5694
f 5694 5695 5706
f 5629 5639 5638
f 5657 5658 5677 5676
f 5676 5677 5696 5695
f 5695 5696 5706
f 5629 5640 5639
f 5658 5659 5678 5677
f 5677 5678 5697 5696
f 5696 5697 5706
f 5629 5641 5640
f 5659 5660 5679 5678
f 5678 5679 5698 5697
f 5697 5698 5706
f 5629 5642 5641
f 5660 5661 5680 5679
f 5679 5680 5699 5698
f 5698 5699 5706
f 5629 5643 5642
f 5661 5662 5681 5680
f 5680 5681 5700 5699
f 5699 5700 5706
f 5629 5644 5643
f 5662 5663 5682 5681
f 5681 5682 5701 5700
f 5700 5701 5706
f 5629 5645 5644
f 5663 5664 5683 5682
f 5682 5683 5702 5701
f 5701 5702 5706
f 5629 5646 5645
f 5664 5665 5684 5683
f 5683 5684 5703 5702
f 5702 5703 5706
f 5629 5647 5646
f 5665 5666 5685 5684
f 5684 5685 5704 5703
f 5703 5704 5706
f 5629 5648 5647
f 5666 5667 5686 5685
f 5685 5686 5705 5704
f 5704 5705 5706
f 5629 5630 5648
f 5667 5649 5668 5686
f 5686 5668 5687 5705
f 5705 5687 5706
f 5708 5655 5654 5707
f 5727 5635 5636 5744
f 5709 5656 5655 5708
f 5744 5636 5637 5743
f 5710 5657 5656 5709
f 5743 5637 5638 5742
f 5711 5658 5657 5710
f 5742 5638 5639 5741
f 5712 5659 5658 5711
f 5741 5639 5640 5740
f 5713 5660 5659 5712
f 5740 5640 5641 5739
f 5714 5661 5660 5713
f 5739 5641 5642 5738
f 5715 5662 5661 5714
f 5738 5642 5643 5737
f 5716 5663 5662 5715
f 5737 5643 5644 5736
f 5717 5664 5663 5716
f 5736 5644 5645 5735
f 5718 5665 5664 5717
f 5735 5645 5646 5734
f 5719 5666 5665 5718
f 5734 5646 5647 5733
f 5720 5667 5666 5719
f 5733 5647 5648 5732
f 5721 5649 5667 5720
f 5732 5648 5630 5731
f 5722 5650 5649 5721
f 5731 5630 5631 5730
f 5723 5651 5650 5722
f 5730 5631 5632 5729
f 5724 5652 5651 5723
f 5729 5632 5633 5728
f 5725 5653 5652 5724
f 5728 5633 5634 5726
f 5726 5634 5635 5727
f 5707 5654 5653 5725
f 5707 5725 5726 5727
f 5728 5726 5725 5724
f 5729 5728 5724 5723
f 5730 5729 5723 5722
f 5731 5730 5722 5721
f 5732 5731 5721 5720
f 5733 5732 5720 5719
f 5734 5733 5719 5718
f 5735 5734 5718 5717
f 5736 5735 5717 5716
f 5737 5736 5716 5715
f 5738 5737 5715 5714
f 5739 5738 5714 5713
f 5740 5739 5713 5712
f 5741 5740 5712 5711
f 5742 5741 5711 5710
f 5743 5742 5710 5709
f 5744 5743 5709 5708
f 5727 5744 5708 5707
f 5746 5747 5745
f 5784 5785 5766 5765
f 5803 5804 5785 5784
f 5822 5804 5803
f 5747 5748 5745
f 5785 5786 5767 5766
f 5804 5805 5786 5785
f 5822 5805 5804
f 5748 5749 5745
f 5786 5787 5768 5767
f 5805 5806 5787 5786
f 5822 5806 5805
f 5749 5750 5745
f 5787 5788 5769 5768
f 5806 5807 5788 5787
f 5822 5807 5806
f 5750 5751 5745
f 5788 5789 5770 5769
f 5807 5808 5789 5788
f 5822 5808 5807
f 5751 5752 5745
f 5789 5790 5771 5770
f 5808 5809 5790 5789
f 5822 5809 5808
f 5752 5753 5745
f 5790 5791 5772 5771
f 5809 5810 5791 5790
f 5822 5810 5809
f 5753 5754 5745
f 5791 5792 5773 5772
f 5810 5811 5792 5791
f 5822 5811 5810
f 5754 5755 5745
f 5792 5793 5774 5773
f 5811 5812 5793 5792
f 5822 5812 5811
f 5755 5756 5745
f 5793 5794 5775 5774
f 5812 5813 5794 5793
f 5822 5813 5812
f 5756 5757 5745
f 5794 5795 5776 5775
f 5813 5814 5795 5794
f 5822 5814 5813
f 5757 5758 5745
f 5795 5796 5777 5776
f 5814 5815 5796 5795
f 5822 5815 5814
f 5758 5759 5745
f 5796 5797 5778 5777
f 5815 5816 5797 5796
f 5822 5816 5815
f 5759 5760 5745
f 5797 5798 5779 5778
f 5816 5817 5798 5797
f 5822 5817 5816
f 5760 5761 5745
f 5798 5799 5780 5779
f 5817 5818 5799 5798
f 5822 5818 5817
f 5761 5762 5745
f 5799 5800 5781 5780
f 5818 5819 5800 5799
f 5822 5819 5818
f 5762 5763 5745
f 5800 5801 5782 5781
f 5819 5820 5801 5800
f 5822 5820 5819
f 5763 5764 5745
f 5801 5802 5783 5782
f 5820 5821 5802 5801
f 5822 5821 5820
f 5764 5746 5745
f 5802 5784 5765 5783
f 5821 5803 5784 5802
f 5822 5803 5821
f 5823 5770 5771 5824
f 5860 5752 5751 5843
f 5824 5771 5772 5825
f 5859 5753 5752 5860
f 5825 5772 5773 5826
f 5858 5754 5753 5859
f 5826 5773 5774 5827
f 5857 5755 5754 5858
f 5827 5774 5775 5828
f 5856 5756 5755 5857
f 5828 5775 5776 5829
f 5855 5757 5756 5856
f 5829 5776 5777 5830
f 5854 5758 5757 5855
f 5830 5777 5778 5831
f 5853 5759 5758 5854
f 5831 5778 5779 5832
f 5852 5760 5759 5853
f 5832 5779 5780 5833
f 5851 5761 5760 5852
f 5833 5780 5781 5834
f 5850 5762 5761 5851
f 5834 5781 5782 5835
f 5849 5763 5762 5850
f 5835 5782 5783 5836
f 5848 5764 5763 5849
f 5836 5783 5765 5837
f 5847 5746 5764 5848
f 5837 5765 5766 5838
f 5846 5747 5746 5847
f 5838 5766 5767 5839
f 5845 5748 5747 5846
f 5839 5767 5768 5840
f 5844 5749 5748 5845
f 5840 5768 5769 5841
f 5842 5750 5749 5844
f 5843 5751 5750 5842
f 5841 5769 5770 5823
f 5843 5842 5841 5823
f 5840 5841 5842 5844
f 5839 5840 5844 5845
f 5838 5839 5845 5846
f 5837 5838 5846 5847
f 5836 5837 5847 5848
f 5835 5836 5848 5849
f 5834 5835 5849 5850
f 5833 5834 5850 5851
f 5832 5833 5851 5852
f 5831 5832 5852 5853
f 5830 5831 5853 5854
f 5829 5830 5854 5855
f 5828 5829 5855 5856
f 5827 5828 5856 5857
f 5826 5827 5857 5858
f 5825 5826 5858 5859
f 5824 5825 5859 5860
f 5823 5824 5860 5843
f 5862 5863 5861
f 5900 5901 5882 5881
f 5919 5920 5901 5900
f 5938 5920 5919
f 5863 5864 5861
f 5901 5902 5883 5882
f 5920 5921 5902 5901
f 5938 5921 5920
f 5864 5865 5861
f 5902 5903 5884 5883
f 5921 5922 5903 5902
f 5938 5922 5921
f 5865 5866 5861
f 5903 5904 5885 5884
f 5922 5923 5904 5903
f 5938 5923 5922
f 5866 5867 5861
f 5904 5905 5886 5885
f 5923 5924 5905 5904
f 5938 5924 5923
f 5867 5868 5861
f 5905 5906 5887 5886
f 5924 5925 5906 5905
f 5938 5925 5924
f 5868 5869 5861
f 5906 5907 5888 5887
f 5925 5926 5907 5906
f 5938 5926 5925
f 5869 5870 5861
f 5907 5908 5889 5888
f 5926 5927 5908 5907
f 5938 5927 5926
f 5870 5871 5861
f 5908 5909 5890 5889
f 5927 5928 5909 5908
f 5938 5928 5927
f 5871 5872 5861
f 5909 5910 5891 5890
f 5928 5929 5910 5909
f 5938 5929 5928
f 5872 5873 5861
f 5910 5911 5892 5891
f 5929 5930 5911 5910
f 5938 5930 5929
f 5873 5874 5861
f 5911 5912 5893 5892
f 5930 5931 5912 5911
f 5938 5931 5930
f 5874 5875 5861
f 5912 5913 5894 5893
f 5931 5932 5913 5912
f 5938 5932 5931
f 5875 5876 5861
f 5913 5914 5895 5894
f 5932 5933 5914 5913
f 5938 5933 5932
f 5876 5877 5861
f 5914 5915 5896 5895
f 5933 5934 5915 5914
f 5938 5934 5933
f 5877 5878 5861
f 5915 5916 5897 5896
f 5934 5935 5916 5915
f 5938 5935 5934
f 5878 5879 5861
f 5916 5917 5898 5897
f 5935 5936 5917 5916
f 5938 5936 5935
f 5879 5880 5861
f 5917 5918 5899 5898
f 5936 5937 5918 5917
f 5938 5937 5936
f 5880 5862 5861
f 5918 5900 5881 5899
f 5937 5919 5900 5918
f 5938 5919 5937
f 5939 5886 5887 5940
f 5976 5868 5867 5959
f 5940 5887 5888 5941
f 5975 5869 5868 5976
f 5941 5888 5889 5942
f 5974 5870 5869 5975
f 5942 5889 5890 5943
f 5973 5871 5870 5974
f 5943 5890 5891 5944
f 5972 5872 5871 5973
f 5944 5891 5892 5945
f 5971 5873 5872 5972
f 5945 5892 5893 5946
f 5970 5874 5873 5971
f 5946 5893 5894 5947
f 5969 5875 5874 5970
f 5947 5894 5895 5948
f 5968 5876 5875 5969
f 5948 5895 5896 5949
f 5967 5877 5876 5968
f 5949 5896 5897 5950
f 5966 5878 5877 5967
f 5950 5897 5898 5951
f 5965 5879 5878 5966
f 5951 5898 5899 5952
f 5964 5880 5879 5965
f 5952 5899 5881 5953
f 5963 5862 5880 5964
f 5953 5881 5882 5954
f 5962 5863 5862 5963
f 5954 5882 5883 5955
f 5961 5864 5863 5962
f 5955 5883 5884 5956
f 5960 5865 5864 5961
f 5956 5884 5885 5957
f 5958 5866 5865 5960
f 5959 5867 5866 5958
f 5957 5885 5886 5939
f 5959 5958 5957 5939
f 5956 5957 5958 5960
f 5955 5956 5960 5961
f 5954 5955 5961 5962
f 5953 5954 5962 5963
f 5952 5953 5963 5964
f 5951 5952 5964 5965
f 5950 5951 5965 5966
f 5949 5950 5966 5967
f 5948 5949 5967 5968
f 5947 5948 5968 5969
f 5946 5947 5969 5970
f 5945 5946 5970 5971
f 5944 5945 5971 5972
f 5943 5944 5972 5973
f 5942 5943 5973 5974
f 5941 5942 5974 5975
f 5940 5941 5975 5976
f 5939 5940 5976 5959
f 5979 5980 5982 5981
f 5989 5990 5991 5992
f 5983 5984 5978 5977
f 5983 5977 5979 5981
f 5978 5984 5982 5980
f 5986 5985 5981 5982
f 5987 5986 5982 5984
f 5988 5987 5984 5983
f 5985 5988 5983 5981
f 5990 5989 5985 5986
f 5991 5990 5986 5987
f 5992 5991 5987 5988
f 5989 5992 5988 5985
f 5980 5979 5995 5996
f 5979 5977 5993 5995
f 5977 5978 5994 5993
f 5978 5980 5996 5994
f 6003 6004 5998 5997
f 6009 6010 6004 6003
f 6015 6016 6010 6009
f 5997 5998 6016 6015
f 6004 6005 5999 5998
f 6010 6011 6005 6004
f 6016 6017 6011 6010
f 5998 5999 6017 6016
f 6005 6006 6000 5999
f 6011 6012 6006 6005
f 6017 6018 6012 6011
f 5999 6000 6018 6017
f 6006 6007 6001 6000
f 6012 6013 6007 6006
f 6018 6019 6013 6012
f 6000 6001 6019 6018
f 6007 6008 6002 6001
f 6013 6014 6008 6007
f 6019 6020 6014 6013
f 6001 6002 6020 6019
f 6008 6003 5997 6002
f 6014 6009 6003 6008
f 6020 6015 6009 6014
f 6002 5997 6015 6020
f 6025 6026 6024 6023
f 6036 6035 6034 6033
f 6021 6022 6028 6027
f 6025 6023 6021 6027
f 6024 6026 6028 6022
f 6026 6025 6029 6030
f 6028 6026 6030 6031
f 6027 6028 6031 6032
f 6025 6027 6032 6029
f 6030 6029 6033 6034
f 6031 6030 6034 6035
f 6032 6031 6035 6036
f 6029 6032 6036 6033
f 6040 6039 6023 6024
f 6039 6037 6021 6023
f 6037 6038 6022 6021
f 6038 6040 6024 6022
f 6041 6042 6048 6047
f 6047 6048 6054 6053
f 6053 6054 6060 6059
f 6059 6060 6042 6041
f 6042 6043 6049 6048
f 6048 6049 6055 6054
f 6054 6055 6061 6060
f 6060 6061 6043 6042
f 6043 6044 6050 6049
f 6049 6050 6056 6055
f 6055 6056 6062 6061
f 6061 6062 6044 6043
f 6044 6045 6051 6050
f 6050 6051 6057 6056
f 6056 6057 6063 6062
f 6062 6063 6045 6044
f 6045 6046 6052 6051
f 6051 6052 6058 6057
f 6057 6058 6064 6063
f 6063 6064 6046 6045
f 6046 6041 6047 6052
f 6052 6047 6053 6058
f 6058 6053 6059 6064
f 6064 6059 6041 6046
f 6092 6091 6090 6089
f 6096 6095 6094 6093
f 6074 6071 6069 6073
f 6078 6070 6072 6080
f 6075 6065 6071 6074
f 6080 6072 6066 6079
f 6076 6067 6065 6075
f 6079 6066 6068 6077
f 6077 6068 6070 6078
f 6073 6069 6067 6076
f 6088 6082 6077 6078
f 6087 6081 6082 6088
f 6073 6076 6081 6087
f 6083 6081 6076 6075
f 6100 6099 6098 6097
f 6079 6077 6082 6084
f 6085 6083 6075 6074
f 6086 6084 6083 6085
f 6080 6079 6084 6086
f 6087 6085 6074 6073
f 6088 6086 6085 6087
f 6078 6080 6086 6088
f 6067 6069 6089 6090
f 6065 6067 6090 6091
f 6071 6065 6091 6092
f 6069 6071 6092 6089
f 6070 6068 6093 6094
f 6072 6070 6094 6095
f 6066 6072 6095 6096
f 6068 6066 6096 6093
f 6081 6083 6097 6098
f 6082 6081 6098 6099
f 6084 6082 6099 6100
f 6083 6084 6100 6097
f 6112 6113 6101 6107
f 6102 6114 6106 6115
f 6116 6117 6103 6109
f 6104 6118 6108 6119
f 6104 6105 6110 6118
f 6105 6113 6112 6110
f 6101 6115 6106 6107
f 6102 6270 6111 6114
f 6270 6117 6116 6111
f 6103 6119 6108 6109
f 6138 6130 6111 6116
f 6130 6135 6114 6111
f 6135 6120 6106 6114
f 6120 6122 6107 6106
f 6122 6133 6112 6107
f 6133 6128 6110 6112
f 6128 6140 6118 6110
f 6140 6124 6108 6118
f 6124 6126 6109 6108
f 6126 6138 6116 6109
f 6148 6139 6130 6138
f 6139 6145 6135 6130
f 6145 6121 6120 6135
f 6121 6125 6122 6120
f 6125 6143 6133 6122
f 6143 6136 6128 6133
f 6136 6150 6140 6128
f 6150 6129 6124 6140
f 6129 6132 6126 6124
f 6132 6148 6138 6126
f 6158 6149 6139 6148
f 6149 6155 6145 6139
f 6155 6123 6121 6145
f 6123 6131 6125 6121
f 6131 6153 6143 6125
f 6153 6146 6136 6143
f 6146 6160 6150 6136
f 6160 6137 6129 6150
f 6137 6142 6132 6129
f 6142 6158 6148 6132
f 6168 6159 6149 6158
f 6159 6165 6155 6149
f 6165 6127 6123 6155
f 6127 6141 6131 6123
f 6141 6163 6153 6131
f 6163 6156 6146 6153
f 6156 6170 6160 6146
f 6170 6147 6137 6160
f 6147 6152 6142 6137
f 6152 6168 6158 6142
f 6178 6169 6159 6168
f 6169 6175 6165 6159
f 6175 6134 6127 6165
f 6134 6151 6141 6127
f 6151 6173 6163 6141
f 6173 6166 6156 6163
f 6166 6180 6170 6156
f 6180 6157 6147 6170
f 6157 6162 6152 6147
f 6162 6178 6168 6152
f 6144 6161 6151 6134
f 6161 6183 6173 6151
f 6183 6176 6166 6173
f 6176 6190 6180 6166
f 6190 6167 6157 6180
f 6167 6172 6162 6157
f 6172 6188 6178 6162
f 6188 6179 6169 6178
f 6179 6185 6175 6169
f 6185 6144 6134 6175
f 6154 6171 6161 6144
f 6171 6193 6183 6161
f 6193 6186 6176 6183
f 6186 6200 6190 6176
f 6200 6177 6167 6190
f 6177 6182 6172 6167
f 6182 6198 6188 6172
f 6198 6189 6179 6188
f 6189 6195 6185 6179
f 6195 6154 6144 6185
f 6164 6181 6171 6154
f 6181 6203 6193 6171
f 6203 6196 6186 6193
f 6196 6210 6200 6186
f 6210 6187 6177 6200
f 6187 6192 6182 6177
f 6192 6208 6198 6182
f 6208 6199 6189 6198
f 6199 6205 6195 6189
f 6205 6164 6154 6195
f 6174 6191 6181 6164
f 6191 6213 6203 6181
f 6213 6206 6196 6203
f 6206 6220 6210 6196
f 6220 6197 6187 6210
f 6197 6202 6192 6187
f 6202 6218 6208 6192
f 6218 6209 6199 6208
f 6209 6215 6205 6199
f 6215 6174 6164 6205
f 6184 6201 6191 6174
f 6201 6223 6213 6191
f 6223 6216 6206 6213
f 6216 6229 6220 6206
f 6229 6207 6197 6220
f 6207 6212 6202 6197
f 6212 6227 6218 6202
f 6227 6219 6209 6218
f 6219 6224 6215 6209
f 6224 6184 6174 6215
f 6194 6211 6201 6184
f 6211 6232 6223 6201
f 6232 6225 6216 6223
f 6225 6238 6229 6216
f 6238 6217 6207 6229
f 6217 6222 6212 6207
f 6222 6236 6227 6212
f 6236 6228 6219 6227
f 6228 6233 6224 6219
f 6233 6194 6184 6224
f 6204 6221 6211 6194
f 6221 6240 6232 6211
f 6240 6234 6225 6232
f 6234 6245 6238 6225
f 6245 6226 6217 6238
f 6226 6231 6222 6217
f 6231 6243 6236 6222
f 6243 6237 6228 6236
f 6237 6241 6233 6228
f 6241 6204 6194 6233
f 6214 6230 6221 6204
f 6230 6246 6240 6221
f 6246 6242 6234 6240
f 6242 6249 6245 6234
f 6249 6235 6226 6245
f 6235 6239 6231 6226
f 6239 6248 6243 6231
f 6248 6244 6237 6243
f 6244 6247 6241 6237
f 6247 6214 6204 6241
f 6269 6268 6267 6266 6265 6264 6263 6262 6261 6260
f 6230 6214 6250 6251
f 6246 6230 6251 6252
f 6242 6246 6252 6253
f 6249 6242 6253 6254
f 6235 6249 6254 6255
f 6239 6235 6255 6256
f 6248 6239 6256 6257
f 6244 6248 6257 6258
f 6247 6244 6258 6259
f 6214 6247 6259 6250
f 6251 6250 6260 6261
f 6252 6251 6261 6262
f 6253 6252 6262 6263
f 6254 6253 6263 6264
f 6255 6254 6264 6265
f 6256 6255 6265 6266
f 6257 6256 6266 6267
f 6258 6257 6267 6268
f 6259 6258 6268 6269
f 6250 6259 6269 6260
f 5471 5473 6271 6272
f 5472 5471 6272 6273
f 5474 5472 6273 6274
f 5473 5474 6274 6271
f 6272 6271 6275 6276
f 6273 6272 6276 6277
f 6274 6273 6277 6278
f 6271 6274 6278 6275
f 5482 5481 6279 6280
f 5483 5482 6280 6281
f 5484 5483 6281 6282
f 5481 5484 6282 6279
f 3409 3397 511 523
f 3411 3398 512 525
f 3413 3399 513 527
f 3415 3400 514 529
f 3400 3401 515 514
f 3401 3409 523 515
f 3397 3411 525 511
f 3398 3566 680 512
f 3566 3413 527 680
f 3399 3415 529 513
f 5216 5215 2329 2330
f 5217 5216 2330 2331
f 5210 5217 2331 2324
f 5218 5210 2324 2332
f 5215 5218 2332 2329
f 5402 5401 2515 2516
f 5400 5399 2513 2514
f 5398 5406 2520 2512
f 5405 5404 2518 2519
f 5404 5403 2517 2518
f 5403 5402 2516 2517
f 5401 5400 2514 2515
f 5399 5144 2258 2513
f 5144 5398 2512 2258
f 5406 5405 2519 2520
f 5375 5376 2490 2489
f 5376 5377 2491 2490
f 5377 5370 2484 2491
f 5370 5378 2492 2484
f 5378 5375 2489 2492
f 5395 5394 2508 2509
f 5397 5396 2510 2511
f 5390 5389 2503 2504
f 5392 5391 2505 2506
f 5393 5392 2506 2507
f 5394 5393 2507 2508
f 5396 5395 2509 2510
f 5310 5397 2511 2424
f 5389 5310 2424 2503
f 5391 5390 2504 2505
f 5996 5995 3109 3110
f 5995 5993 3107 3109
f 5993 5994 3108 3107
f 5994 5996 3110 3108
f 6039 6040 3154 3153
f 6037 6039 3153 3151
f 6038 6037 3151 3152
f 6040 6038 3152 3154
f 6101 6113 3227 3215
f 6102 6115 3229 3216
f 6103 6117 3231 3217
f 6104 6119 3233 3218
f 6105 6104 3218 3219
f 6113 6105 3219 3227
f 6115 6101 3215 3229
f 6270 6102 3216 3384
f 6117 6270 3384 3231
f 6119 6103 3217 3233
f 6284 6283 5441 5446
f 6285 6284 5446 5445
f 6286 6285 5445 5444
f 6283 6286 5444 5441
f 3395 3394 3393 3396
f 2615 2616 6288 6287

g 
v 9.2691 -5.6953 25.5082
v 12.6187 -5.6953 25.5082
v 9.2691 -2.4381 25.5082
v 12.6187 -2.4381 25.5082
v 9.2691 -2.4381 -7.2791
v 12.6187 -2.4381 -7.2791
v 9.2691 -5.6953 -7.2791
v 12.6187 -5.6953 -7.2791

g name6 
f 6289 6290 6292 6291
f 6291 6292 6294 6293
f 6293 6294 6296 6295
f 6295 6296 6290 6289
f 6295 6289 6291 6293
f 6290 6296 6294 6292

g 
v -9.2691 -5.6953 25.5082
v -12.6187 -5.6953 25.5082
v -9.2691 -2.4381 25.5082
v -12.6187 -2.4381 25.5082
v -9.2691 -2.4381 -7.2791
v -12.6187 -2.4381 -7.2791
v -9.2691 -5.6953 -7.2791
v -12.6187 -5.6953 -7.2791

g name7 
f 6299 6300 6298 6297
f 6301 6302 6300 6299
f 6303 6304 6302 6301
f 6297 6298 6304 6303
f 6301 6299 6297 6303
f 6300 6302 6304 6298

g 
v -0.0219 73.088 0.2058
v -0.0218 73.1679 -0.0668
v -0.0898 73.1492 -0.0435
v -0.0898 73.1492 0.0655
v -0.1043 73.0908 -0.1098
v -0.0103 73.1715 0.0928
v 0.0444 73.1629 0.0781
v 0.0626 73.0856 0.1923
v -0.0103 73.09 0.2032
v -0.0969 73.0823 0.1895
v -0.0809 73.1579 0.0795
v -0.0794 73.16 -0.0656
v -0.0956 73.0951 -0.1369
v -0.1047 73.0892 0.0181
v -0.0219 73.093 -0.1406
v 0.0705 73.0693 -0.0955
v 0.0461 73.1492 -0.0435
v 0.0461 73.1492 0.0655
v 0.0617 73.0833 0.1609
v 0.0532 73.0823 0.1895
v 0.0372 73.1579 0.0795
v 0.0357 73.16 -0.0656
v 0.0519 73.0951 -0.1369
v 0.0683 73.0646 0.0947
v 0.061 73.086 0.1371
v 0.026 73.0149 0.3784
v 0.0383 72.9631 0.3667
v -0.0697 73.0149 0.3784
v -0.082 72.9631 0.3667
v -0.1063 73.0856 0.1923
v -0.1054 73.0865 0.1609
v 0.0328 72.9475 -0.1375
v 0.0328 72.9475 -0.1477
v 0.0328 72.9464 0.2058
v 0.1065 72.8915 0.2124
v 0.1265 72.8366 0.0467
v 0.1412 72.8363 0.0467
v 0.1411 72.8363 0.0265
v 0.1265 72.8366 0.0265
v 0.1332 72.8441 0.2124
v 0.1336 72.8441 0.0302
v 0.125 72.8383 0.0302
v -0.1502 72.8915 0.2124
v -0.1702 72.8366 0.0467
v -0.1849 72.8363 0.0467
v -0.1848 72.8363 0.0265
v -0.1702 72.8366 0.0265
v -0.1769 72.8441 0.2124
v -0.1773 72.8441 0.0302
v -0.1687 72.8383 0.0302
v -0.0206 73.194 -0.6396
v -0.0206 73.1982 -0.6288
v -0.0218 73.1766 -0.0067
v -0.0218 73.1774 0.0305
v -0.0217 73.1969 0.012
v -0.0217 73.1973 0.012
v -0.0218 73.4679 0.0075
v -0.0214 73.4679 0.0146
v -0.0117 73.1961 0.0003
v -0.032 73.1961 0.0003
v -0.0218 73.3319 0.0075
v -0.0214 73.3324 0.0146
v 0.0568 73.0174 0.1064
v -0.0218 73.0106 0.1064
v 0.3457 73.3497 0.4609
v -0.3681 73.3497 -0.3412
v 0.3457 73.3539 0.4609
v -0.3681 73.3539 -0.3412
v 0.3553 73.3539 0.4035
v -0.3585 73.3539 -0.3986
v 0.3553 73.3497 0.4035
v -0.3585 73.3497 -0.3986
v -0.1 73.3528 -0.0899
v -0.1 73.3508 -0.0899
v -0.1099 73.3508 -0.0689
v -0.1099 73.3528 -0.0689
v 0.1028 73.3528 0.1699
v 0.1129 73.3528 0.1487
v 0.1028 73.3508 0.1699
v 0.1129 73.3508 0.1487
v -0.0734 73.3527 -0.0301
v -0.0373 73.3526 0.0092
v -0.0017 73.3526 0.0488
v 0.0336 73.3526 0.0888
v 0.0684 73.3527 0.1292
v -0.0734 73.3509 -0.0301
v -0.0373 73.351 0.0092
v -0.0017 73.351 0.0488
v 0.0336 73.351 0.0888
v 0.0684 73.3509 0.1292
v -0.0656 73.3509 -0.0492
v -0.0307 73.351 -0.0089
v 0.0045 73.351 0.0311
v 0.0402 73.351 0.0707
v 0.0764 73.3509 0.1099
v -0.0656 73.3527 -0.0492
v -0.0307 73.3526 -0.0089
v 0.0045 73.3526 0.0311
v 0.0402 73.3526 0.0707
v 0.0764 73.3527 0.1099

g name8 
f 6373 6371 6369 6375
f 6372 6374 6376 6370
f 6378 6376 6374 6377
f 6382 6373 6375 6384
f 6379 6370 6376 6378
f 6384 6375 6369 6383
f 6380 6372 6370 6379
f 6383 6369 6371 6381
f 6381 6371 6373 6382
f 6377 6374 6372 6380
f 6404 6389 6381 6382
f 6403 6388 6389 6404
f 6402 6387 6388 6403
f 6401 6386 6387 6402
f 6400 6385 6386 6401
f 6377 6380 6385 6400
f 6390 6385 6380 6379
f 6391 6386 6385 6390
f 6392 6387 6386 6391
f 6393 6388 6387 6392
f 6394 6389 6388 6393
f 6383 6381 6389 6394
f 6395 6390 6379 6378
f 6396 6391 6390 6395
f 6397 6392 6391 6396
f 6398 6393 6392 6397
f 6399 6394 6393 6398
f 6384 6383 6394 6399
f 6400 6395 6378 6377
f 6401 6396 6395 6400
f 6402 6397 6396 6401
f 6403 6398 6397 6402
f 6404 6399 6398 6403
f 6382 6384 6399 6404

g 
v 4.724 0.7323 3.8963
v 18.3857 4.1558 4.6177
v 17.409 3.3546 0.9119
v 11.9462 3.3546 0.6256
v 20.7725 0.8529 0.3089
v 10.3547 4.3102 4.8148
v 10.9377 3.9416 7.7852
v 5.1632 0.6293 8.4607
v 4.8217 0.818 4.5249
v 5.7516 0.4884 -0.0806
v 11.2195 3.7278 1.0659
v 18.4874 3.8173 1.5273
v 22.1062 1.0362 0.8464
v 14.3636 0.7836 -0.0485
v 22.0846 0.9463 4.8062
v 19.5648 -0.0691 9.6401
v 17.0273 3.3546 8.1957
v 11.5644 3.3546 7.9094
v 6.7394 0.531 8.4949
v 5.33 0.4884 7.9642
v 10.8878 3.7278 7.3956
v 18.164 3.8173 7.6964
v 21.6919 1.0362 8.7519
v 10.0387 -0.2708 9.0226
v 7.9342 0.6463 8.5199
v -4.0608 -2.4004 6.0103
v -3.509 -4.6194 6.7002
v -3.792 -2.4004 0.881
v -3.1711 -4.6194 0.2525
v 5.6376 0.6293 -0.5918
v 7.2088 0.6677 -0.4611
v 21.7756 -5.2885 7.7298
v 22.2868 -5.2885 7.7566
v 4.5704 -5.335 6.8281
v 4.0325 -7.6875 10.7608
v 12.2808 -10.0395 12.2679
v 12.2395 -10.0522 13.0558
v 13.2522 -10.0522 13.1035
v 13.2932 -10.0395 12.321
v 3.9575 -9.7188 12.1918
v 13.0878 -9.7188 12.6918
v 13.1119 -9.9672 12.2309
v 4.7536 -7.6875 -2.9975
v 13.1142 -10.0395 -3.6342
v 13.1555 -10.0522 -4.4221
v 14.1676 -10.0522 -4.3636
v 14.1266 -10.0395 -3.5811
v 4.8286 -9.7188 -4.4285
v 13.9611 -9.7188 -3.9714
v 13.9369 -9.9672 -3.5105
v 47.0896 5.2739 6.1865
v 46.5484 5.4543 6.1581
v 15.3736 4.5285 4.4598
v 13.5093 4.5628 4.3621
v 14.4362 5.3985 4.4161
v 14.4362 5.4157 4.4161
v 14.662 17.0112 4.4225
v 14.305 17.0112 4.4253
v 14.9945 5.3644 4.9828
v 15.0515 5.3644 3.8947
v 14.662 11.1839 4.4225
v 14.305 11.2049 4.4253
v 9.4846 -2.2928 8.3755
v 9.7054 -2.5841 4.1628
v 8.3457 -4.6637 5.0643
v 8.73 -4.6648 4.934
v 8.7399 -4.6473 5.3698
v 8.4854 -4.6741 5.3565
v 8.4142 -2.0406 4.7777
v 8.8728 -2.3236 5.323
v 8.0614 -1.9156 5.2751
v 8.5065 -4.6741 4.9545
v 8.0674 -1.8814 4.8616
v 8.7408 -2.3676 5.0581
v 8.8902 -4.6489 5.2057
v 8.5896 -1.9949 5.5554
v 8.3373 -4.6637 5.2251
v 8.1507 -1.858 5.5324
v 8.4722 -5.1442 5.0709
v 8.7092 -5.1267 4.9329
v 8.7161 -5.1295 5.3685
v 8.4573 -5.1442 5.355
v 8.4784 -5.1442 4.953
v 8.8669 -5.1347 5.2045
v 8.4638 -5.1442 5.2317
v 7.598 -4.9741 5.1863
v 7.5916 -4.9741 5.3096
v 7.5822 -5.1003 5.3091
v 7.5886 -5.1003 5.1858
v 7.6065 -4.9741 5.0255
v 7.597 -5.1003 5.025
v 7.6795 -4.9835 4.8413
v 7.6723 -5.094 4.8409
v 7.4409 -4.9707 5.1996
v 7.4355 -4.9707 5.3014
v 7.4306 -5.0968 5.3012
v 7.436 -5.0968 5.1993
v 7.4504 -4.9707 5.0174
v 7.4455 -5.0968 5.0171
v 7.5528 -4.996 4.8346
v 7.5539 -5.0812 4.8347
v 11.1251 -1.9372 6.6073
v 10.7957 0.1538 6.7566
v 11.5623 -0.1979 6.9903
v 10.8927 1.2166 6.4392
v 11.7059 1.2504 6.6485
v 11.2452 0.9938 7.6723
v 10.8935 0.1837 7.67
v 8.2702 -4.5996 6.5437
v 8.6413 -4.5935 6.7136
v 8.6979 -4.5961 6.2812
v 10.4274 -1.4143 5.9204
v 8.4353 -4.6054 6.2674
v 11.3214 -0.7376 8.4233
v 11.0309 -0.5402 8.0212
v 10.8826 -1.0421 5.9604
v 11.1523 -0.9735 6.9527
v 12.0303 0.831 6.0205
v 11.1995 1.3154 7.0089
v 10.777 0.8693 7.3038
v 8.3061 -1.995 6.8357
v 11.9802 -0.9474 6.0179
v 8.8177 -2.2983 6.3413
v 8.0128 -1.8689 6.3152
v 11.2814 -0.086 7.0777
v 10.701 -1.595 8.5628
v 10.8002 -1.7484 8.396
v 10.653 -1.7014 8.2325
v 11.013 -1.9585 5.9672
v 10.9742 -0.9817 6.6101
v 11.4137 -1.706 6.9502
v 11.4847 -0.999 6.9378
v 11.7373 -0.9601 6.72
v 11.996 -2.2586 6.7712
v 10.6153 0.8489 6.6504
v 11.9552 1.3015 6.0166
v 11.9809 0.7108 6.9638
v 10.8755 1.1217 6.9597
v 11.2913 1.3878 6.5999
v 11.5522 1.092 7.3767
v 8.4147 -4.6054 6.6587
v 7.9738 -1.8454 6.7162
v 8.6641 -2.3316 6.5912
v 8.8192 -4.5993 6.4542
v 8.5671 -1.9513 6.0862
v 10.8256 -1.3203 6.3766
v 8.2786 -4.5996 6.3829
v 8.1257 -1.8276 6.0631
v 11.3016 0.3977 7.9386
v 11.8096 0.5522 7.546
v 11.6192 -0.8614 8.1111
v 11.2797 -0.6779 7.6849
v 10.5736 -1.595 8.4057
v 11.3086 -1.4275 5.9827
v 10.7673 0.1108 5.9543
v 10.617 0.8734 5.9465
v 10.7824 1.1908 5.9551
v 12.0002 -0.0822 6.0189
v 12.0512 -2.4131 6.0055
v 10.9204 1.2595 6.1021
v 11.0997 1.4178 6.133
v 11.68 1.5079 5.9914
v 11.5624 1.4946 6.2217
v 11.3238 1.4651 6.2683
v 11.1945 -1.9372 5.2834
v 10.8825 0.1538 5.1005
v 11.8598 -0.1979 4.9582
v 11.5073 -1.706 4.972
v 10.9458 1.2166 5.4263
v 11.7764 1.2504 5.3032
v 11.4252 0.9938 4.2368
v 11.0756 0.1837 4.1969
v 11.5795 -0.7376 3.4978
v 11.2486 -0.5402 3.8674
v 11.2579 -0.9735 4.9374
v 11.3105 1.3154 4.8918
v 10.9211 0.8693 4.5543
v 11.3994 -0.086 4.8266
v 10.9771 -1.595 3.2943
v 11.0583 -1.7484 3.4705
v 10.8948 -1.7015 3.6178
v 11.0447 -0.9817 5.2648
v 11.5872 -0.999 4.9816
v 11.8154 -0.9601 5.23
v 10.9434 -2.34 5.0875
v 10.6919 0.8489 5.1872
v 12.0828 0.7108 5.0183
v 10.983 1.1217 4.9069
v 11.359 1.3878 5.3082
v 11.7002 1.092 4.5522
v 10.8648 -1.3155 5.4381
v 11.5092 0.3977 3.9778
v 11.9734 0.5522 4.4214
v 11.8431 -0.8614 3.8395
v 11.4609 -0.6779 4.2279
v 10.8345 -1.595 3.4265
v 10.9384 1.2595 5.7591
v 11.1197 1.4178 5.7525
v 11.5891 1.4946 5.7126
v 11.3572 1.4651 5.6305
v 10.5624 1.5506 6.1263
v 10.6887 2.4121 6.3049
v 12.0 1.9665 6.0243
v 10.9886 2.7118 6.1433
v 11.7484 1.9021 6.4142
v 12.02 2.6219 6.0254
v 11.2463 1.7308 6.5008
v 10.5845 1.5506 5.7029
v 11.7634 2.5791 6.415
v 11.7942 1.9021 5.5406
v 11.7853 2.7118 5.9969
v 11.3039 1.7308 5.402
v 11.2463 2.4978 6.5008
v 10.7288 2.4121 5.5385
v 11.6265 2.7118 6.2466
v 11.8092 2.5791 5.5414
v 11.3039 2.4978 5.402
v 11.3026 2.7118 6.2887
v 11.0102 2.7118 5.7306
v 11.6554 2.7118 5.6946
v 11.3383 2.7118 5.6081
v 7.944 -5.0466 4.9572
v 7.9521 -5.0466 4.8018
v 7.8753 -4.8816 4.7978
v 7.8671 -4.8816 4.9532
v 7.855 -4.8816 5.1837
v 7.8455 -4.8816 5.3659
v 7.9224 -5.0466 5.3699
v 7.9319 -5.0466 5.1877
v 12.0774 -2.2586 5.2168
v 11.5485 -2.014 4.9527
v 10.953 -2.0618 4.9053
v 10.6679 -2.4424 5.933
v 10.8636 -2.3276 6.7064
v 10.8295 -2.014 6.9734
v 11.4421 -2.014 6.984
v 8.3983 -5.075 6.5504
v 8.6214 -5.0788 6.7125
v 8.676 -5.0714 6.2693
v 8.4138 -5.075 6.2556
v 8.3927 -5.075 6.6575
v 8.8055 -5.0846 6.4535
v 8.4073 -5.075 6.3788
v 7.5341 -4.91 6.3331
v 7.5405 -4.91 6.2098
v 7.5405 -5.045 6.2098
v 7.534 -5.045 6.3331
v 7.5251 -4.91 6.5046
v 7.525 -5.045 6.5046
v 7.5888 -4.929 6.696
v 7.5836 -5.0192 6.6958
v 7.3832 -4.9149 6.3091
v 7.3883 -4.9149 6.2126
v 7.3793 -5.036 6.2121
v 7.3743 -5.036 6.3086
v 7.3734 -4.9149 6.4967
v 7.3645 -5.036 6.4962
v 7.4617 -4.9448 6.6894
v 7.4627 -5.0234 6.6894
v 7.8637 -4.9861 6.6083
v 7.8556 -4.9861 6.7638
v 7.774 -4.8219 6.7595
v 7.7822 -4.8219 6.6041
v 7.7948 -4.8219 6.3629
v 7.8038 -4.8219 6.1914
v 7.8854 -4.9861 6.1956
v 7.8764 -4.9861 6.3671
v 10.866 -1.4444 5.0297
v 10.8131 -1.4737 6.9027

g name9 
f 6470 6476 6473 6478
f 6469 6477 6473 6476
f 6471 6479 6474 6480
f 6470 6478 6474 6479
f 6589 6637 6474 6478
f 6637 6480 6474
f 6516 6595 6475 6482
f 6469 6481 6475 6477
f 6472 6482 6475 6481
f 6480 6637 6516 6482
f 6471 6480 6482 6472
f 6501 6500 6499 6498
f 6486 6485 6471 6472
f 6485 6488 6479 6471
f 6488 6484 6470 6479
f 6484 6487 6476 6470
f 6505 6503 6502 6504
f 6503 6501 6498 6502
f 6491 6490 6498 6499
f 6492 6491 6499 6500
f 6493 6492 6500 6501
f 6490 6494 6502 6498
f 6495 6493 6501 6503
f 6494 6496 6504 6502
f 6497 6495 6503 6505
f 6496 6497 6505 6504
f 6534 6520 6533 6506
f 6559 6520 6534 6507
f 6535 6521 6534 6506
f 6534 6521 6529 6507
f 6529 6521 6536 6508
f 6508 6536 6537 6526 6562
f 6561 6560 6539 6509
f 6539 6560 6559 6507
f 6541 6522 6540 6510
f 6562 6522 6541 6508
f 6544 6523 6511
f 6511 6523 6542 6524
f 6542 6523 6543 6509
f 6543 6523 6544 6510
f 6512 6524 6539 6507
f 6539 6524 6542 6509
f 6565 6564 6561 6509
f 6540 6566 6567 6510
f 6567 6568 6543 6510
f 6543 6568 6565 6509
f 6547 6525 6545 6514
f 6545 6525 6546 6513
f 6563 6526 6537 6538
f 6549 6527 6548 6515
f 6548 6527 6547 6514
f 6527 6549 6637
f 6533 6558 6535 6506
f 6535 6558 6550
f 6552 6528 6550 6516
f 6546 6528 6551 6513
f 6551 6528 6552 6517
f 6555 6554 6553 6518
f 6553 6554 6544 6511
f 6544 6554 6541 6510
f 6508 6541 6554 6529
f 6556 6529 6554 6555
f 6529 6512 6507
f 6512 6529 6556 6519
f 6518 6553 6512 6519
f 6512 6553 6511 6524
f 6557 6530 6518 6519
f 6530 6531 6555 6518
f 6531 6532 6556 6555
f 6556 6532 6557 6519
f 6552 6516 6637 6549
f 6517 6552 6549 6515
f 6516 6550 6558
f 6569 6533 6520 6586
f 6570 6586 6520 6559
f 6572 6579 6587
f 6569 6586 6579 6572
f 6570 6582 6579 6586
f 6571 6587 6579 6582
f 6571 6588 6587
f 6573 6590 6560 6561
f 6570 6559 6560 6590
f 6574 6540 6522 6591
f 6571 6591 6522 6562
f 6575 6580 6594
f 6581 6592 6580 6575
f 6573 6593 6580 6592
f 6574 6594 6580 6593
f 6570 6590 6581 6576
f 6573 6592 6581 6590
f 6573 6561 6601 6602
f 6574 6603 6566 6540
f 6574 6593 6604 6603
f 6573 6602 6604 6593
f 6571 6562 6526 6588
f 6569 6572 6558 6533
f 6572 6595 6558
f 6577 6596 6597 6598
f 6575 6594 6597 6596
f 6574 6591 6597 6594
f 6571 6597 6591
f 6598 6597 6582 6599
f 6571 6582 6597
f 6570 6576 6582
f 6578 6599 6582 6576
f 6578 6576 6596 6577
f 6581 6575 6596 6576
f 6578 6577 6583 6600
f 6577 6598 6584 6583
f 6598 6599 6585 6584
f 6578 6600 6585 6599
f 6558 6595 6516
f 6564 6565 6602 6601
f 6601 6561 6564
f 6602 6565 6605 6612
f 6565 6568 6611 6605
f 6568 6567 6609 6611
f 6567 6566 6607 6609
f 6566 6603 6614 6607
f 6603 6604 6616 6614
f 6604 6602 6612 6616
f 6612 6605 6606 6618
f 6605 6611 6617 6606
f 6611 6609 6613 6617
f 6609 6607 6610 6613
f 6607 6614 6620 6610
f 6614 6616 6621 6620
f 6616 6612 6618 6621
f 6618 6606 6608 6623
f 6606 6617 6622 6608
f 6617 6613 6619 6622
f 6613 6610 6615 6619
f 6610 6620 6624 6615
f 6620 6621 6625 6624
f 6621 6618 6623 6625
f 6623 6608 6622 6619 6615 6624 6625
f 6483 6487 6484 6488 6485 6486 6489
f 6626 6495 6497 6627
f 6627 6487 6483 6626
f 6627 6497 6496 6628
f 6628 6476 6487 6627
f 6628 6496 6494 6629
f 6629 6469 6476 6628
f 6629 6494 6490 6630
f 6630 6481 6469 6629
f 6630 6490 6491 6631
f 6631 6472 6481 6630
f 6631 6491 6492 6632
f 6632 6486 6472 6631
f 6632 6492 6493 6633
f 6633 6489 6486 6632
f 6626 6483 6489 6633
f 6633 6493 6495 6626
f 6637 6589 6634 6563
f 6563 6538 6638 6637
f 6636 6635 6634 6589
f 6640 6639 6638 6538
f 6634 6588 6526 6563
f 6572 6587 6588 6634 6635
f 6478 6473 6636 6589
f 6547 6527 6637 6638
f 6638 6639 6525 6547
f 6656 6657 6658 6659
f 6517 6515 6643 6644
f 6515 6548 6646 6643
f 6548 6514 6642 6646
f 6514 6545 6645 6642
f 6662 6660 6661 6663
f 6660 6656 6659 6661
f 6657 6656 6648 6649
f 6658 6657 6649 6650
f 6659 6658 6650 6651
f 6656 6660 6652 6648
f 6661 6659 6651 6653
f 6660 6662 6654 6652
f 6663 6661 6653 6655
f 6662 6663 6655 6654
f 6647 6644 6643 6646 6642 6645 6641
f 6665 6655 6653 6664
f 6664 6641 6645 6665
f 6666 6654 6655 6665
f 6665 6645 6545 6666
f 6667 6652 6654 6666
f 6666 6545 6513 6667
f 6668 6648 6652 6667
f 6667 6513 6551 6668
f 6669 6649 6648 6668
f 6668 6551 6517 6669
f 6670 6650 6649 6669
f 6669 6517 6644 6670
f 6671 6651 6650 6670
f 6670 6644 6647 6671
f 6671 6647 6641 6664
f 6664 6653 6651 6671
f 6595 6572 6672
f 6672 6477 6475 6595
f 6672 6572 6635 6636
f 6636 6473 6477 6672
f 6550 6528 6546 6673
f 6673 6535 6550
f 6673 6546 6525 6639
f 6639 6640 6535 6673
f 6640 6538 6537 6536
f 6536 6521 6535 6640

g 
v 0.0012 73.088 0.2465
v 0.0013 73.1679 -0.0261
v -0.0667 73.1492 -0.0028
v -0.0667 73.1492 0.1062
v -0.0812 73.0908 -0.0691
v 0.0128 73.1715 0.1335
v 0.0675 73.1629 0.1188
v 0.0857 73.0856 0.233
v 0.0128 73.09 0.2439
v -0.0738 73.0823 0.2302
v -0.0578 73.1579 0.1202
v -0.0563 73.16 -0.0249
v -0.0725 73.0951 -0.0962
v -0.0816 73.0892 0.0588
v 0.0012 73.093 -0.0999
v 0.0936 73.0693 -0.0548
v 0.0692 73.1492 -0.0028
v 0.0692 73.1492 0.1062
v 0.0848 73.0833 0.2016
v 0.0763 73.0823 0.2302
v 0.0603 73.1579 0.1202
v 0.0588 73.16 -0.0249
v 0.075 73.0951 -0.0962
v 0.0914 73.0646 0.1354
v 0.0841 73.086 0.1778
v 0.0491 73.0149 0.4191
v 0.0614 72.9631 0.4074
v -0.0466 73.0149 0.4191
v -0.0589 72.9631 0.4074
v -0.0832 73.0856 0.233
v -0.0823 73.0865 0.2016
v 0.0559 72.9475 -0.0968
v 0.0559 72.9475 -0.107
v 0.0559 72.9464 0.2465
v 0.1296 72.8915 0.2531
v 0.1496 72.8366 0.0874
v 0.1643 72.8363 0.0874
v 0.1642 72.8363 0.0672
v 0.1496 72.8366 0.0672
v 0.1563 72.8441 0.2531
v 0.1567 72.8441 0.0709
v 0.1481 72.8383 0.0709
v -0.1271 72.8915 0.2531
v -0.1471 72.8366 0.0874
v -0.1618 72.8363 0.0874
v -0.1617 72.8363 0.0672
v -0.1471 72.8366 0.0672
v -0.1538 72.8441 0.2531
v -0.1542 72.8441 0.0709
v -0.1456 72.8383 0.0709
v 0.0025 73.194 -0.5989
v 0.0025 73.1982 -0.5881
v 0.0013 73.1766 0.034
v 0.0013 73.1774 0.0712
v 0.0014 73.1969 0.0527
v 0.0014 73.1973 0.0527
v 0.0013 73.4679 0.0482
v 0.0017 73.4679 0.0553
v 0.0114 73.1961 0.041
v -0.0089 73.1961 0.041
v 0.0013 73.3319 0.0482
v 0.0017 73.3324 0.0553
v 0.0799 73.0174 0.1471
v 0.0013 73.0106 0.1471
v -0.4441 73.3767 0.5965
v 0.4494 73.3767 -0.4075
v -0.4441 73.3821 0.5965
v 0.4494 73.3821 -0.4075
v -0.4562 73.3821 0.5246
v 0.4373 73.3821 -0.4794
v -0.4562 73.3767 0.5246
v 0.4373 73.3767 -0.4794
v 0.1138 73.3806 -0.0929
v 0.1138 73.3782 -0.0929
v 0.1261 73.3781 -0.0667
v 0.1261 73.3807 -0.0667
v -0.14 73.3807 0.2323
v -0.1527 73.3807 0.2057
v -0.14 73.3781 0.2323
v -0.1527 73.3781 0.2057
v 0.0804 73.3805 -0.0181
v 0.0353 73.3804 0.0311
v -0.0093 73.3804 0.0807
v -0.0534 73.3804 0.1307
v -0.097 73.3805 0.1813
v 0.0804 73.3783 -0.0181
v 0.0353 73.3784 0.0311
v -0.0093 73.3784 0.0807
v -0.0534 73.3784 0.1307
v -0.097 73.3783 0.1813
v 0.0707 73.3783 -0.042
v 0.0271 73.3784 0.0085
v -0.0171 73.3784 0.0585
v -0.0618 73.3784 0.108
v -0.107 73.3783 0.1571
v 0.0707 73.3805 -0.042
v 0.0271 73.3804 0.0085
v -0.0171 73.3804 0.0585
v -0.0618 73.3804 0.108
v -0.107 73.3805 0.1571

g name10 
f 6744 6738 6740 6742
f 6739 6745 6743 6741
f 6746 6743 6745 6747
f 6753 6744 6742 6751
f 6747 6745 6739 6748
f 6752 6738 6744 6753
f 6748 6739 6741 6749
f 6750 6740 6738 6752
f 6751 6742 6740 6750
f 6749 6741 6743 6746
f 6751 6750 6758 6773
f 6773 6758 6757 6772
f 6772 6757 6756 6771
f 6771 6756 6755 6770
f 6770 6755 6754 6769
f 6769 6754 6749 6746
f 6748 6749 6754 6759
f 6759 6754 6755 6760
f 6760 6755 6756 6761
f 6761 6756 6757 6762
f 6762 6757 6758 6763
f 6763 6758 6750 6752
f 6747 6748 6759 6764
f 6764 6759 6760 6765
f 6765 6760 6761 6766
f 6766 6761 6762 6767
f 6767 6762 6763 6768
f 6768 6763 6752 6753
f 6746 6747 6764 6769
f 6769 6764 6765 6770
f 6770 6765 6766 6771
f 6771 6766 6767 6772
f 6772 6767 6768 6773
f 6773 6768 6753 6751

g 
v -0.0837 66.8962 0.3113
v -0.0837 67.0139 0.3035
v 0.0067 67.027 -0.5561
v -0.0837 66.8973 -0.178
v -0.0837 66.9167 0.2228
v -0.0837 66.9167 -0.0503
v -0.0828 67.0093 -0.0844
v -0.0828 67.0093 0.2228
v -0.0837 66.9001 0.3957
v -0.0837 66.9967 0.4018
v -0.0608 67.1076 0.1159
v -0.0584 67.1102 -0.0253
v 0.0054 67.0327 0.2436
v 0.0054 67.1179 0.1283
v 0.0055 67.1126 -0.029
v 0.0054 66.9894 -0.5882
v 0.0054 66.8982 -0.1878
v 0.0054 66.9032 0.3974
v 0.0054 67.0304 0.3163
v 0.0054 67.0338 -0.5492
v 0.0054 66.8962 0.3241
v -0.0625 67.0939 -0.0057
v -0.0625 67.0939 0.1033
v -0.077 67.0355 -0.072
v 0.017 67.1162 0.1306
v 0.0717 67.1076 0.1159
v 0.0899 67.0303 0.2301
v 0.017 67.0347 0.241
v -0.0696 67.027 0.2273
v -0.0536 67.1026 0.1173
v 0.0103 67.0237 0.2263
v -0.0521 67.1047 -0.0278
v -0.0683 67.0398 -0.0991
v -0.0837 66.9167 0.0513
v -0.0831 67.0093 0.0485
v -0.0774 67.0339 0.0559
v 0.0054 67.0377 -0.1028
v 0.0054 67.1103 0.1284
v 0.0951 66.8962 0.3113
v 0.0978 67.0139 0.3035
v 0.0067 67.027 -0.5561
v 0.0951 66.895 -0.178
v 0.0951 66.9167 0.2228
v 0.0951 66.9135 -0.0503
v 0.0978 67.014 -0.0577
v 0.0953 67.0093 0.2228
v 0.0978 66.9001 0.3957
v 0.0978 66.9967 0.4018
v 0.0067 66.9881 -0.5829
v 0.0693 67.1102 -0.0253
v 0.0734 67.0939 -0.0057
v 0.0734 67.0939 0.1033
v 0.089 67.028 0.1987
v 0.0805 67.027 0.2273
v 0.0645 67.1026 0.1173
v 0.0006 67.0237 0.2263
v 0.063 67.1047 -0.0278
v 0.0792 67.0398 -0.0991
v 0.0951 66.9167 0.1353
v 0.0956 67.0093 0.1325
v 0.0883 67.0307 0.1749
v 0.0978 66.9587 0.3947
v -0.0837 66.9587 0.3947
v 0.0054 66.9611 0.4249
v 0.0533 66.9596 0.4162
v 0.0656 66.9078 0.4045
v 0.0054 66.9967 0.4244
v 0.0533 66.9967 0.4176
v -0.0424 66.9596 0.4162
v -0.0424 66.9967 0.4176
v -0.0547 66.9078 0.4045
v 0.0054 66.9598 0.415
v 0.0054 66.9081 0.4033
v -0.079 67.0303 0.2301
v 0.0876 67.0245 0.2357
v -0.0781 67.0312 0.1987
v 0.0452 66.8962 0.2612
v 0.0668 66.8962 0.2502
v 0.0675 66.8904 -0.1174
v 0.0452 66.895 -0.1222
v -0.0359 66.8982 -0.1199
v -0.0623 66.8932 -0.1122
v -0.063 66.8938 0.2516
v -0.0343 66.8962 0.2612
v 0.068 66.891 0.2293
v 0.0452 66.895 -0.0906
v 0.0452 66.895 0.2314
v 0.0675 66.8904 -0.0891
v -0.0343 66.8982 0.2314
v -0.0624 66.8932 -0.0919
v -0.063 66.8938 0.2334
v -0.0343 66.8982 -0.0906
v 0.0452 66.895 0.0574
v 0.0706 66.8921 0.0911
v -0.0597 66.892 0.0574
v -0.0343 66.8982 0.0911
v -0.0343 66.8982 0.0574
v -0.0597 66.8921 0.0911
v 0.0706 66.892 0.0574
v 0.0452 66.895 0.0911
v 0.0601 66.8922 -0.0997
v 0.0601 66.8922 -0.1099
v 0.0501 66.891 -0.115
v 0.0501 66.891 -0.099
v 0.0531 66.8924 0.0806
v 0.0627 66.8922 0.0806
v 0.0602 66.8923 0.0679
v 0.0508 66.891 0.0675
v 0.0533 66.8924 0.2408
v 0.0533 66.8924 0.2517
v 0.0601 66.8911 0.2436
v -0.0519 66.8924 0.2408
v -0.0559 66.8962 0.2502
v -0.0424 66.8924 0.2517
v -0.0424 66.8924 0.2408
v -0.0518 66.8922 0.0806
v -0.0422 66.8924 0.0806
v -0.0447 66.8923 0.0679
v -0.054 66.8936 0.0683
v -0.0446 66.8922 -0.0997
v -0.047 66.8922 -0.1113
v -0.0542 66.8934 -0.1043
v 0.1347 66.8363 -0.1053
v 0.1347 66.8363 -0.1184
v 0.1251 66.8301 -0.1218
v 0.1251 66.8301 -0.1053
v 0.1025 66.8351 0.081
v 0.1121 66.835 0.081
v 0.112 66.8349 0.0676
v 0.1025 66.8352 0.0676
v 0.1262 66.8309 0.2461
v 0.1262 66.8309 0.2578
v 0.1338 66.8362 0.2502
v 0.1613 66.7889 -0.1053
v 0.1613 66.7889 -0.1184
v 0.1517 66.7826 -0.1218
v 0.1517 66.7826 -0.1053
v 0.1538 66.7813 0.0845
v 0.1685 66.781 0.0845
v 0.1684 66.781 0.0643
v 0.1538 66.7813 0.0643
v 0.1528 66.7835 0.2461
v 0.1528 66.7835 0.2578
v 0.1605 66.7888 0.2502
v 0.1609 66.7888 0.068
v 0.1523 66.783 0.068
v 0.1613 66.7889 -0.159
v 0.1517 66.7826 -0.1632
v 0.1528 66.7835 0.2992
v 0.1605 66.7888 0.2949
v 0.1589 66.7709 0.068
v 0.1675 66.7767 0.068
v 0.1679 66.7767 -0.159
v 0.1583 66.7705 -0.1632
v 0.1594 66.7713 0.2992
v 0.1671 66.7766 0.2949
v -0.0061 67.1162 0.1306
v -0.0061 67.0347 0.241
v -0.0767 67.0245 0.2357
v -0.0566 66.8904 -0.1174
v 0.0835 66.8977 -0.1122
v 0.0835 66.8978 0.2516
v -0.0571 66.891 0.2293
v -0.0566 66.8904 -0.0891
v 0.0835 66.8977 -0.0919
v 0.0835 66.8978 0.2334
v 0.0835 66.8978 0.0574
v 0.0835 66.8978 0.0911
v -0.0492 66.8911 0.2475
v 0.0656 66.8938 0.2419
v -0.1238 66.8363 -0.1053
v -0.1238 66.8363 -0.1184
v -0.1142 66.8301 -0.1218
v -0.1142 66.8301 -0.1053
v -0.0916 66.8351 0.081
v -0.1012 66.835 0.081
v -0.1011 66.8349 0.0676
v -0.0916 66.8352 0.0676
v -0.1153 66.8309 0.2461
v -0.1153 66.8309 0.2578
v -0.1229 66.8362 0.2502
v -0.1504 66.7889 -0.1053
v -0.1504 66.7889 -0.1184
v -0.1408 66.7826 -0.1218
v -0.1408 66.7826 -0.1053
v -0.1429 66.7813 0.0845
v -0.1576 66.781 0.0845
v -0.1575 66.781 0.0643
v -0.1429 66.7813 0.0643
v -0.1419 66.7835 0.2461
v -0.1419 66.7835 0.2578
v -0.1496 66.7888 0.2502
v -0.15 66.7888 0.068
v -0.1414 66.783 0.068
v -0.1504 66.7889 -0.159
v -0.1408 66.7826 -0.1632
v -0.1419 66.7835 0.2992
v -0.1496 66.7888 0.2949
v -0.148 66.7709 0.068
v -0.1566 66.7767 0.068
v -0.157 66.7767 -0.159
v -0.1474 66.7705 -0.1632
v -0.1485 66.7713 0.2992
v -0.1562 66.7766 0.2949
v 0.0067 67.1387 -0.6018
v 0.0067 67.1429 -0.591
v 0.0055 67.1148 0.0291
v -0.0118 67.1131 0.0299
v -0.0118 67.1131 0.0663
v 0.0055 67.1157 0.0697
v 0.0227 67.1131 0.0663
v 0.0227 67.1131 0.0299
v 0.0055 67.1213 0.0311
v -0.0118 67.1196 0.0301
v -0.0118 67.1196 0.0666
v 0.0055 67.1221 0.0683
v 0.0227 67.1196 0.0666
v 0.0227 67.1196 0.0301
v 0.0056 67.1416 0.0498
v 0.0056 67.142 0.0498
v 0.0055 67.4126 0.0453
v 0.0059 67.4126 0.0524
v 0.0156 67.1408 0.0381
v -0.0047 67.1408 0.0381
v -0.073 66.9001 0.3113
v -0.077 67.0139 0.3035
v 0.0067 67.0015 -0.5509
v -0.071 66.8973 -0.178
v -0.0724 66.9167 0.2228
v -0.0724 66.9167 -0.0503
v -0.0658 66.9001 0.3957
v -0.066 67.0 0.4018
v 0.0067 66.9881 -0.5829
v 0.0054 67.0186 0.3163
v 0.0054 67.0036 -0.5519
v 0.017 67.1162 0.1306
v 0.017 67.0347 0.241
v -0.0724 66.9167 0.0513
v -0.0698 67.0353 -0.1042
v 0.0839 66.9001 0.3113
v 0.0879 67.0139 0.3035
v 0.0067 67.0015 -0.5509
v 0.0844 66.9135 -0.178
v 0.0833 66.9167 0.2228
v 0.0844 66.9135 -0.0503
v 0.0844 67.014 -0.0577
v 0.0767 66.9001 0.3957
v 0.0769 67.0 0.4018
v 0.0833 66.9167 0.1353
v 0.0726 67.0353 -0.1042
v 0.0752 66.9587 0.3947
v -0.0643 66.9587 0.3947
v -0.0061 67.1162 0.1306
v -0.0061 67.0347 0.241
v 0.0732 66.8932 -0.1122
v 0.0739 66.8938 0.2516
v 0.0733 66.8932 -0.0919
v 0.0739 66.8938 0.2334
v 0.0055 67.2766 0.0453
v 0.0059 67.2771 0.0524
v 0.0951 66.895 0.1434
v 0.0055 66.895 0.1434
v 0.0055 66.8982 0.1434
v 0.0841 66.9621 0.1442
v 0.0055 66.9553 0.1442
v 0.0841 66.9623 0.0882
v 0.0055 66.9556 0.0882
v 0.0719 67.0463 0.0773
v 0.0055 67.0463 0.0773
v 0.0719 67.0463 0.0555
v 0.0055 67.0463 0.0555
v 0.0785 66.901 0.053
v 0.0951 66.895 0.0494
v -0.0051 66.9003 0.053
v 0.0405 66.9523 0.4336
v 0.0055 66.9529 0.4337
v -0.0296 66.9523 0.4336
v -0.0386 66.9153 0.4252
v 0.0055 66.915 0.4251
v 0.0495 66.9153 0.4252
v -0.0837 67.0304 0.3035
v -0.0837 67.0304 0.4018
v 0.0054 67.0304 0.4244
v 0.0978 67.0304 0.4018
v 0.0978 67.0304 0.3035
v 0.0055 67.1213 0.0311
v -0.0118 67.1196 0.0301
v -0.0118 67.1196 0.0666
v 0.0055 67.1221 0.0683
v 0.0227 67.1196 0.0666
v 0.0227 67.1196 0.0301
v 0.0092 67.1206 0.053
v 0.0092 67.1206 0.045
v 0.0055 67.121 0.0452
v 0.0017 67.1206 0.045
v 0.0017 67.1206 0.053
v 0.0055 67.1211 0.0534
v 0.0092 67.3754 0.0501
v 0.0092 67.3754 0.0421
v 0.0055 67.3758 0.0423
v 0.0017 67.3754 0.0421
v 0.0017 67.3754 0.0501
v 0.0055 67.376 0.0505
v 0.0054 67.0327 0.2436
v 0.0055 67.1126 -0.029
v -0.0625 67.0939 -0.0057
v -0.0625 67.0939 0.1033
v -0.077 67.0355 -0.072
v 0.017 67.1162 0.1306
v 0.0717 67.1076 0.1159
v 0.0899 67.0303 0.2301
v 0.017 67.0347 0.241
v -0.0696 67.027 0.2273
v -0.0536 67.1026 0.1173
v -0.0521 67.1047 -0.0278
v -0.0683 67.0398 -0.0991
v -0.0774 67.0339 0.0559
v 0.0054 67.0377 -0.1028
v 0.0978 67.014 -0.0577
v 0.0734 67.0939 -0.0057
v 0.0734 67.0939 0.1033
v 0.089 67.028 0.1987
v 0.0805 67.027 0.2273
v 0.0645 67.1026 0.1173
v 0.063 67.1047 -0.0278
v 0.0792 67.0398 -0.0991
v 0.0956 67.0093 0.1325
v 0.0883 67.0307 0.1749
v 0.0533 66.9596 0.4162
v 0.0656 66.9078 0.4045
v -0.0424 66.9596 0.4162
v -0.0547 66.9078 0.4045
v -0.079 67.0303 0.2301
v -0.0781 67.0312 0.1987
v 0.0601 66.8922 -0.0997
v 0.0601 66.8922 -0.1099
v 0.0601 66.8911 0.2436
v 0.1338 66.8362 0.2502
v 0.1538 66.7813 0.0845
v 0.1685 66.781 0.0845
v 0.1684 66.781 0.0643
v 0.1538 66.7813 0.0643
v 0.1605 66.7888 0.2502
v 0.1609 66.7888 0.068
v 0.1523 66.783 0.068
v -0.1229 66.8362 0.2502
v -0.1429 66.7813 0.0845
v -0.1576 66.781 0.0845
v -0.1575 66.781 0.0643
v -0.1429 66.7813 0.0643
v -0.1496 66.7888 0.2502
v -0.15 66.7888 0.068
v -0.1414 66.783 0.068
v 0.0067 67.1387 -0.6018
v 0.0067 67.1429 -0.591
v 0.0055 67.1213 0.0311
v 0.0055 67.1221 0.0683
v 0.0056 67.1416 0.0498
v 0.0056 67.142 0.0498
v 0.0055 67.4126 0.0453
v 0.0059 67.4126 0.0524
v 0.0156 67.1408 0.0381
v -0.0047 67.1408 0.0381
v 0.0055 67.2766 0.0453
v 0.0059 67.2771 0.0524
v 0.0841 66.9621 0.1442
v 0.0055 66.9553 0.1442

g name11 
f 6776 6777 6779 6780
f 6774 6775 6781 6778
f 6786 6847 7054 6792
f 6793 6776 6785 6788
f 6790 6777 6776 6789
f 6791 6782 6774 6794
f 6792 7054 7055 7056
f 6784 6785 6795 6796
f 6847 6784 6796 6849
f 6785 6797 6795
f 6847 6786 6802
f 6784 6847 6802 6803
f 6787 6784 6803
f 6802 6786 6804
f 6787 6803 6811
f 6776 6777 6779 6780
f 6774 6775 6781 6778
f 6786 6847 6775 6792
f 6788 6785 6784 6787
f 6793 6776 6785 6788
f 6789 6776 6793
f 6790 6777 6776 6789
f 6791 6782 6774 6794
f 6792 6775 6783 6840
f 6803 6787 6784
f 6802 6803 6784 6847
f 6802 6847 6786
f 6811 6787 6803
f 6804 6802 6786
f 6785 6788 6805
f 6785 6805 6806
f 6788 6785 6806 6810
f 6777 6774 6778 6807 6779
f 6777 6774 6778 6807 6779
f 6808 6780 6779 6807
f 6807 6778 6781 6808
f 6785 6776 6780
f 6809 6797 6785 6776 6780 6808
f 6818 6817 6815 6814
f 6816 6819 6813 6812
f 6822 6814 6815
f 6792 6813 6848 6786
f 6788 6823 6814 6793
f 6789 6822 6815 6790
f 6794 6812 6820 6791
f 7056 7057 7058 6792
f 6825 6824 6823 6799
f 6826 6825 6799 6848
f 6824 6818 6823
f 6827 6786 6848
f 6828 6827 6848 6799
f 6828 6799 6787
f 6829 6786 6827
f 6811 6828 6787
f 6818 6817 6815 6814
f 6816 6819 6813 6812
f 6822 6814 6815
f 6792 6813 6848 6786
f 6787 6799 6823 6788
f 6788 6823 6814 6793
f 6793 6814 6822 6789
f 6789 6822 6815 6790
f 6794 6812 6820 6791
f 6840 6821 6813 6792
f 6799 6787 6828
f 6848 6799 6828 6827
f 6786 6848 6827
f 6828 6787 6811
f 6786 6827 6829
f 6830 6788 6823
f 6831 6830 6823
f 6810 6831 6823 6788
f 6833 6819 6816 6832
f 6818 6814 6823
f 6821 6835 6820 6812 6813
f 6821 6835 6820 6812 6813
f 6775 6774 6782 6836 6783
f 6775 6774 6782 6836 6783
f 7052 7053 7048
f 6842 6844 6846
f 7048 7049 7050 7052
f 6820 6835 6838 6839
f 6791 6820 6839
f 6821 6840 6841
f 6783 6843 6840
f 6782 6791 6844
f 6836 6782 6844 6842
f 6837 6842 6845
f 6838 6837 6845
f 6791 6839 6846
f 6844 6791 6846
f 6837 6838 6841 6840 6843 6842
f 6783 6836 6842
f 6842 6843 6783
f 6821 6841 6838
f 6838 6835 6821
f 6834 6826 6848 6813 6819 6833
f 6808 6781 6775 6847 6849 6809
f 6812 6794 6850 6851
f 6790 6815 6852 6853
f 6777 6790 6854 6855
f 6794 6774 6856 6857
f 6888 6887 6886 6885
f 6895 6894 6893
f 6892 6891 6890 6889
f 6868 6863 6865 6870
f 6869 6862 6864 6871
f 6774 6777 6855 6863 6868 6871 6864 6856
f 6866 6859 6861 6872
f 6867 6858 6860 6873
f 6852 6861 6874 6875
f 6853 6852 6875 6876
f 6859 6853 6876 6877
f 6861 6859 6877 6874
f 6867 6873 6878 6879
f 6872 6867 6879 6880
f 6866 6872 6880 6881
f 6873 6866 6881 6878
f 6850 6860 6882 6883
f 6851 6850 6883 6884
f 6858 6851 6884
f 6860 6858 6884 6882
f 6856 6864 6885 6886
f 6857 6856 6886 6887
f 6862 6857 6887 6888
f 6864 6862 6888 6885
f 6869 6871 6889 6890
f 6870 6869 6890 6891
f 6868 6870 6891 6892
f 6871 6868 6892 6889
f 6854 6865 6893 6894
f 6855 6854 6894 6895
f 6863 6855 6895
f 6865 6863 6895 6893
f 6875 6874 6896 6897
f 6876 6875 6897 6898
f 6877 6876 6898 6899
f 6874 6877 6899 6896
f 6879 6878 6900 6901
f 6880 6879 6901 6902
f 6881 6880 6902 6903
f 6878 6881 6903 6900
f 6883 6882 6904 6905
f 6884 6883 6905 6906
f 6882 6884 6906 6904
f 6897 6896 6907 6908
f 6898 6897 6908 6909
f 6899 6898 6909 6910
f 6896 6899 6910 6907
f 6901 6900 6911 6912
f 6902 6901 6912 6913
f 6903 6902 6913 6914
f 6900 6903 6914 6911
f 6905 6904 6915 6916
f 6906 6905 6916 6917
f 6904 6906 6917 6915
f 6908 6907 6918
f 6927 6926 6925 6924
f 6910 6909 6919
f 6907 6910 6919 6918
f 6912 6911 6914 6913
f 6916 6915 6919
f 6929 6928 6924 6925
f 6915 6917 6918 6919
f 6908 6918 6920
f 6909 6908 6920 6921
f 6919 6909 6921
f 6916 6919 6922
f 6917 6916 6922 6923
f 6918 6917 6923
f 6918 6919 6924 6925
f 6920 6918 6925 6926
f 6921 6920 6926 6927
f 6919 6921 6927 6924
f 6919 6918 6925 6924
f 6922 6919 6924 6928
f 6923 6922 6928 6929
f 6918 6923 6929 6925
f 6818 6817 6815 6814
f 6816 6819 6813 6812
f 6822 6814 6815
f 6792 7058 6800 6786
f 6787 6799 6823 6788
f 6788 6823 6814 6793
f 6793 6814 6822 6789
f 6789 6822 6815 6790
f 6794 6812 6820 6791
f 6840 6821 6813 6792
f 6825 6824 6823 6799
f 6826 6825 6799 6800
f 6824 6818 6823
f 6827 6786 6800
f 6828 6827 6800 6799
f 6828 6799 6787
f 6829 6786 6827
f 6811 6828 6787
f 6818 6817 6815 6814
f 6816 6819 6813 6812
f 6822 6814 6815
f 6792 6813 6800 6786
f 6787 6799 6823 6788
f 6788 6823 6814 6793
f 6793 6814 6822 6789
f 6789 6822 6815 6790
f 6794 6812 6820 6791
f 6840 6821 6813 6792
f 6799 6787 6828
f 6800 6799 6828 6827
f 6786 6800 6827
f 6828 6787 6811
f 6786 6827 6829
f 6830 6788 6823
f 6831 6830 6823
f 6810 6831 6823 6788
f 6833 6819 6816 6832
f 6818 6814 6823
f 6776 6777 6779 6780
f 6774 6775 6781 6778
f 6786 6932 6775 6792
f 6788 6785 6784 6787
f 6793 6776 6785 6788
f 6789 6776 6793
f 6790 6777 6776 6789
f 6791 6782 6774 6794
f 6792 6775 6783 6840
f 6784 6785 6795 6796
f 6932 6784 6796 6849
f 6785 6797 6795
f 6932 6786 6802
f 6784 6932 6802 6803
f 6787 6784 6803
f 6802 6786 6804
f 6787 6803 6811
f 6776 6777 6779 6780
f 6774 6775 6781 6778
f 6786 6932 6775 6792
f 6788 6785 6784 6787
f 6793 6776 6785 6788
f 6789 6776 6793
f 6790 6777 6776 6789
f 6791 6782 6774 6794
f 6792 6775 6783 6840
f 6803 6787 6784
f 6802 6803 6784 6932
f 6802 6932 6786
f 6811 6787 6803
f 6804 6802 6786
f 6785 6788 6805
f 6785 6805 6806
f 6788 6785 6806 6810
f 6777 6774 6778 6807 6779
f 6777 6774 6778 6807 6779
f 6808 6780 6779 6807
f 6807 6778 6781 6808
f 6785 6776 6780
f 6809 6797 6785 6776 6780 6808
f 6775 6774 6782 6836 6783
f 6775 6774 6782 6836 6783
f 6821 6835 6820 6812 6813
f 6821 6835 6820 6812 6813
f 7050 7051 7052
f 6846 6839 6838
f 6846 6838 6845 6842
f 6844 6842 6836 6782
f 6844 6782 6791
f 6843 6840 6783
f 6840 6841 6821
f 6839 6791 6820
f 6838 6839 6820 6835
f 6845 6838 6837
f 6845 6837 6842
f 6846 6844 6791
f 6846 6791 6839
f 6838 6841 6840 6843 6842 6837
f 6838 6835 6821
f 6821 6841 6838
f 6842 6843 6783
f 6783 6836 6842
f 6808 6781 6775 6932 6849 6809
f 6886 6857 6794 6774
f 6854 6933 6777 6790
f 6934 6853 6790 6815
f 6850 6935 6812 6794
f 6943 6851 6883 6882
f 6879 6878 6880
f 6866 6859 6938 6940
f 6941 6939 6860 6873
f 6868 6937 6865 6870
f 6933 6937 6868 6871 6936 6886 6774 6777
f 6869 6862 6936 6871
f 6894 6893 6937 6933
f 6894 6933 6854
f 6893 6854 6865
f 6893 6865 6937
f 6889 6890 6869 6871
f 6891 6889 6871 6868
f 6891 6868 6870
f 6890 6891 6870 6869
f 6887 6888 6862 6857
f 6942 6887 6857 6886
f 6885 6942 6886 6936
f 6888 6885 6936 6862
f 6851 6943 6939 6935
f 6883 6851 6935 6850
f 6882 6883 6850 6860
f 6943 6882 6860 6939
f 6878 6879 6941 6873
f 6880 6878 6873 6866
f 6880 6866 6940
f 6879 6880 6940 6941
f 6875 6874 6859 6853
f 6875 6853 6934
f 6874 6875 6934 6938
f 6874 6938 6859
f 6945 6944 6893 6894
f 6946 6945 6894 6854
f 6947 6946 6854 6893
f 6944 6947 6893
f 6949 6948 6890 6889
f 6950 6949 6889 6891
f 6951 6950 6891
f 6948 6951 6891 6890
f 6953 6952 6888 6887
f 6954 6953 6887 6942
f 6954 6942 6885
f 6952 6954 6885 6888
f 6956 6955 6944 6945
f 6957 6956 6945 6946
f 6958 6957 6946 6947
f 6955 6958 6947 6944
f 6960 6959 6948 6949
f 6961 6960 6949 6950
f 6962 6961 6950 6951
f 6959 6962 6951 6948
f 6964 6963 6952 6953
f 6965 6964 6953 6954
f 6963 6965 6954 6952
f 6966 6955 6956
f 6972 6973 6974 6975
f 6967 6957 6958
f 6966 6967 6958 6955
f 6961 6962 6959 6960
f 6967 6963 6964
f 6973 6972 6976 6977
f 6967 6966 6965 6963
f 6968 6966 6956
f 6969 6968 6956 6957
f 6969 6957 6967
f 6970 6967 6964
f 6971 6970 6964 6965
f 6971 6965 6966
f 6973 6972 6967 6966
f 6974 6973 6966 6968
f 6975 6974 6968 6969
f 6972 6975 6969 6967
f 6972 6973 6966 6967
f 6976 6972 6967 6970
f 6977 6976 6970 6971
f 6973 6977 6971 6966
f 6978 6789 6776
f 6979 6978 6776
f 6979 6776 6793
f 6979 6793 6814
f 6978 6979 6814 6822
f 6978 6822 6789
f 6981 6980 6788 6785
f 6982 6981 6785 6784
f 6983 6982 6784 6787
f 6984 6983 6787 6799
f 6985 6984 6799 6823
f 6980 6985 6823 6788
f 6987 6986 6980 6981
f 6988 6987 6981 6982
f 6989 6988 6982 6983
f 6990 6989 6983 6984
f 6991 6990 6984 6985
f 6986 6991 6985 6980
f 6819 6833 6834 6826
f 6826 6800 6813 6819
f 6780 7003 7001 7000
f 7002 6781 6999 6998
f 7006 7000 7001
f 7007 6999 6847 6786
f 6810 7012 7000 7008
f 6789 7006 7001 6790
f 6794 6998 7004 6791
f 6840 7005 6999 7007
f 6796 6795 6785 6784
f 6849 6796 6784 6847
f 6795 6797 7012 6785
f 6802 6786 6847
f 6803 6802 6847 6784
f 6803 6784 6787
f 6804 6786 6802
f 6811 6803 6787
f 6780 7003 7001 7000
f 7002 6781 6999 6998
f 7006 7000 7001
f 7007 6999 6847 6786
f 6787 6784 6785 6788
f 6810 7012 7000 7008
f 7008 7000 7006 6789
f 6789 7006 7001 6790
f 6790 7001 6998 6794
f 6794 6998 7004 6791
f 6840 7005 6999 7007
f 6784 6787 6803
f 6847 6784 6803 6802
f 6786 6847 6802
f 6803 6787 6811
f 6786 6802 6804
f 6805 6788 6785
f 6806 6805 6785 7012
f 6810 6806 7012
f 7003 7011 7002 6998 7001
f 7003 7011 7002 6998 7001
f 7011 7003 6780 6808
f 6808 6781 7002 7011
f 6780 7000 7012
f 6808 6780 7000 7012 6797 6809
f 7015 7016 7018 7019
f 7013 7014 6819 7017
f 7016 7015 6822
f 6786 6848 7014 7007
f 7008 7015 7023 6810
f 6790 7016 6822 6789
f 6791 7020 7013 6794
f 7007 7014 7021 6840
f 6799 6823 6824 6825
f 6848 6799 6825 6826
f 6823 7023 7019 6824
f 6848 6786 6827
f 6799 6848 6827 6828
f 6787 6799 6828
f 6827 6786 6829
f 6787 6828 6811
f 7015 7016 7018 7019
f 7013 7014 6819 7017
f 7016 7015 6822
f 6786 6848 7014 7007
f 6788 6823 6799 6787
f 7008 7015 7023 6810
f 6789 6822 7015 7008
f 6790 7016 6822 6789
f 6794 7013 7016 6790
f 6791 7020 7013 6794
f 7007 7014 7021 6840
f 6828 6787 6799
f 6827 6828 6799 6848
f 6827 6848 6786
f 6811 6787 6828
f 6829 6827 6786
f 6823 6788 6830
f 7023 6823 6830 6831
f 7023 6831 6810
f 7016 7013 7017 7022 7018
f 7016 7013 7017 7022 7018
f 7022 7017 6819 6833
f 7023 7015 7019
f 7014 7013 7020 7024 7021
f 7014 7013 7020 7024 7021
f 7005 7025 7004 6998 6999
f 7005 7025 7004 6998 6999
f 6838 6839 6846
f 6846 6844 6842
f 6846 6842 6845 6838
f 6839 6838 7024 7020
f 6839 7020 6791
f 6841 6840 7021
f 6840 6843 7005
f 6844 6791 7004
f 6842 6844 7004 7025
f 6845 6842 6837
f 6845 6837 6838
f 6846 6839 6791
f 6846 6791 6844
f 6842 6843 6840 6841 6838 6837
f 6842 7025 7005
f 7005 6843 6842
f 6838 6841 7021
f 7021 7024 6838
f 6833 6819 7014 6848 6826 6834
f 6809 6849 6847 6999 6781 6808
f 6851 6850 6794 7013
f 6853 6852 7016 6790
f 6855 6854 6790 7001
f 6857 6856 6998 6794
f 6885 6886 6887 6888
f 6893 6894 6895
f 6889 6890 6891 6892
f 6870 6865 6863 6868
f 6854 6865 6870 6869 6862 6857 6794 6790
f 6871 6864 6862 6869
f 6856 6864 6871 6868 6863 6855 7001 6998
f 6872 6861 6859 6866
f 6852 6861 6872 6867 6858 6851 7013 7016
f 6873 6860 6858 6867
f 6850 6860 6873 6866 6859 6853 6790 6794
f 6875 6874 6861 6852
f 6876 6875 6852 6853
f 6877 6876 6853 6859
f 6874 6877 6859 6861
f 6879 6878 6873 6867
f 6880 6879 6867 6872
f 6881 6880 6872 6866
f 6878 6881 6866 6873
f 6883 6882 6860 6850
f 6884 6883 6850 6851
f 6884 6851 6858
f 6882 6884 6858 6860
f 6886 6885 6864 6856
f 6887 6886 6856 6857
f 6888 6887 6857 6862
f 6885 6888 6862 6864
f 6890 6889 6871 6869
f 6891 6890 6869 6870
f 6892 6891 6870 6868
f 6889 6892 6868 6871
f 6894 6893 6865 6854
f 6895 6894 6854 6855
f 6895 6855 6863
f 6893 6895 6863 6865
f 6897 6896 6874 6875
f 6898 6897 6875 6876
f 6899 6898 6876 6877
f 6896 6899 6877 6874
f 6901 6900 6878 6879
f 6902 6901 6879 6880
f 6903 6902 6880 6881
f 6900 6903 6881 6878
f 6905 6904 6882 6883
f 6906 6905 6883 6884
f 6904 6906 6884 6882
f 6908 6907 6896 6897
f 6909 6908 6897 6898
f 6910 6909 6898 6899
f 6907 6910 6899 6896
f 6912 6911 6900 6901
f 6913 6912 6901 6902
f 6914 6913 6902 6903
f 6911 6914 6903 6900
f 6916 6915 6904 6905
f 6917 6916 6905 6906
f 6915 6917 6906 6904
f 6918 6907 6908
f 6924 6925 6926 6927
f 6919 6909 6910
f 6918 6919 6910 6907
f 6913 6914 6911 6912
f 6919 6915 6916
f 6925 6924 6928 6929
f 6919 6918 6917 6915
f 6920 6918 6908
f 6921 6920 6908 6909
f 6921 6909 6919
f 6922 6919 6916
f 6923 6922 6916 6917
f 6923 6917 6918
f 6925 6924 6919 6918
f 6926 6925 6918 6920
f 6927 6926 6920 6921
f 6924 6927 6921 6919
f 6924 6925 6918 6919
f 6928 6924 6919 6922
f 6929 6928 6922 6923
f 6925 6929 6923 6918
f 7015 7016 7018 7019
f 7013 7014 6819 7017
f 7016 7015 6822
f 6786 6800 7014 7007
f 6788 6823 6799 6787
f 7008 7015 7023 6810
f 6789 6822 7015 7008
f 6790 7016 6822 6789
f 6791 7020 7013 6794
f 7007 7014 7021 6840
f 6799 6823 6824 6825
f 6800 6799 6825 6826
f 6823 7023 7019 6824
f 6800 6786 6827
f 6799 6800 6827 6828
f 6787 6799 6828
f 6827 6786 6829
f 6787 6828 6811
f 7015 7016 7018 7019
f 7013 7014 6819 7017
f 7016 7015 6822
f 6786 6800 7014 7007
f 6788 6823 6799 6787
f 7008 7015 7023 6810
f 6789 6822 7015 7008
f 6790 7016 6822 6789
f 6794 7013 7016 6790
f 6791 7020 7013 6794
f 7007 7014 7021 6840
f 6828 6787 6799
f 6827 6828 6799 6800
f 6827 6800 6786
f 6811 6787 6828
f 6829 6827 6786
f 6823 6788 6830
f 7023 6823 6830 6831
f 7023 6831 6810
f 7016 7013 7017 7022 7018
f 7016 7013 7017 7022 7018
f 7022 7017 6819 6833
f 7023 7015 7019
f 6780 7003 7001 7000
f 7002 6781 6999 6998
f 7006 7000 7001
f 7007 6999 6932 6786
f 6787 6784 6785 6788
f 6810 7012 7000 7008
f 7008 7000 7006 6789
f 6789 7006 7001 6790
f 6794 6998 7004 6791
f 6840 7005 6999 7007
f 6796 6795 6785 6784
f 6849 6796 6784 6932
f 6795 6797 7012 6785
f 6802 6786 6932
f 6803 6802 6932 6784
f 6803 6784 6787
f 6804 6786 6802
f 6811 6803 6787
f 6780 7003 7001 7000
f 7002 6781 6999 6998
f 7006 7000 7001
f 7007 6999 6932 6786
f 6787 6784 6785 6788
f 6810 7012 7000 7008
f 7008 7000 7006 6789
f 6789 7006 7001 6790
f 6790 7001 6998 6794
f 6794 6998 7004 6791
f 6840 7005 6999 7007
f 6784 6787 6803
f 6932 6784 6803 6802
f 6786 6932 6802
f 6803 6787 6811
f 6786 6802 6804
f 6805 6788 6785
f 6806 6805 6785 7012
f 6810 6806 7012
f 7003 7011 7002 6998 7001
f 7003 7011 7002 6998 7001
f 7011 7003 6780 6808
f 6808 6781 7002 7011
f 6780 7000 7012
f 6808 6780 7000 7012 6797 6809
f 7005 7025 7004 6998 6999
f 7005 7025 7004 6998 6999
f 7014 7013 7020 7024 7021
f 7014 7013 7020 7024 7021
f 6846 6844 6842
f 6838 6839 6846
f 6842 6845 6838 6846
f 7004 7025 6842 6844
f 6791 7004 6844
f 7005 6840 6843
f 7021 6841 6840
f 7020 6791 6839
f 7024 7020 6839 6838
f 6837 6838 6845
f 6842 6837 6845
f 6791 6844 6846
f 6839 6791 6846
f 6837 6842 6843 6840 6841 6838
f 7021 7024 6838
f 6838 6841 7021
f 7005 6843 6842
f 6842 7025 7005
f 6809 6849 6932 6999 6781 6808
f 6998 6794 6857 6886
f 6790 7001 6933 6854
f 7016 6790 6853 7028
f 6794 7013 7029 6850
f 6882 6883 6851 6943
f 6880 6878 6879
f 6872 7030 6859 6866
f 6790 6794 6850 6860 6873 6866 6859 6853
f 6873 6860 7031 6867
f 7013 7016 7028 7030 6872 6867 7031 7029
f 6870 6865 6937 6868
f 7001 6998 6886 6936 6871 6868 6937 6933
f 6871 6936 6862 6869
f 6794 6790 6854 6865 6870 6869 6862 6857
f 6933 6937 6893 6894
f 6854 6933 6894
f 6865 6854 6893
f 6937 6865 6893
f 6871 6869 6890 6889
f 6868 6871 6889 6891
f 6870 6868 6891
f 6869 6870 6891 6890
f 6857 6862 6888 6887
f 6886 6857 6887 6942
f 6936 6886 6942 6885
f 6862 6936 6885 6888
f 7029 7031 6943 6851
f 6850 7029 6851 6883
f 6860 6850 6883 6882
f 7031 6860 6882 6943
f 6873 6867 6879 6878
f 6866 6873 6878 6880
f 6872 6866 6880
f 6867 6872 6880 6879
f 6853 6859 6874 6875
f 7028 6853 6875
f 7030 7028 6875 6874
f 6859 7030 6874
f 6894 6893 6944 6945
f 6854 6894 6945 6946
f 6893 6854 6946 6947
f 6893 6947 6944
f 6889 6890 6948 6949
f 6891 6889 6949 6950
f 6891 6950 6951
f 6890 6891 6951 6948
f 6887 6888 6952 6953
f 6942 6887 6953 6954
f 6885 6942 6954
f 6888 6885 6954 6952
f 6945 6944 6955 6956
f 6946 6945 6956 6957
f 6947 6946 6957 6958
f 6944 6947 6958 6955
f 6949 6948 6959 6960
f 6950 6949 6960 6961
f 6951 6950 6961 6962
f 6948 6951 6962 6959
f 6953 6952 6963 6964
f 6954 6953 6964 6965
f 6952 6954 6965 6963
f 6956 6955 6966
f 6975 6974 6973 6972
f 6958 6957 6967
f 6955 6958 6967 6966
f 6960 6959 6962 6961
f 6964 6963 6967
f 6977 6976 6972 6973
f 6963 6965 6966 6967
f 6956 6966 6968
f 6957 6956 6968 6969
f 6967 6957 6969
f 6964 6967 6970
f 6965 6964 6970 6971
f 6966 6965 6971
f 6966 6967 6972 6973
f 6968 6966 6973 6974
f 6969 6968 6974 6975
f 6967 6969 6975 6972
f 6967 6966 6973 6972
f 6970 6967 6972 6976
f 6971 6970 6976 6977
f 6966 6971 6977 6973
f 7006 6789 6978
f 7000 7006 6978 6979
f 7008 7000 6979
f 7015 7008 6979
f 6822 7015 6979 6978
f 6789 6822 6978
f 6785 6788 6980 6981
f 6784 6785 6981 6982
f 6787 6784 6982 6983
f 6799 6787 6983 6984
f 6823 6799 6984 6985
f 6788 6823 6985 6980
f 6981 6980 6986 6987
f 6982 6981 6987 6988
f 6983 6982 6988 6989
f 6984 6983 6989 6990
f 6985 6984 6990 6991
f 6980 6985 6991 6986
f 6826 6834 6833 6819
f 6819 7014 6800 6826
f 6790 7036 6794 6857 6862 6869 6870 6865 6854
f 6794 7035 6790 6853 6859 6866 6873 6860 6850
f 6790 6815 6812 6794 7035
f 6794 6774 6777 6790 7035
f 6853 6859 6866 6873 6860 6850 6794 7035 6790
f 6857 6862 6869 6870 6865 6854 6790 7035 6794
f 7035 6794 6812 7034
f 7035 7034 7037 7038
f 7038 7037 7039 7040
f 7040 7039 7041 7042
f 7042 7041 7043 7044
f 7044 7043 7045 7047
f 6817 6832 6816 6812 7034 7046 6815
f 6817 6832 6816 6812 7034 7046 6815
f 6815 7046 7034 6812 6851 6858 6867 6872 6861 6852
f 6790 6815 7046 7034 6812 6794
f 6817 6832 6816 6812 7034 7046 6815
f 6817 6832 6816 6812 7034 7046 6815
f 6935 6939 6941 6940 6938 6934 6815 7046 7034 6812
f 6794 6774 6777 6790 7047 7036
f 7036 7047 6790 6815 7046 7034
f 7034 7037 7039 7041 7043 7045
f 7049 7048 6838 6845
f 7050 7049 6845 6842
f 7051 7050 6842 6844
f 7052 7051 6844 6846
f 7053 7052 6846 6839
f 7048 7053 6839 6838
f 7054 6847 6775
f 7055 7054 6775 6783
f 7056 7055 6783 6840
f 7057 7056 6840 6821
f 7058 7057 6821 6813
f 7058 6813 6800
f 6990 6991 7064 7063
f 6991 6986 7059 7064
f 6986 6987 7060 7059
f 6987 6988 7061 7060
f 6988 6989 7062 7061
f 6989 6990 7063 7062
f 7071 7072 7073 7074 7075 7076
f 7066 7065 7063 7064
f 7067 7066 7064 7059
f 7068 7067 7059 7060
f 7069 7068 7060 7061
f 7070 7069 7061 7062
f 7065 7070 7062 7063
f 7072 7071 7065 7066
f 7073 7072 7066 7067
f 7074 7073 7067 7068
f 7075 7074 7068 7069
f 7076 7075 7069 7070
f 7071 7076 7070 7065
f 7038 7036 7047 7044 7042 7040

g 
v 0.0054 65.1304 0.2436
v 0.0055 65.2103 -0.029
v -0.0625 65.1916 -0.0057
v -0.0625 65.1916 0.1033
v -0.077 65.1332 -0.072
v 0.017 65.2139 0.1306
v 0.0717 65.2053 0.1159
v 0.0899 65.128 0.2301
v 0.017 65.1324 0.241
v -0.0696 65.1247 0.2273
v -0.0536 65.2003 0.1173
v -0.0521 65.2024 -0.0278
v -0.0683 65.1375 -0.0991
v -0.0774 65.1316 0.0559
v 0.0054 65.1354 -0.1028
v 0.0978 65.1117 -0.0577
v 0.0734 65.1916 -0.0057
v 0.0734 65.1916 0.1033
v 0.089 65.1257 0.1987
v 0.0805 65.1247 0.2273
v 0.0645 65.2003 0.1173
v 0.063 65.2024 -0.0278
v 0.0792 65.1375 -0.0991
v 0.0956 65.107 0.1325
v 0.0883 65.1284 0.1749
v 0.0533 65.0573 0.4162
v 0.0656 65.0055 0.4045
v -0.0424 65.0573 0.4162
v -0.0547 65.0055 0.4045
v -0.079 65.128 0.2301
v -0.0781 65.1289 0.1987
v 0.0601 64.9899 -0.0997
v 0.0601 64.9899 -0.1099
v 0.0601 64.9888 0.2436
v 0.1338 64.9339 0.2502
v 0.1538 64.879 0.0845
v 0.1685 64.8787 0.0845
v 0.1684 64.8787 0.0643
v 0.1538 64.879 0.0643
v 0.1605 64.8865 0.2502
v 0.1609 64.8865 0.068
v 0.1523 64.8807 0.068
v -0.1229 64.9339 0.2502
v -0.1429 64.879 0.0845
v -0.1576 64.8787 0.0845
v -0.1575 64.8787 0.0643
v -0.1429 64.879 0.0643
v -0.1496 64.8865 0.2502
v -0.15 64.8865 0.068
v -0.1414 64.8807 0.068
v 0.0067 65.2364 -0.6018
v 0.0067 65.2406 -0.591
v 0.0055 65.219 0.0311
v 0.0055 65.2198 0.0683
v 0.0056 65.2393 0.0498
v 0.0056 65.2397 0.0498
v 0.0055 65.5103 0.0453
v 0.0059 65.5103 0.0524
v 0.0156 65.2385 0.0381
v -0.0047 65.2385 0.0381
v 0.0055 65.3743 0.0453
v 0.0059 65.3748 0.0524
v 0.0841 65.0598 0.1442
v 0.0055 65.053 0.1442
v 0.0236 65.0628 0.206
v 0.0208 65.0553 0.2056
v 0.0289 65.0547 0.2054
v 0.0289 65.0597 0.2059
v 0.0182 65.0676 0.1599
v 0.0279 65.0582 0.1572
v 0.0278 65.0738 0.1622
v 0.0214 65.0597 0.2059
v 0.0201 65.0742 0.1616
v 0.0231 65.061 0.1581
v 0.0257 65.0519 0.2053
v 0.0325 65.0634 0.1587
v 0.0266 65.0628 0.206
v 0.0325 65.0719 0.161
v 0.0236 65.0592 0.2143
v 0.0208 65.0547 0.2138
v 0.0289 65.0541 0.2138
v 0.0289 65.0592 0.2143
v 0.0214 65.0592 0.2143
v 0.0257 65.0513 0.2137
v 0.0266 65.0592 0.2143
v 0.0266 65.0768 0.2123
v 0.0289 65.0768 0.2123
v 0.0289 65.0767 0.2146
v 0.0266 65.0767 0.2146
v 0.0236 65.0768 0.2123
v 0.0236 65.0767 0.2146
v 0.0201 65.0755 0.2124
v 0.0201 65.0754 0.2143
v 0.027 65.0799 0.2125
v 0.0289 65.0799 0.2125
v 0.0289 65.0797 0.2147
v 0.027 65.0797 0.2147
v 0.0236 65.0799 0.2125
v 0.0236 65.0797 0.2147
v 0.0201 65.078 0.2127
v 0.0201 65.0778 0.2143
v 0.0496 65.0681 0.1134
v 0.0527 65.1169 0.1198
v 0.0563 65.1087 0.1043
v 0.0467 65.1417 0.1182
v 0.0498 65.1425 0.1018
v 0.0693 65.1365 0.1099
v 0.0696 65.1176 0.1169
v 0.0512 65.0629 0.205
v 0.054 65.0554 0.2044
v 0.0459 65.0547 0.2044
v 0.0375 65.0748 0.128
v 0.0459 65.0599 0.2049
v 0.0832 65.0961 0.1076
v 0.076 65.1007 0.1138
v 0.0378 65.089 0.1189
v 0.056 65.0906 0.1125
v 0.0378 65.1327 0.096
v 0.057 65.144 0.1115
v 0.0629 65.1336 0.1196
v 0.0566 65.0677 0.1591
v 0.0378 65.0912 0.097
v 0.0469 65.0583 0.1567
v 0.0472 65.0738 0.1614
v 0.0582 65.1113 0.1098
v 0.0864 65.0761 0.1198
v 0.0832 65.0725 0.118
v 0.0803 65.0736 0.1211
v 0.0378 65.0676 0.1163
v 0.0498 65.0904 0.1164
v 0.0557 65.0735 0.1073
v 0.0554 65.09 0.1059
v 0.0511 65.0909 0.1011
v 0.0518 65.0606 0.0959
v 0.0509 65.1331 0.1235
v 0.0378 65.1437 0.0975
v 0.0554 65.1299 0.096
v 0.0564 65.1395 0.118
v 0.0493 65.1457 0.1101
v 0.0635 65.1388 0.1041
v 0.0532 65.0599 0.2049
v 0.0547 65.0742 0.1609
v 0.0517 65.061 0.1574
v 0.049 65.0521 0.2043
v 0.0424 65.0634 0.158
v 0.0456 65.077 0.1196
v 0.0482 65.0629 0.205
v 0.0424 65.0719 0.1603
v 0.0742 65.1226 0.1085
v 0.0664 65.1262 0.0988
v 0.0771 65.0932 0.102
v 0.0695 65.0975 0.1092
v 0.0836 65.0761 0.1225
v 0.0378 65.08 0.1104
v 0.0378 65.1159 0.1212
v 0.0378 65.1337 0.1242
v 0.0378 65.1411 0.1209
v 0.0378 65.1114 0.0966
v 0.0375 65.057 0.0956
v 0.0404 65.1427 0.118
v 0.0408 65.1464 0.1144
v 0.0376 65.1485 0.103
v 0.042 65.1482 0.1051
v 0.0431 65.1475 0.1098
v 0.0249 65.0681 0.1134
v 0.0218 65.1169 0.1198
v 0.0182 65.1087 0.1005
v 0.0188 65.0735 0.1075
v 0.0278 65.1417 0.1182
v 0.0247 65.1425 0.1018
v 0.0052 65.1365 0.1099
v 0.0048 65.1176 0.1169
v -0.0087 65.0961 0.1076
v -0.0015 65.1007 0.1138
v 0.0184 65.0906 0.1125
v 0.0175 65.144 0.1115
v 0.0116 65.1336 0.1196
v 0.0162 65.1113 0.1098
v -0.0119 65.0761 0.1198
v -0.0087 65.0725 0.118
v -0.0058 65.0736 0.1211
v 0.0247 65.0904 0.1164
v 0.0189 65.09 0.1059
v 0.0233 65.0909 0.1011
v 0.0215 65.0587 0.1186
v 0.0236 65.1331 0.1235
v 0.0191 65.1299 0.096
v 0.0181 65.1395 0.118
v 0.0252 65.1457 0.1101
v 0.0108 65.1388 0.1041
v 0.0281 65.0771 0.1198
v 0.0003 65.1226 0.1085
v 0.0081 65.1262 0.0988
v -0.0026 65.0932 0.102
v 0.005 65.0975 0.1092
v -0.0093 65.0761 0.1225
v 0.034 65.1427 0.118
v 0.0337 65.1464 0.1144
v 0.0325 65.1482 0.1051
v 0.0312 65.1475 0.1098
v 0.0412 65.1495 0.1251
v 0.0444 65.1696 0.1224
v 0.0379 65.1592 0.0966
v 0.0411 65.1766 0.1166
v 0.0454 65.1577 0.1012
v 0.0379 65.1745 0.0962
v 0.0475 65.1537 0.1111
v 0.0333 65.1495 0.1251
v 0.0454 65.1735 0.1009
v 0.0291 65.1577 0.1012
v 0.0376 65.1766 0.1009
v 0.027 65.1537 0.1111
v 0.0475 65.1716 0.1111
v 0.0301 65.1696 0.1224
v 0.0424 65.1766 0.1038
v 0.0291 65.1735 0.1009
v 0.027 65.1716 0.1111
v 0.0435 65.1766 0.1102
v 0.0334 65.1766 0.1166
v 0.0321 65.1766 0.1038
v 0.0308 65.1766 0.1102
v 0.022 65.07 0.2133
v 0.0191 65.07 0.2133
v 0.0191 65.0719 0.2104
v 0.022 65.0719 0.2104
v 0.0263 65.0719 0.2104
v 0.0297 65.0719 0.2104
v 0.0297 65.07 0.2133
v 0.0263 65.07 0.2133
v 0.0228 65.0606 0.0959
v 0.0184 65.0663 0.1067
v 0.0181 65.0652 0.1186
v 0.0375 65.0563 0.1232
v 0.0517 65.059 0.1185
v 0.0567 65.0663 0.1189
v 0.0563 65.0663 0.1067
v 0.0512 65.0593 0.2131
v 0.054 65.0547 0.2128
v 0.0457 65.0541 0.2128
v 0.0457 65.0593 0.2131
v 0.0532 65.0593 0.2131
v 0.049 65.0513 0.2127
v 0.048 65.0593 0.2131
v 0.048 65.077 0.2112
v 0.0457 65.077 0.2112
v 0.0457 65.0767 0.2136
v 0.048 65.0767 0.2136
v 0.0512 65.077 0.2112
v 0.0512 65.0767 0.2136
v 0.0547 65.0755 0.2114
v 0.0547 65.0754 0.2131
v 0.0477 65.08 0.2115
v 0.0459 65.08 0.2115
v 0.0459 65.0799 0.2136
v 0.0477 65.0799 0.2136
v 0.0512 65.08 0.2115
v 0.0512 65.0799 0.2136
v 0.0547 65.078 0.2117
v 0.0547 65.0778 0.2133
v 0.0528 65.07 0.2121
v 0.0557 65.07 0.2121
v 0.0557 65.072 0.2094
v 0.0528 65.072 0.2094
v 0.0483 65.072 0.2094
v 0.0451 65.072 0.2094
v 0.0451 65.07 0.2121
v 0.0483 65.07 0.2121
v 0.0205 65.0741 0.1202
v 0.0554 65.0734 0.1193

g name12 
f 7206 7212 7209 7214
f 7205 7213 7209 7212
f 7207 7215 7210 7216
f 7206 7214 7210 7215
f 7325 7373 7210 7214
f 7373 7216 7210
f 7252 7331 7211 7218
f 7205 7217 7211 7213
f 7208 7218 7211 7217
f 7216 7373 7252 7218
f 7207 7216 7218 7208
f 7237 7236 7235 7234
f 7222 7221 7207 7208
f 7221 7224 7215 7207
f 7224 7220 7206 7215
f 7220 7223 7212 7206
f 7241 7239 7238 7240
f 7239 7237 7234 7238
f 7227 7226 7234 7235
f 7228 7227 7235 7236
f 7229 7228 7236 7237
f 7226 7230 7238 7234
f 7231 7229 7237 7239
f 7230 7232 7240 7238
f 7233 7231 7239 7241
f 7232 7233 7241 7240
f 7270 7256 7269 7242
f 7295 7256 7270 7243
f 7271 7257 7270 7242
f 7270 7257 7265 7243
f 7265 7257 7272 7244
f 7244 7272 7273 7262 7298
f 7297 7296 7275 7245
f 7275 7296 7295 7243
f 7277 7258 7276 7246
f 7298 7258 7277 7244
f 7280 7259 7247
f 7247 7259 7278 7260
f 7278 7259 7279 7245
f 7279 7259 7280 7246
f 7248 7260 7275 7243
f 7275 7260 7278 7245
f 7301 7300 7297 7245
f 7276 7302 7303 7246
f 7303 7304 7279 7246
f 7279 7304 7301 7245
f 7283 7261 7281 7250
f 7281 7261 7282 7249
f 7299 7262 7273 7274
f 7285 7263 7284 7251
f 7284 7263 7283 7250
f 7263 7285 7373
f 7269 7294 7271 7242
f 7271 7294 7286
f 7288 7264 7286 7252
f 7282 7264 7287 7249
f 7287 7264 7288 7253
f 7291 7290 7289 7254
f 7289 7290 7280 7247
f 7280 7290 7277 7246
f 7244 7277 7290 7265
f 7292 7265 7290 7291
f 7265 7248 7243
f 7248 7265 7292 7255
f 7254 7289 7248 7255
f 7248 7289 7247 7260
f 7293 7266 7254 7255
f 7266 7267 7291 7254
f 7267 7268 7292 7291
f 7292 7268 7293 7255
f 7288 7252 7373 7285
f 7253 7288 7285 7251
f 7252 7286 7294
f 7305 7269 7256 7322
f 7306 7322 7256 7295
f 7308 7315 7323
f 7305 7322 7315 7308
f 7306 7318 7315 7322
f 7307 7323 7315 7318
f 7307 7324 7323
f 7309 7326 7296 7297
f 7306 7295 7296 7326
f 7310 7276 7258 7327
f 7307 7327 7258 7298
f 7311 7316 7330
f 7317 7328 7316 7311
f 7309 7329 7316 7328
f 7310 7330 7316 7329
f 7306 7326 7317 7312
f 7309 7328 7317 7326
f 7309 7297 7337 7338
f 7310 7339 7302 7276
f 7310 7329 7340 7339
f 7309 7338 7340 7329
f 7307 7298 7262 7324
f 7305 7308 7294 7269
f 7308 7331 7294
f 7313 7332 7333 7334
f 7311 7330 7333 7332
f 7310 7327 7333 7330
f 7307 7333 7327
f 7334 7333 7318 7335
f 7307 7318 7333
f 7306 7312 7318
f 7314 7335 7318 7312
f 7314 7312 7332 7313
f 7317 7311 7332 7312
f 7314 7313 7319 7336
f 7313 7334 7320 7319
f 7334 7335 7321 7320
f 7314 7336 7321 7335
f 7294 7331 7252
f 7300 7301 7338 7337
f 7337 7297 7300
f 7338 7301 7341 7348
f 7301 7304 7347 7341
f 7304 7303 7345 7347
f 7303 7302 7343 7345
f 7302 7339 7350 7343
f 7339 7340 7352 7350
f 7340 7338 7348 7352
f 7348 7341 7342 7354
f 7341 7347 7353 7342
f 7347 7345 7349 7353
f 7345 7343 7346 7349
f 7343 7350 7356 7346
f 7350 7352 7357 7356
f 7352 7348 7354 7357
f 7354 7342 7344 7359
f 7342 7353 7358 7344
f 7353 7349 7355 7358
f 7349 7346 7351 7355
f 7346 7356 7360 7351
f 7356 7357 7361 7360
f 7357 7354 7359 7361
f 7359 7344 7358 7355 7351 7360 7361
f 7219 7223 7220 7224 7221 7222 7225
f 7362 7231 7233 7363
f 7363 7223 7219 7362
f 7363 7233 7232 7364
f 7364 7212 7223 7363
f 7364 7232 7230 7365
f 7365 7205 7212 7364
f 7365 7230 7226 7366
f 7366 7217 7205 7365
f 7366 7226 7227 7367
f 7367 7208 7217 7366
f 7367 7227 7228 7368
f 7368 7222 7208 7367
f 7368 7228 7229 7369
f 7369 7225 7222 7368
f 7362 7219 7225 7369
f 7369 7229 7231 7362
f 7373 7325 7370 7299
f 7299 7274 7374 7373
f 7372 7371 7370 7325
f 7376 7375 7374 7274
f 7370 7324 7262 7299
f 7308 7323 7324 7370 7371
f 7214 7209 7372 7325
f 7283 7263 7373 7374
f 7374 7375 7261 7283
f 7392 7393 7394 7395
f 7253 7251 7379 7380
f 7251 7284 7382 7379
f 7284 7250 7378 7382
f 7250 7281 7381 7378
f 7398 7396 7397 7399
f 7396 7392 7395 7397
f 7393 7392 7384 7385
f 7394 7393 7385 7386
f 7395 7394 7386 7387
f 7392 7396 7388 7384
f 7397 7395 7387 7389
f 7396 7398 7390 7388
f 7399 7397 7389 7391
f 7398 7399 7391 7390
f 7383 7380 7379 7382 7378 7381 7377
f 7401 7391 7389 7400
f 7400 7377 7381 7401
f 7402 7390 7391 7401
f 7401 7381 7281 7402
f 7403 7388 7390 7402
f 7402 7281 7249 7403
f 7404 7384 7388 7403
f 7403 7249 7287 7404
f 7405 7385 7384 7404
f 7404 7287 7253 7405
f 7406 7386 7385 7405
f 7405 7253 7380 7406
f 7407 7387 7386 7406
f 7406 7380 7383 7407
f 7407 7383 7377 7400
f 7400 7389 7387 7407
f 7331 7308 7408
f 7408 7213 7211 7331
f 7408 7308 7371 7372
f 7372 7209 7213 7408
f 7286 7264 7282 7409
f 7409 7271 7286
f 7409 7282 7261 7375
f 7375 7376 7271 7409
f 7376 7274 7273 7272
f 7272 7257 7271 7376

g 
v 4.724 0.7323 -2.0041
v 18.3857 4.1558 -1.2827
v 17.409 3.3546 -4.9885
v 11.9462 3.3546 -5.2748
v 20.7725 0.8529 -5.5915
v 10.3547 4.3102 -1.0856
v 10.9377 3.9416 1.8848
v 5.1632 0.6293 2.5603
v 4.8217 0.818 -1.3755
v 5.7516 0.4884 -5.981
v 11.2195 3.7278 -4.8345
v 18.4874 3.8173 -4.3731
v 22.1062 1.0362 -5.054
v 14.3636 0.7836 -5.9489
v 22.0846 0.9463 -1.0942
v 19.5648 -0.0691 3.7397
v 17.0273 3.3546 2.2953
v 11.5644 3.3546 2.009
v 6.7394 0.531 2.5945
v 5.33 0.4884 2.0638
v 10.8878 3.7278 1.4952
v 18.164 3.8173 1.796
v 21.6919 1.0362 2.8515
v 10.0387 -0.2708 3.1222
v 7.9342 0.6463 2.6195
v -4.0608 -2.4004 0.1099
v -3.509 -4.6194 0.7998
v -3.792 -2.4004 -5.0194
v -3.1711 -4.6194 -5.6479
v 5.6376 0.6293 -6.4922
v 7.2088 0.6677 -6.3615
v 21.7756 -5.2885 1.8294
v 22.2868 -5.2885 1.8562
v 4.5704 -5.335 0.9277
v 4.0325 -7.6875 4.8603
v 12.2808 -10.0395 6.3675
v 12.2395 -10.0522 7.1554
v 13.2522 -10.0522 7.2031
v 13.2932 -10.0395 6.4206
v 3.9575 -9.7188 6.2914
v 13.0878 -9.7188 6.7914
v 13.1119 -9.9672 6.3305
v 4.7536 -7.6875 -8.8978
v 13.1142 -10.0395 -9.5346
v 13.1555 -10.0522 -10.3225
v 14.1676 -10.0522 -10.264
v 14.1266 -10.0395 -9.4815
v 4.8286 -9.7188 -10.3289
v 13.9611 -9.7188 -9.8718
v 13.9369 -9.9672 -9.4109
v 47.0896 5.2739 0.2861
v 46.5484 5.4543 0.2577
v 15.3736 4.5285 -1.4406
v 13.5093 4.5628 -1.5383
v 14.4362 5.3985 -1.4843
v 14.4362 5.4157 -1.4843
v 14.662 17.0112 -1.4779
v 14.305 17.0112 -1.4751
v 14.9945 5.3644 -0.9176
v 15.0515 5.3644 -2.0057
v 14.662 11.1839 -1.4779
v 14.305 11.2049 -1.4751
v 9.4846 -2.2928 2.4751
v 9.7054 -2.5841 -1.7376
v 8.3457 -4.6637 -0.8361
v 8.73 -4.6648 -0.9664
v 8.7399 -4.6473 -0.5306
v 8.4854 -4.6741 -0.5439
v 8.4142 -2.0406 -1.1227
v 8.8728 -2.3236 -0.5774
v 8.0614 -1.9156 -0.6253
v 8.5065 -4.6741 -0.9459
v 8.0674 -1.8814 -1.0388
v 8.7408 -2.3676 -0.8423
v 8.8902 -4.6489 -0.6947
v 8.5896 -1.9949 -0.345
v 8.3373 -4.6637 -0.6753
v 8.1507 -1.858 -0.368
v 8.4722 -5.1442 -0.8295
v 8.7092 -5.1267 -0.9675
v 8.7161 -5.1295 -0.5319
v 8.4573 -5.1442 -0.5454
v 8.4784 -5.1442 -0.9474
v 8.8669 -5.1347 -0.6959
v 8.4638 -5.1442 -0.6687
v 7.598 -4.9741 -0.7141
v 7.5916 -4.9741 -0.5908
v 7.5822 -5.1003 -0.5913
v 7.5886 -5.1003 -0.7146
v 7.6065 -4.9741 -0.8749
v 7.597 -5.1003 -0.8754
v 7.6795 -4.9835 -1.0591
v 7.6723 -5.094 -1.0595
v 7.4409 -4.9707 -0.7008
v 7.4355 -4.9707 -0.599
v 7.4306 -5.0968 -0.5992
v 7.436 -5.0968 -0.7011
v 7.4504 -4.9707 -0.883
v 7.4455 -5.0968 -0.8833
v 7.5528 -4.996 -1.0658
v 7.5539 -5.0812 -1.0657
v 11.1251 -1.9372 0.7069
v 10.7957 0.1538 0.8562
v 11.5623 -0.1979 1.0899
v 10.8927 1.2166 0.5388
v 11.7059 1.2504 0.7481
v 11.2452 0.9938 1.7719
v 10.8935 0.1837 1.7696
v 8.2702 -4.5996 0.6433
v 8.6413 -4.5935 0.8132
v 8.6979 -4.5961 0.3808
v 10.4274 -1.4143 0.02
v 8.4353 -4.6054 0.367
v 11.3214 -0.7376 2.5229
v 11.0309 -0.5402 2.1208
v 10.8826 -1.0421 0.06
v 11.1523 -0.9735 1.0523
v 12.0303 0.831 0.1201
v 11.1995 1.3154 1.1085
v 10.777 0.8693 1.4034
v 8.3061 -1.995 0.9353
v 11.9802 -0.9474 0.1175
v 8.8177 -2.2983 0.4409
v 8.0128 -1.8689 0.4148
v 11.2814 -0.086 1.1773
v 10.701 -1.595 2.6624
v 10.8002 -1.7484 2.4956
v 10.653 -1.7014 2.3321
v 11.013 -1.9585 0.0668
v 10.9742 -0.9817 0.7097
v 11.4137 -1.706 1.0498
v 11.4847 -0.999 1.0374
v 11.7373 -0.9601 0.8196
v 11.996 -2.2586 0.8708
v 10.6153 0.8489 0.75
v 11.9552 1.3015 0.1162
v 11.9809 0.7108 1.0634
v 10.8755 1.1217 1.0593
v 11.2913 1.3878 0.6995
v 11.5522 1.092 1.4763
v 8.4147 -4.6054 0.7583
v 7.9738 -1.8454 0.8158
v 8.6641 -2.3316 0.6908
v 8.8192 -4.5993 0.5538
v 8.5671 -1.9513 0.1858
v 10.8256 -1.3203 0.4762
v 8.2786 -4.5996 0.4825
v 8.1257 -1.8276 0.1627
v 11.3016 0.3977 2.0382
v 11.8096 0.5522 1.6456
v 11.6192 -0.8614 2.2107
v 11.2797 -0.6779 1.7845
v 10.5736 -1.595 2.5053
v 11.3086 -1.4275 0.0823
v 10.7673 0.1108 0.0539
v 10.617 0.8734 0.0461
v 10.7824 1.1908 0.0547
v 12.0002 -0.0822 0.1185
v 12.0512 -2.4131 0.1051
v 10.9204 1.2595 0.2017
v 11.0997 1.4178 0.2326
v 11.68 1.5079 0.091
v 11.5624 1.4946 0.3213
v 11.3238 1.4651 0.3679
v 11.1945 -1.9372 -0.617
v 10.8825 0.1538 -0.7999
v 11.8598 -0.1979 -0.9422
v 11.5073 -1.706 -0.9284
v 10.9458 1.2166 -0.4741
v 11.7764 1.2504 -0.5972
v 11.4252 0.9938 -1.6636
v 11.0756 0.1837 -1.7035
v 11.5795 -0.7376 -2.4026
v 11.2486 -0.5402 -2.033
v 11.2579 -0.9735 -0.963
v 11.3105 1.3154 -1.0086
v 10.9211 0.8693 -1.3461
v 11.3994 -0.086 -1.0738
v 10.9771 -1.595 -2.6061
v 11.0583 -1.7484 -2.4299
v 10.8948 -1.7015 -2.2826
v 11.0447 -0.9817 -0.6356
v 11.5872 -0.999 -0.9188
v 11.8154 -0.9601 -0.6704
v 10.9434 -2.34 -0.8129
v 10.6919 0.8489 -0.7132
v 12.0828 0.7108 -0.8821
v 10.983 1.1217 -0.9935
v 11.359 1.3878 -0.5922
v 11.7002 1.092 -1.3482
v 10.8648 -1.3155 -0.4623
v 11.5092 0.3977 -1.9226
v 11.9734 0.5522 -1.479
v 11.8431 -0.8614 -2.0609
v 11.4609 -0.6779 -1.6725
v 10.8345 -1.595 -2.4739
v 10.9384 1.2595 -0.1413
v 11.1197 1.4178 -0.1479
v 11.5891 1.4946 -0.1878
v 11.3572 1.4651 -0.2699
v 10.5624 1.5506 0.2259
v 10.6887 2.4121 0.4045
v 12.0 1.9665 0.1239
v 10.9886 2.7118 0.2429
v 11.7484 1.9021 0.5138
v 12.02 2.6219 0.125
v 11.2463 1.7308 0.6004
v 10.5845 1.5506 -0.1975
v 11.7634 2.5791 0.5146
v 11.7942 1.9021 -0.3598
v 11.7853 2.7118 0.0965
v 11.3039 1.7308 -0.4984
v 11.2463 2.4978 0.6004
v 10.7288 2.4121 -0.3619
v 11.6265 2.7118 0.3462
v 11.8092 2.5791 -0.359
v 11.3039 2.4978 -0.4984
v 11.3026 2.7118 0.3883
v 11.0102 2.7118 -0.1698
v 11.6554 2.7118 -0.2058
v 11.3383 2.7118 -0.2923
v 7.944 -5.0466 -0.9432
v 7.9521 -5.0466 -1.0986
v 7.8753 -4.8816 -1.1026
v 7.8671 -4.8816 -0.9472
v 7.855 -4.8816 -0.7167
v 7.8455 -4.8816 -0.5345
v 7.9224 -5.0466 -0.5305
v 7.9319 -5.0466 -0.7127
v 12.0774 -2.2586 -0.6836
v 11.5485 -2.014 -0.9477
v 10.953 -2.0618 -0.9951
v 10.6679 -2.4424 0.0326
v 10.8636 -2.3276 0.806
v 10.8295 -2.014 1.073
v 11.4421 -2.014 1.0836
v 8.3983 -5.075 0.65
v 8.6214 -5.0788 0.8121
v 8.676 -5.0714 0.3689
v 8.4138 -5.075 0.3552
v 8.3927 -5.075 0.7571
v 8.8055 -5.0846 0.5531
v 8.4073 -5.075 0.4785
v 7.5341 -4.91 0.4327
v 7.5405 -4.91 0.3094
v 7.5405 -5.045 0.3094
v 7.534 -5.045 0.4327
v 7.5251 -4.91 0.6042
v 7.525 -5.045 0.6042
v 7.5888 -4.929 0.7956
v 7.5836 -5.0192 0.7954
v 7.3832 -4.9149 0.4087
v 7.3883 -4.9149 0.3122
v 7.3793 -5.036 0.3117
v 7.3743 -5.036 0.4082
v 7.3734 -4.9149 0.5963
v 7.3645 -5.036 0.5958
v 7.4617 -4.9448 0.789
v 7.4627 -5.0234 0.789
v 7.8637 -4.9861 0.7079
v 7.8556 -4.9861 0.8634
v 7.774 -4.8219 0.8591
v 7.7822 -4.8219 0.7037
v 7.7948 -4.8219 0.4625
v 7.8038 -4.8219 0.291
v 7.8854 -4.9861 0.2952
v 7.8764 -4.9861 0.4667
v 10.866 -1.4444 -0.8707
v 10.8131 -1.4737 1.0023

g name13 
f 7475 7481 7478 7483
f 7474 7482 7478 7481
f 7476 7484 7479 7485
f 7475 7483 7479 7484
f 7594 7642 7479 7483
f 7642 7485 7479
f 7521 7600 7480 7487
f 7474 7486 7480 7482
f 7477 7487 7480 7486
f 7485 7642 7521 7487
f 7476 7485 7487 7477
f 7506 7505 7504 7503
f 7491 7490 7476 7477
f 7490 7493 7484 7476
f 7493 7489 7475 7484
f 7489 7492 7481 7475
f 7510 7508 7507 7509
f 7508 7506 7503 7507
f 7496 7495 7503 7504
f 7497 7496 7504 7505
f 7498 7497 7505 7506
f 7495 7499 7507 7503
f 7500 7498 7506 7508
f 7499 7501 7509 7507
f 7502 7500 7508 7510
f 7501 7502 7510 7509
f 7539 7525 7538 7511
f 7564 7525 7539 7512
f 7540 7526 7539 7511
f 7539 7526 7534 7512
f 7534 7526 7541 7513
f 7513 7541 7542 7531 7567
f 7566 7565 7544 7514
f 7544 7565 7564 7512
f 7546 7527 7545 7515
f 7567 7527 7546 7513
f 7549 7528 7516
f 7516 7528 7547 7529
f 7547 7528 7548 7514
f 7548 7528 7549 7515
f 7517 7529 7544 7512
f 7544 7529 7547 7514
f 7570 7569 7566 7514
f 7545 7571 7572 7515
f 7572 7573 7548 7515
f 7548 7573 7570 7514
f 7552 7530 7550 7519
f 7550 7530 7551 7518
f 7568 7531 7542 7543
f 7554 7532 7553 7520
f 7553 7532 7552 7519
f 7532 7554 7642
f 7538 7563 7540 7511
f 7540 7563 7555
f 7557 7533 7555 7521
f 7551 7533 7556 7518
f 7556 7533 7557 7522
f 7560 7559 7558 7523
f 7558 7559 7549 7516
f 7549 7559 7546 7515
f 7513 7546 7559 7534
f 7561 7534 7559 7560
f 7534 7517 7512
f 7517 7534 7561 7524
f 7523 7558 7517 7524
f 7517 7558 7516 7529
f 7562 7535 7523 7524
f 7535 7536 7560 7523
f 7536 7537 7561 7560
f 7561 7537 7562 7524
f 7557 7521 7642 7554
f 7522 7557 7554 7520
f 7521 7555 7563
f 7574 7538 7525 7591
f 7575 7591 7525 7564
f 7577 7584 7592
f 7574 7591 7584 7577
f 7575 7587 7584 7591
f 7576 7592 7584 7587
f 7576 7593 7592
f 7578 7595 7565 7566
f 7575 7564 7565 7595
f 7579 7545 7527 7596
f 7576 7596 7527 7567
f 7580 7585 7599
f 7586 7597 7585 7580
f 7578 7598 7585 7597
f 7579 7599 7585 7598
f 7575 7595 7586 7581
f 7578 7597 7586 7595
f 7578 7566 7606 7607
f 7579 7608 7571 7545
f 7579 7598 7609 7608
f 7578 7607 7609 7598
f 7576 7567 7531 7593
f 7574 7577 7563 7538
f 7577 7600 7563
f 7582 7601 7602 7603
f 7580 7599 7602 7601
f 7579 7596 7602 7599
f 7576 7602 7596
f 7603 7602 7587 7604
f 7576 7587 7602
f 7575 7581 7587
f 7583 7604 7587 7581
f 7583 7581 7601 7582
f 7586 7580 7601 7581
f 7583 7582 7588 7605
f 7582 7603 7589 7588
f 7603 7604 7590 7589
f 7583 7605 7590 7604
f 7563 7600 7521
f 7569 7570 7607 7606
f 7606 7566 7569
f 7607 7570 7610 7617
f 7570 7573 7616 7610
f 7573 7572 7614 7616
f 7572 7571 7612 7614
f 7571 7608 7619 7612
f 7608 7609 7621 7619
f 7609 7607 7617 7621
f 7617 7610 7611 7623
f 7610 7616 7622 7611
f 7616 7614 7618 7622
f 7614 7612 7615 7618
f 7612 7619 7625 7615
f 7619 7621 7626 7625
f 7621 7617 7623 7626
f 7623 7611 7613 7628
f 7611 7622 7627 7613
f 7622 7618 7624 7627
f 7618 7615 7620 7624
f 7615 7625 7629 7620
f 7625 7626 7630 7629
f 7626 7623 7628 7630
f 7628 7613 7627 7624 7620 7629 7630
f 7488 7492 7489 7493 7490 7491 7494
f 7631 7500 7502 7632
f 7632 7492 7488 7631
f 7632 7502 7501 7633
f 7633 7481 7492 7632
f 7633 7501 7499 7634
f 7634 7474 7481 7633
f 7634 7499 7495 7635
f 7635 7486 7474 7634
f 7635 7495 7496 7636
f 7636 7477 7486 7635
f 7636 7496 7497 7637
f 7637 7491 7477 7636
f 7637 7497 7498 7638
f 7638 7494 7491 7637
f 7631 7488 7494 7638
f 7638 7498 7500 7631
f 7642 7594 7639 7568
f 7568 7543 7643 7642
f 7641 7640 7639 7594
f 7645 7644 7643 7543
f 7639 7593 7531 7568
f 7577 7592 7593 7639 7640
f 7483 7478 7641 7594
f 7552 7532 7642 7643
f 7643 7644 7530 7552
f 7661 7662 7663 7664
f 7522 7520 7648 7649
f 7520 7553 7651 7648
f 7553 7519 7647 7651
f 7519 7550 7650 7647
f 7667 7665 7666 7668
f 7665 7661 7664 7666
f 7662 7661 7653 7654
f 7663 7662 7654 7655
f 7664 7663 7655 7656
f 7661 7665 7657 7653
f 7666 7664 7656 7658
f 7665 7667 7659 7657
f 7668 7666 7658 7660
f 7667 7668 7660 7659
f 7652 7649 7648 7651 7647 7650 7646
f 7670 7660 7658 7669
f 7669 7646 7650 7670
f 7671 7659 7660 7670
f 7670 7650 7550 7671
f 7672 7657 7659 7671
f 7671 7550 7518 7672
f 7673 7653 7657 7672
f 7672 7518 7556 7673
f 7674 7654 7653 7673
f 7673 7556 7522 7674
f 7675 7655 7654 7674
f 7674 7522 7649 7675
f 7676 7656 7655 7675
f 7675 7649 7652 7676
f 7676 7652 7646 7669
f 7669 7658 7656 7676
f 7600 7577 7677
f 7677 7482 7480 7600
f 7677 7577 7640 7641
f 7641 7478 7482 7677
f 7555 7533 7551 7678
f 7678 7540 7555
f 7678 7551 7530 7644
f 7644 7645 7540 7678
f 7645 7543 7542 7541
f 7541 7526 7540 7645

g 
v 4.724 0.7323 -7.5832
v 18.3857 4.1558 -6.8618
v 17.409 3.3546 -10.5676
v 11.9462 3.3546 -10.8539
v 20.7725 0.8529 -11.1706
v 10.3547 4.3102 -6.6647
v 10.9377 3.9416 -3.6943
v 5.1632 0.6293 -3.0188
v 4.8217 0.818 -6.9546
v 5.7516 0.4884 -11.5601
v 11.2195 3.7278 -10.4136
v 18.4874 3.8173 -9.9522
v 22.1062 1.0362 -10.6331
v 14.3636 0.7836 -11.528
v 22.0846 0.9463 -6.6733
v 19.5648 -0.0691 -1.8394
v 17.0273 3.3546 -3.2838
v 11.5644 3.3546 -3.5701
v 6.7394 0.531 -2.9846
v 5.33 0.4884 -3.5153
v 10.8878 3.7278 -4.0839
v 18.164 3.8173 -3.7831
v 21.6919 1.0362 -2.7276
v 10.0387 -0.2708 -2.4569
v 7.9342 0.6463 -2.9596
v -4.0608 -2.4004 -5.4692
v -3.509 -4.6194 -4.7793
v -3.792 -2.4004 -10.5985
v -3.1711 -4.6194 -11.227
v 5.6376 0.6293 -12.0713
v 7.2088 0.6677 -11.9406
v 21.7756 -5.2885 -3.7497
v 22.2868 -5.2885 -3.7229
v 4.5704 -5.335 -4.6514
v 4.0325 -7.6875 -0.7188
v 12.2808 -10.0395 0.7884
v 12.2395 -10.0522 1.5763
v 13.2522 -10.0522 1.624
v 13.2932 -10.0395 0.8415
v 3.9575 -9.7188 0.7123
v 13.0878 -9.7188 1.2123
v 13.1119 -9.9672 0.7514
v 4.7536 -7.6875 -14.4769
v 13.1142 -10.0395 -15.1137
v 13.1555 -10.0522 -15.9016
v 14.1676 -10.0522 -15.8431
v 14.1266 -10.0395 -15.0606
v 4.8286 -9.7188 -15.908
v 13.9611 -9.7188 -15.4509
v 13.9369 -9.9672 -14.99
v 47.0896 5.2739 -5.293
v 46.5484 5.4543 -5.3214
v 15.3736 4.5285 -7.0197
v 13.5093 4.5628 -7.1174
v 14.4362 5.3985 -7.0634
v 14.4362 5.4157 -7.0634
v 14.662 17.0112 -7.057
v 14.305 17.0112 -7.0542
v 14.9945 5.3644 -6.4967
v 15.0515 5.3644 -7.5848
v 14.662 11.1839 -7.057
v 14.305 11.2049 -7.0542
v 9.4846 -2.2928 -3.104
v 9.7054 -2.5841 -7.3167
v 8.3457 -4.6637 -6.4152
v 8.73 -4.6648 -6.5455
v 8.7399 -4.6473 -6.1097
v 8.4854 -4.6741 -6.123
v 8.4142 -2.0406 -6.7018
v 8.8728 -2.3236 -6.1565
v 8.0614 -1.9156 -6.2044
v 8.5065 -4.6741 -6.525
v 8.0674 -1.8814 -6.6179
v 8.7408 -2.3676 -6.4214
v 8.8902 -4.6489 -6.2738
v 8.5896 -1.9949 -5.9241
v 8.3373 -4.6637 -6.2544
v 8.1507 -1.858 -5.9471
v 8.4722 -5.1442 -6.4086
v 8.7092 -5.1267 -6.5466
v 8.7161 -5.1295 -6.111
v 8.4573 -5.1442 -6.1245
v 8.4784 -5.1442 -6.5265
v 8.8669 -5.1347 -6.275
v 8.4638 -5.1442 -6.2478
v 7.598 -4.9741 -6.2932
v 7.5916 -4.9741 -6.1699
v 7.5822 -5.1003 -6.1704
v 7.5886 -5.1003 -6.2937
v 7.6065 -4.9741 -6.454
v 7.597 -5.1003 -6.4545
v 7.6795 -4.9835 -6.6382
v 7.6723 -5.094 -6.6386
v 7.4409 -4.9707 -6.2799
v 7.4355 -4.9707 -6.1781
v 7.4306 -5.0968 -6.1783
v 7.436 -5.0968 -6.2802
v 7.4504 -4.9707 -6.4621
v 7.4455 -5.0968 -6.4624
v 7.5528 -4.996 -6.6449
v 7.5539 -5.0812 -6.6448
v 11.1251 -1.9372 -4.8722
v 10.7957 0.1538 -4.7229
v 11.5623 -0.1979 -4.4892
v 10.8927 1.2166 -5.0403
v 11.7059 1.2504 -4.831
v 11.2452 0.9938 -3.8072
v 10.8935 0.1837 -3.8095
v 8.2702 -4.5996 -4.9358
v 8.6413 -4.5935 -4.7659
v 8.6979 -4.5961 -5.1983
v 10.4274 -1.4143 -5.5591
v 8.4353 -4.6054 -5.212
v 11.3214 -0.7376 -3.0562
v 11.0309 -0.5402 -3.4583
v 10.8826 -1.0421 -5.5191
v 11.1523 -0.9735 -4.5268
v 12.0303 0.831 -5.459
v 11.1995 1.3154 -4.4706
v 10.777 0.8693 -4.1757
v 8.3061 -1.995 -4.6438
v 11.9802 -0.9474 -5.4616
v 8.8177 -2.2983 -5.1382
v 8.0128 -1.8689 -5.1643
v 11.2814 -0.086 -4.4018
v 10.701 -1.595 -2.9167
v 10.8002 -1.7484 -3.0835
v 10.653 -1.7014 -3.247
v 11.013 -1.9585 -5.5123
v 10.9742 -0.9817 -4.8694
v 11.4137 -1.706 -4.5293
v 11.4847 -0.999 -4.5417
v 11.7373 -0.9601 -4.7595
v 11.996 -2.2586 -4.7083
v 10.6153 0.8489 -4.8291
v 11.9552 1.3015 -5.4629
v 11.9809 0.7108 -4.5157
v 10.8755 1.1217 -4.5198
v 11.2913 1.3878 -4.8796
v 11.5522 1.092 -4.1028
v 8.4147 -4.6054 -4.8208
v 7.9738 -1.8454 -4.7633
v 8.6641 -2.3316 -4.8883
v 8.8192 -4.5993 -5.0253
v 8.5671 -1.9513 -5.3933
v 10.8256 -1.3203 -5.1029
v 8.2786 -4.5996 -5.0966
v 8.1257 -1.8276 -5.4164
v 11.3016 0.3977 -3.5409
v 11.8096 0.5522 -3.9335
v 11.6192 -0.8614 -3.3684
v 11.2797 -0.6779 -3.7946
v 10.5736 -1.595 -3.0738
v 11.3086 -1.4275 -5.4968
v 10.7673 0.1108 -5.5252
v 10.617 0.8734 -5.533
v 10.7824 1.1908 -5.5244
v 12.0002 -0.0822 -5.4606
v 12.0512 -2.4131 -5.474
v 10.9204 1.2595 -5.3774
v 11.0997 1.4178 -5.3465
v 11.68 1.5079 -5.4881
v 11.5624 1.4946 -5.2578
v 11.3238 1.4651 -5.2112
v 11.1945 -1.9372 -6.1961
v 10.8825 0.1538 -6.379
v 11.8598 -0.1979 -6.5213
v 11.5073 -1.706 -6.5075
v 10.9458 1.2166 -6.0532
v 11.7764 1.2504 -6.1763
v 11.4252 0.9938 -7.2427
v 11.0756 0.1837 -7.2826
v 11.5795 -0.7376 -7.9817
v 11.2486 -0.5402 -7.6121
v 11.2579 -0.9735 -6.5421
v 11.3105 1.3154 -6.5877
v 10.9211 0.8693 -6.9252
v 11.3994 -0.086 -6.6529
v 10.9771 -1.595 -8.1852
v 11.0583 -1.7484 -8.009
v 10.8948 -1.7015 -7.8617
v 11.0447 -0.9817 -6.2147
v 11.5872 -0.999 -6.4979
v 11.8154 -0.9601 -6.2495
v 10.9434 -2.34 -6.392
v 10.6919 0.8489 -6.2923
v 12.0828 0.7108 -6.4612
v 10.983 1.1217 -6.5726
v 11.359 1.3878 -6.1713
v 11.7002 1.092 -6.9273
v 10.8648 -1.3155 -6.0414
v 11.5092 0.3977 -7.5017
v 11.9734 0.5522 -7.0581
v 11.8431 -0.8614 -7.64
v 11.4609 -0.6779 -7.2516
v 10.8345 -1.595 -8.053
v 10.9384 1.2595 -5.7204
v 11.1197 1.4178 -5.727
v 11.5891 1.4946 -5.7669
v 11.3572 1.4651 -5.849
v 10.5624 1.5506 -5.3532
v 10.6887 2.4121 -5.1746
v 12.0 1.9665 -5.4552
v 10.9886 2.7118 -5.3362
v 11.7484 1.9021 -5.0653
v 12.02 2.6219 -5.4541
v 11.2463 1.7308 -4.9787
v 10.5845 1.5506 -5.7766
v 11.7634 2.5791 -5.0645
v 11.7942 1.9021 -5.9389
v 11.7853 2.7118 -5.4826
v 11.3039 1.7308 -6.0775
v 11.2463 2.4978 -4.9787
v 10.7288 2.4121 -5.941
v 11.6265 2.7118 -5.2329
v 11.8092 2.5791 -5.9381
v 11.3039 2.4978 -6.0775
v 11.3026 2.7118 -5.1908
v 11.0102 2.7118 -5.7489
v 11.6554 2.7118 -5.7849
v 11.3383 2.7118 -5.8714
v 7.944 -5.0466 -6.5223
v 7.9521 -5.0466 -6.6777
v 7.8753 -4.8816 -6.6817
v 7.8671 -4.8816 -6.5263
v 7.855 -4.8816 -6.2958
v 7.8455 -4.8816 -6.1136
v 7.9224 -5.0466 -6.1096
v 7.9319 -5.0466 -6.2918
v 12.0774 -2.2586 -6.2627
v 11.5485 -2.014 -6.5268
v 10.953 -2.0618 -6.5742
v 10.6679 -2.4424 -5.5465
v 10.8636 -2.3276 -4.7731
v 10.8295 -2.014 -4.5061
v 11.4421 -2.014 -4.4955
v 8.3983 -5.075 -4.9291
v 8.6214 -5.0788 -4.767
v 8.676 -5.0714 -5.2102
v 8.4138 -5.075 -5.2239
v 8.3927 -5.075 -4.822
v 8.8055 -5.0846 -5.026
v 8.4073 -5.075 -5.1006
v 7.5341 -4.91 -5.1464
v 7.5405 -4.91 -5.2697
v 7.5405 -5.045 -5.2697
v 7.534 -5.045 -5.1464
v 7.5251 -4.91 -4.9749
v 7.525 -5.045 -4.9749
v 7.5888 -4.929 -4.7835
v 7.5836 -5.0192 -4.7837
v 7.3832 -4.9149 -5.1704
v 7.3883 -4.9149 -5.2669
v 7.3793 -5.036 -5.2674
v 7.3743 -5.036 -5.1709
v 7.3734 -4.9149 -4.9828
v 7.3645 -5.036 -4.9833
v 7.4617 -4.9448 -4.7901
v 7.4627 -5.0234 -4.7901
v 7.8637 -4.9861 -4.8712
v 7.8556 -4.9861 -4.7157
v 7.774 -4.8219 -4.72
v 7.7822 -4.8219 -4.8754
v 7.7948 -4.8219 -5.1166
v 7.8038 -4.8219 -5.2881
v 7.8854 -4.9861 -5.2839
v 7.8764 -4.9861 -5.1124
v 10.866 -1.4444 -6.4498
v 10.8131 -1.4737 -4.5768

g name14 
f 7744 7750 7747 7752
f 7743 7751 7747 7750
f 7745 7753 7748 7754
f 7744 7752 7748 7753
f 7863 7911 7748 7752
f 7911 7754 7748
f 7790 7869 7749 7756
f 7743 7755 7749 7751
f 7746 7756 7749 7755
f 7754 7911 7790 7756
f 7745 7754 7756 7746
f 7775 7774 7773 7772
f 7760 7759 7745 7746
f 7759 7762 7753 7745
f 7762 7758 7744 7753
f 7758 7761 7750 7744
f 7779 7777 7776 7778
f 7777 7775 7772 7776
f 7765 7764 7772 7773
f 7766 7765 7773 7774
f 7767 7766 7774 7775
f 7764 7768 7776 7772
f 7769 7767 7775 7777
f 7768 7770 7778 7776
f 7771 7769 7777 7779
f 7770 7771 7779 7778
f 7808 7794 7807 7780
f 7833 7794 7808 7781
f 7809 7795 7808 7780
f 7808 7795 7803 7781
f 7803 7795 7810 7782
f 7782 7810 7811 7800 7836
f 7835 7834 7813 7783
f 7813 7834 7833 7781
f 7815 7796 7814 7784
f 7836 7796 7815 7782
f 7818 7797 7785
f 7785 7797 7816 7798
f 7816 7797 7817 7783
f 7817 7797 7818 7784
f 7786 7798 7813 7781
f 7813 7798 7816 7783
f 7839 7838 7835 7783
f 7814 7840 7841 7784
f 7841 7842 7817 7784
f 7817 7842 7839 7783
f 7821 7799 7819 7788
f 7819 7799 7820 7787
f 7837 7800 7811 7812
f 7823 7801 7822 7789
f 7822 7801 7821 7788
f 7801 7823 7911
f 7807 7832 7809 7780
f 7809 7832 7824
f 7826 7802 7824 7790
f 7820 7802 7825 7787
f 7825 7802 7826 7791
f 7829 7828 7827 7792
f 7827 7828 7818 7785
f 7818 7828 7815 7784
f 7782 7815 7828 7803
f 7830 7803 7828 7829
f 7803 7786 7781
f 7786 7803 7830 7793
f 7792 7827 7786 7793
f 7786 7827 7785 7798
f 7831 7804 7792 7793
f 7804 7805 7829 7792
f 7805 7806 7830 7829
f 7830 7806 7831 7793
f 7826 7790 7911 7823
f 7791 7826 7823 7789
f 7790 7824 7832
f 7843 7807 7794 7860
f 7844 7860 7794 7833
f 7846 7853 7861
f 7843 7860 7853 7846
f 7844 7856 7853 7860
f 7845 7861 7853 7856
f 7845 7862 7861
f 7847 7864 7834 7835
f 7844 7833 7834 7864
f 7848 7814 7796 7865
f 7845 7865 7796 7836
f 7849 7854 7868
f 7855 7866 7854 7849
f 7847 7867 7854 7866
f 7848 7868 7854 7867
f 7844 7864 7855 7850
f 7847 7866 7855 7864
f 7847 7835 7875 7876
f 7848 7877 7840 7814
f 7848 7867 7878 7877
f 7847 7876 7878 7867
f 7845 7836 7800 7862
f 7843 7846 7832 7807
f 7846 7869 7832
f 7851 7870 7871 7872
f 7849 7868 7871 7870
f 7848 7865 7871 7868
f 7845 7871 7865
f 7872 7871 7856 7873
f 7845 7856 7871
f 7844 7850 7856
f 7852 7873 7856 7850
f 7852 7850 7870 7851
f 7855 7849 7870 7850
f 7852 7851 7857 7874
f 7851 7872 7858 7857
f 7872 7873 7859 7858
f 7852 7874 7859 7873
f 7832 7869 7790
f 7838 7839 7876 7875
f 7875 7835 7838
f 7876 7839 7879 7886
f 7839 7842 7885 7879
f 7842 7841 7883 7885
f 7841 7840 7881 7883
f 7840 7877 7888 7881
f 7877 7878 7890 7888
f 7878 7876 7886 7890
f 7886 7879 7880 7892
f 7879 7885 7891 7880
f 7885 7883 7887 7891
f 7883 7881 7884 7887
f 7881 7888 7894 7884
f 7888 7890 7895 7894
f 7890 7886 7892 7895
f 7892 7880 7882 7897
f 7880 7891 7896 7882
f 7891 7887 7893 7896
f 7887 7884 7889 7893
f 7884 7894 7898 7889
f 7894 7895 7899 7898
f 7895 7892 7897 7899
f 7897 7882 7896 7893 7889 7898 7899
f 7757 7761 7758 7762 7759 7760 7763
f 7900 7769 7771 7901
f 7901 7761 7757 7900
f 7901 7771 7770 7902
f 7902 7750 7761 7901
f 7902 7770 7768 7903
f 7903 7743 7750 7902
f 7903 7768 7764 7904
f 7904 7755 7743 7903
f 7904 7764 7765 7905
f 7905 7746 7755 7904
f 7905 7765 7766 7906
f 7906 7760 7746 7905
f 7906 7766 7767 7907
f 7907 7763 7760 7906
f 7900 7757 7763 7907
f 7907 7767 7769 7900
f 7911 7863 7908 7837
f 7837 7812 7912 7911
f 7910 7909 7908 7863
f 7914 7913 7912 7812
f 7908 7862 7800 7837
f 7846 7861 7862 7908 7909
f 7752 7747 7910 7863
f 7821 7801 7911 7912
f 7912 7913 7799 7821
f 7930 7931 7932 7933
f 7791 7789 7917 7918
f 7789 7822 7920 7917
f 7822 7788 7916 7920
f 7788 7819 7919 7916
f 7936 7934 7935 7937
f 7934 7930 7933 7935
f 7931 7930 7922 7923
f 7932 7931 7923 7924
f 7933 7932 7924 7925
f 7930 7934 7926 7922
f 7935 7933 7925 7927
f 7934 7936 7928 7926
f 7937 7935 7927 7929
f 7936 7937 7929 7928
f 7921 7918 7917 7920 7916 7919 7915
f 7939 7929 7927 7938
f 7938 7915 7919 7939
f 7940 7928 7929 7939
f 7939 7919 7819 7940
f 7941 7926 7928 7940
f 7940 7819 7787 7941
f 7942 7922 7926 7941
f 7941 7787 7825 7942
f 7943 7923 7922 7942
f 7942 7825 7791 7943
f 7944 7924 7923 7943
f 7943 7791 7918 7944
f 7945 7925 7924 7944
f 7944 7918 7921 7945
f 7945 7921 7915 7938
f 7938 7927 7925 7945
f 7869 7846 7946
f 7946 7751 7749 7869
f 7946 7846 7909 7910
f 7910 7747 7751 7946
f 7824 7802 7820 7947
f 7947 7809 7824
f 7947 7820 7799 7913
f 7913 7914 7809 7947
f 7914 7812 7811 7810
f 7810 7795 7809 7914

g 
v -4.724 0.7323 -7.5832
v -18.3857 4.1558 -6.8618
v -17.409 3.3546 -10.5676
v -11.9462 3.3546 -10.8539
v -20.7725 0.8529 -11.1706
v -10.3547 4.3102 -6.6647
v -10.9377 3.9416 -3.6943
v -5.1632 0.6293 -3.0188
v -4.8217 0.818 -6.9546
v -5.7516 0.4884 -11.5601
v -11.2195 3.7278 -10.4136
v -18.4874 3.8173 -9.9522
v -22.1062 1.0362 -10.6331
v -14.3636 0.7836 -11.528
v -22.0846 0.9463 -6.6733
v -19.5648 -0.0691 -1.8394
v -17.0273 3.3546 -3.2838
v -11.5644 3.3546 -3.5701
v -6.7394 0.531 -2.9846
v -5.33 0.4884 -3.5153
v -10.8878 3.7278 -4.0839
v -18.164 3.8173 -3.7831
v -21.6919 1.0362 -2.7276
v -10.0387 -0.2708 -2.4569
v -7.9342 0.6463 -2.9596
v 4.0608 -2.4004 -5.4692
v 3.509 -4.6194 -4.7793
v 3.792 -2.4004 -10.5985
v 3.1711 -4.6194 -11.227
v -5.6376 0.6293 -12.0713
v -7.2088 0.6677 -11.9406
v -21.7756 -5.2885 -3.7497
v -22.2868 -5.2885 -3.7229
v -4.5704 -5.335 -4.6514
v -4.0325 -7.6875 -0.7188
v -12.2808 -10.0395 0.7884
v -12.2395 -10.0522 1.5763
v -13.2522 -10.0522 1.624
v -13.2932 -10.0395 0.8415
v -3.9575 -9.7188 0.7123
v -13.0878 -9.7188 1.2123
v -13.1119 -9.9672 0.7514
v -4.7536 -7.6875 -14.4769
v -13.1142 -10.0395 -15.1137
v -13.1555 -10.0522 -15.9016
v -14.1676 -10.0522 -15.8431
v -14.1266 -10.0395 -15.0606
v -4.8286 -9.7188 -15.908
v -13.9611 -9.7188 -15.4509
v -13.9369 -9.9672 -14.99
v -47.0896 5.2739 -5.293
v -46.5484 5.4543 -5.3214
v -15.3736 4.5285 -7.0197
v -13.5093 4.5628 -7.1174
v -14.4362 5.3985 -7.0634
v -14.4362 5.4157 -7.0634
v -14.662 17.0112 -7.057
v -14.305 17.0112 -7.0542
v -14.9945 5.3644 -6.4967
v -15.0515 5.3644 -7.5848
v -14.662 11.1839 -7.057
v -14.305 11.2049 -7.0542
v -9.4846 -2.2928 -3.104
v -9.7054 -2.5841 -7.3167
v -8.3457 -4.6637 -6.4152
v -8.73 -4.6648 -6.5455
v -8.7399 -4.6473 -6.1097
v -8.4854 -4.6741 -6.123
v -8.4142 -2.0406 -6.7018
v -8.8728 -2.3236 -6.1565
v -8.0614 -1.9156 -6.2044
v -8.5065 -4.6741 -6.525
v -8.0674 -1.8814 -6.6179
v -8.7408 -2.3676 -6.4214
v -8.8902 -4.6489 -6.2738
v -8.5896 -1.9949 -5.9241
v -8.3373 -4.6637 -6.2544
v -8.1507 -1.858 -5.9471
v -8.4722 -5.1442 -6.4086
v -8.7092 -5.1267 -6.5466
v -8.7161 -5.1295 -6.111
v -8.4573 -5.1442 -6.1245
v -8.4784 -5.1442 -6.5265
v -8.8669 -5.1347 -6.275
v -8.4638 -5.1442 -6.2478
v -7.598 -4.9741 -6.2932
v -7.5916 -4.9741 -6.1699
v -7.5822 -5.1003 -6.1704
v -7.5886 -5.1003 -6.2937
v -7.6065 -4.9741 -6.454
v -7.597 -5.1003 -6.4545
v -7.6795 -4.9835 -6.6382
v -7.6723 -5.094 -6.6386
v -7.4409 -4.9707 -6.2799
v -7.4355 -4.9707 -6.1781
v -7.4306 -5.0968 -6.1783
v -7.436 -5.0968 -6.2802
v -7.4504 -4.9707 -6.4621
v -7.4455 -5.0968 -6.4624
v -7.5528 -4.996 -6.6449
v -7.5539 -5.0812 -6.6448
v -11.1251 -1.9372 -4.8722
v -10.7957 0.1538 -4.7229
v -11.5623 -0.1979 -4.4892
v -10.8927 1.2166 -5.0403
v -11.7059 1.2504 -4.831
v -11.2452 0.9938 -3.8072
v -10.8935 0.1837 -3.8095
v -8.2702 -4.5996 -4.9358
v -8.6413 -4.5935 -4.7659
v -8.6979 -4.5961 -5.1983
v -10.4274 -1.4143 -5.5591
v -8.4353 -4.6054 -5.212
v -11.3214 -0.7376 -3.0562
v -11.0309 -0.5402 -3.4583
v -10.8826 -1.0421 -5.5191
v -11.1523 -0.9735 -4.5268
v -12.0303 0.831 -5.459
v -11.1995 1.3154 -4.4706
v -10.777 0.8693 -4.1757
v -8.3061 -1.995 -4.6438
v -11.9802 -0.9474 -5.4616
v -8.8177 -2.2983 -5.1382
v -8.0128 -1.8689 -5.1643
v -11.2814 -0.086 -4.4018
v -10.701 -1.595 -2.9167
v -10.8002 -1.7484 -3.0835
v -10.653 -1.7014 -3.247
v -11.013 -1.9585 -5.5123
v -10.9742 -0.9817 -4.8694
v -11.4137 -1.706 -4.5293
v -11.4847 -0.999 -4.5417
v -11.7373 -0.9601 -4.7595
v -11.996 -2.2586 -4.7083
v -10.6153 0.8489 -4.8291
v -11.9552 1.3015 -5.4629
v -11.9809 0.7108 -4.5157
v -10.8755 1.1217 -4.5198
v -11.2913 1.3878 -4.8796
v -11.5522 1.092 -4.1028
v -8.4147 -4.6054 -4.8208
v -7.9738 -1.8454 -4.7633
v -8.6641 -2.3316 -4.8883
v -8.8192 -4.5993 -5.0253
v -8.5671 -1.9513 -5.3933
v -10.8256 -1.3203 -5.1029
v -8.2786 -4.5996 -5.0966
v -8.1257 -1.8276 -5.4164
v -11.3016 0.3977 -3.5409
v -11.8096 0.5522 -3.9335
v -11.6192 -0.8614 -3.3684
v -11.2797 -0.6779 -3.7946
v -10.5736 -1.595 -3.0738
v -11.3086 -1.4275 -5.4968
v -10.7673 0.1108 -5.5252
v -10.617 0.8734 -5.533
v -10.7824 1.1908 -5.5244
v -12.0002 -0.0822 -5.4606
v -12.0512 -2.4131 -5.474
v -10.9204 1.2595 -5.3774
v -11.0997 1.4178 -5.3465
v -11.68 1.5079 -5.4881
v -11.5624 1.4946 -5.2578
v -11.3238 1.4651 -5.2112
v -11.1945 -1.9372 -6.1961
v -10.8825 0.1538 -6.379
v -11.8598 -0.1979 -6.5213
v -11.5073 -1.706 -6.5075
v -10.9458 1.2166 -6.0532
v -11.7764 1.2504 -6.1763
v -11.4252 0.9938 -7.2427
v -11.0756 0.1837 -7.2826
v -11.5795 -0.7376 -7.9817
v -11.2486 -0.5402 -7.6121
v -11.2579 -0.9735 -6.5421
v -11.3105 1.3154 -6.5877
v -10.9211 0.8693 -6.9252
v -11.3994 -0.086 -6.6529
v -10.9771 -1.595 -8.1852
v -11.0583 -1.7484 -8.009
v -10.8948 -1.7015 -7.8617
v -11.0447 -0.9817 -6.2147
v -11.5872 -0.999 -6.4979
v -11.8154 -0.9601 -6.2495
v -10.9434 -2.34 -6.392
v -10.6919 0.8489 -6.2923
v -12.0828 0.7108 -6.4612
v -10.983 1.1217 -6.5726
v -11.359 1.3878 -6.1713
v -11.7002 1.092 -6.9273
v -10.8648 -1.3155 -6.0414
v -11.5092 0.3977 -7.5017
v -11.9734 0.5522 -7.0581
v -11.8431 -0.8614 -7.64
v -11.4609 -0.6779 -7.2516
v -10.8345 -1.595 -8.053
v -10.9384 1.2595 -5.7204
v -11.1197 1.4178 -5.727
v -11.5891 1.4946 -5.7669
v -11.3572 1.4651 -5.849
v -10.5624 1.5506 -5.3532
v -10.6887 2.4121 -5.1746
v -12.0 1.9665 -5.4552
v -10.9886 2.7118 -5.3362
v -11.7484 1.9021 -5.0653
v -12.02 2.6219 -5.4541
v -11.2463 1.7308 -4.9787
v -10.5845 1.5506 -5.7766
v -11.7634 2.5791 -5.0645
v -11.7942 1.9021 -5.9389
v -11.7853 2.7118 -5.4826
v -11.3039 1.7308 -6.0775
v -11.2463 2.4978 -4.9787
v -10.7288 2.4121 -5.941
v -11.6265 2.7118 -5.2329
v -11.8092 2.5791 -5.9381
v -11.3039 2.4978 -6.0775
v -11.3026 2.7118 -5.1908
v -11.0102 2.7118 -5.7489
v -11.6554 2.7118 -5.7849
v -11.3383 2.7118 -5.8714
v -7.944 -5.0466 -6.5223
v -7.9521 -5.0466 -6.6777
v -7.8753 -4.8816 -6.6817
v -7.8671 -4.8816 -6.5263
v -7.855 -4.8816 -6.2958
v -7.8455 -4.8816 -6.1136
v -7.9224 -5.0466 -6.1096
v -7.9319 -5.0466 -6.2918
v -12.0774 -2.2586 -6.2627
v -11.5485 -2.014 -6.5268
v -10.953 -2.0618 -6.5742
v -10.6679 -2.4424 -5.5465
v -10.8636 -2.3276 -4.7731
v -10.8295 -2.014 -4.5061
v -11.4421 -2.014 -4.4955
v -8.3983 -5.075 -4.9291
v -8.6214 -5.0788 -4.767
v -8.676 -5.0714 -5.2102
v -8.4138 -5.075 -5.2239
v -8.3927 -5.075 -4.822
v -8.8055 -5.0846 -5.026
v -8.4073 -5.075 -5.1006
v -7.5341 -4.91 -5.1464
v -7.5405 -4.91 -5.2697
v -7.5405 -5.045 -5.2697
v -7.534 -5.045 -5.1464
v -7.5251 -4.91 -4.9749
v -7.525 -5.045 -4.9749
v -7.5888 -4.929 -4.7835
v -7.5836 -5.0192 -4.7837
v -7.3832 -4.9149 -5.1704
v -7.3883 -4.9149 -5.2669
v -7.3793 -5.036 -5.2674
v -7.3743 -5.036 -5.1709
v -7.3734 -4.9149 -4.9828
v -7.3645 -5.036 -4.9833
v -7.4617 -4.9448 -4.7901
v -7.4627 -5.0234 -4.7901
v -7.8637 -4.9861 -4.8712
v -7.8556 -4.9861 -4.7157
v -7.774 -4.8219 -4.72
v -7.7822 -4.8219 -4.8754
v -7.7948 -4.8219 -5.1166
v -7.8038 -4.8219 -5.2881
v -7.8854 -4.9861 -5.2839
v -7.8764 -4.9861 -5.1124
v -10.866 -1.4444 -6.4498
v -10.8131 -1.4737 -4.5768

g name15 
f 8021 8016 8019 8013
f 8019 8016 8020 8012
f 8023 8017 8022 8014
f 8022 8017 8021 8013
f 8021 8017 8180 8132
f 8017 8023 8180
f 8025 8018 8138 8059
f 8020 8018 8024 8012
f 8024 8018 8025 8015
f 8025 8059 8180 8023
f 8015 8025 8023 8014
f 8041 8042 8043 8044
f 8015 8014 8028 8029
f 8014 8022 8031 8028
f 8022 8013 8027 8031
f 8013 8019 8030 8027
f 8047 8045 8046 8048
f 8045 8041 8044 8046
f 8042 8041 8033 8034
f 8043 8042 8034 8035
f 8044 8043 8035 8036
f 8041 8045 8037 8033
f 8046 8044 8036 8038
f 8045 8047 8039 8037
f 8048 8046 8038 8040
f 8047 8048 8040 8039
f 8049 8076 8063 8077
f 8050 8077 8063 8102
f 8049 8077 8064 8078
f 8050 8072 8064 8077
f 8051 8079 8064 8072
f 8105 8069 8080 8079 8051
f 8052 8082 8103 8104
f 8050 8102 8103 8082
f 8053 8083 8065 8084
f 8051 8084 8065 8105
f 8054 8066 8087
f 8067 8085 8066 8054
f 8052 8086 8066 8085
f 8053 8087 8066 8086
f 8050 8082 8067 8055
f 8052 8085 8067 8082
f 8052 8104 8107 8108
f 8053 8110 8109 8083
f 8053 8086 8111 8110
f 8052 8108 8111 8086
f 8057 8088 8068 8090
f 8056 8089 8068 8088
f 8081 8080 8069 8106
f 8058 8091 8070 8092
f 8057 8090 8070 8091
f 8180 8092 8070
f 8049 8078 8101 8076
f 8093 8101 8078
f 8059 8093 8071 8095
f 8056 8094 8071 8089
f 8060 8095 8071 8094
f 8061 8096 8097 8098
f 8054 8087 8097 8096
f 8053 8084 8097 8087
f 8072 8097 8084 8051
f 8098 8097 8072 8099
f 8050 8055 8072
f 8062 8099 8072 8055
f 8062 8055 8096 8061
f 8067 8054 8096 8055
f 8062 8061 8073 8100
f 8061 8098 8074 8073
f 8098 8099 8075 8074
f 8062 8100 8075 8099
f 8092 8180 8059 8095
f 8058 8092 8095 8060
f 8101 8093 8059
f 8129 8063 8076 8112
f 8102 8063 8129 8113
f 8130 8122 8115
f 8115 8122 8129 8112
f 8129 8122 8125 8113
f 8125 8122 8130 8114
f 8130 8131 8114
f 8104 8103 8133 8116
f 8133 8103 8102 8113
f 8134 8065 8083 8117
f 8105 8065 8134 8114
f 8137 8123 8118
f 8118 8123 8135 8124
f 8135 8123 8136 8116
f 8136 8123 8137 8117
f 8119 8124 8133 8113
f 8133 8124 8135 8116
f 8145 8144 8104 8116
f 8083 8109 8146 8117
f 8146 8147 8136 8117
f 8136 8147 8145 8116
f 8131 8069 8105 8114
f 8076 8101 8115 8112
f 8101 8138 8115
f 8141 8140 8139 8120
f 8139 8140 8137 8118
f 8137 8140 8134 8117
f 8134 8140 8114
f 8142 8125 8140 8141
f 8140 8125 8114
f 8125 8119 8113
f 8119 8125 8142 8121
f 8120 8139 8119 8121
f 8119 8139 8118 8124
f 8143 8126 8120 8121
f 8126 8127 8141 8120
f 8127 8128 8142 8141
f 8142 8128 8143 8121
f 8059 8138 8101
f 8144 8145 8108 8107
f 8107 8104 8144
f 8155 8148 8108 8145
f 8148 8154 8111 8108
f 8154 8152 8110 8111
f 8152 8150 8109 8110
f 8150 8157 8146 8109
f 8157 8159 8147 8146
f 8159 8155 8145 8147
f 8161 8149 8148 8155
f 8149 8160 8154 8148
f 8160 8156 8152 8154
f 8156 8153 8150 8152
f 8153 8163 8157 8150
f 8163 8164 8159 8157
f 8164 8161 8155 8159
f 8166 8151 8149 8161
f 8151 8165 8160 8149
f 8165 8162 8156 8160
f 8162 8158 8153 8156
f 8158 8167 8163 8153
f 8167 8168 8164 8163
f 8168 8166 8161 8164
f 8168 8167 8158 8162 8165 8151 8166
f 8032 8029 8028 8031 8027 8030 8026
f 8170 8040 8038 8169
f 8169 8026 8030 8170
f 8171 8039 8040 8170
f 8170 8030 8019 8171
f 8172 8037 8039 8171
f 8171 8019 8012 8172
f 8173 8033 8037 8172
f 8172 8012 8024 8173
f 8174 8034 8033 8173
f 8173 8024 8015 8174
f 8175 8035 8034 8174
f 8174 8015 8029 8175
f 8176 8036 8035 8175
f 8175 8029 8032 8176
f 8176 8032 8026 8169
f 8169 8038 8036 8176
f 8106 8177 8132 8180
f 8180 8181 8081 8106
f 8132 8177 8178 8179
f 8081 8181 8182 8183
f 8106 8069 8131 8177
f 8178 8177 8131 8130 8115
f 8132 8179 8016 8021
f 8181 8180 8070 8090
f 8090 8068 8182 8181
f 8202 8201 8200 8199
f 8187 8186 8058 8060
f 8186 8189 8091 8058
f 8189 8185 8057 8091
f 8185 8188 8088 8057
f 8206 8204 8203 8205
f 8204 8202 8199 8203
f 8192 8191 8199 8200
f 8193 8192 8200 8201
f 8194 8193 8201 8202
f 8191 8195 8203 8199
f 8196 8194 8202 8204
f 8195 8197 8205 8203
f 8198 8196 8204 8206
f 8197 8198 8206 8205
f 8184 8188 8185 8189 8186 8187 8190
f 8207 8196 8198 8208
f 8208 8188 8184 8207
f 8208 8198 8197 8209
f 8209 8088 8188 8208
f 8209 8197 8195 8210
f 8210 8056 8088 8209
f 8210 8195 8191 8211
f 8211 8094 8056 8210
f 8211 8191 8192 8212
f 8212 8060 8094 8211
f 8212 8192 8193 8213
f 8213 8187 8060 8212
f 8213 8193 8194 8214
f 8214 8190 8187 8213
f 8207 8184 8190 8214
f 8214 8194 8196 8207
f 8215 8115 8138
f 8138 8018 8020 8215
f 8179 8178 8115 8215
f 8215 8020 8016 8179
f 8216 8089 8071 8093
f 8093 8078 8216
f 8182 8068 8089 8216
f 8216 8078 8183 8182
f 8079 8080 8081 8183
f 8183 8078 8064 8079

g 
v -4.724 0.7323 3.8963
v -18.3857 4.1558 4.6177
v -17.409 3.3546 0.9119
v -11.9462 3.3546 0.6256
v -20.7725 0.8529 0.3089
v -10.3547 4.3102 4.8148
v -10.9377 3.9416 7.7852
v -5.1632 0.6293 8.4607
v -4.8217 0.818 4.5249
v -5.7516 0.4884 -0.0806
v -11.2195 3.7278 1.0659
v -18.4874 3.8173 1.5273
v -22.1062 1.0362 0.8464
v -14.3636 0.7836 -0.0485
v -22.0846 0.9463 4.8062
v -19.5648 -0.0691 9.6401
v -17.0273 3.3546 8.1957
v -11.5644 3.3546 7.9094
v -6.7394 0.531 8.4949
v -5.33 0.4884 7.9642
v -10.8878 3.7278 7.3956
v -18.164 3.8173 7.6964
v -21.6919 1.0362 8.7519
v -10.0387 -0.2708 9.0226
v -7.9342 0.6463 8.5199
v 4.0608 -2.4004 6.0103
v 3.509 -4.6194 6.7002
v 3.792 -2.4004 0.881
v 3.1711 -4.6194 0.2525
v -5.6376 0.6293 -0.5918
v -7.2088 0.6677 -0.4611
v -21.7756 -5.2885 7.7298
v -22.2868 -5.2885 7.7566
v -4.5704 -5.335 6.8281
v -4.0325 -7.6875 10.7608
v -12.2808 -10.0395 12.2679
v -12.2395 -10.0522 13.0558
v -13.2522 -10.0522 13.1035
v -13.2932 -10.0395 12.321
v -3.9575 -9.7188 12.1918
v -13.0878 -9.7188 12.6918
v -13.1119 -9.9672 12.2309
v -4.7536 -7.6875 -2.9975
v -13.1142 -10.0395 -3.6342
v -13.1555 -10.0522 -4.4221
v -14.1676 -10.0522 -4.3636
v -14.1266 -10.0395 -3.5811
v -4.8286 -9.7188 -4.4285
v -13.9611 -9.7188 -3.9714
v -13.9369 -9.9672 -3.5105
v -47.0896 5.2739 6.1865
v -46.5484 5.4543 6.1581
v -15.3736 4.5285 4.4598
v -13.5093 4.5628 4.3621
v -14.4362 5.3985 4.4161
v -14.4362 5.4157 4.4161
v -14.662 17.0112 4.4225
v -14.305 17.0112 4.4253
v -14.9945 5.3644 4.9828
v -15.0515 5.3644 3.8947
v -14.662 11.1839 4.4225
v -14.305 11.2049 4.4253
v -9.4846 -2.2928 8.3755
v -9.7054 -2.5841 4.1628
v -8.3457 -4.6637 5.0643
v -8.73 -4.6648 4.934
v -8.7399 -4.6473 5.3698
v -8.4854 -4.6741 5.3565
v -8.4142 -2.0406 4.7777
v -8.8728 -2.3236 5.323
v -8.0614 -1.9156 5.2751
v -8.5065 -4.6741 4.9545
v -8.0674 -1.8814 4.8616
v -8.7408 -2.3676 5.0581
v -8.8902 -4.6489 5.2057
v -8.5896 -1.9949 5.5554
v -8.3373 -4.6637 5.2251
v -8.1507 -1.858 5.5324
v -8.4722 -5.1442 5.0709
v -8.7092 -5.1267 4.9329
v -8.7161 -5.1295 5.3685
v -8.4573 -5.1442 5.355
v -8.4784 -5.1442 4.953
v -8.8669 -5.1347 5.2045
v -8.4638 -5.1442 5.2317
v -7.598 -4.9741 5.1863
v -7.5916 -4.9741 5.3096
v -7.5822 -5.1003 5.3091
v -7.5886 -5.1003 5.1858
v -7.6065 -4.9741 5.0255
v -7.597 -5.1003 5.025
v -7.6795 -4.9835 4.8413
v -7.6723 -5.094 4.8409
v -7.4409 -4.9707 5.1996
v -7.4355 -4.9707 5.3014
v -7.4306 -5.0968 5.3012
v -7.436 -5.0968 5.1993
v -7.4504 -4.9707 5.0174
v -7.4455 -5.0968 5.0171
v -7.5528 -4.996 4.8346
v -7.5539 -5.0812 4.8347
v -11.1251 -1.9372 6.6073
v -10.7957 0.1538 6.7566
v -11.5623 -0.1979 6.9903
v -10.8927 1.2166 6.4392
v -11.7059 1.2504 6.6485
v -11.2452 0.9938 7.6723
v -10.8935 0.1837 7.67
v -8.2702 -4.5996 6.5437
v -8.6413 -4.5935 6.7136
v -8.6979 -4.5961 6.2812
v -10.4274 -1.4143 5.9204
v -8.4353 -4.6054 6.2674
v -11.3214 -0.7376 8.4233
v -11.0309 -0.5402 8.0212
v -10.8826 -1.0421 5.9604
v -11.1523 -0.9735 6.9527
v -12.0303 0.831 6.0205
v -11.1995 1.3154 7.0089
v -10.777 0.8693 7.3038
v -8.3061 -1.995 6.8357
v -11.9802 -0.9474 6.0179
v -8.8177 -2.2983 6.3413
v -8.0128 -1.8689 6.3152
v -11.2814 -0.086 7.0777
v -10.701 -1.595 8.5628
v -10.8002 -1.7484 8.396
v -10.653 -1.7014 8.2325
v -11.013 -1.9585 5.9672
v -10.9742 -0.9817 6.6101
v -11.4137 -1.706 6.9502
v -11.4847 -0.999 6.9378
v -11.7373 -0.9601 6.72
v -11.996 -2.2586 6.7712
v -10.6153 0.8489 6.6504
v -11.9552 1.3015 6.0166
v -11.9809 0.7108 6.9638
v -10.8755 1.1217 6.9597
v -11.2913 1.3878 6.5999
v -11.5522 1.092 7.3767
v -8.4147 -4.6054 6.6587
v -7.9738 -1.8454 6.7162
v -8.6641 -2.3316 6.5912
v -8.8192 -4.5993 6.4542
v -8.5671 -1.9513 6.0862
v -10.8256 -1.3203 6.3766
v -8.2786 -4.5996 6.3829
v -8.1257 -1.8276 6.0631
v -11.3016 0.3977 7.9386
v -11.8096 0.5522 7.546
v -11.6192 -0.8614 8.1111
v -11.2797 -0.6779 7.6849
v -10.5736 -1.595 8.4057
v -11.3086 -1.4275 5.9827
v -10.7673 0.1108 5.9543
v -10.617 0.8734 5.9465
v -10.7824 1.1908 5.9551
v -12.0002 -0.0822 6.0189
v -12.0512 -2.4131 6.0055
v -10.9204 1.2595 6.1021
v -11.0997 1.4178 6.133
v -11.68 1.5079 5.9914
v -11.5624 1.4946 6.2217
v -11.3238 1.4651 6.2683
v -11.1945 -1.9372 5.2834
v -10.8825 0.1538 5.1005
v -11.8598 -0.1979 4.9582
v -11.5073 -1.706 4.972
v -10.9458 1.2166 5.4263
v -11.7764 1.2504 5.3032
v -11.4252 0.9938 4.2368
v -11.0756 0.1837 4.1969
v -11.5795 -0.7376 3.4978
v -11.2486 -0.5402 3.8674
v -11.2579 -0.9735 4.9374
v -11.3105 1.3154 4.8918
v -10.9211 0.8693 4.5543
v -11.3994 -0.086 4.8266
v -10.9771 -1.595 3.2943
v -11.0583 -1.7484 3.4705
v -10.8948 -1.7015 3.6178
v -11.0447 -0.9817 5.2648
v -11.5872 -0.999 4.9816
v -11.8154 -0.9601 5.23
v -10.9434 -2.34 5.0875
v -10.6919 0.8489 5.1872
v -12.0828 0.7108 5.0183
v -10.983 1.1217 4.9069
v -11.359 1.3878 5.3082
v -11.7002 1.092 4.5522
v -10.8648 -1.3155 5.4381
v -11.5092 0.3977 3.9778
v -11.9734 0.5522 4.4214
v -11.8431 -0.8614 3.8395
v -11.4609 -0.6779 4.2279
v -10.8345 -1.595 3.4265
v -10.9384 1.2595 5.7591
v -11.1197 1.4178 5.7525
v -11.5891 1.4946 5.7126
v -11.3572 1.4651 5.6305
v -10.5624 1.5506 6.1263
v -10.6887 2.4121 6.3049
v -12.0 1.9665 6.0243
v -10.9886 2.7118 6.1433
v -11.7484 1.9021 6.4142
v -12.02 2.6219 6.0254
v -11.2463 1.7308 6.5008
v -10.5845 1.5506 5.7029
v -11.7634 2.5791 6.415
v -11.7942 1.9021 5.5406
v -11.7853 2.7118 5.9969
v -11.3039 1.7308 5.402
v -11.2463 2.4978 6.5008
v -10.7288 2.4121 5.5385
v -11.6265 2.7118 6.2466
v -11.8092 2.5791 5.5414
v -11.3039 2.4978 5.402
v -11.3026 2.7118 6.2887
v -11.0102 2.7118 5.7306
v -11.6554 2.7118 5.6946
v -11.3383 2.7118 5.6081
v -7.944 -5.0466 4.9572
v -7.9521 -5.0466 4.8018
v -7.8753 -4.8816 4.7978
v -7.8671 -4.8816 4.9532
v -7.855 -4.8816 5.1837
v -7.8455 -4.8816 5.3659
v -7.9224 -5.0466 5.3699
v -7.9319 -5.0466 5.1877
v -12.0774 -2.2586 5.2168
v -11.5485 -2.014 4.9527
v -10.953 -2.0618 4.9053
v -10.6679 -2.4424 5.933
v -10.8636 -2.3276 6.7064
v -10.8295 -2.014 6.9734
v -11.4421 -2.014 6.984
v -8.3983 -5.075 6.5504
v -8.6214 -5.0788 6.7125
v -8.676 -5.0714 6.2693
v -8.4138 -5.075 6.2556
v -8.3927 -5.075 6.6575
v -8.8055 -5.0846 6.4535
v -8.4073 -5.075 6.3788
v -7.5341 -4.91 6.3331
v -7.5405 -4.91 6.2098
v -7.5405 -5.045 6.2098
v -7.534 -5.045 6.3331
v -7.5251 -4.91 6.5046
v -7.525 -5.045 6.5046
v -7.5888 -4.929 6.696
v -7.5836 -5.0192 6.6958
v -7.3832 -4.9149 6.3091
v -7.3883 -4.9149 6.2126
v -7.3793 -5.036 6.2121
v -7.3743 -5.036 6.3086
v -7.3734 -4.9149 6.4967
v -7.3645 -5.036 6.4962
v -7.4617 -4.9448 6.6894
v -7.4627 -5.0234 6.6894
v -7.8637 -4.9861 6.6083
v -7.8556 -4.9861 6.7638
v -7.774 -4.8219 6.7595
v -7.7822 -4.8219 6.6041
v -7.7948 -4.8219 6.3629
v -7.8038 -4.8219 6.1914
v -7.8854 -4.9861 6.1956
v -7.8764 -4.9861 6.3671
v -10.866 -1.4444 5.0297
v -10.8131 -1.4737 6.9027

g name16 
f 8290 8285 8288 8282
f 8288 8285 8289 8281
f 8292 8286 8291 8283
f 8291 8286 8290 8282
f 8290 8286 8449 8401
f 8286 8292 8449
f 8294 8287 8407 8328
f 8289 8287 8293 8281
f 8293 8287 8294 8284
f 8294 8328 8449 8292
f 8284 8294 8292 8283
f 8310 8311 8312 8313
f 8284 8283 8297 8298
f 8283 8291 8300 8297
f 8291 8282 8296 8300
f 8282 8288 8299 8296
f 8316 8314 8315 8317
f 8314 8310 8313 8315
f 8311 8310 8302 8303
f 8312 8311 8303 8304
f 8313 8312 8304 8305
f 8310 8314 8306 8302
f 8315 8313 8305 8307
f 8314 8316 8308 8306
f 8317 8315 8307 8309
f 8316 8317 8309 8308
f 8318 8345 8332 8346
f 8319 8346 8332 8371
f 8318 8346 8333 8347
f 8319 8341 8333 8346
f 8320 8348 8333 8341
f 8374 8338 8349 8348 8320
f 8321 8351 8372 8373
f 8319 8371 8372 8351
f 8322 8352 8334 8353
f 8320 8353 8334 8374
f 8323 8335 8356
f 8336 8354 8335 8323
f 8321 8355 8335 8354
f 8322 8356 8335 8355
f 8319 8351 8336 8324
f 8321 8354 8336 8351
f 8321 8373 8376 8377
f 8322 8379 8378 8352
f 8322 8355 8380 8379
f 8321 8377 8380 8355
f 8326 8357 8337 8359
f 8325 8358 8337 8357
f 8350 8349 8338 8375
f 8327 8360 8339 8361
f 8326 8359 8339 8360
f 8449 8361 8339
f 8318 8347 8370 8345
f 8362 8370 8347
f 8328 8362 8340 8364
f 8325 8363 8340 8358
f 8329 8364 8340 8363
f 8330 8365 8366 8367
f 8323 8356 8366 8365
f 8322 8353 8366 8356
f 8341 8366 8353 8320
f 8367 8366 8341 8368
f 8319 8324 8341
f 8331 8368 8341 8324
f 8331 8324 8365 8330
f 8336 8323 8365 8324
f 8331 8330 8342 8369
f 8330 8367 8343 8342
f 8367 8368 8344 8343
f 8331 8369 8344 8368
f 8361 8449 8328 8364
f 8327 8361 8364 8329
f 8370 8362 8328
f 8398 8332 8345 8381
f 8371 8332 8398 8382
f 8399 8391 8384
f 8384 8391 8398 8381
f 8398 8391 8394 8382
f 8394 8391 8399 8383
f 8399 8400 8383
f 8373 8372 8402 8385
f 8402 8372 8371 8382
f 8403 8334 8352 8386
f 8374 8334 8403 8383
f 8406 8392 8387
f 8387 8392 8404 8393
f 8404 8392 8405 8385
f 8405 8392 8406 8386
f 8388 8393 8402 8382
f 8402 8393 8404 8385
f 8414 8413 8373 8385
f 8352 8378 8415 8386
f 8415 8416 8405 8386
f 8405 8416 8414 8385
f 8400 8338 8374 8383
f 8345 8370 8384 8381
f 8370 8407 8384
f 8410 8409 8408 8389
f 8408 8409 8406 8387
f 8406 8409 8403 8386
f 8403 8409 8383
f 8411 8394 8409 8410
f 8409 8394 8383
f 8394 8388 8382
f 8388 8394 8411 8390
f 8389 8408 8388 8390
f 8388 8408 8387 8393
f 8412 8395 8389 8390
f 8395 8396 8410 8389
f 8396 8397 8411 8410
f 8411 8397 8412 8390
f 8328 8407 8370
f 8413 8414 8377 8376
f 8376 8373 8413
f 8424 8417 8377 8414
f 8417 8423 8380 8377
f 8423 8421 8379 8380
f 8421 8419 8378 8379
f 8419 8426 8415 8378
f 8426 8428 8416 8415
f 8428 8424 8414 8416
f 8430 8418 8417 8424
f 8418 8429 8423 8417
f 8429 8425 8421 8423
f 8425 8422 8419 8421
f 8422 8432 8426 8419
f 8432 8433 8428 8426
f 8433 8430 8424 8428
f 8435 8420 8418 8430
f 8420 8434 8429 8418
f 8434 8431 8425 8429
f 8431 8427 8422 8425
f 8427 8436 8432 8422
f 8436 8437 8433 8432
f 8437 8435 8430 8433
f 8437 8436 8427 8431 8434 8420 8435
f 8301 8298 8297 8300 8296 8299 8295
f 8439 8309 8307 8438
f 8438 8295 8299 8439
f 8440 8308 8309 8439
f 8439 8299 8288 8440
f 8441 8306 8308 8440
f 8440 8288 8281 8441
f 8442 8302 8306 8441
f 8441 8281 8293 8442
f 8443 8303 8302 8442
f 8442 8293 8284 8443
f 8444 8304 8303 8443
f 8443 8284 8298 8444
f 8445 8305 8304 8444
f 8444 8298 8301 8445
f 8445 8301 8295 8438
f 8438 8307 8305 8445
f 8375 8446 8401 8449
f 8449 8450 8350 8375
f 8401 8446 8447 8448
f 8350 8450 8451 8452
f 8375 8338 8400 8446
f 8447 8446 8400 8399 8384
f 8401 8448 8285 8290
f 8450 8449 8339 8359
f 8359 8337 8451 8450
f 8471 8470 8469 8468
f 8456 8455 8327 8329
f 8455 8458 8360 8327
f 8458 8454 8326 8360
f 8454 8457 8357 8326
f 8475 8473 8472 8474
f 8473 8471 8468 8472
f 8461 8460 8468 8469
f 8462 8461 8469 8470
f 8463 8462 8470 8471
f 8460 8464 8472 8468
f 8465 8463 8471 8473
f 8464 8466 8474 8472
f 8467 8465 8473 8475
f 8466 8467 8475 8474
f 8453 8457 8454 8458 8455 8456 8459
f 8476 8465 8467 8477
f 8477 8457 8453 8476
f 8477 8467 8466 8478
f 8478 8357 8457 8477
f 8478 8466 8464 8479
f 8479 8325 8357 8478
f 8479 8464 8460 8480
f 8480 8363 8325 8479
f 8480 8460 8461 8481
f 8481 8329 8363 8480
f 8481 8461 8462 8482
f 8482 8456 8329 8481
f 8482 8462 8463 8483
f 8483 8459 8456 8482
f 8476 8453 8459 8483
f 8483 8463 8465 8476
f 8484 8384 8407
f 8407 8287 8289 8484
f 8448 8447 8384 8484
f 8484 8289 8285 8448
f 8485 8358 8340 8362
f 8362 8347 8485
f 8451 8337 8358 8485
f 8485 8347 8452 8451
f 8348 8349 8350 8452
f 8452 8347 8333 8348

g 
v -4.724 0.7323 -2.0041
v -18.3857 4.1558 -1.2827
v -17.409 3.3546 -4.9885
v -11.9462 3.3546 -5.2748
v -20.7725 0.8529 -5.5915
v -10.3547 4.3102 -1.0856
v -10.9377 3.9416 1.8848
v -5.1632 0.6293 2.5603
v -4.8217 0.818 -1.3755
v -5.7516 0.4884 -5.981
v -11.2195 3.7278 -4.8345
v -18.4874 3.8173 -4.3731
v -22.1062 1.0362 -5.054
v -14.3636 0.7836 -5.9489
v -22.0846 0.9463 -1.0942
v -19.5648 -0.0691 3.7397
v -17.0273 3.3546 2.2953
v -11.5644 3.3546 2.009
v -6.7394 0.531 2.5945
v -5.33 0.4884 2.0638
v -10.8878 3.7278 1.4952
v -18.164 3.8173 1.796
v -21.6919 1.0362 2.8515
v -10.0387 -0.2708 3.1222
v -7.9342 0.6463 2.6195
v 4.0608 -2.4004 0.1099
v 3.509 -4.6194 0.7998
v 3.792 -2.4004 -5.0194
v 3.1711 -4.6194 -5.6479
v -5.6376 0.6293 -6.4922
v -7.2088 0.6677 -6.3615
v -21.7756 -5.2885 1.8294
v -22.2868 -5.2885 1.8562
v -4.5704 -5.335 0.9277
v -4.0325 -7.6875 4.8603
v -12.2808 -10.0395 6.3675
v -12.2395 -10.0522 7.1554
v -13.2522 -10.0522 7.2031
v -13.2932 -10.0395 6.4206
v -3.9575 -9.7188 6.2914
v -13.0878 -9.7188 6.7914
v -13.1119 -9.9672 6.3305
v -4.7536 -7.6875 -8.8978
v -13.1142 -10.0395 -9.5346
v -13.1555 -10.0522 -10.3225
v -14.1676 -10.0522 -10.264
v -14.1266 -10.0395 -9.4815
v -4.8286 -9.7188 -10.3289
v -13.9611 -9.7188 -9.8718
v -13.9369 -9.9672 -9.4109
v -47.0896 5.2739 0.2861
v -46.5484 5.4543 0.2577
v -15.3736 4.5285 -1.4406
v -13.5093 4.5628 -1.5383
v -14.4362 5.3985 -1.4843
v -14.4362 5.4157 -1.4843
v -14.662 17.0112 -1.4779
v -14.305 17.0112 -1.4751
v -14.9945 5.3644 -0.9176
v -15.0515 5.3644 -2.0057
v -14.662 11.1839 -1.4779
v -14.305 11.2049 -1.4751
v -9.4846 -2.2928 2.4751
v -9.7054 -2.5841 -1.7376
v -8.3457 -4.6637 -0.8361
v -8.73 -4.6648 -0.9664
v -8.7399 -4.6473 -0.5306
v -8.4854 -4.6741 -0.5439
v -8.4142 -2.0406 -1.1227
v -8.8728 -2.3236 -0.5774
v -8.0614 -1.9156 -0.6253
v -8.5065 -4.6741 -0.9459
v -8.0674 -1.8814 -1.0388
v -8.7408 -2.3676 -0.8423
v -8.8902 -4.6489 -0.6947
v -8.5896 -1.9949 -0.345
v -8.3373 -4.6637 -0.6753
v -8.1507 -1.858 -0.368
v -8.4722 -5.1442 -0.8295
v -8.7092 -5.1267 -0.9675
v -8.7161 -5.1295 -0.5319
v -8.4573 -5.1442 -0.5454
v -8.4784 -5.1442 -0.9474
v -8.8669 -5.1347 -0.6959
v -8.4638 -5.1442 -0.6687
v -7.598 -4.9741 -0.7141
v -7.5916 -4.9741 -0.5908
v -7.5822 -5.1003 -0.5913
v -7.5886 -5.1003 -0.7146
v -7.6065 -4.9741 -0.8749
v -7.597 -5.1003 -0.8754
v -7.6795 -4.9835 -1.0591
v -7.6723 -5.094 -1.0595
v -7.4409 -4.9707 -0.7008
v -7.4355 -4.9707 -0.599
v -7.4306 -5.0968 -0.5992
v -7.436 -5.0968 -0.7011
v -7.4504 -4.9707 -0.883
v -7.4455 -5.0968 -0.8833
v -7.5528 -4.996 -1.0658
v -7.5539 -5.0812 -1.0657
v -11.1251 -1.9372 0.7069
v -10.7957 0.1538 0.8562
v -11.5623 -0.1979 1.0899
v -10.8927 1.2166 0.5388
v -11.7059 1.2504 0.7481
v -11.2452 0.9938 1.7719
v -10.8935 0.1837 1.7696
v -8.2702 -4.5996 0.6433
v -8.6413 -4.5935 0.8132
v -8.6979 -4.5961 0.3808
v -10.4274 -1.4143 0.02
v -8.4353 -4.6054 0.367
v -11.3214 -0.7376 2.5229
v -11.0309 -0.5402 2.1208
v -10.8826 -1.0421 0.06
v -11.1523 -0.9735 1.0523
v -12.0303 0.831 0.1201
v -11.1995 1.3154 1.1085
v -10.777 0.8693 1.4034
v -8.3061 -1.995 0.9353
v -11.9802 -0.9474 0.1175
v -8.8177 -2.2983 0.4409
v -8.0128 -1.8689 0.4148
v -11.2814 -0.086 1.1773
v -10.701 -1.595 2.6624
v -10.8002 -1.7484 2.4956
v -10.653 -1.7014 2.3321
v -11.013 -1.9585 0.0668
v -10.9742 -0.9817 0.7097
v -11.4137 -1.706 1.0498
v -11.4847 -0.999 1.0374
v -11.7373 -0.9601 0.8196
v -11.996 -2.2586 0.8708
v -10.6153 0.8489 0.75
v -11.9552 1.3015 0.1162
v -11.9809 0.7108 1.0634
v -10.8755 1.1217 1.0593
v -11.2913 1.3878 0.6995
v -11.5522 1.092 1.4763
v -8.4147 -4.6054 0.7583
v -7.9738 -1.8454 0.8158
v -8.6641 -2.3316 0.6908
v -8.8192 -4.5993 0.5538
v -8.5671 -1.9513 0.1858
v -10.8256 -1.3203 0.4762
v -8.2786 -4.5996 0.4825
v -8.1257 -1.8276 0.1627
v -11.3016 0.3977 2.0382
v -11.8096 0.5522 1.6456
v -11.6192 -0.8614 2.2107
v -11.2797 -0.6779 1.7845
v -10.5736 -1.595 2.5053
v -11.3086 -1.4275 0.0823
v -10.7673 0.1108 0.0539
v -10.617 0.8734 0.0461
v -10.7824 1.1908 0.0547
v -12.0002 -0.0822 0.1185
v -12.0512 -2.4131 0.1051
v -10.9204 1.2595 0.2017
v -11.0997 1.4178 0.2326
v -11.68 1.5079 0.091
v -11.5624 1.4946 0.3213
v -11.3238 1.4651 0.3679
v -11.1945 -1.9372 -0.617
v -10.8825 0.1538 -0.7999
v -11.8598 -0.1979 -0.9422
v -11.5073 -1.706 -0.9284
v -10.9458 1.2166 -0.4741
v -11.7764 1.2504 -0.5972
v -11.4252 0.9938 -1.6636
v -11.0756 0.1837 -1.7035
v -11.5795 -0.7376 -2.4026
v -11.2486 -0.5402 -2.033
v -11.2579 -0.9735 -0.963
v -11.3105 1.3154 -1.0086
v -10.9211 0.8693 -1.3461
v -11.3994 -0.086 -1.0738
v -10.9771 -1.595 -2.6061
v -11.0583 -1.7484 -2.4299
v -10.8948 -1.7015 -2.2826
v -11.0447 -0.9817 -0.6356
v -11.5872 -0.999 -0.9188
v -11.8154 -0.9601 -0.6704
v -10.9434 -2.34 -0.8129
v -10.6919 0.8489 -0.7132
v -12.0828 0.7108 -0.8821
v -10.983 1.1217 -0.9935
v -11.359 1.3878 -0.5922
v -11.7002 1.092 -1.3482
v -10.8648 -1.3155 -0.4623
v -11.5092 0.3977 -1.9226
v -11.9734 0.5522 -1.479
v -11.8431 -0.8614 -2.0609
v -11.4609 -0.6779 -1.6725
v -10.8345 -1.595 -2.4739
v -10.9384 1.2595 -0.1413
v -11.1197 1.4178 -0.1479
v -11.5891 1.4946 -0.1878
v -11.3572 1.4651 -0.2699
v -10.5624 1.5506 0.2259
v -10.6887 2.4121 0.4045
v -12.0 1.9665 0.1239
v -10.9886 2.7118 0.2429
v -11.7484 1.9021 0.5138
v -12.02 2.6219 0.125
v -11.2463 1.7308 0.6004
v -10.5845 1.5506 -0.1975
v -11.7634 2.5791 0.5146
v -11.7942 1.9021 -0.3598
v -11.7853 2.7118 0.0965
v -11.3039 1.7308 -0.4984
v -11.2463 2.4978 0.6004
v -10.7288 2.4121 -0.3619
v -11.6265 2.7118 0.3462
v -11.8092 2.5791 -0.359
v -11.3039 2.4978 -0.4984
v -11.3026 2.7118 0.3883
v -11.0102 2.7118 -0.1698
v -11.6554 2.7118 -0.2058
v -11.3383 2.7118 -0.2923
v -7.944 -5.0466 -0.9432
v -7.9521 -5.0466 -1.0986
v -7.8753 -4.8816 -1.1026
v -7.8671 -4.8816 -0.9472
v -7.855 -4.8816 -0.7167
v -7.8455 -4.8816 -0.5345
v -7.9224 -5.0466 -0.5305
v -7.9319 -5.0466 -0.7127
v -12.0774 -2.2586 -0.6836
v -11.5485 -2.014 -0.9477
v -10.953 -2.0618 -0.9951
v -10.6679 -2.4424 0.0326
v -10.8636 -2.3276 0.806
v -10.8295 -2.014 1.073
v -11.4421 -2.014 1.0836
v -8.3983 -5.075 0.65
v -8.6214 -5.0788 0.8121
v -8.676 -5.0714 0.3689
v -8.4138 -5.075 0.3552
v -8.3927 -5.075 0.7571
v -8.8055 -5.0846 0.5531
v -8.4073 -5.075 0.4785
v -7.5341 -4.91 0.4327
v -7.5405 -4.91 0.3094
v -7.5405 -5.045 0.3094
v -7.534 -5.045 0.4327
v -7.5251 -4.91 0.6042
v -7.525 -5.045 0.6042
v -7.5888 -4.929 0.7956
v -7.5836 -5.0192 0.7954
v -7.3832 -4.9149 0.4087
v -7.3883 -4.9149 0.3122
v -7.3793 -5.036 0.3117
v -7.3743 -5.036 0.4082
v -7.3734 -4.9149 0.5963
v -7.3645 -5.036 0.5958
v -7.4617 -4.9448 0.789
v -7.4627 -5.0234 0.789
v -7.8637 -4.9861 0.7079
v -7.8556 -4.9861 0.8634
v -7.774 -4.8219 0.8591
v -7.7822 -4.8219 0.7037
v -7.7948 -4.8219 0.4625
v -7.8038 -4.8219 0.291
v -7.8854 -4.9861 0.2952
v -7.8764 -4.9861 0.4667
v -10.866 -1.4444 -0.8707
v -10.8131 -1.4737 1.0023

g name17 
f 8559 8554 8557 8551
f 8557 8554 8558 8550
f 8561 8555 8560 8552
f 8560 8555 8559 8551
f 8559 8555 8718 8670
f 8555 8561 8718
f 8563 8556 8676 8597
f 8558 8556 8562 8550
f 8562 8556 8563 8553
f 8563 8597 8718 8561
f 8553 8563 8561 8552
f 8579 8580 8581 8582
f 8553 8552 8566 8567
f 8552 8560 8569 8566
f 8560 8551 8565 8569
f 8551 8557 8568 8565
f 8585 8583 8584 8586
f 8583 8579 8582 8584
f 8580 8579 8571 8572
f 8581 8580 8572 8573
f 8582 8581 8573 8574
f 8579 8583 8575 8571
f 8584 8582 8574 8576
f 8583 8585 8577 8575
f 8586 8584 8576 8578
f 8585 8586 8578 8577
f 8587 8614 8601 8615
f 8588 8615 8601 8640
f 8587 8615 8602 8616
f 8588 8610 8602 8615
f 8589 8617 8602 8610
f 8643 8607 8618 8617 8589
f 8590 8620 8641 8642
f 8588 8640 8641 8620
f 8591 8621 8603 8622
f 8589 8622 8603 8643
f 8592 8604 8625
f 8605 8623 8604 8592
f 8590 8624 8604 8623
f 8591 8625 8604 8624
f 8588 8620 8605 8593
f 8590 8623 8605 8620
f 8590 8642 8645 8646
f 8591 8648 8647 8621
f 8591 8624 8649 8648
f 8590 8646 8649 8624
f 8595 8626 8606 8628
f 8594 8627 8606 8626
f 8619 8618 8607 8644
f 8596 8629 8608 8630
f 8595 8628 8608 8629
f 8718 8630 8608
f 8587 8616 8639 8614
f 8631 8639 8616
f 8597 8631 8609 8633
f 8594 8632 8609 8627
f 8598 8633 8609 8632
f 8599 8634 8635 8636
f 8592 8625 8635 8634
f 8591 8622 8635 8625
f 8610 8635 8622 8589
f 8636 8635 8610 8637
f 8588 8593 8610
f 8600 8637 8610 8593
f 8600 8593 8634 8599
f 8605 8592 8634 8593
f 8600 8599 8611 8638
f 8599 8636 8612 8611
f 8636 8637 8613 8612
f 8600 8638 8613 8637
f 8630 8718 8597 8633
f 8596 8630 8633 8598
f 8639 8631 8597
f 8667 8601 8614 8650
f 8640 8601 8667 8651
f 8668 8660 8653
f 8653 8660 8667 8650
f 8667 8660 8663 8651
f 8663 8660 8668 8652
f 8668 8669 8652
f 8642 8641 8671 8654
f 8671 8641 8640 8651
f 8672 8603 8621 8655
f 8643 8603 8672 8652
f 8675 8661 8656
f 8656 8661 8673 8662
f 8673 8661 8674 8654
f 8674 8661 8675 8655
f 8657 8662 8671 8651
f 8671 8662 8673 8654
f 8683 8682 8642 8654
f 8621 8647 8684 8655
f 8684 8685 8674 8655
f 8674 8685 8683 8654
f 8669 8607 8643 8652
f 8614 8639 8653 8650
f 8639 8676 8653
f 8679 8678 8677 8658
f 8677 8678 8675 8656
f 8675 8678 8672 8655
f 8672 8678 8652
f 8680 8663 8678 8679
f 8678 8663 8652
f 8663 8657 8651
f 8657 8663 8680 8659
f 8658 8677 8657 8659
f 8657 8677 8656 8662
f 8681 8664 8658 8659
f 8664 8665 8679 8658
f 8665 8666 8680 8679
f 8680 8666 8681 8659
f 8597 8676 8639
f 8682 8683 8646 8645
f 8645 8642 8682
f 8693 8686 8646 8683
f 8686 8692 8649 8646
f 8692 8690 8648 8649
f 8690 8688 8647 8648
f 8688 8695 8684 8647
f 8695 8697 8685 8684
f 8697 8693 8683 8685
f 8699 8687 8686 8693
f 8687 8698 8692 8686
f 8698 8694 8690 8692
f 8694 8691 8688 8690
f 8691 8701 8695 8688
f 8701 8702 8697 8695
f 8702 8699 8693 8697
f 8704 8689 8687 8699
f 8689 8703 8698 8687
f 8703 8700 8694 8698
f 8700 8696 8691 8694
f 8696 8705 8701 8691
f 8705 8706 8702 8701
f 8706 8704 8699 8702
f 8706 8705 8696 8700 8703 8689 8704
f 8570 8567 8566 8569 8565 8568 8564
f 8708 8578 8576 8707
f 8707 8564 8568 8708
f 8709 8577 8578 8708
f 8708 8568 8557 8709
f 8710 8575 8577 8709
f 8709 8557 8550 8710
f 8711 8571 8575 8710
f 8710 8550 8562 8711
f 8712 8572 8571 8711
f 8711 8562 8553 8712
f 8713 8573 8572 8712
f 8712 8553 8567 8713
f 8714 8574 8573 8713
f 8713 8567 8570 8714
f 8714 8570 8564 8707
f 8707 8576 8574 8714
f 8644 8715 8670 8718
f 8718 8719 8619 8644
f 8670 8715 8716 8717
f 8619 8719 8720 8721
f 8644 8607 8669 8715
f 8716 8715 8669 8668 8653
f 8670 8717 8554 8559
f 8719 8718 8608 8628
f 8628 8606 8720 8719
f 8740 8739 8738 8737
f 8725 8724 8596 8598
f 8724 8727 8629 8596
f 8727 8723 8595 8629
f 8723 8726 8626 8595
f 8744 8742 8741 8743
f 8742 8740 8737 8741
f 8730 8729 8737 8738
f 8731 8730 8738 8739
f 8732 8731 8739 8740
f 8729 8733 8741 8737
f 8734 8732 8740 8742
f 8733 8735 8743 8741
f 8736 8734 8742 8744
f 8735 8736 8744 8743
f 8722 8726 8723 8727 8724 8725 8728
f 8745 8734 8736 8746
f 8746 8726 8722 8745
f 8746 8736 8735 8747
f 8747 8626 8726 8746
f 8747 8735 8733 8748
f 8748 8594 8626 8747
f 8748 8733 8729 8749
f 8749 8632 8594 8748
f 8749 8729 8730 8750
f 8750 8598 8632 8749
f 8750 8730 8731 8751
f 8751 8725 8598 8750
f 8751 8731 8732 8752
f 8752 8728 8725 8751
f 8745 8722 8728 8752
f 8752 8732 8734 8745
f 8753 8653 8676
f 8676 8556 8558 8753
f 8717 8716 8653 8753
f 8753 8558 8554 8717
f 8754 8627 8609 8631
f 8631 8616 8754
f 8720 8606 8627 8754
f 8754 8616 8721 8720
f 8617 8618 8619 8721
f 8721 8616 8602 8617

g 
v 0.4687 3.419 -40.9215
v 0.7732 3.4204 -40.9419
v 0.7657 3.4878 -40.9368
v 0.7431 3.5519 -40.9321
v 0.7069 3.6093 -40.9277
v 0.6585 3.6573 -40.9239
v 0.6009 3.6935 -40.9209
v 0.5362 3.7158 -40.9189
v 0.4687 3.7235 -40.9178
v 0.401 3.7158 -40.9179
v 0.3367 3.6935 -40.919
v 0.2792 3.6573 -40.9212
v 0.2309 3.6093 -40.9243
v 0.1944 3.5519 -40.9283
v 0.172 3.4878 -40.9328
v 0.1643 3.4204 -40.9376
v 0.1722 3.3528 -40.9425
v 0.1945 3.2886 -40.9474
v 0.2311 3.2312 -40.9517
v 0.2793 3.1831 -40.9556
v 0.3368 3.147 -40.9586
v 0.4013 3.1245 -40.9607
v 0.4692 3.1169 -40.9617
v 0.5367 3.1245 -40.9616
v 0.6013 3.147 -40.9604
v 0.6588 3.1831 -40.9583
v 0.707 3.2312 -40.955
v 0.7431 3.2886 -40.9512
v 0.7657 3.3528 -40.9467
v 1.0739 3.4239 -40.9986
v 1.0587 3.5579 -40.9887
v 1.014 3.6853 -40.9792
v 0.9419 3.7996 -40.9704
v 0.8462 3.8949 -40.9628
v 0.7313 3.9667 -40.9569
v 0.6033 4.0112 -40.9528
v 0.4692 4.0264 -40.9507
v 0.3346 4.0112 -40.9508
v 0.2065 3.9667 -40.9532
v 0.0919 3.8949 -40.9576
v -0.0038 3.7996 -40.9639
v -0.0758 3.6853 -40.9718
v -0.1206 3.5579 -40.9804
v -0.1355 3.4239 -40.9901
v -0.1203 3.2898 -40.9999
v -0.0758 3.1624 -41.0094
v -0.0033 3.0484 -41.0183
v 0.0924 2.9528 -41.0259
v 0.2072 2.8813 -41.0318
v 0.335 2.8366 -41.0361
v 0.4697 2.8215 -41.0381
v 0.604 2.8366 -41.0378
v 0.732 2.8813 -41.0356
v 0.8466 2.9528 -41.0312
v 0.9422 3.0484 -41.025
v 1.0144 3.1624 -41.0171
v 1.0587 3.2898 -41.0081
v 1.3667 3.43 -41.0909
v 1.3442 3.6288 -41.0763
v 1.2776 3.8177 -41.0622
v 1.1709 3.9871 -41.0492
v 1.0286 4.1286 -41.0379
v 0.8584 4.2349 -41.0291
v 0.6689 4.3011 -41.0229
v 0.4696 4.3235 -41.0199
v 0.2699 4.3011 -41.0201
v 0.0804 4.2349 -41.0238
v -0.0898 4.1286 -41.0301
v -0.2319 3.9871 -41.0392
v -0.3383 3.8177 -41.0509
v -0.4047 3.6288 -41.0642
v -0.4272 3.43 -41.0783
v -0.4044 3.2312 -41.0929
v -0.3378 3.0422 -41.107
v -0.2312 2.8729 -41.1201
v -0.0889 2.7315 -41.1314
v 0.0812 2.625 -41.1403
v 0.2706 2.559 -41.1463
v 0.4704 2.5366 -41.1494
v 0.6698 2.559 -41.1492
v 0.8594 2.625 -41.1457
v 1.0293 2.7315 -41.1392
v 1.1713 2.8729 -41.1298
v 1.2781 3.0422 -41.1184
v 1.3442 3.2312 -41.1052
v 1.6476 3.4384 -41.2175
v 1.618 3.6992 -41.1984
v 1.5305 3.9471 -41.1797
v 1.3904 4.1694 -41.1627
v 1.2039 4.355 -41.148
v 0.9811 4.4947 -41.1364
v 0.732 4.5813 -41.1282
v 0.4703 4.6108 -41.1244
v 0.2081 4.5813 -41.1247
v -0.0405 4.4947 -41.1293
v -0.2634 4.355 -41.1378
v -0.4499 4.1694 -41.15
v -0.5899 3.9471 -41.1651
v -0.6766 3.6992 -41.1824
v -0.7063 3.4384 -41.201
v -0.6766 3.1776 -41.2202
v -0.5893 2.9296 -41.2388
v -0.449 2.7074 -41.2559
v -0.2626 2.5217 -41.2705
v -0.0395 2.382 -41.2823
v 0.2092 2.2953 -41.2902
v 0.4711 2.266 -41.2943
v 0.7331 2.2953 -41.2939
v 0.9818 2.382 -41.2894
v 1.205 2.5217 -41.2808
v 1.3912 2.7074 -41.2687
v 1.5311 2.9296 -41.2535
v 1.6183 3.1776 -41.2361
v 1.9125 3.449 -41.3766
v 1.8764 3.7684 -41.3533
v 1.7695 4.0718 -41.3306
v 1.598 4.3441 -41.3095
v 1.3697 4.5713 -41.2916
v 1.0962 4.7423 -41.2774
v 0.7916 4.8485 -41.2675
v 0.471 4.8845 -41.2628
v 0.1503 4.8485 -41.2631
v -0.1541 4.7423 -41.2686
v -0.4272 4.5713 -41.2791
v -0.6554 4.3441 -41.2939
v -0.827 4.0718 -41.3123
v -0.9334 3.7684 -41.3336
v -0.9692 3.449 -41.3566
v -0.933 3.1295 -41.3799
v -0.8264 2.8263 -41.4027
v -0.6545 2.554 -41.4236
v -0.4262 2.3267 -41.4418
v -0.1529 2.1557 -41.4559
v 0.1517 2.0495 -41.4658
v 0.4727 2.0135 -41.4707
v 0.7931 2.0495 -41.4702
v 1.0975 2.1557 -41.4646
v 1.3706 2.3267 -41.4541
v 1.5987 2.554 -41.4393
v 1.7702 2.8263 -41.4207
v 1.8768 3.1295 -41.3994
v 2.1585 3.4617 -41.5663
v 2.1163 3.8354 -41.5389
v 1.9913 4.1903 -41.5123
v 1.7903 4.5086 -41.4879
v 1.523 4.7745 -41.4667
v 1.2037 4.9746 -41.45
v 0.8474 5.0988 -41.4386
v 0.4725 5.1408 -41.433
v 0.0969 5.0988 -41.4334
v -0.2592 4.9746 -41.4398
v -0.5784 4.7745 -41.4522
v -0.8452 4.5086 -41.4694
v -1.0459 4.1903 -41.4912
v -1.1706 3.8354 -41.516
v -1.2126 3.4617 -41.5428
v -1.1701 3.0881 -41.5701
v -1.0454 2.7331 -41.5968
v -0.8441 2.4147 -41.6211
v -0.5773 2.1489 -41.6423
v -0.2576 1.9488 -41.659
v 0.0989 1.8246 -41.6705
v 0.4739 1.7825 -41.6761
v 0.8488 1.8246 -41.6758
v 1.205 1.9488 -41.6692
v 1.5245 2.1489 -41.6569
v 1.7912 2.4147 -41.6395
v 1.9917 2.7331 -41.6179
v 2.1165 3.0881 -41.5931
v 2.3818 3.4763 -41.7838
v 2.3338 3.8992 -41.7529
v 2.1927 4.3007 -41.7226
v 1.965 4.661 -41.6951
v 1.6628 4.9618 -41.6711
v 1.3013 5.1882 -41.6522
v 0.8981 5.3287 -41.6392
v 0.4737 5.3764 -41.6329
v 0.0493 5.3287 -41.6333
v -0.3538 5.1882 -41.6407
v -0.7154 4.9618 -41.6546
v -1.0176 4.661 -41.6743
v -1.2444 4.3007 -41.6988
v -1.3853 3.8992 -41.7268
v -1.4329 3.4763 -41.7573
v -1.3849 3.0535 -41.7882
v -1.2436 2.6519 -41.8182
v -1.0162 2.2916 -41.846
v -0.7142 1.9907 -41.8699
v -0.3522 1.7642 -41.8886
v 0.0508 1.6238 -41.9017
v 0.4755 1.5761 -41.9082
v 0.8997 1.6238 -41.9076
v 1.303 1.7642 -41.9001
v 1.6644 1.9907 -41.8864
v 1.9663 2.2916 -41.8667
v 2.1931 2.6519 -41.8421
v 2.3341 3.0535 -41.814
v 2.5793 3.4925 -42.0263
v 2.5264 3.9588 -41.992
v 2.3707 4.4016 -41.9589
v 2.1198 4.7991 -41.9284
v 1.7867 5.1308 -41.902
v 1.3878 5.3804 -41.8811
v 0.9433 5.5355 -41.8668
v 0.4753 5.588 -41.8597
v 0.0072 5.5355 -41.8604
v -0.4375 5.3804 -41.8684
v -0.8359 5.1308 -41.8837
v -1.169 4.7991 -41.9055
v -1.4195 4.4016 -41.9325
v -1.5747 3.9588 -41.9635
v -1.6273 3.4925 -41.997
v -1.5745 3.0263 -42.031
v -1.4185 2.5833 -42.0641
v -1.1677 2.1861 -42.0947
v -0.8345 1.8543 -42.121
v -0.4358 1.6046 -42.142
v 0.0091 1.4497 -42.1563
v 0.4773 1.3971 -42.1633
v 0.9449 1.4497 -42.1628
v 1.3897 1.6046 -42.1546
v 1.7881 1.8543 -42.1393
v 2.1215 2.1861 -42.1176
v 2.3716 2.5833 -42.0905
v 2.527 3.0263 -42.0596
v 2.7488 3.5103 -42.2901
v 2.6916 4.0137 -42.2535
v 2.5234 4.4919 -42.2176
v 2.2528 4.9208 -42.1845
v 1.8928 5.2792 -42.1562
v 1.4622 5.5487 -42.1337
v 0.982 5.7158 -42.1181
v 0.4767 5.7726 -42.1106
v -0.0284 5.7158 -42.1111
v -0.5084 5.5487 -42.1199
v -0.939 5.2792 -42.1366
v -1.2983 4.9208 -42.16
v -1.5687 4.4919 -42.1891
v -1.7362 4.0137 -42.2226
v -1.793 3.5103 -42.2586
v -1.7358 3.0069 -42.2956
v -1.5677 2.5287 -42.3313
v -1.2968 2.0998 -42.3643
v -0.9374 1.7415 -42.3927
v -0.5066 1.472 -42.4153
v -0.0264 1.3047 -42.4306
v 0.4789 1.2479 -42.4384
v 0.9843 1.3047 -42.4378
v 1.4642 1.472 -42.4289
v 1.8946 1.7415 -42.4125
v 2.2541 2.0998 -42.3891
v 2.5245 2.5287 -42.3597
v 2.692 3.0069 -42.3264
v 2.8875 3.5293 -42.5725
v 2.8267 4.0631 -42.5334
v 2.6487 4.5701 -42.4954
v 2.3616 5.0248 -42.4605
v 1.9801 5.4047 -42.4302
v 1.5233 5.6905 -42.4064
v 1.0145 5.8678 -42.39
v 0.4785 5.928 -42.382
v -0.0572 5.8678 -42.3826
v -0.5661 5.6905 -42.3919
v -1.0225 5.4047 -42.4093
v -1.4035 5.0248 -42.4343
v -1.6901 4.5701 -42.4653
v -1.8679 4.0631 -42.5007
v -1.9281 3.5293 -42.5389
v -1.8675 2.9956 -42.5779
v -1.6894 2.4885 -42.6159
v -1.402 2.0337 -42.651
v -1.0207 1.654 -42.6811
v -0.5638 1.3681 -42.7049
v -0.0548 1.1908 -42.7213
v 0.481 1.1305 -42.7294
v 1.0166 1.1908 -42.7288
v 1.5255 1.3681 -42.7196
v 1.982 1.654 -42.7021
v 2.363 2.0337 -42.6771
v 2.6496 2.4885 -42.6462
v 2.8274 2.9956 -42.6106
v 2.994 3.5493 -42.8691
v 2.9304 4.1062 -42.828
v 2.7444 4.6351 -42.7884
v 2.4452 5.1096 -42.752
v 2.0472 5.5058 -42.7206
v 1.5705 5.804 -42.6957
v 1.0397 5.989 -42.6785
v 0.4807 6.0518 -42.67
v -0.0784 5.989 -42.6707
v -0.6092 5.804 -42.6804
v -1.0855 5.5058 -42.6987
v -1.4831 5.1096 -42.7247
v -1.782 4.6351 -42.7569
v -1.9677 4.1062 -42.7939
v -2.0303 3.5493 -42.8339
v -1.9673 2.9924 -42.8746
v -1.781 2.4634 -42.9143
v -1.4813 1.989 -42.9506
v -1.0835 1.5927 -42.9822
v -0.6069 1.2945 -43.007
v -0.0761 1.1095 -43.0242
v 0.483 1.0466 -43.0326
v 1.042 1.1095 -43.032
v 1.5727 1.2945 -43.0222
v 2.0492 1.5927 -43.0041
v 2.4465 1.989 -42.978
v 2.7455 2.4634 -42.9458
v 2.9311 2.9924 -42.9088
v 3.0663 3.5699 -43.1755
v 3.0013 4.1423 -43.1337
v 2.81 4.6862 -43.0929
v 2.502 5.174 -43.0555
v 2.0928 5.5812 -43.023
v 1.6033 5.8879 -42.9975
v 1.0573 6.0781 -42.9798
v 0.4827 6.1425 -42.9712
v -0.0922 6.0781 -42.972
v -0.6378 5.8879 -42.9819
v -1.1272 5.5812 -43.0006
v -1.536 5.174 -43.0274
v -1.8437 4.6862 -43.0605
v -2.0341 4.1423 -43.0985
v -2.0985 3.5699 -43.1396
v -2.0339 2.9974 -43.1815
v -1.8426 2.4537 -43.2223
v -1.5345 1.9659 -43.2597
v -1.1252 1.5586 -43.2921
v -0.6356 1.252 -43.3178
v -0.0896 1.0618 -43.3353
v 0.4852 0.9974 -43.3439
v 1.0598 1.0618 -43.3433
v 1.6054 1.252 -43.3334
v 2.095 1.5586 -43.3146
v 2.5037 1.9659 -43.2879
v 2.8108 2.4537 -43.2547
v 3.0017 2.9974 -43.2165
v 3.1038 3.5911 -43.4884
v 3.0377 4.1714 -43.4459
v 2.8441 4.7225 -43.4046
v 2.5319 5.2171 -43.3665
v 2.1171 5.63 -43.3337
v 1.6205 5.9407 -43.3078
v 1.0673 6.1335 -43.29
v 0.4847 6.1989 -43.2812
v -0.0977 6.1335 -43.2819
v -0.651 5.9407 -43.2921
v -1.1473 5.63 -43.3111
v -1.5617 5.2171 -43.3381
v -1.8732 4.7225 -43.3717
v -2.0665 4.1714 -43.4104
v -2.132 3.5911 -43.4519
v -2.066 3.0107 -43.4945
v -1.872 2.4595 -43.5357
v -1.5602 1.965 -43.5737
v -1.1454 1.552 -43.6065
v -0.6488 1.2414 -43.6323
v -0.0951 1.0485 -43.6502
v 0.4873 0.9831 -43.659
v 1.0697 1.0485 -43.6584
v 1.623 1.2414 -43.6482
v 2.1189 1.552 -43.6292
v 2.5333 1.965 -43.6022
v 2.8452 2.4595 -43.5684
v 3.0384 3.0107 -43.5299
v 3.1058 3.6123 -43.803
v 3.0398 4.1926 -43.7604
v 2.8462 4.7438 -43.7193
v 2.534 5.2383 -43.6812
v 2.1191 5.6512 -43.6485
v 1.6226 5.9618 -43.6226
v 1.0693 6.1548 -43.6047
v 0.4867 6.2201 -43.5959
v -0.0957 6.1548 -43.5966
v -0.6489 5.9618 -43.6067
v -1.145 5.6512 -43.6257
v -1.5594 5.2383 -43.6527
v -1.8709 4.7438 -43.6864
v -2.0644 4.1926 -43.7249
v -2.1298 3.6123 -43.7665
v -2.0639 3.032 -43.809
v -1.8698 2.4807 -43.8503
v -1.5581 1.9862 -43.8883
v -1.1432 1.5732 -43.9211
v -0.6465 1.2628 -43.9472
v -0.0931 1.0697 -43.9649
v 0.4896 1.0044 -43.9736
v 1.0718 1.0697 -43.9731
v 1.625 1.2628 -43.9629
v 2.1213 1.5732 -43.9439
v 2.5355 1.9862 -43.9168
v 2.8472 2.4807 -43.8832
v 3.0406 3.032 -43.8446
v 3.0726 3.6333 -44.1154
v 3.0074 4.2059 -44.0735
v 2.8161 4.7496 -44.0326
v 2.5085 5.2374 -43.9953
v 2.0994 5.6448 -43.9629
v 1.6095 5.9512 -43.9373
v 1.0635 6.1415 -43.9197
v 0.4889 6.206 -43.9111
v -0.0858 6.1415 -43.9117
v -0.6314 5.9512 -43.9218
v -1.1208 5.6448 -43.9404
v -1.5295 5.2374 -43.9672
v -1.8371 4.7496 -44.0004
v -2.0278 4.2059 -44.0384
v -2.0921 3.6333 -44.0794
v -2.0271 3.0609 -44.1214
v -1.8361 2.5171 -44.162
v -1.5281 2.0293 -44.1996
v -1.119 1.622 -44.2318
v -0.6292 1.3156 -44.2575
v -0.0832 1.1253 -44.275
v 0.4915 1.0608 -44.2837
v 1.0659 1.1253 -44.2831
v 1.6119 1.3156 -44.2731
v 2.1012 1.622 -44.2542
v 2.5099 2.0293 -44.2277
v 2.8174 2.5171 -44.1944
v 3.0081 3.0609 -44.1564
v 3.0042 3.6542 -44.4211
v 2.9412 4.2109 -44.3803
v 2.755 4.7398 -44.3408
v 2.4555 5.2143 -44.3043
v 2.0574 5.6107 -44.2728
v 1.5809 5.9086 -44.2478
v 1.05 6.0938 -44.2308
v 0.4912 6.1567 -44.2223
v -0.0682 6.0938 -44.2229
v -0.5987 5.9086 -44.2327
v -1.0751 5.6107 -44.251
v -1.4728 5.2143 -44.2769
v -1.7714 4.7398 -44.3093
v -1.9572 4.2109 -44.3462
v -2.02 3.6542 -44.386
v -1.9567 3.0973 -44.427
v -1.7704 2.5682 -44.4664
v -1.471 2.0937 -44.503
v -1.0731 1.6975 -44.5343
v -0.5967 1.3992 -44.5594
v -0.0655 1.2143 -44.5764
v 0.4935 1.1516 -44.5849
v 1.0525 1.2143 -44.5842
v 1.5832 1.3992 -44.5745
v 2.0592 1.6975 -44.5562
v 2.4572 2.0937 -44.5303
v 2.7559 2.5682 -44.498
v 2.9416 3.0973 -44.4609
v 2.9018 3.674 -44.716
v 2.8411 4.2078 -44.6771
v 2.6632 4.7148 -44.639
v 2.3757 5.1696 -44.6041
v 1.9948 5.5495 -44.5738
v 1.5378 5.8351 -44.5501
v 1.0288 6.0124 -44.5336
v 0.4931 6.0727 -44.5254
v -0.0427 6.0124 -44.5261
v -0.5517 5.8351 -44.5356
v -1.008 5.5495 -44.553
v -1.3891 5.1696 -44.5779
v -1.6759 4.7148 -44.6088
v -1.8535 4.2078 -44.6443
v -1.9136 3.674 -44.6824
v -1.8528 3.1402 -44.7215
v -1.6748 2.6333 -44.7596
v -1.3876 2.1784 -44.7944
v -1.0063 1.7985 -44.8246
v -0.5496 1.5128 -44.8485
v -0.0405 1.3355 -44.8649
v 0.4955 1.2754 -44.8729
v 1.0311 1.3355 -44.8725
v 1.5398 1.5128 -44.8632
v 1.9964 1.7985 -44.8455
v 2.3773 2.1784 -44.8207
v 2.6642 2.6333 -44.7896
v 2.842 3.1402 -44.7542
v 2.7671 3.6928 -44.9963
v 2.7099 4.1965 -44.9595
v 2.5417 4.6745 -44.9236
v 2.2706 5.1036 -44.8906
v 1.9111 5.4619 -44.8622
v 1.4806 5.7312 -44.8398
v 1.0001 5.8986 -44.8242
v 0.4952 5.9553 -44.8166
v -0.0103 5.8986 -44.8172
v -0.4902 5.7312 -44.8261
v -0.9209 5.4619 -44.8424
v -1.28 5.1036 -44.866
v -1.5506 4.6745 -44.8952
v -1.7182 4.1965 -44.9286
v -1.7751 3.6928 -44.9646
v -1.7176 3.1897 -45.0015
v -1.5496 2.7113 -45.0373
v -1.2786 2.2826 -45.0703
v -0.919 1.9242 -45.0988
v -0.4882 1.6546 -45.1212
v -0.0081 1.4874 -45.1367
v 0.4973 1.4306 -45.1444
v 1.0024 1.4874 -45.1437
v 1.4823 1.6546 -45.135
v 1.9125 1.9242 -45.1184
v 2.2725 2.2826 -45.095
v 2.5426 2.7113 -45.0658
v 2.7104 3.1897 -45.0322
v 2.6014 3.7107 -45.2581
v 2.5483 4.177 -45.224
v 2.3925 4.6199 -45.1907
v 2.1417 5.0173 -45.1603
v 1.8086 5.349 -45.1338
v 1.4093 5.5987 -45.113
v 0.9651 5.7537 -45.0988
v 0.4971 5.8061 -45.0916
v 0.0287 5.7537 -45.0921
v -0.4157 5.5987 -45.1003
v -0.8143 5.349 -45.1155
v -1.1473 5.0173 -45.1374
v -1.3977 4.6199 -45.1644
v -1.5527 4.177 -45.1955
v -1.6056 3.7107 -45.2288
v -1.5527 3.2445 -45.2628
v -1.3968 2.8016 -45.296
v -1.1462 2.4043 -45.3266
v -0.8127 2.0725 -45.353
v -0.4138 1.8228 -45.3738
v 0.0308 1.6678 -45.388
v 0.499 1.6152 -45.3953
v 0.9668 1.6678 -45.3946
v 1.4113 1.8228 -45.3865
v 1.81 2.0725 -45.3713
v 2.1431 2.4043 -45.3496
v 2.3932 2.8016 -45.3225
v 2.5487 3.2445 -45.2916
v 2.4071 3.7271 -45.4979
v 2.3586 4.1497 -45.4669
v 2.2176 4.5513 -45.4367
v 1.9902 4.9118 -45.4091
v 1.688 5.2126 -45.3851
v 1.3263 5.4389 -45.3662
v 0.923 5.5795 -45.3531
v 0.4986 5.6271 -45.3467
v 0.074 5.5795 -45.3473
v -0.3289 5.4389 -45.3548
v -0.6905 5.2126 -45.3686
v -0.9921 4.9118 -45.3883
v -1.2193 4.5513 -45.4128
v -1.3603 4.1497 -45.4409
v -1.4078 3.7271 -45.4712
v -1.3598 3.3041 -45.5022
v -1.2186 2.9025 -45.5322
v -0.9912 2.5424 -45.56
v -0.6889 2.2414 -45.5836
v -0.3273 2.015 -45.6027
v 0.0759 1.8746 -45.6158
v 0.5004 1.8269 -45.6222
v 0.9247 1.8746 -45.6216
v 1.328 2.015 -45.6143
v 1.6894 2.2414 -45.6003
v 1.9913 2.5424 -45.5808
v 2.2184 2.9025 -45.5561
v 2.3593 3.3041 -45.5279
v 2.1863 3.7416 -45.7122
v 2.144 4.1151 -45.6848
v 2.0192 4.4701 -45.6582
v 1.8183 4.7885 -45.6337
v 1.5512 5.0544 -45.6126
v 1.2314 5.2544 -45.5959
v 0.8749 5.3785 -45.5845
v 0.5002 5.4209 -45.5789
v 0.1251 5.3785 -45.5793
v -0.2312 5.2544 -45.5858
v -0.5507 5.0544 -45.598
v -0.8175 4.7885 -45.6154
v -1.0181 4.4701 -45.6371
v -1.1426 4.1151 -45.6619
v -1.1848 3.7416 -45.6887
v -1.1422 3.3679 -45.7162
v -1.0176 3.0131 -45.7426
v -0.8164 2.6947 -45.767
v -0.5496 2.4287 -45.7881
v -0.2297 2.2288 -45.8049
v 0.1265 2.1045 -45.8163
v 0.5017 2.0625 -45.8221
v 0.8768 2.1045 -45.8217
v 1.2328 2.2288 -45.8151
v 1.5524 2.4287 -45.8028
v 1.8193 2.6947 -45.7853
v 2.02 3.0131 -45.7638
v 2.1445 3.3679 -45.7389
v 1.9429 3.7542 -45.8984
v 1.907 4.0737 -45.875
v 1.8002 4.3771 -45.8523
v 1.6283 4.6494 -45.8313
v 1.3999 4.8765 -45.8133
v 1.1268 5.0477 -45.799
v 0.8221 5.1537 -45.7891
v 0.5015 5.1898 -45.7843
v 0.1807 5.1537 -45.7847
v -0.1237 5.0477 -45.7903
v -0.3967 4.8765 -45.8008
v -0.6249 4.6494 -45.8157
v -0.7964 4.3771 -45.8342
v -0.9029 4.0737 -45.8555
v -0.9387 3.7542 -45.8783
v -0.9025 3.4348 -45.9016
v -0.7959 3.1314 -45.9244
v -0.6239 2.8592 -45.9452
v -0.3956 2.6319 -45.9634
v -0.1223 2.4609 -45.9777
v 0.182 2.3548 -45.9874
v 0.503 2.3188 -45.9923
v 0.8237 2.3548 -45.9919
v 1.128 2.4609 -45.9863
v 1.4012 2.6319 -45.9759
v 1.6291 2.8592 -45.961
v 1.8008 3.1314 -45.9425
v 1.9072 3.4348 -45.9213
v 1.674 3.7649 -45.1262
v 1.6442 4.0258 -45.1071
v 1.557 4.2736 -45.0885
v 1.4166 4.4959 -45.0715
v 1.2303 4.6814 -45.0568
v 1.0072 4.8211 -45.045
v 0.7583 4.9078 -45.037
v 0.4964 4.9372 -45.0331
v 0.2347 4.9078 -45.0334
v -0.0141 4.8211 -45.0378
v -0.2373 4.6814 -45.0466
v -0.4235 4.4959 -45.0585
v -0.5635 4.2736 -45.0739
v -0.6505 4.0258 -45.091
v -0.6797 3.7649 -45.1099
v -0.6501 3.504 -45.1289
v -0.5629 3.2562 -45.1474
v -0.4227 3.034 -45.1646
v -0.2362 2.8482 -45.1791
v -0.0132 2.7085 -45.191
v 0.2358 2.6219 -45.199
v 0.4976 2.5925 -45.203
v 0.7595 2.6219 -45.2026
v 1.0081 2.7085 -45.198
v 1.2313 2.8482 -45.1894
v 1.4174 3.034 -45.1774
v 1.5576 3.2562 -45.1624
v 1.6446 3.504 -45.1449
v 1.3948 3.7732 -45.2488
v 1.372 3.9722 -45.2343
v 1.3059 4.161 -45.2202
v 1.1988 4.3304 -45.2072
v 1.0565 4.4719 -45.196
v 0.8865 4.5784 -45.187
v 0.697 4.6444 -45.181
v 0.4974 4.6669 -45.178
v 0.2977 4.6444 -45.1781
v 0.1083 4.5784 -45.1817
v -0.062 4.4719 -45.1882
v -0.2037 4.3304 -45.1974
v -0.3104 4.161 -45.209
v -0.3768 3.9722 -45.2221
v -0.3991 3.7732 -45.2364
v -0.3764 3.5744 -45.2509
v -0.31 3.3856 -45.2652
v -0.2033 3.2162 -45.2781
v -0.061 3.0748 -45.2893
v 0.1091 2.9683 -45.2983
v 0.2986 2.9023 -45.3044
v 0.4983 2.8799 -45.3073
v 0.6976 2.9023 -45.3071
v 0.8872 2.9683 -45.3037
v 1.0573 3.0748 -45.2971
v 1.1994 3.2162 -45.288
v 1.3062 3.3856 -45.2763
v 1.3724 3.5744 -45.263
v 1.3577 3.7794 -45.8084
v 1.3362 3.9691 -45.7946
v 1.2728 4.1496 -45.7811
v 1.1706 4.3111 -45.7685
v 1.035 4.4463 -45.7578
v 0.8726 4.5478 -45.7495
v 0.6917 4.6108 -45.7435
v 0.5014 4.6322 -45.7406
v 0.3109 4.6108 -45.7408
v 0.13 4.5478 -45.7442
v -0.0323 4.4463 -45.7503
v -0.168 4.3111 -45.7592
v -0.2699 4.1496 -45.7703
v -0.3331 3.9691 -45.7829
v -0.3543 3.7794 -45.7963
v -0.3329 3.5896 -45.8103
v -0.2696 3.4094 -45.8237
v -0.1673 3.2477 -45.8365
v -0.0319 3.1127 -45.847
v 0.1308 3.011 -45.8555
v 0.3112 2.9479 -45.8611
v 0.5021 2.9265 -45.8642
v 0.6924 2.9479 -45.8638
v 0.8733 3.011 -45.8606
v 1.0357 3.1127 -45.8543
v 1.1711 3.2477 -45.8456
v 1.2732 3.4094 -45.8346
v 1.3365 3.5896 -45.822
v 0.8094 3.7831 -46.3174
v 0.8019 3.8506 -46.3125
v 0.7794 3.9146 -46.3076
v 0.743 3.9722 -46.3032
v 0.6946 4.0201 -46.2992
v 0.6371 4.0562 -46.2964
v 0.5728 4.0787 -46.2944
v 0.505 4.0863 -46.2931
v 0.4371 4.0787 -46.2934
v 0.3728 4.0562 -46.2945
v 0.3153 4.0201 -46.2966
v 0.2669 3.9722 -46.2999
v 0.2308 3.9146 -46.3036
v 0.2081 3.8506 -46.3083
v 0.2005 3.7831 -46.3131
v 0.2082 3.7156 -46.3181
v 0.2309 3.6514 -46.3228
v 0.2671 3.5939 -46.3272
v 0.3153 3.5459 -46.3311
v 0.3729 3.5098 -46.3341
v 0.4375 3.4874 -46.3361
v 0.5052 3.4797 -46.3372
v 0.5728 3.4874 -46.3371
v 0.6372 3.5098 -46.336
v 0.6949 3.5459 -46.3337
v 0.743 3.5939 -46.3306
v 0.7794 3.6514 -46.3265
v 0.8019 3.7156 -46.3222
v 0.5052 3.7842 -46.3334

g name18 
f 8756 8757 8755
f 8784 8785 8757 8756
f 8812 8813 8785 8784
f 8840 8841 8813 8812
f 8868 8869 8841 8840
f 8896 8897 8869 8868
f 8924 8925 8897 8896
f 8952 8953 8925 8924
f 8980 8981 8953 8952
f 9008 9009 8981 8980
f 9036 9037 9009 9008
f 9064 9065 9037 9036
f 9092 9093 9065 9064
f 9120 9121 9093 9092
f 9148 9149 9121 9120
f 9176 9177 9149 9148
f 9204 9205 9177 9176
f 9232 9233 9205 9204
f 9260 9261 9233 9232
f 9288 9289 9261 9260
f 9316 9317 9289 9288
f 9344 9345 9317 9316
f 9372 9373 9345 9344
f 9400 9401 9373 9372
f 9428 9429 9401 9400
f 9456 9457 9429 9428
f 9484 9457 9456
f 8757 8758 8755
f 8785 8786 8758 8757
f 8813 8814 8786 8785
f 8841 8842 8814 8813
f 8869 8870 8842 8841
f 8897 8898 8870 8869
f 8925 8926 8898 8897
f 8953 8954 8926 8925
f 8981 8982 8954 8953
f 9009 9010 8982 8981
f 9037 9038 9010 9009
f 9065 9066 9038 9037
f 9093 9094 9066 9065
f 9121 9122 9094 9093
f 9149 9150 9122 9121
f 9177 9178 9150 9149
f 9205 9206 9178 9177
f 9233 9234 9206 9205
f 9261 9262 9234 9233
f 9289 9290 9262 9261
f 9317 9318 9290 9289
f 9345 9346 9318 9317
f 9373 9374 9346 9345
f 9401 9402 9374 9373
f 9429 9430 9402 9401
f 9457 9458 9430 9429
f 9484 9458 9457
f 8758 8759 8755
f 8786 8787 8759 8758
f 8814 8815 8787 8786
f 8842 8843 8815 8814
f 8870 8871 8843 8842
f 8898 8899 8871 8870
f 8926 8927 8899 8898
f 8954 8955 8927 8926
f 8982 8983 8955 8954
f 9010 9011 8983 8982
f 9038 9039 9011 9010
f 9066 9067 9039 9038
f 9094 9095 9067 9066
f 9122 9123 9095 9094
f 9150 9151 9123 9122
f 9178 9179 9151 9150
f 9206 9207 9179 9178
f 9234 9235 9207 9206
f 9262 9263 9235 9234
f 9290 9291 9263 9262
f 9318 9319 9291 9290
f 9346 9347 9319 9318
f 9374 9375 9347 9346
f 9402 9403 9375 9374
f 9430 9431 9403 9402
f 9458 9459 9431 9430
f 9484 9459 9458
f 8759 8760 8755
f 8787 8788 8760 8759
f 8815 8816 8788 8787
f 8843 8844 8816 8815
f 8871 8872 8844 8843
f 8899 8900 8872 8871
f 8927 8928 8900 8899
f 8955 8956 8928 8927
f 8983 8984 8956 8955
f 9011 9012 8984 8983
f 9039 9040 9012 9011
f 9067 9068 9040 9039
f 9095 9096 9068 9067
f 9123 9124 9096 9095
f 9151 9152 9124 9123
f 9179 9180 9152 9151
f 9207 9208 9180 9179
f 9235 9236 9208 9207
f 9263 9264 9236 9235
f 9291 9292 9264 9263
f 9319 9320 9292 9291
f 9347 9348 9320 9319
f 9375 9376 9348 9347
f 9403 9404 9376 9375
f 9431 9432 9404 9403
f 9459 9460 9432 9431
f 9484 9460 9459
f 8760 8761 8755
f 8788 8789 8761 8760
f 8816 8817 8789 8788
f 8844 8845 8817 8816
f 8872 8873 8845 8844
f 8900 8901 8873 8872
f 8928 8929 8901 8900
f 8956 8957 8929 8928
f 8984 8985 8957 8956
f 9012 9013 8985 8984
f 9040 9041 9013 9012
f 9068 9069 9041 9040
f 9096 9097 9069 9068
f 9124 9125 9097 9096
f 9152 9153 9125 9124
f 9180 9181 9153 9152
f 9208 9209 9181 9180
f 9236 9237 9209 9208
f 9264 9265 9237 9236
f 9292 9293 9265 9264
f 9320 9321 9293 9292
f 9348 9349 9321 9320
f 9376 9377 9349 9348
f 9404 9405 9377 9376
f 9432 9433 9405 9404
f 9460 9461 9433 9432
f 9484 9461 9460
f 8761 8762 8755
f 8789 8790 8762 8761
f 8817 8818 8790 8789
f 8845 8846 8818 8817
f 8873 8874 8846 8845
f 8901 8902 8874 8873
f 8929 8930 8902 8901
f 8957 8958 8930 8929
f 8985 8986 8958 8957
f 9013 9014 8986 8985
f 9041 9042 9014 9013
f 9069 9070 9042 9041
f 9097 9098 9070 9069
f 9125 9126 9098 9097
f 9153 9154 9126 9125
f 9181 9182 9154 9153
f 9209 9210 9182 9181
f 9237 9238 9210 9209
f 9265 9266 9238 9237
f 9293 9294 9266 9265
f 9321 9322 9294 9293
f 9349 9350 9322 9321
f 9377 9378 9350 9349
f 9405 9406 9378 9377
f 9433 9434 9406 9405
f 9461 9462 9434 9433
f 9484 9462 9461
f 8762 8763 8755
f 8790 8791 8763 8762
f 8818 8819 8791 8790
f 8846 8847 8819 8818
f 8874 8875 8847 8846
f 8902 8903 8875 8874
f 8930 8931 8903 8902
f 8958 8959 8931 8930
f 8986 8987 8959 8958
f 9014 9015 8987 8986
f 9042 9043 9015 9014
f 9070 9071 9043 9042
f 9098 9099 9071 9070
f 9126 9127 9099 9098
f 9154 9155 9127 9126
f 9182 9183 9155 9154
f 9210 9211 9183 9182
f 9238 9239 9211 9210
f 9266 9267 9239 9238
f 9294 9295 9267 9266
f 9322 9323 9295 9294
f 9350 9351 9323 9322
f 9378 9379 9351 9350
f 9406 9407 9379 9378
f 9434 9435 9407 9406
f 9462 9463 9435 9434
f 9484 9463 9462
f 8763 8764 8755
f 8791 8792 8764 8763
f 8819 8820 8792 8791
f 8847 8848 8820 8819
f 8875 8876 8848 8847
f 8903 8904 8876 8875
f 8931 8932 8904 8903
f 8959 8960 8932 8931
f 8987 8988 8960 8959
f 9015 9016 8988 8987
f 9043 9044 9016 9015
f 9071 9072 9044 9043
f 9099 9100 9072 9071
f 9127 9128 9100 9099
f 9155 9156 9128 9127
f 9183 9184 9156 9155
f 9211 9212 9184 9183
f 9239 9240 9212 9211
f 9267 9268 9240 9239
f 9295 9296 9268 9267
f 9323 9324 9296 9295
f 9351 9352 9324 9323
f 9379 9380 9352 9351
f 9407 9408 9380 9379
f 9435 9436 9408 9407
f 9463 9464 9436 9435
f 9484 9464 9463
f 8764 8765 8755
f 8792 8793 8765 8764
f 8820 8821 8793 8792
f 8848 8849 8821 8820
f 8876 8877 8849 8848
f 8904 8905 8877 8876
f 8932 8933 8905 8904
f 8960 8961 8933 8932
f 8988 8989 8961 8960
f 9016 9017 8989 8988
f 9044 9045 9017 9016
f 9072 9073 9045 9044
f 9100 9101 9073 9072
f 9128 9129 9101 9100
f 9156 9157 9129 9128
f 9184 9185 9157 9156
f 9212 9213 9185 9184
f 9240 9241 9213 9212
f 9268 9269 9241 9240
f 9296 9297 9269 9268
f 9324 9325 9297 9296
f 9352 9353 9325 9324
f 9380 9381 9353 9352
f 9408 9409 9381 9380
f 9436 9437 9409 9408
f 9464 9465 9437 9436
f 9484 9465 9464
f 8765 8766 8755
f 8793 8794 8766 8765
f 8821 8822 8794 8793
f 8849 8850 8822 8821
f 8877 8878 8850 8849
f 8905 8906 8878 8877
f 8933 8934 8906 8905
f 8961 8962 8934 8933
f 8989 8990 8962 8961
f 9017 9018 8990 8989
f 9045 9046 9018 9017
f 9073 9074 9046 9045
f 9101 9102 9074 9073
f 9129 9130 9102 9101
f 9157 9158 9130 9129
f 9185 9186 9158 9157
f 9213 9214 9186 9185
f 9241 9242 9214 9213
f 9269 9270 9242 9241
f 9297 9298 9270 9269
f 9325 9326 9298 9297
f 9353 9354 9326 9325
f 9381 9382 9354 9353
f 9409 9410 9382 9381
f 9437 9438 9410 9409
f 9465 9466 9438 9437
f 9484 9466 9465
f 8766 8767 8755
f 8794 8795 8767 8766
f 8822 8823 8795 8794
f 8850 8851 8823 8822
f 8878 8879 8851 8850
f 8906 8907 8879 8878
f 8934 8935 8907 8906
f 8962 8963 8935 8934
f 8990 8991 8963 8962
f 9018 9019 8991 8990
f 9046 9047 9019 9018
f 9074 9075 9047 9046
f 9102 9103 9075 9074
f 9130 9131 9103 9102
f 9158 9159 9131 9130
f 9186 9187 9159 9158
f 9214 9215 9187 9186
f 9242 9243 9215 9214
f 9270 9271 9243 9242
f 9298 9299 9271 9270
f 9326 9327 9299 9298
f 9354 9355 9327 9326
f 9382 9383 9355 9354
f 9410 9411 9383 9382
f 9438 9439 9411 9410
f 9466 9467 9439 9438
f 9484 9467 9466
f 8767 8768 8755
f 8795 8796 8768 8767
f 8823 8824 8796 8795
f 8851 8852 8824 8823
f 8879 8880 8852 8851
f 8907 8908 8880 8879
f 8935 8936 8908 8907
f 8963 8964 8936 8935
f 8991 8992 8964 8963
f 9019 9020 8992 8991
f 9047 9048 9020 9019
f 9075 9076 9048 9047
f 9103 9104 9076 9075
f 9131 9132 9104 9103
f 9159 9160 9132 9131
f 9187 9188 9160 9159
f 9215 9216 9188 9187
f 9243 9244 9216 9215
f 9271 9272 9244 9243
f 9299 9300 9272 9271
f 9327 9328 9300 9299
f 9355 9356 9328 9327
f 9383 9384 9356 9355
f 9411 9412 9384 9383
f 9439 9440 9412 9411
f 9467 9468 9440 9439
f 9484 9468 9467
f 8768 8769 8755
f 8796 8797 8769 8768
f 8824 8825 8797 8796
f 8852 8853 8825 8824
f 8880 8881 8853 8852
f 8908 8909 8881 8880
f 8936 8937 8909 8908
f 8964 8965 8937 8936
f 8992 8993 8965 8964
f 9020 9021 8993 8992
f 9048 9049 9021 9020
f 9076 9077 9049 9048
f 9104 9105 9077 9076
f 9132 9133 9105 9104
f 9160 9161 9133 9132
f 9188 9189 9161 9160
f 9216 9217 9189 9188
f 9244 9245 9217 9216
f 9272 9273 9245 9244
f 9300 9301 9273 9272
f 9328 9329 9301 9300
f 9356 9357 9329 9328
f 9384 9385 9357 9356
f 9412 9413 9385 9384
f 9440 9441 9413 9412
f 9468 9469 9441 9440
f 9484 9469 9468
f 8769 8770 8755
f 8797 8798 8770 8769
f 8825 8826 8798 8797
f 8853 8854 8826 8825
f 8881 8882 8854 8853
f 8909 8910 8882 8881
f 8937 8938 8910 8909
f 8965 8966 8938 8937
f 8993 8994 8966 8965
f 9021 9022 8994 8993
f 9049 9050 9022 9021
f 9077 9078 9050 9049
f 9105 9106 9078 9077
f 9133 9134 9106 9105
f 9161 9162 9134 9133
f 9189 9190 9162 9161
f 9217 9218 9190 9189
f 9245 9246 9218 9217
f 9273 9274 9246 9245
f 9301 9302 9274 9273
f 9329 9330 9302 9301
f 9357 9358 9330 9329
f 9385 9386 9358 9357
f 9413 9414 9386 9385
f 9441 9442 9414 9413
f 9469 9470 9442 9441
f 9484 9470 9469
f 8770 8771 8755
f 8798 8799 8771 8770
f 8826 8827 8799 8798
f 8854 8855 8827 8826
f 8882 8883 8855 8854
f 8910 8911 8883 8882
f 8938 8939 8911 8910
f 8966 8967 8939 8938
f 8994 8995 8967 8966
f 9022 9023 8995 8994
f 9050 9051 9023 9022
f 9078 9079 9051 9050
f 9106 9107 9079 9078
f 9134 9135 9107 9106
f 9162 9163 9135 9134
f 9190 9191 9163 9162
f 9218 9219 9191 9190
f 9246 9247 9219 9218
f 9274 9275 9247 9246
f 9302 9303 9275 9274
f 9330 9331 9303 9302
f 9358 9359 9331 9330
f 9386 9387 9359 9358
f 9414 9415 9387 9386
f 9442 9443 9415 9414
f 9470 9471 9443 9442
f 9484 9471 9470
f 8771 8772 8755
f 8799 8800 8772 8771
f 8827 8828 8800 8799
f 8855 8856 8828 8827
f 8883 8884 8856 8855
f 8911 8912 8884 8883
f 8939 8940 8912 8911
f 8967 8968 8940 8939
f 8995 8996 8968 8967
f 9023 9024 8996 8995
f 9051 9052 9024 9023
f 9079 9080 9052 9051
f 9107 9108 9080 9079
f 9135 9136 9108 9107
f 9163 9164 9136 9135
f 9191 9192 9164 9163
f 9219 9220 9192 9191
f 9247 9248 9220 9219
f 9275 9276 9248 9247
f 9303 9304 9276 9275
f 9331 9332 9304 9303
f 9359 9360 9332 9331
f 9387 9388 9360 9359
f 9415 9416 9388 9387
f 9443 9444 9416 9415
f 9471 9472 9444 9443
f 9484 9472 9471
f 8772 8773 8755
f 8800 8801 8773 8772
f 8828 8829 8801 8800
f 8856 8857 8829 8828
f 8884 8885 8857 8856
f 8912 8913 8885 8884
f 8940 8941 8913 8912
f 8968 8969 8941 8940
f 8996 8997 8969 8968
f 9024 9025 8997 8996
f 9052 9053 9025 9024
f 9080 9081 9053 9052
f 9108 9109 9081 9080
f 9136 9137 9109 9108
f 9164 9165 9137 9136
f 9192 9193 9165 9164
f 9220 9221 9193 9192
f 9248 9249 9221 9220
f 9276 9277 9249 9248
f 9304 9305 9277 9276
f 9332 9333 9305 9304
f 9360 9361 9333 9332
f 9388 9389 9361 9360
f 9416 9417 9389 9388
f 9444 9445 9417 9416
f 9472 9473 9445 9444
f 9484 9473 9472
f 8773 8774 8755
f 8801 8802 8774 8773
f 8829 8830 8802 8801
f 8857 8858 8830 8829
f 8885 8886 8858 8857
f 8913 8914 8886 8885
f 8941 8942 8914 8913
f 8969 8970 8942 8941
f 8997 8998 8970 8969
f 9025 9026 8998 8997
f 9053 9054 9026 9025
f 9081 9082 9054 9053
f 9109 9110 9082 9081
f 9137 9138 9110 9109
f 9165 9166 9138 9137
f 9193 9194 9166 9165
f 9221 9222 9194 9193
f 9249 9250 9222 9221
f 9277 9278 9250 9249
f 9305 9306 9278 9277
f 9333 9334 9306 9305
f 9361 9362 9334 9333
f 9389 9390 9362 9361
f 9417 9418 9390 9389
f 9445 9446 9418 9417
f 9473 9474 9446 9445
f 9484 9474 9473
f 8774 8775 8755
f 8802 8803 8775 8774
f 8830 8831 8803 8802
f 8858 8859 8831 8830
f 8886 8887 8859 8858
f 8914 8915 8887 8886
f 8942 8943 8915 8914
f 8970 8971 8943 8942
f 8998 8999 8971 8970
f 9026 9027 8999 8998
f 9054 9055 9027 9026
f 9082 9083 9055 9054
f 9110 9111 9083 9082
f 9138 9139 9111 9110
f 9166 9167 9139 9138
f 9194 9195 9167 9166
f 9222 9223 9195 9194
f 9250 9251 9223 9222
f 9278 9279 9251 9250
f 9306 9307 9279 9278
f 9334 9335 9307 9306
f 9362 9363 9335 9334
f 9390 9391 9363 9362
f 9418 9419 9391 9390
f 9446 9447 9419 9418
f 9474 9475 9447 9446
f 9484 9475 9474
f 8775 8776 8755
f 8803 8804 8776 8775
f 8831 8832 8804 8803
f 8859 8860 8832 8831
f 8887 8888 8860 8859
f 8915 8916 8888 8887
f 8943 8944 8916 8915
f 8971 8972 8944 8943
f 8999 9000 8972 8971
f 9027 9028 9000 8999
f 9055 9056 9028 9027
f 9083 9084 9056 9055
f 9111 9112 9084 9083
f 9139 9140 9112 9111
f 9167 9168 9140 9139
f 9195 9196 9168 9167
f 9223 9224 9196 9195
f 9251 9252 9224 9223
f 9279 9280 9252 9251
f 9307 9308 9280 9279
f 9335 9336 9308 9307
f 9363 9364 9336 9335
f 9391 9392 9364 9363
f 9419 9420 9392 9391
f 9447 9448 9420 9419
f 9475 9476 9448 9447
f 9484 9476 9475
f 8776 8777 8755
f 8804 8805 8777 8776
f 8832 8833 8805 8804
f 8860 8861 8833 8832
f 8888 8889 8861 8860
f 8916 8917 8889 8888
f 8944 8945 8917 8916
f 8972 8973 8945 8944
f 9000 9001 8973 8972
f 9028 9029 9001 9000
f 9056 9057 9029 9028
f 9084 9085 9057 9056
f 9112 9113 9085 9084
f 9140 9141 9113 9112
f 9168 9169 9141 9140
f 9196 9197 9169 9168
f 9224 9225 9197 9196
f 9252 9253 9225 9224
f 9280 9281 9253 9252
f 9308 9309 9281 9280
f 9336 9337 9309 9308
f 9364 9365 9337 9336
f 9392 9393 9365 9364
f 9420 9421 9393 9392
f 9448 9449 9421 9420
f 9476 9477 9449 9448
f 9484 9477 9476
f 8777 8778 8755
f 8805 8806 8778 8777
f 8833 8834 8806 8805
f 8861 8862 8834 8833
f 8889 8890 8862 8861
f 8917 8918 8890 8889
f 8945 8946 8918 8917
f 8973 8974 8946 8945
f 9001 9002 8974 8973
f 9029 9030 9002 9001
f 9057 9058 9030 9029
f 9085 9086 9058 9057
f 9113 9114 9086 9085
f 9141 9142 9114 9113
f 9169 9170 9142 9141
f 9197 9198 9170 9169
f 9225 9226 9198 9197
f 9253 9254 9226 9225
f 9281 9282 9254 9253
f 9309 9310 9282 9281
f 9337 9338 9310 9309
f 9365 9366 9338 9337
f 9393 9394 9366 9365
f 9421 9422 9394 9393
f 9449 9450 9422 9421
f 9477 9478 9450 9449
f 9484 9478 9477
f 8778 8779 8755
f 8806 8807 8779 8778
f 8834 8835 8807 8806
f 8862 8863 8835 8834
f 8890 8891 8863 8862
f 8918 8919 8891 8890
f 8946 8947 8919 8918
f 8974 8975 8947 8946
f 9002 9003 8975 8974
f 9030 9031 9003 9002
f 9058 9059 9031 9030
f 9086 9087 9059 9058
f 9114 9115 9087 9086
f 9142 9143 9115 9114
f 9170 9171 9143 9142
f 9198 9199 9171 9170
f 9226 9227 9199 9198
f 9254 9255 9227 9226
f 9282 9283 9255 9254
f 9310 9311 9283 9282
f 9338 9339 9311 9310
f 9366 9367 9339 9338
f 9394 9395 9367 9366
f 9422 9423 9395 9394
f 9450 9451 9423 9422
f 9478 9479 9451 9450
f 9484 9479 9478
f 8779 8780 8755
f 8807 8808 8780 8779
f 8835 8836 8808 8807
f 8863 8864 8836 8835
f 8891 8892 8864 8863
f 8919 8920 8892 8891
f 8947 8948 8920 8919
f 8975 8976 8948 8947
f 9003 9004 8976 8975
f 9031 9032 9004 9003
f 9059 9060 9032 9031
f 9087 9088 9060 9059
f 9115 9116 9088 9087
f 9143 9144 9116 9115
f 9171 9172 9144 9143
f 9199 9200 9172 9171
f 9227 9228 9200 9199
f 9255 9256 9228 9227
f 9283 9284 9256 9255
f 9311 9312 9284 9283
f 9339 9340 9312 9311
f 9367 9368 9340 9339
f 9395 9396 9368 9367
f 9423 9424 9396 9395
f 9451 9452 9424 9423
f 9479 9480 9452 9451
f 9484 9480 9479
f 8780 8781 8755
f 8808 8809 8781 8780
f 8836 8837 8809 8808
f 8864 8865 8837 8836
f 8892 8893 8865 8864
f 8920 8921 8893 8892
f 8948 8949 8921 8920
f 8976 8977 8949 8948
f 9004 9005 8977 8976
f 9032 9033 9005 9004
f 9060 9061 9033 9032
f 9088 9089 9061 9060
f 9116 9117 9089 9088
f 9144 9145 9117 9116
f 9172 9173 9145 9144
f 9200 9201 9173 9172
f 9228 9229 9201 9200
f 9256 9257 9229 9228
f 9284 9285 9257 9256
f 9312 9313 9285 9284
f 9340 9341 9313 9312
f 9368 9369 9341 9340
f 9396 9397 9369 9368
f 9424 9425 9397 9396
f 9452 9453 9425 9424
f 9480 9481 9453 9452
f 9484 9481 9480
f 8781 8782 8755
f 8809 8810 8782 8781
f 8837 8838 8810 8809
f 8865 8866 8838 8837
f 8893 8894 8866 8865
f 8921 8922 8894 8893
f 8949 8950 8922 8921
f 8977 8978 8950 8949
f 9005 9006 8978 8977
f 9033 9034 9006 9005
f 9061 9062 9034 9033
f 9089 9090 9062 9061
f 9117 9118 9090 9089
f 9145 9146 9118 9117
f 9173 9174 9146 9145
f 9201 9202 9174 9173
f 9229 9230 9202 9201
f 9257 9258 9230 9229
f 9285 9286 9258 9257
f 9313 9314 9286 9285
f 9341 9342 9314 9313
f 9369 9370 9342 9341
f 9397 9398 9370 9369
f 9425 9426 9398 9397
f 9453 9454 9426 9425
f 9481 9482 9454 9453
f 9484 9482 9481
f 8782 8783 8755
f 8810 8811 8783 8782
f 8838 8839 8811 8810
f 8866 8867 8839 8838
f 8894 8895 8867 8866
f 8922 8923 8895 8894
f 8950 8951 8923 8922
f 8978 8979 8951 8950
f 9006 9007 8979 8978
f 9034 9035 9007 9006
f 9062 9063 9035 9034
f 9090 9091 9063 9062
f 9118 9119 9091 9090
f 9146 9147 9119 9118
f 9174 9175 9147 9146
f 9202 9203 9175 9174
f 9230 9231 9203 9202
f 9258 9259 9231 9230
f 9286 9287 9259 9258
f 9314 9315 9287 9286
f 9342 9343 9315 9314
f 9370 9371 9343 9342
f 9398 9399 9371 9370
f 9426 9427 9399 9398
f 9454 9455 9427 9426
f 9482 9483 9455 9454
f 9484 9483 9482
f 8783 8756 8755
f 8811 8784 8756 8783
f 8839 8812 8784 8811
f 8867 8840 8812 8839
f 8895 8868 8840 8867
f 8923 8896 8868 8895
f 8951 8924 8896 8923
f 8979 8952 8924 8951
f 9007 8980 8952 8979
f 9035 9008 8980 9007
f 9063 9036 9008 9035
f 9091 9064 9036 9063
f 9119 9092 9064 9091
f 9147 9120 9092 9119
f 9175 9148 9120 9147
f 9203 9176 9148 9175
f 9231 9204 9176 9203
f 9259 9232 9204 9231
f 9287 9260 9232 9259
f 9315 9288 9260 9287
f 9343 9316 9288 9315
f 9371 9344 9316 9343
f 9399 9372 9344 9371
f 9427 9400 9372 9399
f 9455 9428 9400 9427
f 9483 9456 9428 9455
f 9484 9456 9483

g 
v -4.724 0.7323 9.0465
v -18.3857 4.1558 9.7679
v -17.409 3.3546 6.0621
v -11.9462 3.3546 5.7758
v -20.7725 0.8529 5.4591
v -10.3547 4.3102 9.965
v -10.9377 3.9416 12.9354
v -5.1632 0.6293 13.6109
v -4.8217 0.818 9.6751
v -5.7516 0.4884 5.0696
v -11.2195 3.7278 6.2161
v -18.4874 3.8173 6.6775
v -22.1062 1.0362 5.9966
v -14.3636 0.7836 5.1017
v -22.0846 0.9463 9.9564
v -19.5648 -0.0691 14.7903
v -17.0273 3.3546 13.3459
v -11.5644 3.3546 13.0596
v -6.7394 0.531 13.6451
v -5.33 0.4884 13.1144
v -10.8878 3.7278 12.5458
v -18.164 3.8173 12.8466
v -21.6919 1.0362 13.9021
v -10.0387 -0.2708 14.1728
v -7.9342 0.6463 13.6701
v 4.0608 -2.4004 11.1605
v 3.509 -4.6194 11.8504
v 3.792 -2.4004 6.0312
v 3.1711 -4.6194 5.4027
v -5.6376 0.6293 4.5584
v -7.2088 0.6677 4.6891
v -21.7756 -5.2885 12.88
v -22.2868 -5.2885 12.9068
v -4.5704 -5.335 11.9783
v -4.0325 -7.6875 15.9109
v -12.2808 -10.0395 17.4181
v -12.2395 -10.0522 18.206
v -13.2522 -10.0522 18.2537
v -13.2932 -10.0395 17.4712
v -3.9575 -9.7188 17.342
v -13.0878 -9.7188 17.842
v -13.1119 -9.9672 17.3811
v -4.7536 -7.6875 2.1528
v -13.1142 -10.0395 1.516
v -13.1555 -10.0522 0.7281
v -14.1676 -10.0522 0.7866
v -14.1266 -10.0395 1.5691
v -4.8286 -9.7188 0.7217
v -13.9611 -9.7188 1.1788
v -13.9369 -9.9672 1.6397
v -47.0896 5.2739 11.3367
v -46.5484 5.4543 11.3083
v -15.3736 4.5285 9.61
v -13.5093 4.5628 9.5123
v -14.4362 5.3985 9.5663
v -14.4362 5.4157 9.5663
v -14.662 17.0112 9.5727
v -14.305 17.0112 9.5755
v -14.9945 5.3644 10.133
v -15.0515 5.3644 9.0449
v -14.662 11.1839 9.5727
v -14.305 11.2049 9.5755
v -9.4846 -2.2928 13.5257
v -9.7054 -2.5841 9.313
v -8.3457 -4.6637 10.2145
v -8.73 -4.6648 10.0842
v -8.7399 -4.6473 10.52
v -8.4854 -4.6741 10.5067
v -8.4142 -2.0406 9.9279
v -8.8728 -2.3236 10.4732
v -8.0614 -1.9156 10.4253
v -8.5065 -4.6741 10.1047
v -8.0674 -1.8814 10.0118
v -8.7408 -2.3676 10.2083
v -8.8902 -4.6489 10.3559
v -8.5896 -1.9949 10.7056
v -8.3373 -4.6637 10.3753
v -8.1507 -1.858 10.6826
v -8.4722 -5.1442 10.2211
v -8.7092 -5.1267 10.0831
v -8.7161 -5.1295 10.5187
v -8.4573 -5.1442 10.5052
v -8.4784 -5.1442 10.1032
v -8.8669 -5.1347 10.3547
v -8.4638 -5.1442 10.3819
v -7.598 -4.9741 10.3365
v -7.5916 -4.9741 10.4598
v -7.5822 -5.1003 10.4593
v -7.5886 -5.1003 10.336
v -7.6065 -4.9741 10.1757
v -7.597 -5.1003 10.1752
v -7.6795 -4.9835 9.9915
v -7.6723 -5.094 9.9911
v -7.4409 -4.9707 10.3498
v -7.4355 -4.9707 10.4516
v -7.4306 -5.0968 10.4514
v -7.436 -5.0968 10.3495
v -7.4504 -4.9707 10.1676
v -7.4455 -5.0968 10.1673
v -7.5528 -4.996 9.9848
v -7.5539 -5.0812 9.9849
v -11.1251 -1.9372 11.7575
v -10.7957 0.1538 11.9068
v -11.5623 -0.1979 12.1405
v -10.8927 1.2166 11.5894
v -11.7059 1.2504 11.7987
v -11.2452 0.9938 12.8225
v -10.8935 0.1837 12.8202
v -8.2702 -4.5996 11.6938
v -8.6413 -4.5935 11.8638
v -8.6979 -4.5961 11.4314
v -10.4274 -1.4143 11.0706
v -8.4353 -4.6054 11.4176
v -11.3214 -0.7376 13.5735
v -11.0309 -0.5402 13.1714
v -10.8826 -1.0421 11.1106
v -11.1523 -0.9735 12.1029
v -12.0303 0.831 11.1707
v -11.1995 1.3154 12.1591
v -10.777 0.8693 12.454
v -8.3061 -1.995 11.9859
v -11.9802 -0.9474 11.1681
v -8.8177 -2.2983 11.4915
v -8.0128 -1.8689 11.4654
v -11.2814 -0.086 12.2279
v -10.701 -1.595 13.713
v -10.8002 -1.7484 13.5462
v -10.653 -1.7014 13.3827
v -11.013 -1.9585 11.1174
v -10.9742 -0.9817 11.7603
v -11.4137 -1.706 12.1004
v -11.4847 -0.999 12.088
v -11.7373 -0.9601 11.8702
v -11.996 -2.2586 11.9214
v -10.6153 0.8489 11.8006
v -11.9552 1.3015 11.1668
v -11.9809 0.7108 12.114
v -10.8755 1.1217 12.1099
v -11.2913 1.3878 11.7501
v -11.5522 1.092 12.5269
v -8.4147 -4.6054 11.8089
v -7.9738 -1.8454 11.8664
v -8.6641 -2.3316 11.7414
v -8.8192 -4.5993 11.6044
v -8.5671 -1.9513 11.2364
v -10.8256 -1.3203 11.5268
v -8.2786 -4.5996 11.5331
v -8.1257 -1.8276 11.2133
v -11.3016 0.3977 13.0888
v -11.8096 0.5522 12.6962
v -11.6192 -0.8614 13.2613
v -11.2797 -0.6779 12.8351
v -10.5736 -1.595 13.5559
v -11.3086 -1.4275 11.1329
v -10.7673 0.1108 11.1045
v -10.617 0.8734 11.0967
v -10.7824 1.1908 11.1053
v -12.0002 -0.0822 11.1691
v -12.0512 -2.4131 11.1557
v -10.9204 1.2595 11.2523
v -11.0997 1.4178 11.2832
v -11.68 1.5079 11.1416
v -11.5624 1.4946 11.3719
v -11.3238 1.4651 11.4185
v -11.1945 -1.9372 10.4336
v -10.8825 0.1538 10.2507
v -11.8598 -0.1979 10.1084
v -11.5073 -1.706 10.1222
v -10.9458 1.2166 10.5765
v -11.7764 1.2504 10.4534
v -11.4252 0.9938 9.387
v -11.0756 0.1837 9.3471
v -11.5795 -0.7376 8.648
v -11.2486 -0.5402 9.0176
v -11.2579 -0.9735 10.0876
v -11.3105 1.3154 10.042
v -10.9211 0.8693 9.7045
v -11.3994 -0.086 9.9768
v -10.9771 -1.595 8.4445
v -11.0583 -1.7484 8.6207
v -10.8948 -1.7015 8.768
v -11.0447 -0.9817 10.415
v -11.5872 -0.999 10.1318
v -11.8154 -0.9601 10.3802
v -10.9434 -2.34 10.2377
v -10.6919 0.8489 10.3374
v -12.0828 0.7108 10.1685
v -10.983 1.1217 10.0571
v -11.359 1.3878 10.4584
v -11.7002 1.092 9.7024
v -10.8648 -1.3155 10.5883
v -11.5092 0.3977 9.128
v -11.9734 0.5522 9.5716
v -11.8431 -0.8614 8.9897
v -11.4609 -0.6779 9.3781
v -10.8345 -1.595 8.5767
v -10.9384 1.2595 10.9093
v -11.1197 1.4178 10.9027
v -11.5891 1.4946 10.8628
v -11.3572 1.4651 10.7807
v -10.5624 1.5506 11.2765
v -10.6887 2.4121 11.4551
v -12.0 1.9665 11.1745
v -10.9886 2.7118 11.2935
v -11.7484 1.9021 11.5644
v -12.02 2.6219 11.1756
v -11.2463 1.7308 11.6509
v -10.5845 1.5506 10.8531
v -11.7634 2.5791 11.5652
v -11.7942 1.9021 10.6908
v -11.7853 2.7118 11.1471
v -11.3039 1.7308 10.5522
v -11.2463 2.4978 11.651
v -10.7288 2.4121 10.6887
v -11.6265 2.7118 11.3968
v -11.8092 2.5791 10.6916
v -11.3039 2.4978 10.5522
v -11.3026 2.7118 11.4389
v -11.0102 2.7118 10.8808
v -11.6554 2.7118 10.8448
v -11.3383 2.7118 10.7583
v -7.944 -5.0466 10.1074
v -7.9521 -5.0466 9.952
v -7.8753 -4.8816 9.948
v -7.8671 -4.8816 10.1034
v -7.855 -4.8816 10.3339
v -7.8455 -4.8816 10.5161
v -7.9224 -5.0466 10.5201
v -7.9319 -5.0466 10.3379
v -12.0774 -2.2586 10.367
v -11.5485 -2.014 10.1029
v -10.953 -2.0618 10.0555
v -10.6679 -2.4424 11.0832
v -10.8636 -2.3276 11.8566
v -10.8295 -2.014 12.1236
v -11.4421 -2.014 12.1342
v -8.3983 -5.075 11.7006
v -8.6214 -5.0788 11.8627
v -8.676 -5.0714 11.4195
v -8.4138 -5.075 11.4058
v -8.3927 -5.075 11.8077
v -8.8055 -5.0846 11.6037
v -8.4073 -5.075 11.529
v -7.5341 -4.91 11.4833
v -7.5405 -4.91 11.36
v -7.5405 -5.045 11.36
v -7.534 -5.045 11.4833
v -7.5251 -4.91 11.6548
v -7.525 -5.045 11.6548
v -7.5888 -4.929 11.8462
v -7.5836 -5.0192 11.846
v -7.3832 -4.9149 11.4593
v -7.3883 -4.9149 11.3628
v -7.3793 -5.036 11.3623
v -7.3743 -5.036 11.4588
v -7.3734 -4.9149 11.6469
v -7.3645 -5.036 11.6464
v -7.4617 -4.9448 11.8396
v -7.4627 -5.0234 11.8396
v -7.8637 -4.9861 11.7585
v -7.8556 -4.9861 11.9139
v -7.774 -4.8219 11.9097
v -7.7822 -4.8219 11.7543
v -7.7948 -4.8219 11.5131
v -7.8038 -4.8219 11.3416
v -7.8854 -4.9861 11.3458
v -7.8764 -4.9861 11.5173
v -10.866 -1.4444 10.1799
v -10.8131 -1.4737 12.0529

g name19 
f 9558 9553 9556 9550
f 9556 9553 9557 9549
f 9560 9554 9559 9551
f 9559 9554 9558 9550
f 9558 9554 9717 9669
f 9554 9560 9717
f 9562 9555 9675 9596
f 9557 9555 9561 9549
f 9561 9555 9562 9552
f 9562 9596 9717 9560
f 9552 9562 9560 9551
f 9578 9579 9580 9581
f 9552 9551 9565 9566
f 9551 9559 9568 9565
f 9559 9550 9564 9568
f 9550 9556 9567 9564
f 9584 9582 9583 9585
f 9582 9578 9581 9583
f 9579 9578 9570 9571
f 9580 9579 9571 9572
f 9581 9580 9572 9573
f 9578 9582 9574 9570
f 9583 9581 9573 9575
f 9582 9584 9576 9574
f 9585 9583 9575 9577
f 9584 9585 9577 9576
f 9586 9613 9600 9614
f 9587 9614 9600 9639
f 9586 9614 9601 9615
f 9587 9609 9601 9614
f 9588 9616 9601 9609
f 9642 9606 9617 9616 9588
f 9589 9619 9640 9641
f 9587 9639 9640 9619
f 9590 9620 9602 9621
f 9588 9621 9602 9642
f 9591 9603 9624
f 9604 9622 9603 9591
f 9589 9623 9603 9622
f 9590 9624 9603 9623
f 9587 9619 9604 9592
f 9589 9622 9604 9619
f 9589 9641 9644 9645
f 9590 9647 9646 9620
f 9590 9623 9648 9647
f 9589 9645 9648 9623
f 9594 9625 9605 9627
f 9593 9626 9605 9625
f 9618 9617 9606 9643
f 9595 9628 9607 9629
f 9594 9627 9607 9628
f 9717 9629 9607
f 9586 9615 9638 9613
f 9630 9638 9615
f 9596 9630 9608 9632
f 9593 9631 9608 9626
f 9597 9632 9608 9631
f 9598 9633 9634 9635
f 9591 9624 9634 9633
f 9590 9621 9634 9624
f 9609 9634 9621 9588
f 9635 9634 9609 9636
f 9587 9592 9609
f 9599 9636 9609 9592
f 9599 9592 9633 9598
f 9604 9591 9633 9592
f 9599 9598 9610 9637
f 9598 9635 9611 9610
f 9635 9636 9612 9611
f 9599 9637 9612 9636
f 9629 9717 9596 9632
f 9595 9629 9632 9597
f 9638 9630 9596
f 9666 9600 9613 9649
f 9639 9600 9666 9650
f 9667 9659 9652
f 9652 9659 9666 9649
f 9666 9659 9662 9650
f 9662 9659 9667 9651
f 9667 9668 9651
f 9641 9640 9670 9653
f 9670 9640 9639 9650
f 9671 9602 9620 9654
f 9642 9602 9671 9651
f 9674 9660 9655
f 9655 9660 9672 9661
f 9672 9660 9673 9653
f 9673 9660 9674 9654
f 9656 9661 9670 9650
f 9670 9661 9672 9653
f 9682 9681 9641 9653
f 9620 9646 9683 9654
f 9683 9684 9673 9654
f 9673 9684 9682 9653
f 9668 9606 9642 9651
f 9613 9638 9652 9649
f 9638 9675 9652
f 9678 9677 9676 9657
f 9676 9677 9674 9655
f 9674 9677 9671 9654
f 9671 9677 9651
f 9679 9662 9677 9678
f 9677 9662 9651
f 9662 9656 9650
f 9656 9662 9679 9658
f 9657 9676 9656 9658
f 9656 9676 9655 9661
f 9680 9663 9657 9658
f 9663 9664 9678 9657
f 9664 9665 9679 9678
f 9679 9665 9680 9658
f 9596 9675 9638
f 9681 9682 9645 9644
f 9644 9641 9681
f 9692 9685 9645 9682
f 9685 9691 9648 9645
f 9691 9689 9647 9648
f 9689 9687 9646 9647
f 9687 9694 9683 9646
f 9694 9696 9684 9683
f 9696 9692 9682 9684
f 9698 9686 9685 9692
f 9686 9697 9691 9685
f 9697 9693 9689 9691
f 9693 9690 9687 9689
f 9690 9700 9694 9687
f 9700 9701 9696 9694
f 9701 9698 9692 9696
f 9703 9688 9686 9698
f 9688 9702 9697 9686
f 9702 9699 9693 9697
f 9699 9695 9690 9693
f 9695 9704 9700 9690
f 9704 9705 9701 9700
f 9705 9703 9698 9701
f 9705 9704 9695 9699 9702 9688 9703
f 9569 9566 9565 9568 9564 9567 9563
f 9707 9577 9575 9706
f 9706 9563 9567 9707
f 9708 9576 9577 9707
f 9707 9567 9556 9708
f 9709 9574 9576 9708
f 9708 9556 9549 9709
f 9710 9570 9574 9709
f 9709 9549 9561 9710
f 9711 9571 9570 9710
f 9710 9561 9552 9711
f 9712 9572 9571 9711
f 9711 9552 9566 9712
f 9713 9573 9572 9712
f 9712 9566 9569 9713
f 9713 9569 9563 9706
f 9706 9575 9573 9713
f 9643 9714 9669 9717
f 9717 9718 9618 9643
f 9669 9714 9715 9716
f 9618 9718 9719 9720
f 9643 9606 9668 9714
f 9715 9714 9668 9667 9652
f 9669 9716 9553 9558
f 9718 9717 9607 9627
f 9627 9605 9719 9718
f 9739 9738 9737 9736
f 9724 9723 9595 9597
f 9723 9726 9628 9595
f 9726 9722 9594 9628
f 9722 9725 9625 9594
f 9743 9741 9740 9742
f 9741 9739 9736 9740
f 9729 9728 9736 9737
f 9730 9729 9737 9738
f 9731 9730 9738 9739
f 9728 9732 9740 9736
f 9733 9731 9739 9741
f 9732 9734 9742 9740
f 9735 9733 9741 9743
f 9734 9735 9743 9742
f 9721 9725 9722 9726 9723 9724 9727
f 9744 9733 9735 9745
f 9745 9725 9721 9744
f 9745 9735 9734 9746
f 9746 9625 9725 9745
f 9746 9734 9732 9747
f 9747 9593 9625 9746
f 9747 9732 9728 9748
f 9748 9631 9593 9747
f 9748 9728 9729 9749
f 9749 9597 9631 9748
f 9749 9729 9730 9750
f 9750 9724 9597 9749
f 9750 9730 9731 9751
f 9751 9727 9724 9750
f 9744 9721 9727 9751
f 9751 9731 9733 9744
f 9752 9652 9675
f 9675 9555 9557 9752
f 9716 9715 9652 9752
f 9752 9557 9553 9716
f 9753 9626 9608 9630
f 9630 9615 9753
f 9719 9605 9626 9753
f 9753 9615 9720 9719
f 9616 9617 9618 9720
f 9720 9615 9601 9616

g 
v -4.724 0.7323 14.6256
v -18.3857 4.1558 15.347
v -17.409 3.3546 11.6412
v -11.9462 3.3546 11.3549
v -20.7725 0.8529 11.0382
v -10.3547 4.3102 15.5441
v -10.9377 3.9416 18.5145
v -5.1632 0.6293 19.19
v -4.8217 0.818 15.2542
v -5.7516 0.4884 10.6487
v -11.2195 3.7278 11.7952
v -18.4874 3.8173 12.2566
v -22.1062 1.0362 11.5757
v -14.3636 0.7836 10.6808
v -22.0846 0.9463 15.5355
v -19.5648 -0.0691 20.3694
v -17.0273 3.3546 18.925
v -11.5644 3.3546 18.6387
v -6.7394 0.531 19.2242
v -5.33 0.4884 18.6935
v -10.8878 3.7278 18.1249
v -18.164 3.8173 18.4257
v -21.6919 1.0362 19.4812
v -10.0387 -0.2708 19.7518
v -7.9342 0.6463 19.2492
v 4.0608 -2.4004 16.7396
v 3.509 -4.6194 17.4295
v 3.792 -2.4004 11.6103
v 3.1711 -4.6194 10.9818
v -5.6376 0.6293 10.1375
v -7.2088 0.6677 10.2682
v -21.7756 -5.2885 18.4591
v -22.2868 -5.2885 18.4859
v -4.5704 -5.335 17.5574
v -4.0325 -7.6875 21.49
v -12.2808 -10.0395 22.9972
v -12.2395 -10.0522 23.7851
v -13.2522 -10.0522 23.8328
v -13.2932 -10.0395 23.0503
v -3.9575 -9.7188 22.9211
v -13.0878 -9.7188 23.4211
v -13.1119 -9.9672 22.9602
v -4.7536 -7.6875 7.7319
v -13.1142 -10.0395 7.0951
v -13.1555 -10.0522 6.3072
v -14.1676 -10.0522 6.3657
v -14.1266 -10.0395 7.1482
v -4.8286 -9.7188 6.3008
v -13.9611 -9.7188 6.7579
v -13.9369 -9.9672 7.2188
v -47.0896 5.2739 16.9158
v -46.5484 5.4543 16.8874
v -15.3736 4.5285 15.1891
v -13.5093 4.5628 15.0914
v -14.4362 5.3985 15.1454
v -14.4362 5.4157 15.1454
v -14.662 17.0112 15.1518
v -14.305 17.0112 15.1546
v -14.9945 5.3644 15.7121
v -15.0515 5.3644 14.624
v -14.662 11.1839 15.1518
v -14.305 11.2049 15.1546
v -9.4846 -2.2928 19.1048
v -9.7054 -2.5841 14.8921
v -8.3457 -4.6637 15.7936
v -8.73 -4.6648 15.6633
v -8.7399 -4.6473 16.0991
v -8.4854 -4.6741 16.0857
v -8.4142 -2.0406 15.507
v -8.8728 -2.3236 16.0523
v -8.0614 -1.9156 16.0044
v -8.5065 -4.6741 15.6838
v -8.0674 -1.8814 15.5909
v -8.7408 -2.3676 15.7874
v -8.8902 -4.6489 15.935
v -8.5896 -1.9949 16.2847
v -8.3373 -4.6637 15.9544
v -8.1507 -1.858 16.2617
v -8.4722 -5.1442 15.8002
v -8.7092 -5.1267 15.6622
v -8.7161 -5.1295 16.0978
v -8.4573 -5.1442 16.0843
v -8.4784 -5.1442 15.6823
v -8.8669 -5.1347 15.9338
v -8.4638 -5.1442 15.961
v -7.598 -4.9741 15.9156
v -7.5916 -4.9741 16.0389
v -7.5822 -5.1003 16.0384
v -7.5886 -5.1003 15.9151
v -7.6065 -4.9741 15.7548
v -7.597 -5.1003 15.7543
v -7.6795 -4.9835 15.5706
v -7.6723 -5.094 15.5702
v -7.4409 -4.9707 15.9289
v -7.4355 -4.9707 16.0307
v -7.4306 -5.0968 16.0305
v -7.436 -5.0968 15.9286
v -7.4504 -4.9707 15.7467
v -7.4455 -5.0968 15.7464
v -7.5528 -4.996 15.5639
v -7.5539 -5.0812 15.564
v -11.1251 -1.9372 17.3366
v -10.7957 0.1538 17.4859
v -11.5623 -0.1979 17.7196
v -10.8927 1.2166 17.1685
v -11.7059 1.2504 17.3778
v -11.2452 0.9938 18.4016
v -10.8935 0.1837 18.3993
v -8.2702 -4.5996 17.2729
v -8.6413 -4.5935 17.4428
v -8.6979 -4.5961 17.0105
v -10.4274 -1.4143 16.6497
v -8.4353 -4.6054 16.9967
v -11.3214 -0.7376 19.1526
v -11.0309 -0.5402 18.7505
v -10.8826 -1.0421 16.6897
v -11.1523 -0.9735 17.682
v -12.0303 0.831 16.7498
v -11.1995 1.3154 17.7382
v -10.777 0.8693 18.0331
v -8.3061 -1.995 17.565
v -11.9802 -0.9474 16.7472
v -8.8177 -2.2983 17.0705
v -8.0128 -1.8689 17.0445
v -11.2814 -0.086 17.807
v -10.701 -1.595 19.2921
v -10.8002 -1.7484 19.1253
v -10.653 -1.7014 18.9618
v -11.013 -1.9585 16.6965
v -10.9742 -0.9817 17.3394
v -11.4137 -1.706 17.6795
v -11.4847 -0.999 17.6671
v -11.7373 -0.9601 17.4493
v -11.996 -2.2586 17.5004
v -10.6153 0.8489 17.3797
v -11.9552 1.3015 16.7459
v -11.9809 0.7108 17.6931
v -10.8755 1.1217 17.6889
v -11.2913 1.3878 17.3292
v -11.5522 1.092 18.106
v -8.4147 -4.6054 17.388
v -7.9738 -1.8454 17.4455
v -8.6641 -2.3316 17.3205
v -8.8192 -4.5993 17.1835
v -8.5671 -1.9513 16.8155
v -10.8256 -1.3203 17.1059
v -8.2786 -4.5996 17.1121
v -8.1257 -1.8276 16.7924
v -11.3016 0.3977 18.6679
v -11.8096 0.5522 18.2753
v -11.6192 -0.8614 18.8404
v -11.2797 -0.6779 18.4142
v -10.5736 -1.595 19.1349
v -11.3086 -1.4275 16.712
v -10.7673 0.1108 16.6836
v -10.617 0.8734 16.6757
v -10.7824 1.1908 16.6844
v -12.0002 -0.0822 16.7482
v -12.0512 -2.4131 16.7348
v -10.9204 1.2595 16.8314
v -11.0997 1.4178 16.8623
v -11.68 1.5079 16.7207
v -11.5624 1.4946 16.951
v -11.3238 1.4651 16.9976
v -11.1945 -1.9372 16.0127
v -10.8825 0.1538 15.8298
v -11.8598 -0.1979 15.6875
v -11.5073 -1.706 15.7013
v -10.9458 1.2166 16.1555
v -11.7764 1.2504 16.0325
v -11.4252 0.9938 14.9661
v -11.0756 0.1837 14.9262
v -11.5795 -0.7376 14.2271
v -11.2486 -0.5402 14.5967
v -11.2579 -0.9735 15.6667
v -11.3105 1.3154 15.6211
v -10.9211 0.8693 15.2836
v -11.3994 -0.086 15.5559
v -10.9771 -1.595 14.0236
v -11.0583 -1.7484 14.1998
v -10.8948 -1.7015 14.3471
v -11.0447 -0.9817 15.9941
v -11.5872 -0.999 15.7109
v -11.8154 -0.9601 15.9593
v -10.9434 -2.34 15.8168
v -10.6919 0.8489 15.9165
v -12.0828 0.7108 15.7476
v -10.983 1.1217 15.6362
v -11.359 1.3878 16.0375
v -11.7002 1.092 15.2815
v -10.8648 -1.3155 16.1674
v -11.5092 0.3977 14.7071
v -11.9734 0.5522 15.1507
v -11.8431 -0.8614 14.5688
v -11.4609 -0.6779 14.9572
v -10.8345 -1.595 14.1558
v -10.9384 1.2595 16.4884
v -11.1197 1.4178 16.4818
v -11.5891 1.4946 16.4419
v -11.3572 1.4651 16.3598
v -10.5624 1.5506 16.8556
v -10.6887 2.4121 17.0342
v -12.0 1.9665 16.7536
v -10.9886 2.7118 16.8726
v -11.7484 1.9021 17.1435
v -12.02 2.6219 16.7546
v -11.2463 1.7308 17.23
v -10.5845 1.5506 16.4322
v -11.7634 2.5791 17.1443
v -11.7942 1.9021 16.2699
v -11.7853 2.7118 16.7262
v -11.3039 1.7308 16.1313
v -11.2463 2.4978 17.23
v -10.7288 2.4121 16.2678
v -11.6265 2.7118 16.9759
v -11.8092 2.5791 16.2707
v -11.3039 2.4978 16.1313
v -11.3026 2.7118 17.018
v -11.0102 2.7118 16.4599
v -11.6554 2.7118 16.4239
v -11.3383 2.7118 16.3374
v -7.944 -5.0466 15.6865
v -7.9521 -5.0466 15.5311
v -7.8753 -4.8816 15.5271
v -7.8671 -4.8816 15.6825
v -7.855 -4.8816 15.913
v -7.8455 -4.8816 16.0952
v -7.9224 -5.0466 16.0992
v -7.9319 -5.0466 15.917
v -12.0774 -2.2586 15.9461
v -11.5485 -2.014 15.682
v -10.953 -2.0618 15.6346
v -10.6679 -2.4424 16.6623
v -10.8636 -2.3276 17.4357
v -10.8295 -2.014 17.7027
v -11.4421 -2.014 17.7133
v -8.3983 -5.075 17.2797
v -8.6214 -5.0788 17.4418
v -8.676 -5.0714 16.9986
v -8.4138 -5.075 16.9849
v -8.3927 -5.075 17.3868
v -8.8055 -5.0846 17.1827
v -8.4073 -5.075 17.1081
v -7.5341 -4.91 17.0624
v -7.5405 -4.91 16.9391
v -7.5405 -5.045 16.9391
v -7.534 -5.045 17.0624
v -7.5251 -4.91 17.2339
v -7.525 -5.045 17.2339
v -7.5888 -4.929 17.4253
v -7.5836 -5.0192 17.425
v -7.3832 -4.9149 17.0384
v -7.3883 -4.9149 16.9419
v -7.3793 -5.036 16.9414
v -7.3743 -5.036 17.0379
v -7.3734 -4.9149 17.2259
v -7.3645 -5.036 17.2255
v -7.4617 -4.9448 17.4186
v -7.4627 -5.0234 17.4187
v -7.8637 -4.9861 17.3376
v -7.8556 -4.9861 17.493
v -7.774 -4.8219 17.4888
v -7.7822 -4.8219 17.3333
v -7.7948 -4.8219 17.0922
v -7.8038 -4.8219 16.9206
v -7.8854 -4.9861 16.9249
v -7.8764 -4.9861 17.0964
v -10.866 -1.4444 15.759
v -10.8131 -1.4737 17.632

g name20 
f 9827 9822 9825 9819
f 9825 9822 9826 9818
f 9829 9823 9828 9820
f 9828 9823 9827 9819
f 9827 9823 9986 9938
f 9823 9829 9986
f 9831 9824 9944 9865
f 9826 9824 9830 9818
f 9830 9824 9831 9821
f 9831 9865 9986 9829
f 9821 9831 9829 9820
f 9847 9848 9849 9850
f 9821 9820 9834 9835
f 9820 9828 9837 9834
f 9828 9819 9833 9837
f 9819 9825 9836 9833
f 9853 9851 9852 9854
f 9851 9847 9850 9852
f 9848 9847 9839 9840
f 9849 9848 9840 9841
f 9850 9849 9841 9842
f 9847 9851 9843 9839
f 9852 9850 9842 9844
f 9851 9853 9845 9843
f 9854 9852 9844 9846
f 9853 9854 9846 9845
f 9855 9882 9869 9883
f 9856 9883 9869 9908
f 9855 9883 9870 9884
f 9856 9878 9870 9883
f 9857 9885 9870 9878
f 9911 9875 9886 9885 9857
f 9858 9888 9909 9910
f 9856 9908 9909 9888
f 9859 9889 9871 9890
f 9857 9890 9871 9911
f 9860 9872 9893
f 9873 9891 9872 9860
f 9858 9892 9872 9891
f 9859 9893 9872 9892
f 9856 9888 9873 9861
f 9858 9891 9873 9888
f 9858 9910 9913 9914
f 9859 9916 9915 9889
f 9859 9892 9917 9916
f 9858 9914 9917 9892
f 9863 9894 9874 9896
f 9862 9895 9874 9894
f 9887 9886 9875 9912
f 9864 9897 9876 9898
f 9863 9896 9876 9897
f 9986 9898 9876
f 9855 9884 9907 9882
f 9899 9907 9884
f 9865 9899 9877 9901
f 9862 9900 9877 9895
f 9866 9901 9877 9900
f 9867 9902 9903 9904
f 9860 9893 9903 9902
f 9859 9890 9903 9893
f 9878 9903 9890 9857
f 9904 9903 9878 9905
f 9856 9861 9878
f 9868 9905 9878 9861
f 9868 9861 9902 9867
f 9873 9860 9902 9861
f 9868 9867 9879 9906
f 9867 9904 9880 9879
f 9904 9905 9881 9880
f 9868 9906 9881 9905
f 9898 9986 9865 9901
f 9864 9898 9901 9866
f 9907 9899 9865
f 9935 9869 9882 9918
f 9908 9869 9935 9919
f 9936 9928 9921
f 9921 9928 9935 9918
f 9935 9928 9931 9919
f 9931 9928 9936 9920
f 9936 9937 9920
f 9910 9909 9939 9922
f 9939 9909 9908 9919
f 9940 9871 9889 9923
f 9911 9871 9940 9920
f 9943 9929 9924
f 9924 9929 9941 9930
f 9941 9929 9942 9922
f 9942 9929 9943 9923
f 9925 9930 9939 9919
f 9939 9930 9941 9922
f 9951 9950 9910 9922
f 9889 9915 9952 9923
f 9952 9953 9942 9923
f 9942 9953 9951 9922
f 9937 9875 9911 9920
f 9882 9907 9921 9918
f 9907 9944 9921
f 9947 9946 9945 9926
f 9945 9946 9943 9924
f 9943 9946 9940 9923
f 9940 9946 9920
f 9948 9931 9946 9947
f 9946 9931 9920
f 9931 9925 9919
f 9925 9931 9948 9927
f 9926 9945 9925 9927
f 9925 9945 9924 9930
f 9949 9932 9926 9927
f 9932 9933 9947 9926
f 9933 9934 9948 9947
f 9948 9934 9949 9927
f 9865 9944 9907
f 9950 9951 9914 9913
f 9913 9910 9950
f 9961 9954 9914 9951
f 9954 9960 9917 9914
f 9960 9958 9916 9917
f 9958 9956 9915 9916
f 9956 9963 9952 9915
f 9963 9965 9953 9952
f 9965 9961 9951 9953
f 9967 9955 9954 9961
f 9955 9966 9960 9954
f 9966 9962 9958 9960
f 9962 9959 9956 9958
f 9959 9969 9963 9956
f 9969 9970 9965 9963
f 9970 9967 9961 9965
f 9972 9957 9955 9967
f 9957 9971 9966 9955
f 9971 9968 9962 9966
f 9968 9964 9959 9962
f 9964 9973 9969 9959
f 9973 9974 9970 9969
f 9974 9972 9967 9970
f 9974 9973 9964 9968 9971 9957 9972
f 9838 9835 9834 9837 9833 9836 9832
f 9976 9846 9844 9975
f 9975 9832 9836 9976
f 9977 9845 9846 9976
f 9976 9836 9825 9977
f 9978 9843 9845 9977
f 9977 9825 9818 9978
f 9979 9839 9843 9978
f 9978 9818 9830 9979
f 9980 9840 9839 9979
f 9979 9830 9821 9980
f 9981 9841 9840 9980
f 9980 9821 9835 9981
f 9982 9842 9841 9981
f 9981 9835 9838 9982
f 9982 9838 9832 9975
f 9975 9844 9842 9982
f 9912 9983 9938 9986
f 9986 9987 9887 9912
f 9938 9983 9984 9985
f 9887 9987 9988 9989
f 9912 9875 9937 9983
f 9984 9983 9937 9936 9921
f 9938 9985 9822 9827
f 9987 9986 9876 9896
f 9896 9874 9988 9987
f 10008 10007 10006 10005
f 9993 9992 9864 9866
f 9992 9995 9897 9864
f 9995 9991 9863 9897
f 9991 9994 9894 9863
f 10012 10010 10009 10011
f 10010 10008 10005 10009
f 9998 9997 10005 10006
f 9999 9998 10006 10007
f 10000 9999 10007 10008
f 9997 10001 10009 10005
f 10002 10000 10008 10010
f 10001 10003 10011 10009
f 10004 10002 10010 10012
f 10003 10004 10012 10011
f 9990 9994 9991 9995 9992 9993 9996
f 10013 10002 10004 10014
f 10014 9994 9990 10013
f 10014 10004 10003 10015
f 10015 9894 9994 10014
f 10015 10003 10001 10016
f 10016 9862 9894 10015
f 10016 10001 9997 10017
f 10017 9900 9862 10016
f 10017 9997 9998 10018
f 10018 9866 9900 10017
f 10018 9998 9999 10019
f 10019 9993 9866 10018
f 10019 9999 10000 10020
f 10020 9996 9993 10019
f 10013 9990 9996 10020
f 10020 10000 10002 10013
f 10021 9921 9944
f 9944 9824 9826 10021
f 9985 9984 9921 10021
f 10021 9826 9822 9985
f 10022 9895 9877 9899
f 9899 9884 10022
f 9988 9874 9895 10022
f 10022 9884 9989 9988
f 9885 9886 9887 9989
f 9989 9884 9870 9885

g 
v -4.724 0.7323 20.526
v -18.3857 4.1558 21.2474
v -17.409 3.3546 17.5416
v -11.9462 3.3546 17.2553
v -20.7725 0.8529 16.9386
v -10.3547 4.3102 21.4445
v -10.9377 3.9416 24.4149
v -5.1632 0.6293 25.0904
v -4.8217 0.818 21.1546
v -5.7516 0.4884 16.5491
v -11.2195 3.7278 17.6956
v -18.4874 3.8173 18.157
v -22.1062 1.0362 17.4761
v -14.3636 0.7836 16.5812
v -22.0846 0.9463 21.4359
v -19.5648 -0.0691 26.2698
v -17.0273 3.3546 24.8254
v -11.5644 3.3546 24.5391
v -6.7394 0.531 25.1246
v -5.33 0.4884 24.5939
v -10.8878 3.7278 24.0253
v -18.164 3.8173 24.3261
v -21.6919 1.0362 25.3816
v -10.0387 -0.2708 25.6522
v -7.9342 0.6463 25.1496
v 4.0608 -2.4004 22.64
v 3.509 -4.6194 23.3299
v 3.792 -2.4004 17.5107
v 3.1711 -4.6194 16.8822
v -5.6376 0.6293 16.0379
v -7.2088 0.6677 16.1686
v -21.7756 -5.2885 24.3595
v -22.2868 -5.2885 24.3863
v -4.5704 -5.335 23.4578
v -4.0325 -7.6875 27.3904
v -12.2808 -10.0395 28.8976
v -12.2395 -10.0522 29.6855
v -13.2522 -10.0522 29.7332
v -13.2932 -10.0395 28.9507
v -3.9575 -9.7188 28.8215
v -13.0878 -9.7188 29.3215
v -13.1119 -9.9672 28.8606
v -4.7536 -7.6875 13.6322
v -13.1142 -10.0395 12.9955
v -13.1555 -10.0522 12.2076
v -14.1676 -10.0522 12.2661
v -14.1266 -10.0395 13.0486
v -4.8286 -9.7188 12.2012
v -13.9611 -9.7188 12.6583
v -13.9369 -9.9672 13.1192
v -47.0896 5.2739 22.8162
v -46.5484 5.4543 22.7878
v -15.3736 4.5285 21.0895
v -13.5093 4.5628 20.9918
v -14.4362 5.3985 21.0458
v -14.4362 5.4157 21.0458
v -14.662 17.0112 21.0522
v -14.305 17.0112 21.055
v -14.9945 5.3644 21.6125
v -15.0515 5.3644 20.5244
v -14.662 11.1839 21.0522
v -14.305 11.2049 21.055
v -9.4846 -2.2928 25.0052
v -9.7054 -2.5841 20.7925
v -8.3457 -4.6637 21.694
v -8.73 -4.6648 21.5637
v -8.7399 -4.6473 21.9995
v -8.4854 -4.6741 21.9862
v -8.4142 -2.0406 21.4074
v -8.8728 -2.3236 21.9527
v -8.0614 -1.9156 21.9048
v -8.5065 -4.6741 21.5842
v -8.0674 -1.8814 21.4913
v -8.7408 -2.3676 21.6878
v -8.8902 -4.6489 21.8354
v -8.5896 -1.9949 22.1851
v -8.3373 -4.6637 21.8548
v -8.1507 -1.858 22.1621
v -8.4722 -5.1442 21.7006
v -8.7092 -5.1267 21.5626
v -8.7161 -5.1295 21.9982
v -8.4573 -5.1442 21.9847
v -8.4784 -5.1442 21.5827
v -8.8669 -5.1347 21.8342
v -8.4638 -5.1442 21.8614
v -7.598 -4.9741 21.816
v -7.5916 -4.9741 21.9393
v -7.5822 -5.1003 21.9388
v -7.5886 -5.1003 21.8155
v -7.6065 -4.9741 21.6552
v -7.597 -5.1003 21.6547
v -7.6795 -4.9835 21.471
v -7.6723 -5.094 21.4706
v -7.4409 -4.9707 21.8293
v -7.4355 -4.9707 21.9311
v -7.4306 -5.0968 21.9309
v -7.436 -5.0968 21.829
v -7.4504 -4.9707 21.6471
v -7.4455 -5.0968 21.6468
v -7.5528 -4.996 21.4643
v -7.5539 -5.0812 21.4644
v -11.1251 -1.9372 23.237
v -10.7957 0.1538 23.3863
v -11.5623 -0.1979 23.62
v -10.8927 1.2166 23.0689
v -11.7059 1.2504 23.2782
v -11.2452 0.9938 24.302
v -10.8935 0.1837 24.2997
v -8.2702 -4.5996 23.1733
v -8.6413 -4.5935 23.3432
v -8.6979 -4.5961 22.9109
v -10.4274 -1.4143 22.5501
v -8.4353 -4.6054 22.8971
v -11.3214 -0.7376 25.053
v -11.0309 -0.5402 24.6509
v -10.8826 -1.0421 22.5901
v -11.1523 -0.9735 23.5824
v -12.0303 0.831 22.6502
v -11.1995 1.3154 23.6386
v -10.777 0.8693 23.9335
v -8.3061 -1.995 23.4654
v -11.9802 -0.9474 22.6476
v -8.8177 -2.2983 22.9709
v -8.0128 -1.8689 22.9449
v -11.2814 -0.086 23.7074
v -10.701 -1.595 25.1925
v -10.8002 -1.7484 25.0257
v -10.653 -1.7014 24.8622
v -11.013 -1.9585 22.5969
v -10.9742 -0.9817 23.2398
v -11.4137 -1.706 23.5799
v -11.4847 -0.999 23.5675
v -11.7373 -0.9601 23.3497
v -11.996 -2.2586 23.4009
v -10.6153 0.8489 23.2801
v -11.9552 1.3015 22.6463
v -11.9809 0.7108 23.5935
v -10.8755 1.1217 23.5894
v -11.2913 1.3878 23.2296
v -11.5522 1.092 24.0064
v -8.4147 -4.6054 23.2884
v -7.9738 -1.8454 23.3459
v -8.6641 -2.3316 23.2209
v -8.8192 -4.5993 23.0839
v -8.5671 -1.9513 22.7159
v -10.8256 -1.3203 23.0063
v -8.2786 -4.5996 23.0125
v -8.1257 -1.8276 22.6928
v -11.3016 0.3977 24.5683
v -11.8096 0.5522 24.1757
v -11.6192 -0.8614 24.7408
v -11.2797 -0.6779 24.3146
v -10.5736 -1.595 25.0353
v -11.3086 -1.4275 22.6124
v -10.7673 0.1108 22.584
v -10.617 0.8734 22.5762
v -10.7824 1.1908 22.5848
v -12.0002 -0.0822 22.6486
v -12.0512 -2.4131 22.6352
v -10.9204 1.2595 22.7318
v -11.0997 1.4178 22.7627
v -11.68 1.5079 22.6211
v -11.5624 1.4946 22.8514
v -11.3238 1.4651 22.898
v -11.1945 -1.9372 21.9131
v -10.8825 0.1538 21.7302
v -11.8598 -0.1979 21.5879
v -11.5073 -1.706 21.6017
v -10.9458 1.2166 22.056
v -11.7764 1.2504 21.9329
v -11.4252 0.9938 20.8665
v -11.0756 0.1837 20.8266
v -11.5795 -0.7376 20.1275
v -11.2486 -0.5402 20.4971
v -11.2579 -0.9735 21.5671
v -11.3105 1.3154 21.5215
v -10.9211 0.8693 21.184
v -11.3994 -0.086 21.4563
v -10.9771 -1.595 19.924
v -11.0583 -1.7484 20.1002
v -10.8948 -1.7015 20.2475
v -11.0447 -0.9817 21.8945
v -11.5872 -0.999 21.6113
v -11.8154 -0.9601 21.8597
v -10.9434 -2.34 21.7172
v -10.6919 0.8489 21.8169
v -12.0828 0.7108 21.648
v -10.983 1.1217 21.5366
v -11.359 1.3878 21.9379
v -11.7002 1.092 21.1818
v -10.8648 -1.3155 22.0678
v -11.5092 0.3977 20.6075
v -11.9734 0.5522 21.0511
v -11.8431 -0.8614 20.4692
v -11.4609 -0.6779 20.8576
v -10.8345 -1.595 20.0562
v -10.9384 1.2595 22.3888
v -11.1197 1.4178 22.3822
v -11.5891 1.4946 22.3423
v -11.3572 1.4651 22.2602
v -10.5624 1.5506 22.756
v -10.6887 2.4121 22.9346
v -12.0 1.9665 22.654
v -10.9886 2.7118 22.773
v -11.7484 1.9021 23.0439
v -12.02 2.6219 22.6551
v -11.2463 1.7308 23.1304
v -10.5845 1.5506 22.3326
v -11.7634 2.5791 23.0447
v -11.7942 1.9021 22.1703
v -11.7853 2.7118 22.6266
v -11.3039 1.7308 22.0317
v -11.2463 2.4978 23.1304
v -10.7288 2.4121 22.1682
v -11.6265 2.7118 22.8763
v -11.8092 2.5791 22.1711
v -11.3039 2.4978 22.0317
v -11.3026 2.7118 22.9184
v -11.0102 2.7118 22.3603
v -11.6554 2.7118 22.3243
v -11.3383 2.7118 22.2378
v -7.944 -5.0466 21.5869
v -7.9521 -5.0466 21.4315
v -7.8753 -4.8816 21.4275
v -7.8671 -4.8816 21.5829
v -7.855 -4.8816 21.8134
v -7.8455 -4.8816 21.9956
v -7.9224 -5.0466 21.9996
v -7.9319 -5.0466 21.8174
v -12.0774 -2.2586 21.8465
v -11.5485 -2.014 21.5824
v -10.953 -2.0618 21.535
v -10.6679 -2.4424 22.5627
v -10.8636 -2.3276 23.3361
v -10.8295 -2.014 23.6031
v -11.4421 -2.014 23.6137
v -8.3983 -5.075 23.1801
v -8.6214 -5.0788 23.3422
v -8.676 -5.0714 22.899
v -8.4138 -5.075 22.8853
v -8.3927 -5.075 23.2872
v -8.8055 -5.0846 23.0832
v -8.4073 -5.075 23.0085
v -7.5341 -4.91 22.9628
v -7.5405 -4.91 22.8395
v -7.5405 -5.045 22.8395
v -7.534 -5.045 22.9628
v -7.5251 -4.91 23.1343
v -7.525 -5.045 23.1343
v -7.5888 -4.929 23.3257
v -7.5836 -5.0192 23.3255
v -7.3832 -4.9149 22.9388
v -7.3883 -4.9149 22.8423
v -7.3793 -5.036 22.8418
v -7.3743 -5.036 22.9383
v -7.3734 -4.9149 23.1264
v -7.3645 -5.036 23.1259
v -7.4617 -4.9448 23.319
v -7.4627 -5.0234 23.3191
v -7.8637 -4.9861 23.238
v -7.8556 -4.9861 23.3934
v -7.774 -4.8219 23.3892
v -7.7822 -4.8219 23.2338
v -7.7948 -4.8219 22.9926
v -7.8038 -4.8219 22.8211
v -7.8854 -4.9861 22.8253
v -7.8764 -4.9861 22.9968
v -10.866 -1.4444 21.6594
v -10.8131 -1.4737 23.5324

g name21 
f 10096 10091 10094 10088
f 10094 10091 10095 10087
f 10098 10092 10097 10089
f 10097 10092 10096 10088
f 10096 10092 10255 10207
f 10092 10098 10255
f 10100 10093 10213 10134
f 10095 10093 10099 10087
f 10099 10093 10100 10090
f 10100 10134 10255 10098
f 10090 10100 10098 10089
f 10116 10117 10118 10119
f 10090 10089 10103 10104
f 10089 10097 10106 10103
f 10097 10088 10102 10106
f 10088 10094 10105 10102
f 10122 10120 10121 10123
f 10120 10116 10119 10121
f 10117 10116 10108 10109
f 10118 10117 10109 10110
f 10119 10118 10110 10111
f 10116 10120 10112 10108
f 10121 10119 10111 10113
f 10120 10122 10114 10112
f 10123 10121 10113 10115
f 10122 10123 10115 10114
f 10124 10151 10138 10152
f 10125 10152 10138 10177
f 10124 10152 10139 10153
f 10125 10147 10139 10152
f 10126 10154 10139 10147
f 10180 10144 10155 10154 10126
f 10127 10157 10178 10179
f 10125 10177 10178 10157
f 10128 10158 10140 10159
f 10126 10159 10140 10180
f 10129 10141 10162
f 10142 10160 10141 10129
f 10127 10161 10141 10160
f 10128 10162 10141 10161
f 10125 10157 10142 10130
f 10127 10160 10142 10157
f 10127 10179 10182 10183
f 10128 10185 10184 10158
f 10128 10161 10186 10185
f 10127 10183 10186 10161
f 10132 10163 10143 10165
f 10131 10164 10143 10163
f 10156 10155 10144 10181
f 10133 10166 10145 10167
f 10132 10165 10145 10166
f 10255 10167 10145
f 10124 10153 10176 10151
f 10168 10176 10153
f 10134 10168 10146 10170
f 10131 10169 10146 10164
f 10135 10170 10146 10169
f 10136 10171 10172 10173
f 10129 10162 10172 10171
f 10128 10159 10172 10162
f 10147 10172 10159 10126
f 10173 10172 10147 10174
f 10125 10130 10147
f 10137 10174 10147 10130
f 10137 10130 10171 10136
f 10142 10129 10171 10130
f 10137 10136 10148 10175
f 10136 10173 10149 10148
f 10173 10174 10150 10149
f 10137 10175 10150 10174
f 10167 10255 10134 10170
f 10133 10167 10170 10135
f 10176 10168 10134
f 10204 10138 10151 10187
f 10177 10138 10204 10188
f 10205 10197 10190
f 10190 10197 10204 10187
f 10204 10197 10200 10188
f 10200 10197 10205 10189
f 10205 10206 10189
f 10179 10178 10208 10191
f 10208 10178 10177 10188
f 10209 10140 10158 10192
f 10180 10140 10209 10189
f 10212 10198 10193
f 10193 10198 10210 10199
f 10210 10198 10211 10191
f 10211 10198 10212 10192
f 10194 10199 10208 10188
f 10208 10199 10210 10191
f 10220 10219 10179 10191
f 10158 10184 10221 10192
f 10221 10222 10211 10192
f 10211 10222 10220 10191
f 10206 10144 10180 10189
f 10151 10176 10190 10187
f 10176 10213 10190
f 10216 10215 10214 10195
f 10214 10215 10212 10193
f 10212 10215 10209 10192
f 10209 10215 10189
f 10217 10200 10215 10216
f 10215 10200 10189
f 10200 10194 10188
f 10194 10200 10217 10196
f 10195 10214 10194 10196
f 10194 10214 10193 10199
f 10218 10201 10195 10196
f 10201 10202 10216 10195
f 10202 10203 10217 10216
f 10217 10203 10218 10196
f 10134 10213 10176
f 10219 10220 10183 10182
f 10182 10179 10219
f 10230 10223 10183 10220
f 10223 10229 10186 10183
f 10229 10227 10185 10186
f 10227 10225 10184 10185
f 10225 10232 10221 10184
f 10232 10234 10222 10221
f 10234 10230 10220 10222
f 10236 10224 10223 10230
f 10224 10235 10229 10223
f 10235 10231 10227 10229
f 10231 10228 10225 10227
f 10228 10238 10232 10225
f 10238 10239 10234 10232
f 10239 10236 10230 10234
f 10241 10226 10224 10236
f 10226 10240 10235 10224
f 10240 10237 10231 10235
f 10237 10233 10228 10231
f 10233 10242 10238 10228
f 10242 10243 10239 10238
f 10243 10241 10236 10239
f 10243 10242 10233 10237 10240 10226 10241
f 10107 10104 10103 10106 10102 10105 10101
f 10245 10115 10113 10244
f 10244 10101 10105 10245
f 10246 10114 10115 10245
f 10245 10105 10094 10246
f 10247 10112 10114 10246
f 10246 10094 10087 10247
f 10248 10108 10112 10247
f 10247 10087 10099 10248
f 10249 10109 10108 10248
f 10248 10099 10090 10249
f 10250 10110 10109 10249
f 10249 10090 10104 10250
f 10251 10111 10110 10250
f 10250 10104 10107 10251
f 10251 10107 10101 10244
f 10244 10113 10111 10251
f 10181 10252 10207 10255
f 10255 10256 10156 10181
f 10207 10252 10253 10254
f 10156 10256 10257 10258
f 10181 10144 10206 10252
f 10253 10252 10206 10205 10190
f 10207 10254 10091 10096
f 10256 10255 10145 10165
f 10165 10143 10257 10256
f 10277 10276 10275 10274
f 10262 10261 10133 10135
f 10261 10264 10166 10133
f 10264 10260 10132 10166
f 10260 10263 10163 10132
f 10281 10279 10278 10280
f 10279 10277 10274 10278
f 10267 10266 10274 10275
f 10268 10267 10275 10276
f 10269 10268 10276 10277
f 10266 10270 10278 10274
f 10271 10269 10277 10279
f 10270 10272 10280 10278
f 10273 10271 10279 10281
f 10272 10273 10281 10280
f 10259 10263 10260 10264 10261 10262 10265
f 10282 10271 10273 10283
f 10283 10263 10259 10282
f 10283 10273 10272 10284
f 10284 10163 10263 10283
f 10284 10272 10270 10285
f 10285 10131 10163 10284
f 10285 10270 10266 10286
f 10286 10169 10131 10285
f 10286 10266 10267 10287
f 10287 10135 10169 10286
f 10287 10267 10268 10288
f 10288 10262 10135 10287
f 10288 10268 10269 10289
f 10289 10265 10262 10288
f 10282 10259 10265 10289
f 10289 10269 10271 10282
f 10290 10190 10213
f 10213 10093 10095 10290
f 10254 10253 10190 10290
f 10290 10095 10091 10254
f 10291 10164 10146 10168
f 10168 10153 10291
f 10257 10143 10164 10291
f 10291 10153 10258 10257
f 10154 10155 10156 10258
f 10258 10153 10139 10154

g 
v 4.724 0.7323 9.0465
v 18.3857 4.1558 9.7679
v 17.409 3.3546 6.0621
v 11.9462 3.3546 5.7758
v 20.7725 0.8529 5.4591
v 10.3547 4.3102 9.965
v 10.9377 3.9416 12.9354
v 5.1632 0.6293 13.6109
v 4.8217 0.818 9.6751
v 5.7516 0.4884 5.0696
v 11.2195 3.7278 6.2161
v 18.4874 3.8173 6.6775
v 22.1062 1.0362 5.9966
v 14.3636 0.7836 5.1017
v 22.0846 0.9463 9.9564
v 19.5648 -0.0691 14.7903
v 17.0273 3.3546 13.3459
v 11.5644 3.3546 13.0596
v 6.7394 0.531 13.6451
v 5.33 0.4884 13.1144
v 10.8878 3.7278 12.5458
v 18.164 3.8173 12.8466
v 21.6919 1.0362 13.9021
v 10.0387 -0.2708 14.1728
v 7.9342 0.6463 13.6701
v -4.0608 -2.4004 11.1605
v -3.509 -4.6194 11.8504
v -3.792 -2.4004 6.0312
v -3.1711 -4.6194 5.4027
v 5.6376 0.6293 4.5584
v 7.2088 0.6677 4.6891
v 21.7756 -5.2885 12.88
v 22.2868 -5.2885 12.9068
v 4.5704 -5.335 11.9783
v 4.0325 -7.6875 15.9109
v 12.2808 -10.0395 17.4181
v 12.2395 -10.0522 18.206
v 13.2522 -10.0522 18.2537
v 13.2932 -10.0395 17.4712
v 3.9575 -9.7188 17.342
v 13.0878 -9.7188 17.842
v 13.1119 -9.9672 17.3811
v 4.7536 -7.6875 2.1528
v 13.1142 -10.0395 1.516
v 13.1555 -10.0522 0.7281
v 14.1676 -10.0522 0.7866
v 14.1266 -10.0395 1.5691
v 4.8286 -9.7188 0.7217
v 13.9611 -9.7188 1.1788
v 13.9369 -9.9672 1.6397
v 47.0896 5.2739 11.3367
v 46.5484 5.4543 11.3083
v 15.3736 4.5285 9.61
v 13.5093 4.5628 9.5123
v 14.4362 5.3985 9.5663
v 14.4362 5.4157 9.5663
v 14.662 17.0112 9.5727
v 14.305 17.0112 9.5755
v 14.9945 5.3644 10.133
v 15.0515 5.3644 9.0449
v 14.662 11.1839 9.5727
v 14.305 11.2049 9.5755
v 9.4846 -2.2928 13.5257
v 9.7054 -2.5841 9.313
v 8.3457 -4.6637 10.2145
v 8.73 -4.6648 10.0842
v 8.7399 -4.6473 10.52
v 8.4854 -4.6741 10.5067
v 8.4142 -2.0406 9.9279
v 8.8728 -2.3236 10.4732
v 8.0614 -1.9156 10.4253
v 8.5065 -4.6741 10.1047
v 8.0674 -1.8814 10.0118
v 8.7408 -2.3676 10.2083
v 8.8902 -4.6489 10.3559
v 8.5896 -1.9949 10.7056
v 8.3373 -4.6637 10.3753
v 8.1507 -1.858 10.6826
v 8.4722 -5.1442 10.2211
v 8.7092 -5.1267 10.0831
v 8.7161 -5.1295 10.5187
v 8.4573 -5.1442 10.5052
v 8.4784 -5.1442 10.1032
v 8.8669 -5.1347 10.3547
v 8.4638 -5.1442 10.3819
v 7.598 -4.9741 10.3365
v 7.5916 -4.9741 10.4598
v 7.5822 -5.1003 10.4593
v 7.5886 -5.1003 10.336
v 7.6065 -4.9741 10.1757
v 7.597 -5.1003 10.1752
v 7.6795 -4.9835 9.9915
v 7.6723 -5.094 9.9911
v 7.4409 -4.9707 10.3498
v 7.4355 -4.9707 10.4516
v 7.4306 -5.0968 10.4514
v 7.436 -5.0968 10.3495
v 7.4504 -4.9707 10.1676
v 7.4455 -5.0968 10.1673
v 7.5528 -4.996 9.9848
v 7.5539 -5.0812 9.9849
v 11.1251 -1.9372 11.7575
v 10.7957 0.1538 11.9068
v 11.5623 -0.1979 12.1405
v 10.8927 1.2166 11.5894
v 11.7059 1.2504 11.7987
v 11.2452 0.9938 12.8225
v 10.8935 0.1837 12.8202
v 8.2702 -4.5996 11.6938
v 8.6413 -4.5935 11.8638
v 8.6979 -4.5961 11.4314
v 10.4274 -1.4143 11.0706
v 8.4353 -4.6054 11.4176
v 11.3214 -0.7376 13.5735
v 11.0309 -0.5402 13.1714
v 10.8826 -1.0421 11.1106
v 11.1523 -0.9735 12.1029
v 12.0303 0.831 11.1707
v 11.1995 1.3154 12.1591
v 10.777 0.8693 12.454
v 8.3061 -1.995 11.9859
v 11.9802 -0.9474 11.1681
v 8.8177 -2.2983 11.4915
v 8.0128 -1.8689 11.4654
v 11.2814 -0.086 12.2279
v 10.701 -1.595 13.713
v 10.8002 -1.7484 13.5462
v 10.653 -1.7014 13.3827
v 11.013 -1.9585 11.1174
v 10.9742 -0.9817 11.7603
v 11.4137 -1.706 12.1004
v 11.4847 -0.999 12.088
v 11.7373 -0.9601 11.8702
v 11.996 -2.2586 11.9214
v 10.6153 0.8489 11.8006
v 11.9552 1.3015 11.1668
v 11.9809 0.7108 12.114
v 10.8755 1.1217 12.1099
v 11.2913 1.3878 11.7501
v 11.5522 1.092 12.5269
v 8.4147 -4.6054 11.8089
v 7.9738 -1.8454 11.8664
v 8.6641 -2.3316 11.7414
v 8.8192 -4.5993 11.6044
v 8.5671 -1.9513 11.2364
v 10.8256 -1.3203 11.5268
v 8.2786 -4.5996 11.5331
v 8.1257 -1.8276 11.2133
v 11.3016 0.3977 13.0888
v 11.8096 0.5522 12.6962
v 11.6192 -0.8614 13.2613
v 11.2797 -0.6779 12.8351
v 10.5736 -1.595 13.5559
v 11.3086 -1.4275 11.1329
v 10.7673 0.1108 11.1045
v 10.617 0.8734 11.0967
v 10.7824 1.1908 11.1053
v 12.0002 -0.0822 11.1691
v 12.0512 -2.4131 11.1557
v 10.9204 1.2595 11.2523
v 11.0997 1.4178 11.2832
v 11.68 1.5079 11.1416
v 11.5624 1.4946 11.3719
v 11.3238 1.4651 11.4185
v 11.1945 -1.9372 10.4336
v 10.8825 0.1538 10.2507
v 11.8598 -0.1979 10.1084
v 11.5073 -1.706 10.1222
v 10.9458 1.2166 10.5765
v 11.7764 1.2504 10.4534
v 11.4252 0.9938 9.387
v 11.0756 0.1837 9.3471
v 11.5795 -0.7376 8.648
v 11.2486 -0.5402 9.0176
v 11.2579 -0.9735 10.0876
v 11.3105 1.3154 10.042
v 10.9211 0.8693 9.7045
v 11.3994 -0.086 9.9768
v 10.9771 -1.595 8.4445
v 11.0583 -1.7484 8.6207
v 10.8948 -1.7015 8.768
v 11.0447 -0.9817 10.415
v 11.5872 -0.999 10.1318
v 11.8154 -0.9601 10.3802
v 10.9434 -2.34 10.2377
v 10.6919 0.8489 10.3374
v 12.0828 0.7108 10.1685
v 10.983 1.1217 10.0571
v 11.359 1.3878 10.4584
v 11.7002 1.092 9.7024
v 10.8648 -1.3155 10.5883
v 11.5092 0.3977 9.128
v 11.9734 0.5522 9.5716
v 11.8431 -0.8614 8.9897
v 11.4609 -0.6779 9.3781
v 10.8345 -1.595 8.5767
v 10.9384 1.2595 10.9093
v 11.1197 1.4178 10.9027
v 11.5891 1.4946 10.8628
v 11.3572 1.4651 10.7807
v 10.5624 1.5506 11.2765
v 10.6887 2.4121 11.4551
v 12.0 1.9665 11.1745
v 10.9886 2.7118 11.2935
v 11.7484 1.9021 11.5644
v 12.02 2.6219 11.1756
v 11.2463 1.7308 11.6509
v 10.5845 1.5506 10.8531
v 11.7634 2.5791 11.5652
v 11.7942 1.9021 10.6908
v 11.7853 2.7118 11.1471
v 11.3039 1.7308 10.5522
v 11.2463 2.4978 11.651
v 10.7288 2.4121 10.6887
v 11.6265 2.7118 11.3968
v 11.8092 2.5791 10.6916
v 11.3039 2.4978 10.5522
v 11.3026 2.7118 11.4389
v 11.0102 2.7118 10.8808
v 11.6554 2.7118 10.8448
v 11.3383 2.7118 10.7583
v 7.944 -5.0466 10.1074
v 7.9521 -5.0466 9.952
v 7.8753 -4.8816 9.948
v 7.8671 -4.8816 10.1034
v 7.855 -4.8816 10.3339
v 7.8455 -4.8816 10.5161
v 7.9224 -5.0466 10.5201
v 7.9319 -5.0466 10.3379
v 12.0774 -2.2586 10.367
v 11.5485 -2.014 10.1029
v 10.953 -2.0618 10.0555
v 10.6679 -2.4424 11.0832
v 10.8636 -2.3276 11.8566
v 10.8295 -2.014 12.1236
v 11.4421 -2.014 12.1342
v 8.3983 -5.075 11.7006
v 8.6214 -5.0788 11.8627
v 8.676 -5.0714 11.4195
v 8.4138 -5.075 11.4058
v 8.3927 -5.075 11.8077
v 8.8055 -5.0846 11.6037
v 8.4073 -5.075 11.529
v 7.5341 -4.91 11.4833
v 7.5405 -4.91 11.36
v 7.5405 -5.045 11.36
v 7.534 -5.045 11.4833
v 7.5251 -4.91 11.6548
v 7.525 -5.045 11.6548
v 7.5888 -4.929 11.8462
v 7.5836 -5.0192 11.846
v 7.3832 -4.9149 11.4593
v 7.3883 -4.9149 11.3628
v 7.3793 -5.036 11.3623
v 7.3743 -5.036 11.4588
v 7.3734 -4.9149 11.6469
v 7.3645 -5.036 11.6464
v 7.4617 -4.9448 11.8396
v 7.4627 -5.0234 11.8396
v 7.8637 -4.9861 11.7585
v 7.8556 -4.9861 11.9139
v 7.774 -4.8219 11.9097
v 7.7822 -4.8219 11.7543
v 7.7948 -4.8219 11.5131
v 7.8038 -4.8219 11.3416
v 7.8854 -4.9861 11.3458
v 7.8764 -4.9861 11.5173
v 10.866 -1.4444 10.1799
v 10.8131 -1.4737 12.0529

g name22 
f 10357 10363 10360 10365
f 10356 10364 10360 10363
f 10358 10366 10361 10367
f 10357 10365 10361 10366
f 10476 10524 10361 10365
f 10524 10367 10361
f 10403 10482 10362 10369
f 10356 10368 10362 10364
f 10359 10369 10362 10368
f 10367 10524 10403 10369
f 10358 10367 10369 10359
f 10388 10387 10386 10385
f 10373 10372 10358 10359
f 10372 10375 10366 10358
f 10375 10371 10357 10366
f 10371 10374 10363 10357
f 10392 10390 10389 10391
f 10390 10388 10385 10389
f 10378 10377 10385 10386
f 10379 10378 10386 10387
f 10380 10379 10387 10388
f 10377 10381 10389 10385
f 10382 10380 10388 10390
f 10381 10383 10391 10389
f 10384 10382 10390 10392
f 10383 10384 10392 10391
f 10421 10407 10420 10393
f 10446 10407 10421 10394
f 10422 10408 10421 10393
f 10421 10408 10416 10394
f 10416 10408 10423 10395
f 10395 10423 10424 10413 10449
f 10448 10447 10426 10396
f 10426 10447 10446 10394
f 10428 10409 10427 10397
f 10449 10409 10428 10395
f 10431 10410 10398
f 10398 10410 10429 10411
f 10429 10410 10430 10396
f 10430 10410 10431 10397
f 10399 10411 10426 10394
f 10426 10411 10429 10396
f 10452 10451 10448 10396
f 10427 10453 10454 10397
f 10454 10455 10430 10397
f 10430 10455 10452 10396
f 10434 10412 10432 10401
f 10432 10412 10433 10400
f 10450 10413 10424 10425
f 10436 10414 10435 10402
f 10435 10414 10434 10401
f 10414 10436 10524
f 10420 10445 10422 10393
f 10422 10445 10437
f 10439 10415 10437 10403
f 10433 10415 10438 10400
f 10438 10415 10439 10404
f 10442 10441 10440 10405
f 10440 10441 10431 10398
f 10431 10441 10428 10397
f 10395 10428 10441 10416
f 10443 10416 10441 10442
f 10416 10399 10394
f 10399 10416 10443 10406
f 10405 10440 10399 10406
f 10399 10440 10398 10411
f 10444 10417 10405 10406
f 10417 10418 10442 10405
f 10418 10419 10443 10442
f 10443 10419 10444 10406
f 10439 10403 10524 10436
f 10404 10439 10436 10402
f 10403 10437 10445
f 10456 10420 10407 10473
f 10457 10473 10407 10446
f 10459 10466 10474
f 10456 10473 10466 10459
f 10457 10469 10466 10473
f 10458 10474 10466 10469
f 10458 10475 10474
f 10460 10477 10447 10448
f 10457 10446 10447 10477
f 10461 10427 10409 10478
f 10458 10478 10409 10449
f 10462 10467 10481
f 10468 10479 10467 10462
f 10460 10480 10467 10479
f 10461 10481 10467 10480
f 10457 10477 10468 10463
f 10460 10479 10468 10477
f 10460 10448 10488 10489
f 10461 10490 10453 10427
f 10461 10480 10491 10490
f 10460 10489 10491 10480
f 10458 10449 10413 10475
f 10456 10459 10445 10420
f 10459 10482 10445
f 10464 10483 10484 10485
f 10462 10481 10484 10483
f 10461 10478 10484 10481
f 10458 10484 10478
f 10485 10484 10469 10486
f 10458 10469 10484
f 10457 10463 10469
f 10465 10486 10469 10463
f 10465 10463 10483 10464
f 10468 10462 10483 10463
f 10465 10464 10470 10487
f 10464 10485 10471 10470
f 10485 10486 10472 10471
f 10465 10487 10472 10486
f 10445 10482 10403
f 10451 10452 10489 10488
f 10488 10448 10451
f 10489 10452 10492 10499
f 10452 10455 10498 10492
f 10455 10454 10496 10498
f 10454 10453 10494 10496
f 10453 10490 10501 10494
f 10490 10491 10503 10501
f 10491 10489 10499 10503
f 10499 10492 10493 10505
f 10492 10498 10504 10493
f 10498 10496 10500 10504
f 10496 10494 10497 10500
f 10494 10501 10507 10497
f 10501 10503 10508 10507
f 10503 10499 10505 10508
f 10505 10493 10495 10510
f 10493 10504 10509 10495
f 10504 10500 10506 10509
f 10500 10497 10502 10506
f 10497 10507 10511 10502
f 10507 10508 10512 10511
f 10508 10505 10510 10512
f 10510 10495 10509 10506 10502 10511 10512
f 10370 10374 10371 10375 10372 10373 10376
f 10513 10382 10384 10514
f 10514 10374 10370 10513
f 10514 10384 10383 10515
f 10515 10363 10374 10514
f 10515 10383 10381 10516
f 10516 10356 10363 10515
f 10516 10381 10377 10517
f 10517 10368 10356 10516
f 10517 10377 10378 10518
f 10518 10359 10368 10517
f 10518 10378 10379 10519
f 10519 10373 10359 10518
f 10519 10379 10380 10520
f 10520 10376 10373 10519
f 10513 10370 10376 10520
f 10520 10380 10382 10513
f 10524 10476 10521 10450
f 10450 10425 10525 10524
f 10523 10522 10521 10476
f 10527 10526 10525 10425
f 10521 10475 10413 10450
f 10459 10474 10475 10521 10522
f 10365 10360 10523 10476
f 10434 10414 10524 10525
f 10525 10526 10412 10434
f 10543 10544 10545 10546
f 10404 10402 10530 10531
f 10402 10435 10533 10530
f 10435 10401 10529 10533
f 10401 10432 10532 10529
f 10549 10547 10548 10550
f 10547 10543 10546 10548
f 10544 10543 10535 10536
f 10545 10544 10536 10537
f 10546 10545 10537 10538
f 10543 10547 10539 10535
f 10548 10546 10538 10540
f 10547 10549 10541 10539
f 10550 10548 10540 10542
f 10549 10550 10542 10541
f 10534 10531 10530 10533 10529 10532 10528
f 10552 10542 10540 10551
f 10551 10528 10532 10552
f 10553 10541 10542 10552
f 10552 10532 10432 10553
f 10554 10539 10541 10553
f 10553 10432 10400 10554
f 10555 10535 10539 10554
f 10554 10400 10438 10555
f 10556 10536 10535 10555
f 10555 10438 10404 10556
f 10557 10537 10536 10556
f 10556 10404 10531 10557
f 10558 10538 10537 10557
f 10557 10531 10534 10558
f 10558 10534 10528 10551
f 10551 10540 10538 10558
f 10482 10459 10559
f 10559 10364 10362 10482
f 10559 10459 10522 10523
f 10523 10360 10364 10559
f 10437 10415 10433 10560
f 10560 10422 10437
f 10560 10433 10412 10526
f 10526 10527 10422 10560
f 10527 10425 10424 10423
f 10423 10408 10422 10527

g 
v 4.724 0.7323 14.6256
v 18.3857 4.1558 15.347
v 17.409 3.3546 11.6412
v 11.9462 3.3546 11.3549
v 20.7725 0.8529 11.0382
v 10.3547 4.3102 15.5441
v 10.9377 3.9416 18.5145
v 5.1632 0.6293 19.19
v 4.8217 0.818 15.2542
v 5.7516 0.4884 10.6487
v 11.2195 3.7278 11.7952
v 18.4874 3.8173 12.2566
v 22.1062 1.0362 11.5757
v 14.3636 0.7836 10.6808
v 22.0846 0.9463 15.5355
v 19.5648 -0.0691 20.3694
v 17.0273 3.3546 18.925
v 11.5644 3.3546 18.6387
v 6.7394 0.531 19.2242
v 5.33 0.4884 18.6935
v 10.8878 3.7278 18.1249
v 18.164 3.8173 18.4257
v 21.6919 1.0362 19.4812
v 10.0387 -0.2708 19.7518
v 7.9342 0.6463 19.2492
v -4.0608 -2.4004 16.7396
v -3.509 -4.6194 17.4295
v -3.792 -2.4004 11.6103
v -3.1711 -4.6194 10.9818
v 5.6376 0.6293 10.1375
v 7.2088 0.6677 10.2682
v 21.7756 -5.2885 18.4591
v 22.2868 -5.2885 18.4859
v 4.5704 -5.335 17.5574
v 4.0325 -7.6875 21.49
v 12.2808 -10.0395 22.9972
v 12.2395 -10.0522 23.7851
v 13.2522 -10.0522 23.8328
v 13.2932 -10.0395 23.0503
v 3.9575 -9.7188 22.9211
v 13.0878 -9.7188 23.4211
v 13.1119 -9.9672 22.9602
v 4.7536 -7.6875 7.7319
v 13.1142 -10.0395 7.0951
v 13.1555 -10.0522 6.3072
v 14.1676 -10.0522 6.3657
v 14.1266 -10.0395 7.1482
v 4.8286 -9.7188 6.3008
v 13.9611 -9.7188 6.7579
v 13.9369 -9.9672 7.2188
v 47.0896 5.2739 16.9158
v 46.5484 5.4543 16.8874
v 15.3736 4.5285 15.1891
v 13.5093 4.5628 15.0914
v 14.4362 5.3985 15.1454
v 14.4362 5.4157 15.1454
v 14.662 17.0112 15.1518
v 14.305 17.0112 15.1546
v 14.9945 5.3644 15.7121
v 15.0515 5.3644 14.624
v 14.662 11.1839 15.1518
v 14.305 11.2049 15.1546
v 9.4846 -2.2928 19.1048
v 9.7054 -2.5841 14.8921
v 8.3457 -4.6637 15.7936
v 8.73 -4.6648 15.6633
v 8.7399 -4.6473 16.0991
v 8.4854 -4.6741 16.0857
v 8.4142 -2.0406 15.507
v 8.8728 -2.3236 16.0523
v 8.0614 -1.9156 16.0044
v 8.5065 -4.6741 15.6838
v 8.0674 -1.8814 15.5909
v 8.7408 -2.3676 15.7874
v 8.8902 -4.6489 15.935
v 8.5896 -1.9949 16.2847
v 8.3373 -4.6637 15.9544
v 8.1507 -1.858 16.2617
v 8.4722 -5.1442 15.8002
v 8.7092 -5.1267 15.6622
v 8.7161 -5.1295 16.0978
v 8.4573 -5.1442 16.0843
v 8.4784 -5.1442 15.6823
v 8.8669 -5.1347 15.9338
v 8.4638 -5.1442 15.961
v 7.598 -4.9741 15.9156
v 7.5916 -4.9741 16.0389
v 7.5822 -5.1003 16.0384
v 7.5886 -5.1003 15.9151
v 7.6065 -4.9741 15.7548
v 7.597 -5.1003 15.7543
v 7.6795 -4.9835 15.5706
v 7.6723 -5.094 15.5702
v 7.4409 -4.9707 15.9289
v 7.4355 -4.9707 16.0307
v 7.4306 -5.0968 16.0305
v 7.436 -5.0968 15.9286
v 7.4504 -4.9707 15.7467
v 7.4455 -5.0968 15.7464
v 7.5528 -4.996 15.5639
v 7.5539 -5.0812 15.564
v 11.1251 -1.9372 17.3366
v 10.7957 0.1538 17.4859
v 11.5623 -0.1979 17.7196
v 10.8927 1.2166 17.1685
v 11.7059 1.2504 17.3778
v 11.2452 0.9938 18.4016
v 10.8935 0.1837 18.3993
v 8.2702 -4.5996 17.2729
v 8.6413 -4.5935 17.4428
v 8.6979 -4.5961 17.0105
v 10.4274 -1.4143 16.6497
v 8.4353 -4.6054 16.9967
v 11.3214 -0.7376 19.1526
v 11.0309 -0.5402 18.7505
v 10.8826 -1.0421 16.6897
v 11.1523 -0.9735 17.682
v 12.0303 0.831 16.7498
v 11.1995 1.3154 17.7382
v 10.777 0.8693 18.0331
v 8.3061 -1.995 17.565
v 11.9802 -0.9474 16.7472
v 8.8177 -2.2983 17.0705
v 8.0128 -1.8689 17.0445
v 11.2814 -0.086 17.807
v 10.701 -1.595 19.2921
v 10.8002 -1.7484 19.1253
v 10.653 -1.7014 18.9618
v 11.013 -1.9585 16.6965
v 10.9742 -0.9817 17.3394
v 11.4137 -1.706 17.6795
v 11.4847 -0.999 17.6671
v 11.7373 -0.9601 17.4493
v 11.996 -2.2586 17.5004
v 10.6153 0.8489 17.3797
v 11.9552 1.3015 16.7459
v 11.9809 0.7108 17.6931
v 10.8755 1.1217 17.6889
v 11.2913 1.3878 17.3292
v 11.5522 1.092 18.106
v 8.4147 -4.6054 17.388
v 7.9738 -1.8454 17.4455
v 8.6641 -2.3316 17.3205
v 8.8192 -4.5993 17.1835
v 8.5671 -1.9513 16.8155
v 10.8256 -1.3203 17.1059
v 8.2786 -4.5996 17.1121
v 8.1257 -1.8276 16.7924
v 11.3016 0.3977 18.6679
v 11.8096 0.5522 18.2753
v 11.6192 -0.8614 18.8404
v 11.2797 -0.6779 18.4142
v 10.5736 -1.595 19.1349
v 11.3086 -1.4275 16.712
v 10.7673 0.1108 16.6836
v 10.617 0.8734 16.6757
v 10.7824 1.1908 16.6844
v 12.0002 -0.0822 16.7482
v 12.0512 -2.4131 16.7348
v 10.9204 1.2595 16.8314
v 11.0997 1.4178 16.8623
v 11.68 1.5079 16.7207
v 11.5624 1.4946 16.951
v 11.3238 1.4651 16.9976
v 11.1945 -1.9372 16.0127
v 10.8825 0.1538 15.8298
v 11.8598 -0.1979 15.6875
v 11.5073 -1.706 15.7013
v 10.9458 1.2166 16.1555
v 11.7764 1.2504 16.0325
v 11.4252 0.9938 14.9661
v 11.0756 0.1837 14.9262
v 11.5795 -0.7376 14.2271
v 11.2486 -0.5402 14.5967
v 11.2579 -0.9735 15.6667
v 11.3105 1.3154 15.6211
v 10.9211 0.8693 15.2836
v 11.3994 -0.086 15.5559
v 10.9771 -1.595 14.0236
v 11.0583 -1.7484 14.1998
v 10.8948 -1.7015 14.3471
v 11.0447 -0.9817 15.9941
v 11.5872 -0.999 15.7109
v 11.8154 -0.9601 15.9593
v 10.9434 -2.34 15.8168
v 10.6919 0.8489 15.9165
v 12.0828 0.7108 15.7476
v 10.983 1.1217 15.6362
v 11.359 1.3878 16.0375
v 11.7002 1.092 15.2815
v 10.8648 -1.3155 16.1674
v 11.5092 0.3977 14.7071
v 11.9734 0.5522 15.1507
v 11.8431 -0.8614 14.5688
v 11.4609 -0.6779 14.9572
v 10.8345 -1.595 14.1558
v 10.9384 1.2595 16.4884
v 11.1197 1.4178 16.4818
v 11.5891 1.4946 16.4419
v 11.3572 1.4651 16.3598
v 10.5624 1.5506 16.8556
v 10.6887 2.4121 17.0342
v 12.0 1.9665 16.7536
v 10.9886 2.7118 16.8726
v 11.7484 1.9021 17.1435
v 12.02 2.6219 16.7546
v 11.2463 1.7308 17.23
v 10.5845 1.5506 16.4322
v 11.7634 2.5791 17.1443
v 11.7942 1.9021 16.2699
v 11.7853 2.7118 16.7262
v 11.3039 1.7308 16.1313
v 11.2463 2.4978 17.23
v 10.7288 2.4121 16.2678
v 11.6265 2.7118 16.9759
v 11.8092 2.5791 16.2707
v 11.3039 2.4978 16.1313
v 11.3026 2.7118 17.018
v 11.0102 2.7118 16.4599
v 11.6554 2.7118 16.4239
v 11.3383 2.7118 16.3374
v 7.944 -5.0466 15.6865
v 7.9521 -5.0466 15.5311
v 7.8753 -4.8816 15.5271
v 7.8671 -4.8816 15.6825
v 7.855 -4.8816 15.913
v 7.8455 -4.8816 16.0952
v 7.9224 -5.0466 16.0992
v 7.9319 -5.0466 15.917
v 12.0774 -2.2586 15.9461
v 11.5485 -2.014 15.682
v 10.953 -2.0618 15.6346
v 10.6679 -2.4424 16.6623
v 10.8636 -2.3276 17.4357
v 10.8295 -2.014 17.7027
v 11.4421 -2.014 17.7133
v 8.3983 -5.075 17.2797
v 8.6214 -5.0788 17.4418
v 8.676 -5.0714 16.9986
v 8.4138 -5.075 16.9849
v 8.3927 -5.075 17.3868
v 8.8055 -5.0846 17.1827
v 8.4073 -5.075 17.1081
v 7.5341 -4.91 17.0624
v 7.5405 -4.91 16.9391
v 7.5405 -5.045 16.9391
v 7.534 -5.045 17.0624
v 7.5251 -4.91 17.2339
v 7.525 -5.045 17.2339
v 7.5888 -4.929 17.4253
v 7.5836 -5.0192 17.425
v 7.3832 -4.9149 17.0384
v 7.3883 -4.9149 16.9419
v 7.3793 -5.036 16.9414
v 7.3743 -5.036 17.0379
v 7.3734 -4.9149 17.2259
v 7.3645 -5.036 17.2255
v 7.4617 -4.9448 17.4186
v 7.4627 -5.0234 17.4187
v 7.8637 -4.9861 17.3376
v 7.8556 -4.9861 17.493
v 7.774 -4.8219 17.4888
v 7.7822 -4.8219 17.3333
v 7.7948 -4.8219 17.0922
v 7.8038 -4.8219 16.9206
v 7.8854 -4.9861 16.9249
v 7.8764 -4.9861 17.0964
v 10.866 -1.4444 15.759
v 10.8131 -1.4737 17.632

g name23 
f 10626 10632 10629 10634
f 10625 10633 10629 10632
f 10627 10635 10630 10636
f 10626 10634 10630 10635
f 10745 10793 10630 10634
f 10793 10636 10630
f 10672 10751 10631 10638
f 10625 10637 10631 10633
f 10628 10638 10631 10637
f 10636 10793 10672 10638
f 10627 10636 10638 10628
f 10657 10656 10655 10654
f 10642 10641 10627 10628
f 10641 10644 10635 10627
f 10644 10640 10626 10635
f 10640 10643 10632 10626
f 10661 10659 10658 10660
f 10659 10657 10654 10658
f 10647 10646 10654 10655
f 10648 10647 10655 10656
f 10649 10648 10656 10657
f 10646 10650 10658 10654
f 10651 10649 10657 10659
f 10650 10652 10660 10658
f 10653 10651 10659 10661
f 10652 10653 10661 10660
f 10690 10676 10689 10662
f 10715 10676 10690 10663
f 10691 10677 10690 10662
f 10690 10677 10685 10663
f 10685 10677 10692 10664
f 10664 10692 10693 10682 10718
f 10717 10716 10695 10665
f 10695 10716 10715 10663
f 10697 10678 10696 10666
f 10718 10678 10697 10664
f 10700 10679 10667
f 10667 10679 10698 10680
f 10698 10679 10699 10665
f 10699 10679 10700 10666
f 10668 10680 10695 10663
f 10695 10680 10698 10665
f 10721 10720 10717 10665
f 10696 10722 10723 10666
f 10723 10724 10699 10666
f 10699 10724 10721 10665
f 10703 10681 10701 10670
f 10701 10681 10702 10669
f 10719 10682 10693 10694
f 10705 10683 10704 10671
f 10704 10683 10703 10670
f 10683 10705 10793
f 10689 10714 10691 10662
f 10691 10714 10706
f 10708 10684 10706 10672
f 10702 10684 10707 10669
f 10707 10684 10708 10673
f 10711 10710 10709 10674
f 10709 10710 10700 10667
f 10700 10710 10697 10666
f 10664 10697 10710 10685
f 10712 10685 10710 10711
f 10685 10668 10663
f 10668 10685 10712 10675
f 10674 10709 10668 10675
f 10668 10709 10667 10680
f 10713 10686 10674 10675
f 10686 10687 10711 10674
f 10687 10688 10712 10711
f 10712 10688 10713 10675
f 10708 10672 10793 10705
f 10673 10708 10705 10671
f 10672 10706 10714
f 10725 10689 10676 10742
f 10726 10742 10676 10715
f 10728 10735 10743
f 10725 10742 10735 10728
f 10726 10738 10735 10742
f 10727 10743 10735 10738
f 10727 10744 10743
f 10729 10746 10716 10717
f 10726 10715 10716 10746
f 10730 10696 10678 10747
f 10727 10747 10678 10718
f 10731 10736 10750
f 10737 10748 10736 10731
f 10729 10749 10736 10748
f 10730 10750 10736 10749
f 10726 10746 10737 10732
f 10729 10748 10737 10746
f 10729 10717 10757 10758
f 10730 10759 10722 10696
f 10730 10749 10760 10759
f 10729 10758 10760 10749
f 10727 10718 10682 10744
f 10725 10728 10714 10689
f 10728 10751 10714
f 10733 10752 10753 10754
f 10731 10750 10753 10752
f 10730 10747 10753 10750
f 10727 10753 10747
f 10754 10753 10738 10755
f 10727 10738 10753
f 10726 10732 10738
f 10734 10755 10738 10732
f 10734 10732 10752 10733
f 10737 10731 10752 10732
f 10734 10733 10739 10756
f 10733 10754 10740 10739
f 10754 10755 10741 10740
f 10734 10756 10741 10755
f 10714 10751 10672
f 10720 10721 10758 10757
f 10757 10717 10720
f 10758 10721 10761 10768
f 10721 10724 10767 10761
f 10724 10723 10765 10767
f 10723 10722 10763 10765
f 10722 10759 10770 10763
f 10759 10760 10772 10770
f 10760 10758 10768 10772
f 10768 10761 10762 10774
f 10761 10767 10773 10762
f 10767 10765 10769 10773
f 10765 10763 10766 10769
f 10763 10770 10776 10766
f 10770 10772 10777 10776
f 10772 10768 10774 10777
f 10774 10762 10764 10779
f 10762 10773 10778 10764
f 10773 10769 10775 10778
f 10769 10766 10771 10775
f 10766 10776 10780 10771
f 10776 10777 10781 10780
f 10777 10774 10779 10781
f 10779 10764 10778 10775 10771 10780 10781
f 10639 10643 10640 10644 10641 10642 10645
f 10782 10651 10653 10783
f 10783 10643 10639 10782
f 10783 10653 10652 10784
f 10784 10632 10643 10783
f 10784 10652 10650 10785
f 10785 10625 10632 10784
f 10785 10650 10646 10786
f 10786 10637 10625 10785
f 10786 10646 10647 10787
f 10787 10628 10637 10786
f 10787 10647 10648 10788
f 10788 10642 10628 10787
f 10788 10648 10649 10789
f 10789 10645 10642 10788
f 10782 10639 10645 10789
f 10789 10649 10651 10782
f 10793 10745 10790 10719
f 10719 10694 10794 10793
f 10792 10791 10790 10745
f 10796 10795 10794 10694
f 10790 10744 10682 10719
f 10728 10743 10744 10790 10791
f 10634 10629 10792 10745
f 10703 10683 10793 10794
f 10794 10795 10681 10703
f 10812 10813 10814 10815
f 10673 10671 10799 10800
f 10671 10704 10802 10799
f 10704 10670 10798 10802
f 10670 10701 10801 10798
f 10818 10816 10817 10819
f 10816 10812 10815 10817
f 10813 10812 10804 10805
f 10814 10813 10805 10806
f 10815 10814 10806 10807
f 10812 10816 10808 10804
f 10817 10815 10807 10809
f 10816 10818 10810 10808
f 10819 10817 10809 10811
f 10818 10819 10811 10810
f 10803 10800 10799 10802 10798 10801 10797
f 10821 10811 10809 10820
f 10820 10797 10801 10821
f 10822 10810 10811 10821
f 10821 10801 10701 10822
f 10823 10808 10810 10822
f 10822 10701 10669 10823
f 10824 10804 10808 10823
f 10823 10669 10707 10824
f 10825 10805 10804 10824
f 10824 10707 10673 10825
f 10826 10806 10805 10825
f 10825 10673 10800 10826
f 10827 10807 10806 10826
f 10826 10800 10803 10827
f 10827 10803 10797 10820
f 10820 10809 10807 10827
f 10751 10728 10828
f 10828 10633 10631 10751
f 10828 10728 10791 10792
f 10792 10629 10633 10828
f 10706 10684 10702 10829
f 10829 10691 10706
f 10829 10702 10681 10795
f 10795 10796 10691 10829
f 10796 10694 10693 10692
f 10692 10677 10691 10796

g 
v 4.724 0.7323 20.526
v 18.3857 4.1558 21.2474
v 17.409 3.3546 17.5416
v 11.9462 3.3546 17.2553
v 20.7725 0.8529 16.9386
v 10.3547 4.3102 21.4445
v 10.9377 3.9416 24.4149
v 5.1632 0.6293 25.0904
v 4.8217 0.818 21.1546
v 5.7516 0.4884 16.5491
v 11.2195 3.7278 17.6956
v 18.4874 3.8173 18.157
v 22.1062 1.0362 17.4761
v 14.3636 0.7836 16.5812
v 22.0846 0.9463 21.4359
v 19.5648 -0.0691 26.2698
v 17.0273 3.3546 24.8254
v 11.5644 3.3546 24.5391
v 6.7394 0.531 25.1246
v 5.33 0.4884 24.5939
v 10.8878 3.7278 24.0253
v 18.164 3.8173 24.3261
v 21.6919 1.0362 25.3816
v 10.0387 -0.2708 25.6522
v 7.9342 0.6463 25.1496
v -4.0608 -2.4004 22.64
v -3.509 -4.6194 23.3299
v -3.792 -2.4004 17.5107
v -3.1711 -4.6194 16.8822
v 5.6376 0.6293 16.0379
v 7.2088 0.6677 16.1686
v 21.7756 -5.2885 24.3595
v 22.2868 -5.2885 24.3863
v 4.5704 -5.335 23.4578
v 4.0325 -7.6875 27.3904
v 12.2808 -10.0395 28.8976
v 12.2395 -10.0522 29.6855
v 13.2522 -10.0522 29.7332
v 13.2932 -10.0395 28.9507
v 3.9575 -9.7188 28.8215
v 13.0878 -9.7188 29.3215
v 13.1119 -9.9672 28.8606
v 4.7536 -7.6875 13.6322
v 13.1142 -10.0395 12.9955
v 13.1555 -10.0522 12.2076
v 14.1676 -10.0522 12.2661
v 14.1266 -10.0395 13.0486
v 4.8286 -9.7188 12.2012
v 13.9611 -9.7188 12.6583
v 13.9369 -9.9672 13.1192
v 47.0896 5.2739 22.8162
v 46.5484 5.4543 22.7878
v 15.3736 4.5285 21.0895
v 13.5093 4.5628 20.9918
v 14.4362 5.3985 21.0458
v 14.4362 5.4157 21.0458
v 14.662 17.0112 21.0522
v 14.305 17.0112 21.055
v 14.9945 5.3644 21.6125
v 15.0515 5.3644 20.5244
v 14.662 11.1839 21.0522
v 14.305 11.2049 21.055
v 9.4846 -2.2928 25.0052
v 9.7054 -2.5841 20.7925
v 8.3457 -4.6637 21.694
v 8.73 -4.6648 21.5637
v 8.7399 -4.6473 21.9995
v 8.4854 -4.6741 21.9862
v 8.4142 -2.0406 21.4074
v 8.8728 -2.3236 21.9527
v 8.0614 -1.9156 21.9048
v 8.5065 -4.6741 21.5842
v 8.0674 -1.8814 21.4913
v 8.7408 -2.3676 21.6878
v 8.8902 -4.6489 21.8354
v 8.5896 -1.9949 22.1851
v 8.3373 -4.6637 21.8548
v 8.1507 -1.858 22.1621
v 8.4722 -5.1442 21.7006
v 8.7092 -5.1267 21.5626
v 8.7161 -5.1295 21.9982
v 8.4573 -5.1442 21.9847
v 8.4784 -5.1442 21.5827
v 8.8669 -5.1347 21.8342
v 8.4638 -5.1442 21.8614
v 7.598 -4.9741 21.816
v 7.5916 -4.9741 21.9393
v 7.5822 -5.1003 21.9388
v 7.5886 -5.1003 21.8155
v 7.6065 -4.9741 21.6552
v 7.597 -5.1003 21.6547
v 7.6795 -4.9835 21.471
v 7.6723 -5.094 21.4706
v 7.4409 -4.9707 21.8293
v 7.4355 -4.9707 21.9311
v 7.4306 -5.0968 21.9309
v 7.436 -5.0968 21.829
v 7.4504 -4.9707 21.6471
v 7.4455 -5.0968 21.6468
v 7.5528 -4.996 21.4643
v 7.5539 -5.0812 21.4644
v 11.1251 -1.9372 23.237
v 10.7957 0.1538 23.3863
v 11.5623 -0.1979 23.62
v 10.8927 1.2166 23.0689
v 11.7059 1.2504 23.2782
v 11.2452 0.9938 24.302
v 10.8935 0.1837 24.2997
v 8.2702 -4.5996 23.1733
v 8.6413 -4.5935 23.3432
v 8.6979 -4.5961 22.9109
v 10.4274 -1.4143 22.5501
v 8.4353 -4.6054 22.8971
v 11.3214 -0.7376 25.053
v 11.0309 -0.5402 24.6509
v 10.8826 -1.0421 22.5901
v 11.1523 -0.9735 23.5824
v 12.0303 0.831 22.6502
v 11.1995 1.3154 23.6386
v 10.777 0.8693 23.9335
v 8.3061 -1.995 23.4654
v 11.9802 -0.9474 22.6476
v 8.8177 -2.2983 22.9709
v 8.0128 -1.8689 22.9449
v 11.2814 -0.086 23.7074
v 10.701 -1.595 25.1925
v 10.8002 -1.7484 25.0257
v 10.653 -1.7014 24.8622
v 11.013 -1.9585 22.5969
v 10.9742 -0.9817 23.2398
v 11.4137 -1.706 23.5799
v 11.4847 -0.999 23.5675
v 11.7373 -0.9601 23.3497
v 11.996 -2.2586 23.4009
v 10.6153 0.8489 23.2801
v 11.9552 1.3015 22.6463
v 11.9809 0.7108 23.5935
v 10.8755 1.1217 23.5894
v 11.2913 1.3878 23.2296
v 11.5522 1.092 24.0064
v 8.4147 -4.6054 23.2884
v 7.9738 -1.8454 23.3459
v 8.6641 -2.3316 23.2209
v 8.8192 -4.5993 23.0839
v 8.5671 -1.9513 22.7159
v 10.8256 -1.3203 23.0063
v 8.2786 -4.5996 23.0125
v 8.1257 -1.8276 22.6928
v 11.3016 0.3977 24.5683
v 11.8096 0.5522 24.1757
v 11.6192 -0.8614 24.7408
v 11.2797 -0.6779 24.3146
v 10.5736 -1.595 25.0353
v 11.3086 -1.4275 22.6124
v 10.7673 0.1108 22.584
v 10.617 0.8734 22.5762
v 10.7824 1.1908 22.5848
v 12.0002 -0.0822 22.6486
v 12.0512 -2.4131 22.6352
v 10.9204 1.2595 22.7318
v 11.0997 1.4178 22.7627
v 11.68 1.5079 22.6211
v 11.5624 1.4946 22.8514
v 11.3238 1.4651 22.898
v 11.1945 -1.9372 21.9131
v 10.8825 0.1538 21.7302
v 11.8598 -0.1979 21.5879
v 11.5073 -1.706 21.6017
v 10.9458 1.2166 22.056
v 11.7764 1.2504 21.9329
v 11.4252 0.9938 20.8665
v 11.0756 0.1837 20.8266
v 11.5795 -0.7376 20.1275
v 11.2486 -0.5402 20.4971
v 11.2579 -0.9735 21.5671
v 11.3105 1.3154 21.5215
v 10.9211 0.8693 21.184
v 11.3994 -0.086 21.4563
v 10.9771 -1.595 19.924
v 11.0583 -1.7484 20.1002
v 10.8948 -1.7015 20.2475
v 11.0447 -0.9817 21.8945
v 11.5872 -0.999 21.6113
v 11.8154 -0.9601 21.8597
v 10.9434 -2.34 21.7172
v 10.6919 0.8489 21.8169
v 12.0828 0.7108 21.648
v 10.983 1.1217 21.5366
v 11.359 1.3878 21.9379
v 11.7002 1.092 21.1818
v 10.8648 -1.3155 22.0678
v 11.5092 0.3977 20.6075
v 11.9734 0.5522 21.0511
v 11.8431 -0.8614 20.4692
v 11.4609 -0.6779 20.8576
v 10.8345 -1.595 20.0562
v 10.9384 1.2595 22.3888
v 11.1197 1.4178 22.3822
v 11.5891 1.4946 22.3423
v 11.3572 1.4651 22.2602
v 10.5624 1.5506 22.756
v 10.6887 2.4121 22.9346
v 12.0 1.9665 22.654
v 10.9886 2.7118 22.773
v 11.7484 1.9021 23.0439
v 12.02 2.6219 22.6551
v 11.2463 1.7308 23.1304
v 10.5845 1.5506 22.3326
v 11.7634 2.5791 23.0447
v 11.7942 1.9021 22.1703
v 11.7853 2.7118 22.6266
v 11.3039 1.7308 22.0317
v 11.2463 2.4978 23.1304
v 10.7288 2.4121 22.1682
v 11.6265 2.7118 22.8763
v 11.8092 2.5791 22.1711
v 11.3039 2.4978 22.0317
v 11.3026 2.7118 22.9184
v 11.0102 2.7118 22.3603
v 11.6554 2.7118 22.3243
v 11.3383 2.7118 22.2378
v 7.944 -5.0466 21.5869
v 7.9521 -5.0466 21.4315
v 7.8753 -4.8816 21.4275
v 7.8671 -4.8816 21.5829
v 7.855 -4.8816 21.8134
v 7.8455 -4.8816 21.9956
v 7.9224 -5.0466 21.9996
v 7.9319 -5.0466 21.8174
v 12.0774 -2.2586 21.8465
v 11.5485 -2.014 21.5824
v 10.953 -2.0618 21.535
v 10.6679 -2.4424 22.5627
v 10.8636 -2.3276 23.3361
v 10.8295 -2.014 23.6031
v 11.4421 -2.014 23.6137
v 8.3983 -5.075 23.1801
v 8.6214 -5.0788 23.3422
v 8.676 -5.0714 22.899
v 8.4138 -5.075 22.8853
v 8.3927 -5.075 23.2872
v 8.8055 -5.0846 23.0832
v 8.4073 -5.075 23.0085
v 7.5341 -4.91 22.9628
v 7.5405 -4.91 22.8395
v 7.5405 -5.045 22.8395
v 7.534 -5.045 22.9628
v 7.5251 -4.91 23.1343
v 7.525 -5.045 23.1343
v 7.5888 -4.929 23.3257
v 7.5836 -5.0192 23.3255
v 7.3832 -4.9149 22.9388
v 7.3883 -4.9149 22.8423
v 7.3793 -5.036 22.8418
v 7.3743 -5.036 22.9383
v 7.3734 -4.9149 23.1264
v 7.3645 -5.036 23.1259
v 7.4617 -4.9448 23.319
v 7.4627 -5.0234 23.3191
v 7.8637 -4.9861 23.238
v 7.8556 -4.9861 23.3934
v 7.774 -4.8219 23.3892
v 7.7822 -4.8219 23.2338
v 7.7948 -4.8219 22.9926
v 7.8038 -4.8219 22.8211
v 7.8854 -4.9861 22.8253
v 7.8764 -4.9861 22.9968
v 10.866 -1.4444 21.6594
v 10.8131 -1.4737 23.5324

g name24 
f 10895 10901 10898 10903
f 10894 10902 10898 10901
f 10896 10904 10899 10905
f 10895 10903 10899 10904
f 11014 11062 10899 10903
f 11062 10905 10899
f 10941 11020 10900 10907
f 10894 10906 10900 10902
f 10897 10907 10900 10906
f 10905 11062 10941 10907
f 10896 10905 10907 10897
f 10926 10925 10924 10923
f 10911 10910 10896 10897
f 10910 10913 10904 10896
f 10913 10909 10895 10904
f 10909 10912 10901 10895
f 10930 10928 10927 10929
f 10928 10926 10923 10927
f 10916 10915 10923 10924
f 10917 10916 10924 10925
f 10918 10917 10925 10926
f 10915 10919 10927 10923
f 10920 10918 10926 10928
f 10919 10921 10929 10927
f 10922 10920 10928 10930
f 10921 10922 10930 10929
f 10959 10945 10958 10931
f 10984 10945 10959 10932
f 10960 10946 10959 10931
f 10959 10946 10954 10932
f 10954 10946 10961 10933
f 10933 10961 10962 10951 10987
f 10986 10985 10964 10934
f 10964 10985 10984 10932
f 10966 10947 10965 10935
f 10987 10947 10966 10933
f 10969 10948 10936
f 10936 10948 10967 10949
f 10967 10948 10968 10934
f 10968 10948 10969 10935
f 10937 10949 10964 10932
f 10964 10949 10967 10934
f 10990 10989 10986 10934
f 10965 10991 10992 10935
f 10992 10993 10968 10935
f 10968 10993 10990 10934
f 10972 10950 10970 10939
f 10970 10950 10971 10938
f 10988 10951 10962 10963
f 10974 10952 10973 10940
f 10973 10952 10972 10939
f 10952 10974 11062
f 10958 10983 10960 10931
f 10960 10983 10975
f 10977 10953 10975 10941
f 10971 10953 10976 10938
f 10976 10953 10977 10942
f 10980 10979 10978 10943
f 10978 10979 10969 10936
f 10969 10979 10966 10935
f 10933 10966 10979 10954
f 10981 10954 10979 10980
f 10954 10937 10932
f 10937 10954 10981 10944
f 10943 10978 10937 10944
f 10937 10978 10936 10949
f 10982 10955 10943 10944
f 10955 10956 10980 10943
f 10956 10957 10981 10980
f 10981 10957 10982 10944
f 10977 10941 11062 10974
f 10942 10977 10974 10940
f 10941 10975 10983
f 10994 10958 10945 11011
f 10995 11011 10945 10984
f 10997 11004 11012
f 10994 11011 11004 10997
f 10995 11007 11004 11011
f 10996 11012 11004 11007
f 10996 11013 11012
f 10998 11015 10985 10986
f 10995 10984 10985 11015
f 10999 10965 10947 11016
f 10996 11016 10947 10987
f 11000 11005 11019
f 11006 11017 11005 11000
f 10998 11018 11005 11017
f 10999 11019 11005 11018
f 10995 11015 11006 11001
f 10998 11017 11006 11015
f 10998 10986 11026 11027
f 10999 11028 10991 10965
f 10999 11018 11029 11028
f 10998 11027 11029 11018
f 10996 10987 10951 11013
f 10994 10997 10983 10958
f 10997 11020 10983
f 11002 11021 11022 11023
f 11000 11019 11022 11021
f 10999 11016 11022 11019
f 10996 11022 11016
f 11023 11022 11007 11024
f 10996 11007 11022
f 10995 11001 11007
f 11003 11024 11007 11001
f 11003 11001 11021 11002
f 11006 11000 11021 11001
f 11003 11002 11008 11025
f 11002 11023 11009 11008
f 11023 11024 11010 11009
f 11003 11025 11010 11024
f 10983 11020 10941
f 10989 10990 11027 11026
f 11026 10986 10989
f 11027 10990 11030 11037
f 10990 10993 11036 11030
f 10993 10992 11034 11036
f 10992 10991 11032 11034
f 10991 11028 11039 11032
f 11028 11029 11041 11039
f 11029 11027 11037 11041
f 11037 11030 11031 11043
f 11030 11036 11042 11031
f 11036 11034 11038 11042
f 11034 11032 11035 11038
f 11032 11039 11045 11035
f 11039 11041 11046 11045
f 11041 11037 11043 11046
f 11043 11031 11033 11048
f 11031 11042 11047 11033
f 11042 11038 11044 11047
f 11038 11035 11040 11044
f 11035 11045 11049 11040
f 11045 11046 11050 11049
f 11046 11043 11048 11050
f 11048 11033 11047 11044 11040 11049 11050
f 10908 10912 10909 10913 10910 10911 10914
f 11051 10920 10922 11052
f 11052 10912 10908 11051
f 11052 10922 10921 11053
f 11053 10901 10912 11052
f 11053 10921 10919 11054
f 11054 10894 10901 11053
f 11054 10919 10915 11055
f 11055 10906 10894 11054
f 11055 10915 10916 11056
f 11056 10897 10906 11055
f 11056 10916 10917 11057
f 11057 10911 10897 11056
f 11057 10917 10918 11058
f 11058 10914 10911 11057
f 11051 10908 10914 11058
f 11058 10918 10920 11051
f 11062 11014 11059 10988
f 10988 10963 11063 11062
f 11061 11060 11059 11014
f 11065 11064 11063 10963
f 11059 11013 10951 10988
f 10997 11012 11013 11059 11060
f 10903 10898 11061 11014
f 10972 10952 11062 11063
f 11063 11064 10950 10972
f 11081 11082 11083 11084
f 10942 10940 11068 11069
f 10940 10973 11071 11068
f 10973 10939 11067 11071
f 10939 10970 11070 11067
f 11087 11085 11086 11088
f 11085 11081 11084 11086
f 11082 11081 11073 11074
f 11083 11082 11074 11075
f 11084 11083 11075 11076
f 11081 11085 11077 11073
f 11086 11084 11076 11078
f 11085 11087 11079 11077
f 11088 11086 11078 11080
f 11087 11088 11080 11079
f 11072 11069 11068 11071 11067 11070 11066
f 11090 11080 11078 11089
f 11089 11066 11070 11090
f 11091 11079 11080 11090
f 11090 11070 10970 11091
f 11092 11077 11079 11091
f 11091 10970 10938 11092
f 11093 11073 11077 11092
f 11092 10938 10976 11093
f 11094 11074 11073 11093
f 11093 10976 10942 11094
f 11095 11075 11074 11094
f 11094 10942 11069 11095
f 11096 11076 11075 11095
f 11095 11069 11072 11096
f 11096 11072 11066 11089
f 11089 11078 11076 11096
f 11020 10997 11097
f 11097 10902 10900 11020
f 11097 10997 11060 11061
f 11061 10898 10902 11097
f 10975 10953 10971 11098
f 11098 10960 10975
f 11098 10971 10950 11064
f 11064 11065 10960 11098
f 11065 10963 10962 10961
f 10961 10946 10960 11065
